solid OpenSCAD_Model
  facet normal 0 -1 0
    outer loop
      vertex 0.5 -2.5 12
      vertex 24.32003105590063 -2.5 12
      vertex 24 -2.5 13.850000000000001
    endloop
  endfacet
  facet normal 0 -1 0
    outer loop
      vertex 24.32003105590063 -2.5 12
      vertex 28.544999999999995 -2.5 12
      vertex 24 -2.5 13.850000000000001
    endloop
  endfacet
  facet normal 0 0 -1
    outer loop
      vertex 25.466477669721154 -1.456892315201439 12
      vertex 28.544999999999995 -2.5 12
      vertex 24.32003105590063 -2.5 12
    endloop
  endfacet
  facet normal 0 0 -1
    outer loop
      vertex 28.544999999999995 -2.5 12
      vertex 25.466477669721154 -1.456892315201439 12
      vertex 29.464718750541696 -1.6856246424795018 12
    endloop
  endfacet
  facet normal -0.7518398074789777 -0.6593458151000685 0
    outer loop
      vertex -1.6213203435596428 -1.6213203435596428 36.5
      vertex -1.8800600208737057 -1.326284287026162 12
      vertex -1.6213203435596428 -1.6213203435596428 12
    endloop
  endfacet
  facet normal -0.8968727415326886 -0.4422886902190006 0
    outer loop
      vertex -2.098076211353316 -1 36.5
      vertex -2.27163859753386 -0.6480502970952693 12
      vertex -2.098076211353316 -1 12
    endloop
  endfacet
  facet normal -0.8314696123025456 -0.5555702330196018 0
    outer loop
      vertex -2.098076211353316 -1 36.5
      vertex -2.098076211353316 -1 12
      vertex -1.8800600208737057 -1.326284287026162 12
    endloop
  endfacet
  facet normal -0.9469301294951052 -0.3214394653031626 0
    outer loop
      vertex -2.27163859753386 -0.6480502970952693 36.5
      vertex -2.397777478867205 -0.2764571353075622 12
      vertex -2.27163859753386 -0.6480502970952693 12
    endloop
  endfacet
  facet normal -0.5555702330196018 -0.8314696123025456 0
    outer loop
      vertex -1.326284287026162 -1.8800600208737057 36.5
      vertex -1.326284287026162 -1.8800600208737057 12
      vertex -1 -2.098076211353316 12
    endloop
  endfacet
  facet normal -0.6593458151000685 -0.7518398074789777 0
    outer loop
      vertex -1.326284287026162 -1.8800600208737057 36.5
      vertex -1.6213203435596428 -1.6213203435596428 12
      vertex -1.326284287026162 -1.8800600208737057 12
    endloop
  endfacet
  facet normal -0.4422886902190006 -0.8968727415326886 0
    outer loop
      vertex -0.6480502970952693 -2.27163859753386 36.5
      vertex -1 -2.098076211353316 12
      vertex -0.6480502970952693 -2.27163859753386 12
    endloop
  endfacet
  facet normal -0.9807852804032307 -0.19509032201612733 0
    outer loop
      vertex -2.397777478867205 -0.2764571353075622 36.5
      vertex -2.474334584121431 0.10842142333984528 12
      vertex -2.397777478867205 -0.2764571353075622 12
    endloop
  endfacet
  facet normal -0.9978589232386036 -0.06540312923014359 0
    outer loop
      vertex -2.5 0.5 36.5
      vertex -2.5 0.5 12
      vertex -2.474334584121431 0.10842142333984528 12
    endloop
  endfacet
  facet normal -0.3214394653031626 -0.9469301294951052 0
    outer loop
      vertex -0.2764571353075622 -2.397777478867205 36.5
      vertex -0.6480502970952693 -2.27163859753386 12
      vertex -0.2764571353075622 -2.397777478867205 12
    endloop
  endfacet
  facet normal -0.19509032201612733 -0.9807852804032307 0
    outer loop
      vertex 0.10842142333984528 -2.474334584121431 36.5
      vertex -0.2764571353075622 -2.397777478867205 12
      vertex 0.10842142333984528 -2.474334584121431 12
    endloop
  endfacet
  facet normal -0.06540312923014359 -0.9978589232386036 0
    outer loop
      vertex 0.10842142333984528 -2.474334584121431 36.5
      vertex 0.10842142333984528 -2.474334584121431 12
      vertex 0.5 -2.5 12
    endloop
  endfacet
  facet normal -1 0 0
    outer loop
      vertex -2.5 0.5 36.5
      vertex -2.5 60.77157287525381 22.82842712474619
      vertex -2.5 0.5 12
    endloop
  endfacet
  facet normal 0 -1 0
    outer loop
      vertex 24 -2.5 29.85
      vertex 0.5 -2.5 12
      vertex 24 -2.5 13.850000000000001
    endloop
  endfacet
  facet normal -1 0 0
    outer loop
      vertex -2.5 0.5 12
      vertex -2.5 62.06926627053964 16.304481869954852
      vertex -2.5 62.564723819589915 16.136296694843725
    endloop
  endfacet
  facet normal -1 0 0
    outer loop
      vertex -2.5 0.5 12
      vertex -2.5 61.6 16.535898384862247
      vertex -2.5 62.06926627053964 16.304481869954852
    endloop
  endfacet
  facet normal -1 0 0
    outer loop
      vertex -2.5 0.5 12
      vertex -2.5 62.564723819589915 16.136296694843725
      vertex -2.5 63.0778952311198 16.03422055450476
    endloop
  endfacet
  facet normal -1 0 0
    outer loop
      vertex -2.5 0.5 12
      vertex -2.5 61.164954283965116 16.82658663883506
      vertex -2.5 61.6 16.535898384862247
    endloop
  endfacet
  facet normal -1 0 0
    outer loop
      vertex -2.5 0.5 12
      vertex -2.5 60.77157287525381 17.17157287525381
      vertex -2.5 61.164954283965116 16.82658663883506
    endloop
  endfacet
  facet normal -1 0 0
    outer loop
      vertex -2.5 0.5 12
      vertex -2.5 60.42658663883506 17.56495428396512
      vertex -2.5 60.77157287525381 17.17157287525381
    endloop
  endfacet
  facet normal -1 0 0
    outer loop
      vertex -2.5 0.5 12
      vertex -2.5 60.135898384862244 18
      vertex -2.5 60.42658663883506 17.56495428396512
    endloop
  endfacet
  facet normal -1 0 0
    outer loop
      vertex -2.5 0.5 12
      vertex -2.5 59.90448186995486 18.46926627053964
      vertex -2.5 60.135898384862244 18
    endloop
  endfacet
  facet normal -1 0 0
    outer loop
      vertex -2.5 0.5 12
      vertex -2.5 59.73629669484373 18.964723819589917
      vertex -2.5 59.90448186995486 18.46926627053964
    endloop
  endfacet
  facet normal -1 0 0
    outer loop
      vertex -2.5 0.5 12
      vertex -2.5 59.63422055450476 19.477895231119795
      vertex -2.5 59.73629669484373 18.964723819589917
    endloop
  endfacet
  facet normal -1 0 0
    outer loop
      vertex -2.5 0.5 12
      vertex -2.5 59.6 20
      vertex -2.5 59.63422055450476 19.477895231119795
    endloop
  endfacet
  facet normal -1 0 0
    outer loop
      vertex -2.5 0.5 12
      vertex -2.5 59.63422055450476 20.522104768880205
      vertex -2.5 59.6 20
    endloop
  endfacet
  facet normal -1 0 0
    outer loop
      vertex -2.5 0.5 12
      vertex -2.5 59.73629669484373 21.035276180410083
      vertex -2.5 59.63422055450476 20.522104768880205
    endloop
  endfacet
  facet normal -1 0 0
    outer loop
      vertex -2.5 0.5 12
      vertex -2.5 63.0778952311198 16.03422055450476
      vertex -2.5 94.55382876518792 12
    endloop
  endfacet
  facet normal -1 0 0
    outer loop
      vertex -2.5 0.5 12
      vertex -2.5 59.90448186995486 21.53073372946036
      vertex -2.5 59.73629669484373 21.035276180410083
    endloop
  endfacet
  facet normal -1 0 0
    outer loop
      vertex -2.5 0.5 12
      vertex -2.5 60.135898384862244 22
      vertex -2.5 59.90448186995486 21.53073372946036
    endloop
  endfacet
  facet normal -1 0 0
    outer loop
      vertex -2.5 0.5 12
      vertex -2.5 60.42658663883506 22.43504571603488
      vertex -2.5 60.135898384862244 22
    endloop
  endfacet
  facet normal -1 0 0
    outer loop
      vertex -2.5 0.5 12
      vertex -2.5 60.77157287525381 22.82842712474619
      vertex -2.5 60.42658663883506 22.43504571603488
    endloop
  endfacet
  facet normal 0 -1 0
    outer loop
      vertex 46.05 -2.5 12
      vertex 24 -2.5 13.850000000000001
      vertex 28.544999999999995 -2.5 12
    endloop
  endfacet
  facet normal 0 -1 0
    outer loop
      vertex 46.05 -2.5 12
      vertex 42 -2.5 13.850000000000001
      vertex 24 -2.5 13.850000000000001
    endloop
  endfacet
  facet normal 0 -1 0
    outer loop
      vertex 46.05 -2.5 12
      vertex 46.05 -2.5 15.05
      vertex 42 -2.5 13.850000000000001
    endloop
  endfacet
  facet normal 0 -1 0
    outer loop
      vertex 58.05 -2.5 15.05
      vertex 55.95 -2.5 12
      vertex 58.05 -2.5 12
    endloop
  endfacet
  facet normal 0 -1 0
    outer loop
      vertex 55.95 -2.5 12
      vertex 58.05 -2.5 15.05
      vertex 55.95 -2.5 15.05
    endloop
  endfacet
  facet normal 0 -1 0
    outer loop
      vertex 42 -2.5 29.85
      vertex 42 -2.5 13.850000000000001
      vertex 46.05 -2.5 15.05
    endloop
  endfacet
  facet normal 0 -1 0
    outer loop
      vertex 55.95 -2.5 15.05
      vertex 42 -2.5 29.85
      vertex 46.05 -2.5 15.05
    endloop
  endfacet
  facet normal 0 -1 0
    outer loop
      vertex 42 -2.5 29.85
      vertex 55.95 -2.5 15.05
      vertex 58.05 -2.5 15.05
    endloop
  endfacet
  facet normal 0 -1 0
    outer loop
      vertex 67.95 -2.5 15.05
      vertex 42 -2.5 29.85
      vertex 58.05 -2.5 15.05
    endloop
  endfacet
  facet normal 0 -1 0
    outer loop
      vertex 42 -2.5 29.85
      vertex 67.95 -2.5 15.05
      vertex 70.05 -2.5 15.05
    endloop
  endfacet
  facet normal 0 -1 0
    outer loop
      vertex 0.5 -2.5 36.5
      vertex 0.5 -2.5 12
      vertex 24 -2.5 29.85
    endloop
  endfacet
  facet normal -0.7518398074789777 -0.6593458151000685 -3.163899447903458e-19
    outer loop
      vertex -1.6213203435596428 -1.6213203435596428 36.5
      vertex -1.8800600208737057 -1.326284287026162 36.5
      vertex -1.8800600208737057 -1.326284287026162 12
    endloop
  endfacet
  facet normal -0.6593458151000685 -0.7518398074789777 0
    outer loop
      vertex -1.6213203435596428 -1.6213203435596428 36.5
      vertex -1.6213203435596428 -1.6213203435596428 12
      vertex -1.326284287026162 -1.8800600208737057 36.5
    endloop
  endfacet
  facet normal -0.9469301294951052 -0.3214394653031626 3.3714152952375713e-19
    outer loop
      vertex -2.27163859753386 -0.6480502970952693 36.5
      vertex -2.397777478867205 -0.2764571353075622 36.5
      vertex -2.397777478867205 -0.2764571353075622 12
    endloop
  endfacet
  facet normal -0.8968727415326886 -0.4422886902190006 -1.549122565122226e-19
    outer loop
      vertex -2.098076211353316 -1 36.5
      vertex -2.27163859753386 -0.6480502970952693 36.5
      vertex -2.27163859753386 -0.6480502970952693 12
    endloop
  endfacet
  facet normal -0.8314696123025456 -0.5555702330196018 5.312916590036146e-19
    outer loop
      vertex -2.098076211353316 -1 36.5
      vertex -1.8800600208737057 -1.326284287026162 12
      vertex -1.8800600208737057 -1.326284287026162 36.5
    endloop
  endfacet
  facet normal -0.5555702330196018 -0.8314696123025456 0
    outer loop
      vertex -1 -2.098076211353316 36.5
      vertex -1.326284287026162 -1.8800600208737057 36.5
      vertex -1 -2.098076211353316 12
    endloop
  endfacet
  facet normal -0.4422886902190006 -0.8968727415326886 0
    outer loop
      vertex -1 -2.098076211353316 36.5
      vertex -1 -2.098076211353316 12
      vertex -0.6480502970952693 -2.27163859753386 36.5
    endloop
  endfacet
  facet normal -0.3214394653031626 -0.9469301294951052 0
    outer loop
      vertex -0.6480502970952693 -2.27163859753386 36.5
      vertex -0.6480502970952693 -2.27163859753386 12
      vertex -0.2764571353075622 -2.397777478867205 36.5
    endloop
  endfacet
  facet normal -0.9807852804032307 -0.19509032201612733 -6.993526870311968e-20
    outer loop
      vertex -2.397777478867205 -0.2764571353075622 36.5
      vertex -2.474334584121431 0.10842142333984528 36.5
      vertex -2.474334584121431 0.10842142333984528 12
    endloop
  endfacet
  facet normal -0.9978589232386036 -0.06540312923014359 0
    outer loop
      vertex -2.474334584121431 0.10842142333984528 36.5
      vertex -2.5 0.5 36.5
      vertex -2.474334584121431 0.10842142333984528 12
    endloop
  endfacet
  facet normal -0.19509032201612733 -0.9807852804032307 0
    outer loop
      vertex -0.2764571353075622 -2.397777478867205 36.5
      vertex -0.2764571353075622 -2.397777478867205 12
      vertex 0.10842142333984528 -2.474334584121431 36.5
    endloop
  endfacet
  facet normal -0.06540312923014359 -0.9978589232386036 5.263969359524839e-20
    outer loop
      vertex 0.10842142333984528 -2.474334584121431 36.5
      vertex 0.5 -2.5 12
      vertex 0.5 -2.5 36.5
    endloop
  endfacet
  facet normal 0 0 1
    outer loop
      vertex -1.6213203435596428 -1.6213203435596428 36.5
      vertex -2.27163859753386 -0.6480502970952693 36.5
      vertex -2.098076211353316 -1 36.5
    endloop
  endfacet
  facet normal 0 0 1
    outer loop
      vertex -1.6213203435596428 -1.6213203435596428 36.5
      vertex -2.5 0.5 36.5
      vertex -2.27163859753386 -0.6480502970952693 36.5
    endloop
  endfacet
  facet normal 0 0 1
    outer loop
      vertex -1.6213203435596428 -1.6213203435596428 36.5
      vertex -2.098076211353316 -1 36.5
      vertex -1.8800600208737057 -1.326284287026162 36.5
    endloop
  endfacet
  facet normal 0 0 1
    outer loop
      vertex -1.6213203435596428 -1.6213203435596428 36.5
      vertex -1 -2.098076211353316 36.5
      vertex -0.6480502970952693 -2.27163859753386 36.5
    endloop
  endfacet
  facet normal 0 0 1
    outer loop
      vertex -1.6213203435596428 -1.6213203435596428 36.5
      vertex -1.326284287026162 -1.8800600208737057 36.5
      vertex -1 -2.098076211353316 36.5
    endloop
  endfacet
  facet normal 0 0 1
    outer loop
      vertex -1.6213203435596428 -1.6213203435596428 36.5
      vertex -0.6480502970952693 -2.27163859753386 36.5
      vertex 0.5 -2.5 36.5
    endloop
  endfacet
  facet normal 0 0 1
    outer loop
      vertex -2.27163859753386 -0.6480502970952693 36.5
      vertex -2.5 0.5 36.5
      vertex -2.397777478867205 -0.2764571353075622 36.5
    endloop
  endfacet
  facet normal 0 0 1
    outer loop
      vertex -2.397777478867205 -0.2764571353075622 36.5
      vertex -2.5 0.5 36.5
      vertex -2.474334584121431 0.10842142333984528 36.5
    endloop
  endfacet
  facet normal 0 0 1
    outer loop
      vertex -0.6480502970952693 -2.27163859753386 36.5
      vertex -0.2764571353075622 -2.397777478867205 36.5
      vertex 0.5 -2.5 36.5
    endloop
  endfacet
  facet normal 0 0 1
    outer loop
      vertex -0.2764571353075622 -2.397777478867205 36.5
      vertex 0.10842142333984528 -2.474334584121431 36.5
      vertex 0.5 -2.5 36.5
    endloop
  endfacet
  facet normal 0 -1 0
    outer loop
      vertex 0.5 -2.5 36.5
      vertex 24 -2.5 29.85
      vertex 42 -2.5 29.85
    endloop
  endfacet
  facet normal 0 0 1
    outer loop
      vertex -1.6213203435596428 -1.6213203435596428 36.5
      vertex 40 48.5 36.5
      vertex 36 48.5 36.5
    endloop
  endfacet
  facet normal 0 0 1
    outer loop
      vertex -1.6213203435596428 -1.6213203435596428 36.5
      vertex 48 48.5 36.5
      vertex 40 48.5 36.5
    endloop
  endfacet
  facet normal -1 0 0
    outer loop
      vertex -2.5 0.5 36.5
      vertex -2.5 61.164954283965116 23.17341336116494
      vertex -2.5 60.77157287525381 22.82842712474619
    endloop
  endfacet
  facet normal -1 0 0
    outer loop
      vertex -2.5 0.5 36.5
      vertex -2.5 61.6 23.464101615137753
      vertex -2.5 61.164954283965116 23.17341336116494
    endloop
  endfacet
  facet normal -1 0 0
    outer loop
      vertex -2.5 0.5 36.5
      vertex -2.5 62.06926627053964 23.695518130045148
      vertex -2.5 61.6 23.464101615137753
    endloop
  endfacet
  facet normal -1 0 0
    outer loop
      vertex -2.5 0.5 36.5
      vertex -2.5 62.564723819589915 23.863703305156275
      vertex -2.5 62.06926627053964 23.695518130045148
    endloop
  endfacet
  facet normal -1 0 0
    outer loop
      vertex -2.5 0.5 36.5
      vertex -2.5 63.0778952311198 23.96577944549524
      vertex -2.5 62.564723819589915 23.863703305156275
    endloop
  endfacet
  facet normal 0 0 1
    outer loop
      vertex -1.6213203435596428 -1.6213203435596428 36.5
      vertex -2.5 136.5 36.5
      vertex -2.5 0.5 36.5
    endloop
  endfacet
  facet normal -1 0 0
    outer loop
      vertex -2.5 0.5 36.5
      vertex -2.5 136.5 36.5
      vertex -2.5 63.0778952311198 23.96577944549524
    endloop
  endfacet
  facet normal 0 0 1
    outer loop
      vertex -1.6213203435596428 -1.6213203435596428 36.5
      vertex 36 48.5 36.5
      vertex 36 88.5 36.5
    endloop
  endfacet
  facet normal 0 0 1
    outer loop
      vertex -1.6213203435596428 -1.6213203435596428 36.5
      vertex 0.5 -2.5 36.5
      vertex 125.62132034355963 -1.6213203435596428 36.5
    endloop
  endfacet
  facet normal 0 -1 0
    outer loop
      vertex 0.5 -2.5 36.5
      vertex 42 -2.5 29.85
      vertex 123.5 -2.5 36.5
    endloop
  endfacet
  facet normal 0 0 1
    outer loop
      vertex -1.6213203435596428 -1.6213203435596428 36.5
      vertex 125.62132034355963 -1.6213203435596428 36.5
      vertex 48 48.5 36.5
    endloop
  endfacet
  facet normal 0 0 1
    outer loop
      vertex 48 48.5 36.5
      vertex 48 88.5 36.5
      vertex 40 48.5 36.5
    endloop
  endfacet
  facet normal 0 0 1
    outer loop
      vertex 60 88.5 36.5
      vertex 52 48.5 36.5
      vertex 60 48.5 36.5
    endloop
  endfacet
  facet normal -1 0 0
    outer loop
      vertex -2.5 94.55382876518792 12
      vertex -2.5 63.0778952311198 16.03422055450476
      vertex -2.5 63.6 16
    endloop
  endfacet
  facet normal -1 0 0
    outer loop
      vertex -2.5 94.55382876518792 12
      vertex -2.5 63.6 16
      vertex -2.5 64.1221047688802 16.03422055450476
    endloop
  endfacet
  facet normal -1 0 0
    outer loop
      vertex -2.5 94.55382876518792 12
      vertex -2.5 64.1221047688802 16.03422055450476
      vertex -2.5 64.63527618041009 16.136296694843725
    endloop
  endfacet
  facet normal -1 0 0
    outer loop
      vertex -2.5 94.55382876518792 12
      vertex -2.5 64.63527618041009 16.136296694843725
      vertex -2.5 65.13073372946036 16.304481869954852
    endloop
  endfacet
  facet normal -1 0 0
    outer loop
      vertex -2.5 94.55382876518792 12
      vertex -2.5 65.13073372946036 16.304481869954852
      vertex -2.5 65.6 16.535898384862247
    endloop
  endfacet
  facet normal -1 0 0
    outer loop
      vertex -2.5 94.55382876518792 12
      vertex -2.5 65.6 16.535898384862247
      vertex -2.5 66.03504571603489 16.82658663883506
    endloop
  endfacet
  facet normal -1 0 0
    outer loop
      vertex -2.5 94.55382876518792 12
      vertex -2.5 66.03504571603489 16.82658663883506
      vertex -2.5 66.4284271247462 17.17157287525381
    endloop
  endfacet
  facet normal -1 0 0
    outer loop
      vertex -2.5 94.55382876518792 12
      vertex -2.5 66.4284271247462 17.17157287525381
      vertex -2.5 66.77341336116494 17.56495428396512
    endloop
  endfacet
  facet normal -1 0 0
    outer loop
      vertex -2.5 94.55382876518792 12
      vertex -2.5 66.77341336116494 17.56495428396512
      vertex -2.5 67.06410161513776 18
    endloop
  endfacet
  facet normal -1 0 0
    outer loop
      vertex -2.5 94.55382876518792 12
      vertex -2.5 67.06410161513776 18
      vertex -2.5 67.29551813004515 18.46926627053964
    endloop
  endfacet
  facet normal -1 0 0
    outer loop
      vertex -2.5 94.55382876518792 12
      vertex -2.5 67.29551813004515 18.46926627053964
      vertex -2.5 67.46370330515627 18.964723819589917
    endloop
  endfacet
  facet normal -1 0 0
    outer loop
      vertex -2.5 94.55382876518792 12
      vertex -2.5 67.46370330515627 18.964723819589917
      vertex -2.5 67.56577944549524 19.477895231119795
    endloop
  endfacet
  facet normal -1 0 0
    outer loop
      vertex -2.5 94.55382876518792 12
      vertex -2.5 67.56577944549524 19.477895231119795
      vertex -2.5 67.6 20
    endloop
  endfacet
  facet normal -1 0 0
    outer loop
      vertex -2.5 94.55382876518792 12
      vertex -2.5 67.6 20
      vertex -2.5 67.56577944549524 20.522104768880205
    endloop
  endfacet
  facet normal -1 0 0
    outer loop
      vertex -2.5 94.55382876518792 12
      vertex -2.5 67.56577944549524 20.522104768880205
      vertex -2.5 67.46370330515627 21.035276180410083
    endloop
  endfacet
  facet normal -1 0 0
    outer loop
      vertex -2.5 94.55382876518792 12
      vertex -2.5 67.46370330515627 21.035276180410083
      vertex -2.5 67.29551813004515 21.53073372946036
    endloop
  endfacet
  facet normal -1 0 0
    outer loop
      vertex -2.5 136.5 36.5
      vertex -2.5 94.55382876518792 12
      vertex -2.5 67.29551813004515 21.53073372946036
    endloop
  endfacet
  facet normal 0 0 -1
    outer loop
      vertex -2.2305863343782466 94.15035534676596 12
      vertex 0 132.03289619915537 12
      vertex 0 90.80983328623907 12
    endloop
  endfacet
  facet normal 0 0 -1
    outer loop
      vertex -2.2305863343782466 94.15035534676596 12
      vertex -2.4902444248610283 134.96650265653776 12
      vertex 0 132.03289619915537 12
    endloop
  endfacet
  facet normal 0 0 -1
    outer loop
      vertex -0.7090067799878017 136.85819864400244 12
      vertex -1.8225908351512188 138.13541039305375 12
      vertex 0.44604242110708814 139.23021210553543 12
    endloop
  endfacet
  facet normal 0 0 -1
    outer loop
      vertex 0.28459189981932187 139.41077504346015 12
      vertex 0.44604242110708814 139.23021210553543 12
      vertex -1.8225908351512188 138.13541039305375 12
    endloop
  endfacet
  facet normal 0 0 -1
    outer loop
      vertex 3.7009335470405644 139.31476079010181 12
      vertex 31.02466377063422 137.73352640216237 12
      vertex 5.823962264150943 137 12
    endloop
  endfacet
  facet normal 0 0 -1
    outer loop
      vertex 31.02466377063422 137.73352640216237 12
      vertex 31.827187499999994 137 12
      vertex 5.823962264150943 137 12
    endloop
  endfacet
  facet normal -1 0 0
    outer loop
      vertex -2.5 136.5 36.5
      vertex -2.5 136.5 12
      vertex -2.5 94.55382876518792 12
    endloop
  endfacet
  facet normal -0.9978589232386034 0.06540312923014409 0
    outer loop
      vertex -2.5 136.5 36.5
      vertex -2.474334584121431 136.89157857666015 12
      vertex -2.5 136.5 12
    endloop
  endfacet
  facet normal -0.9807852804032313 0.19509032201612364 0
    outer loop
      vertex -2.474334584121431 136.89157857666015 36.5
      vertex -2.397777478867205 137.27645713530757 12
      vertex -2.474334584121431 136.89157857666015 12
    endloop
  endfacet
  facet normal -0.9469301294951035 0.32143946530316775 0
    outer loop
      vertex -2.27163859753386 137.64805029709527 36.5
      vertex -2.27163859753386 137.64805029709527 12
      vertex -2.397777478867205 137.27645713530757 12
    endloop
  endfacet
  facet normal -0.8968727415326897 0.4422886902189983 0
    outer loop
      vertex -2.27163859753386 137.64805029709527 36.5
      vertex -2.098076211353316 138 12
      vertex -2.27163859753386 137.64805029709527 12
    endloop
  endfacet
  facet normal -0.8314696123025513 0.5555702330195933 0
    outer loop
      vertex -1.8800600208737057 138.32628428702617 36.5
      vertex -1.8800600208737057 138.32628428702617 12
      vertex -2.098076211353316 138 12
    endloop
  endfacet
  facet normal -0.7518398074789567 0.6593458151000924 0
    outer loop
      vertex -1.6213203435596428 138.62132034355963 36.5
      vertex -1.6213203435596428 138.62132034355963 12
      vertex -1.8800600208737057 138.32628428702617 12
    endloop
  endfacet
  facet normal -0.6593458151000967 0.751839807478953 0
    outer loop
      vertex -1.6213203435596428 138.62132034355963 36.5
      vertex -1.326284287026162 138.8800600208737 12
      vertex -1.6213203435596428 138.62132034355963 12
    endloop
  endfacet
  facet normal -0.5555702330195879 0.8314696123025549 0
    outer loop
      vertex -1 139.09807621135332 36.5
      vertex -1 139.09807621135332 12
      vertex -1.326284287026162 138.8800600208737 12
    endloop
  endfacet
  facet normal -0.44228869021901146 0.8968727415326831 0
    outer loop
      vertex -1 139.09807621135332 36.5
      vertex -0.6480502970952693 139.27163859753387 12
      vertex -1 139.09807621135332 12
    endloop
  endfacet
  facet normal -0.3214394653031342 0.9469301294951151 0
    outer loop
      vertex -0.6480502970952693 139.27163859753387 36.5
      vertex -0.2764571353075622 139.3977774788672 12
      vertex -0.6480502970952693 139.27163859753387 12
    endloop
  endfacet
  facet normal -0.19509032201615778 0.9807852804032244 0
    outer loop
      vertex -0.2764571353075622 139.3977774788672 36.5
      vertex 0.10842142333984528 139.47433458412144 12
      vertex -0.2764571353075622 139.3977774788672 12
    endloop
  endfacet
  facet normal -0.06540312923013006 0.9978589232386045 0
    outer loop
      vertex 0.5 139.5 36.5
      vertex 0.5 139.5 12
      vertex 0.10842142333984528 139.47433458412144 12
    endloop
  endfacet
  facet normal 0 1 0
    outer loop
      vertex 46.05 139.5 12
      vertex 29.09203124999999 139.5 12
      vertex 46.05 139.5 15.05
    endloop
  endfacet
  facet normal 0 1 0
    outer loop
      vertex 55.95 139.5 15.05
      vertex 58.05 139.5 12
      vertex 55.95 139.5 12
    endloop
  endfacet
  facet normal 0 1 0
    outer loop
      vertex 55.95 139.5 15.05
      vertex 58.05 139.5 15.05
      vertex 58.05 139.5 12
    endloop
  endfacet
  facet normal 0 1 0
    outer loop
      vertex 123.5 139.5 36.5
      vertex 29.09203124999999 139.5 12
      vertex 0.5 139.5 12
    endloop
  endfacet
  facet normal -1 0 0
    outer loop
      vertex -2.5 136.5 36.5
      vertex -2.5 67.29551813004515 21.53073372946036
      vertex -2.5 67.06410161513776 22
    endloop
  endfacet
  facet normal -1 0 0
    outer loop
      vertex -2.5 136.5 36.5
      vertex -2.5 67.06410161513776 22
      vertex -2.5 66.77341336116494 22.43504571603488
    endloop
  endfacet
  facet normal -1 0 0
    outer loop
      vertex -2.5 136.5 36.5
      vertex -2.5 66.77341336116494 22.43504571603488
      vertex -2.5 66.4284271247462 22.82842712474619
    endloop
  endfacet
  facet normal -1 0 0
    outer loop
      vertex -2.5 136.5 36.5
      vertex -2.5 66.4284271247462 22.82842712474619
      vertex -2.5 66.03504571603489 23.17341336116494
    endloop
  endfacet
  facet normal -1 0 0
    outer loop
      vertex -2.5 136.5 36.5
      vertex -2.5 66.03504571603489 23.17341336116494
      vertex -2.5 65.6 23.464101615137753
    endloop
  endfacet
  facet normal -1 0 0
    outer loop
      vertex -2.5 136.5 36.5
      vertex -2.5 65.6 23.464101615137753
      vertex -2.5 65.13073372946036 23.695518130045148
    endloop
  endfacet
  facet normal -1 0 0
    outer loop
      vertex -2.5 136.5 36.5
      vertex -2.5 65.13073372946036 23.695518130045148
      vertex -2.5 64.63527618041009 23.863703305156275
    endloop
  endfacet
  facet normal -1 0 0
    outer loop
      vertex -2.5 136.5 36.5
      vertex -2.5 63.6 24
      vertex -2.5 63.0778952311198 23.96577944549524
    endloop
  endfacet
  facet normal -1 0 0
    outer loop
      vertex -2.5 136.5 36.5
      vertex -2.5 64.1221047688802 23.96577944549524
      vertex -2.5 63.6 24
    endloop
  endfacet
  facet normal -1 0 0
    outer loop
      vertex -2.5 136.5 36.5
      vertex -2.5 64.63527618041009 23.863703305156275
      vertex -2.5 64.1221047688802 23.96577944549524
    endloop
  endfacet
  facet normal 0 0 1
    outer loop
      vertex -1.6213203435596428 -1.6213203435596428 36.5
      vertex 36 88.5 36.5
      vertex -1.6213203435596428 138.62132034355963 36.5
    endloop
  endfacet
  facet normal 0 0 1
    outer loop
      vertex -1.6213203435596428 -1.6213203435596428 36.5
      vertex -1.6213203435596428 138.62132034355963 36.5
      vertex -2.5 136.5 36.5
    endloop
  endfacet
  facet normal -0.9978589232386034 0.06540312923014409 -5.127296448361015e-20
    outer loop
      vertex -2.5 136.5 36.5
      vertex -2.474334584121431 136.89157857666015 36.5
      vertex -2.474334584121431 136.89157857666015 12
    endloop
  endfacet
  facet normal -0.9807852804032313 0.19509032201612364 -7.864678585442043e-20
    outer loop
      vertex -2.474334584121431 136.89157857666015 36.5
      vertex -2.397777478867205 137.27645713530757 36.5
      vertex -2.397777478867205 137.27645713530757 12
    endloop
  endfacet
  facet normal -0.9469301294951035 0.32143946530316775 0
    outer loop
      vertex -2.397777478867205 137.27645713530757 36.5
      vertex -2.27163859753386 137.64805029709527 36.5
      vertex -2.397777478867205 137.27645713530757 12
    endloop
  endfacet
  facet normal -0.8968727415326897 0.4422886902189983 -1.771095451460359e-19
    outer loop
      vertex -2.27163859753386 137.64805029709527 36.5
      vertex -2.098076211353316 138 36.5
      vertex -2.098076211353316 138 12
    endloop
  endfacet
  facet normal -0.8314696123025513 0.5555702330195933 0
    outer loop
      vertex -2.098076211353316 138 36.5
      vertex -1.8800600208737057 138.32628428702617 36.5
      vertex -2.098076211353316 138 12
    endloop
  endfacet
  facet normal -0.7518398074789567 0.6593458151000924 0
    outer loop
      vertex -1.8800600208737057 138.32628428702617 36.5
      vertex -1.6213203435596428 138.62132034355963 36.5
      vertex -1.8800600208737057 138.32628428702617 12
    endloop
  endfacet
  facet normal -0.6593458151000967 0.751839807478953 -5.341427255664652e-19
    outer loop
      vertex -1.6213203435596428 138.62132034355963 36.5
      vertex -1.326284287026162 138.8800600208737 36.5
      vertex -1.326284287026162 138.8800600208737 12
    endloop
  endfacet
  facet normal -0.5555702330195879 0.8314696123025549 0
    outer loop
      vertex -1.326284287026162 138.8800600208737 36.5
      vertex -1 139.09807621135332 36.5
      vertex -1.326284287026162 138.8800600208737 12
    endloop
  endfacet
  facet normal -0.44228869021901146 0.8968727415326831 -3.521951361890457e-19
    outer loop
      vertex -1 139.09807621135332 36.5
      vertex -0.6480502970952693 139.27163859753387 36.5
      vertex -0.6480502970952693 139.27163859753387 12
    endloop
  endfacet
  facet normal -0.3214394653031342 0.9469301294951151 -2.6132091610644373e-19
    outer loop
      vertex -0.6480502970952693 139.27163859753387 36.5
      vertex -0.2764571353075622 139.3977774788672 36.5
      vertex -0.2764571353075622 139.3977774788672 12
    endloop
  endfacet
  facet normal -0.19509032201615778 0.9807852804032244 -1.4486792507770482e-19
    outer loop
      vertex -0.2764571353075622 139.3977774788672 36.5
      vertex 0.10842142333984528 139.47433458412144 36.5
      vertex 0.10842142333984528 139.47433458412144 12
    endloop
  endfacet
  facet normal -0.06540312923013006 0.9978589232386045 0
    outer loop
      vertex 0.10842142333984528 139.47433458412144 36.5
      vertex 0.5 139.5 36.5
      vertex 0.10842142333984528 139.47433458412144 12
    endloop
  endfacet
  facet normal 0 0 1
    outer loop
      vertex -2.5 136.5 36.5
      vertex -2.27163859753386 137.64805029709527 36.5
      vertex -2.474334584121431 136.89157857666015 36.5
    endloop
  endfacet
  facet normal 0 0 1
    outer loop
      vertex -2.474334584121431 136.89157857666015 36.5
      vertex -2.27163859753386 137.64805029709527 36.5
      vertex -2.397777478867205 137.27645713530757 36.5
    endloop
  endfacet
  facet normal 0 0 1
    outer loop
      vertex -2.5 136.5 36.5
      vertex -1.6213203435596428 138.62132034355963 36.5
      vertex -2.27163859753386 137.64805029709527 36.5
    endloop
  endfacet
  facet normal 0 0 1
    outer loop
      vertex -2.27163859753386 137.64805029709527 36.5
      vertex -1.8800600208737057 138.32628428702617 36.5
      vertex -2.098076211353316 138 36.5
    endloop
  endfacet
  facet normal 0 0 1
    outer loop
      vertex -2.27163859753386 137.64805029709527 36.5
      vertex -1.6213203435596428 138.62132034355963 36.5
      vertex -1.8800600208737057 138.32628428702617 36.5
    endloop
  endfacet
  facet normal 0 0 1
    outer loop
      vertex -1.6213203435596428 138.62132034355963 36.5
      vertex -0.6480502970952693 139.27163859753387 36.5
      vertex -1.326284287026162 138.8800600208737 36.5
    endloop
  endfacet
  facet normal 0 0 1
    outer loop
      vertex -1.326284287026162 138.8800600208737 36.5
      vertex -0.6480502970952693 139.27163859753387 36.5
      vertex -1 139.09807621135332 36.5
    endloop
  endfacet
  facet normal 0 0 1
    outer loop
      vertex -1.6213203435596428 138.62132034355963 36.5
      vertex 0.5 139.5 36.5
      vertex -0.6480502970952693 139.27163859753387 36.5
    endloop
  endfacet
  facet normal 0 0 1
    outer loop
      vertex -0.6480502970952693 139.27163859753387 36.5
      vertex 0.5 139.5 36.5
      vertex -0.2764571353075622 139.3977774788672 36.5
    endloop
  endfacet
  facet normal 0 0 1
    outer loop
      vertex -0.2764571353075622 139.3977774788672 36.5
      vertex 0.5 139.5 36.5
      vertex 0.10842142333984528 139.47433458412144 36.5
    endloop
  endfacet
  facet normal 0 0 1
    outer loop
      vertex -1.6213203435596428 138.62132034355963 36.5
      vertex 36 88.5 36.5
      vertex 40 88.5 36.5
    endloop
  endfacet
  facet normal 0 0 1
    outer loop
      vertex -1.6213203435596428 138.62132034355963 36.5
      vertex 40 88.5 36.5
      vertex 48 88.5 36.5
    endloop
  endfacet
  facet normal 0 0 1
    outer loop
      vertex 40 48.5 36.5
      vertex 48 88.5 36.5
      vertex 40 88.5 36.5
    endloop
  endfacet
  facet normal 0 0 1
    outer loop
      vertex 52 48.5 36.5
      vertex 60 88.5 36.5
      vertex 52 88.5 36.5
    endloop
  endfacet
  facet normal 0 1 0
    outer loop
      vertex 0.5 139.5 36.5
      vertex 123.5 139.5 36.5
      vertex 0.5 139.5 12
    endloop
  endfacet
  facet normal 0 0 1
    outer loop
      vertex -1.6213203435596428 138.62132034355963 36.5
      vertex 48 88.5 36.5
      vertex 52 88.5 36.5
    endloop
  endfacet
  facet normal 0 0 1
    outer loop
      vertex -1.6213203435596428 138.62132034355963 36.5
      vertex 52 88.5 36.5
      vertex 60 88.5 36.5
    endloop
  endfacet
  facet normal 0 0 1
    outer loop
      vertex -1.6213203435596428 138.62132034355963 36.5
      vertex 60 88.5 36.5
      vertex 64 88.5 36.5
    endloop
  endfacet
  facet normal 0 0 1
    outer loop
      vertex -1.6213203435596428 138.62132034355963 36.5
      vertex 64 88.5 36.5
      vertex 72 88.5 36.5
    endloop
  endfacet
  facet normal 0 0 1
    outer loop
      vertex -1.6213203435596428 138.62132034355963 36.5
      vertex 125.62132034355963 138.62132034355963 36.5
      vertex 0.5 139.5 36.5
    endloop
  endfacet
  facet normal 0 0 1
    outer loop
      vertex -1.6213203435596428 138.62132034355963 36.5
      vertex 72 88.5 36.5
      vertex 76 88.5 36.5
    endloop
  endfacet
  facet normal 0 -1 0
    outer loop
      vertex 67.95 -2.5 12
      vertex 70.05 -2.5 12
      vertex 70.05 -2.5 15.05
    endloop
  endfacet
  facet normal 0 -1 0
    outer loop
      vertex 67.95 -2.5 12
      vertex 70.05 -2.5 15.05
      vertex 67.95 -2.5 15.05
    endloop
  endfacet
  facet normal 0 -1 0
    outer loop
      vertex 82.05 -2.5 15.05
      vertex 79.95 -2.5 12
      vertex 82.05 -2.5 12
    endloop
  endfacet
  facet normal 0 -1 0
    outer loop
      vertex 79.95 -2.5 12
      vertex 82.05 -2.5 15.05
      vertex 79.95 -2.5 15.05
    endloop
  endfacet
  facet normal 0 -1 0
    outer loop
      vertex 91.95 -2.5 12
      vertex 94.05 -2.5 12
      vertex 94.05 -2.5 15.05
    endloop
  endfacet
  facet normal 0 -1 0
    outer loop
      vertex 91.95 -2.5 12
      vertex 94.05 -2.5 15.05
      vertex 91.95 -2.5 15.05
    endloop
  endfacet
  facet normal 0 -1 0
    outer loop
      vertex 42 -2.5 29.85
      vertex 70.05 -2.5 15.05
      vertex 79.95 -2.5 15.05
    endloop
  endfacet
  facet normal 0 -1 0
    outer loop
      vertex 42 -2.5 29.85
      vertex 79.95 -2.5 15.05
      vertex 82.05 -2.5 15.05
    endloop
  endfacet
  facet normal 0 -1 0
    outer loop
      vertex 42 -2.5 29.85
      vertex 82.05 -2.5 15.05
      vertex 91.95 -2.5 15.05
    endloop
  endfacet
  facet normal 0 -1 0
    outer loop
      vertex 42 -2.5 29.85
      vertex 91.95 -2.5 15.05
      vertex 94.05 -2.5 15.05
    endloop
  endfacet
  facet normal 0 -1 0
    outer loop
      vertex 42 -2.5 29.85
      vertex 94.05 -2.5 15.05
      vertex 103.95 -2.5 15.05
    endloop
  endfacet
  facet normal 0 -1 0
    outer loop
      vertex 42 -2.5 29.85
      vertex 103.95 -2.5 15.05
      vertex 106.05 -2.5 15.05
    endloop
  endfacet
  facet normal 0 -1 0
    outer loop
      vertex 42 -2.5 29.85
      vertex 106.05 -2.5 15.05
      vertex 115.95 -2.5 15.05
    endloop
  endfacet
  facet normal 0 -1 0
    outer loop
      vertex 106.05 -2.5 15.05
      vertex 103.95 -2.5 12
      vertex 106.05 -2.5 12
    endloop
  endfacet
  facet normal 0 -1 0
    outer loop
      vertex 103.95 -2.5 12
      vertex 106.05 -2.5 15.05
      vertex 103.95 -2.5 15.05
    endloop
  endfacet
  facet normal 0 -1 0
    outer loop
      vertex 115.95 -2.5 12
      vertex 123.5 -2.5 12
      vertex 115.95 -2.5 15.05
    endloop
  endfacet
  facet normal 0 -1 0
    outer loop
      vertex 123.5 -2.5 36.5
      vertex 115.95 -2.5 15.05
      vertex 123.5 -2.5 12
    endloop
  endfacet
  facet normal 0.06540312923014409 -0.9978589232386034 0
    outer loop
      vertex 123.5 -2.5 36.5
      vertex 123.5 -2.5 12
      vertex 123.89157857666015 -2.474334584121431 12
    endloop
  endfacet
  facet normal 0.19509032201612364 -0.9807852804032313 0
    outer loop
      vertex 123.89157857666015 -2.474334584121431 36.5
      vertex 123.89157857666015 -2.474334584121431 12
      vertex 124.27645713530757 -2.397777478867205 12
    endloop
  endfacet
  facet normal 0.32143946530316775 -0.9469301294951035 0
    outer loop
      vertex 124.64805029709527 -2.27163859753386 36.5
      vertex 124.27645713530757 -2.397777478867205 12
      vertex 124.64805029709527 -2.27163859753386 12
    endloop
  endfacet
  facet normal 0.4422886902189983 -0.8968727415326897 0
    outer loop
      vertex 124.64805029709527 -2.27163859753386 36.5
      vertex 124.64805029709527 -2.27163859753386 12
      vertex 125 -2.098076211353316 12
    endloop
  endfacet
  facet normal 0.5555702330196101 -0.8314696123025401 0
    outer loop
      vertex 125 -2.098076211353316 36.5
      vertex 125 -2.098076211353316 12
      vertex 125.32628428702616 -1.8800600208737057 12
    endloop
  endfacet
  facet normal 0.6593458151000745 -0.7518398074789726 0
    outer loop
      vertex 125.62132034355963 -1.6213203435596428 36.5
      vertex 125.32628428702616 -1.8800600208737057 12
      vertex 125.62132034355963 -1.6213203435596428 12
    endloop
  endfacet
  facet normal 0.751839807478953 -0.6593458151000967 0
    outer loop
      vertex 125.62132034355963 -1.6213203435596428 36.5
      vertex 125.62132034355963 -1.6213203435596428 12
      vertex 125.88006002087371 -1.326284287026162 12
    endloop
  endfacet
  facet normal 0.8314696123025549 -0.5555702330195879 0
    outer loop
      vertex 125.88006002087371 -1.326284287026162 36.5
      vertex 125.88006002087371 -1.326284287026162 12
      vertex 126.09807621135332 -1 12
    endloop
  endfacet
  facet normal 0.8968727415326831 -0.44228869021901146 0
    outer loop
      vertex 126.27163859753387 -0.6480502970952693 36.5
      vertex 126.09807621135332 -1 12
      vertex 126.27163859753387 -0.6480502970952693 12
    endloop
  endfacet
  facet normal 0.9469301294951151 -0.3214394653031342 0
    outer loop
      vertex 126.27163859753387 -0.6480502970952693 36.5
      vertex 126.27163859753387 -0.6480502970952693 12
      vertex 126.3977774788672 -0.2764571353075622 12
    endloop
  endfacet
  facet normal 0.9807852804032244 -0.19509032201615778 0
    outer loop
      vertex 126.47433458412144 0.10842142333984528 36.5
      vertex 126.3977774788672 -0.2764571353075622 12
      vertex 126.47433458412144 0.10842142333984528 12
    endloop
  endfacet
  facet normal 0.9978589232386045 -0.06540312923013006 0
    outer loop
      vertex 126.5 0.5 36.5
      vertex 126.47433458412144 0.10842142333984528 12
      vertex 126.5 0.5 12
    endloop
  endfacet
  facet normal 1 0 0
    outer loop
      vertex 126.5 0.5 36.5
      vertex 126.5 0.5 12
      vertex 126.5 1.4882083773319295 12
    endloop
  endfacet
  facet normal 0 0 -1
    outer loop
      vertex 126.48153186517966 1.5083601611908057 12
      vertex 126.5 135.88313973952833 12
      vertex 126.5 1.4882083773319295 12
    endloop
  endfacet
  facet normal 1 0 0
    outer loop
      vertex 126.5 0.5 36.5
      vertex 126.5 1.4882083773319295 12
      vertex 126.5 135.88313973952833 12
    endloop
  endfacet
  facet normal 0 -1 0
    outer loop
      vertex 123.5 -2.5 36.5
      vertex 42 -2.5 29.85
      vertex 115.95 -2.5 15.05
    endloop
  endfacet
  facet normal 0 0 1
    outer loop
      vertex 125.62132034355963 -1.6213203435596428 36.5
      vertex 52 48.5 36.5
      vertex 48 48.5 36.5
    endloop
  endfacet
  facet normal 0 0 1
    outer loop
      vertex 0.5 -2.5 36.5
      vertex 123.5 -2.5 36.5
      vertex 125.62132034355963 -1.6213203435596428 36.5
    endloop
  endfacet
  facet normal 0 0 1
    outer loop
      vertex 125.62132034355963 -1.6213203435596428 36.5
      vertex 60 48.5 36.5
      vertex 52 48.5 36.5
    endloop
  endfacet
  facet normal 0 0 1
    outer loop
      vertex 125.62132034355963 -1.6213203435596428 36.5
      vertex 64 48.5 36.5
      vertex 60 48.5 36.5
    endloop
  endfacet
  facet normal 0 0 1
    outer loop
      vertex 125.62132034355963 -1.6213203435596428 36.5
      vertex 72 48.5 36.5
      vertex 64 48.5 36.5
    endloop
  endfacet
  facet normal 0 0 1
    outer loop
      vertex 125.62132034355963 -1.6213203435596428 36.5
      vertex 76 48.5 36.5
      vertex 72 48.5 36.5
    endloop
  endfacet
  facet normal 0 0 1
    outer loop
      vertex 72 88.5 36.5
      vertex 64 48.5 36.5
      vertex 72 48.5 36.5
    endloop
  endfacet
  facet normal 0 0 1
    outer loop
      vertex 84 48.5 36.5
      vertex 84 88.5 36.5
      vertex 76 48.5 36.5
    endloop
  endfacet
  facet normal 0.06540312923014409 -0.9978589232386034 -5.127296448361015e-20
    outer loop
      vertex 123.5 -2.5 36.5
      vertex 123.89157857666015 -2.474334584121431 12
      vertex 123.89157857666015 -2.474334584121431 36.5
    endloop
  endfacet
  facet normal 0.19509032201612364 -0.9807852804032313 -7.864678585442043e-20
    outer loop
      vertex 123.89157857666015 -2.474334584121431 36.5
      vertex 124.27645713530757 -2.397777478867205 12
      vertex 124.27645713530757 -2.397777478867205 36.5
    endloop
  endfacet
  facet normal 0.32143946530316775 -0.9469301294951035 0
    outer loop
      vertex 124.27645713530757 -2.397777478867205 36.5
      vertex 124.27645713530757 -2.397777478867205 12
      vertex 124.64805029709527 -2.27163859753386 36.5
    endloop
  endfacet
  facet normal 0.4422886902189983 -0.8968727415326897 -1.771095451460359e-19
    outer loop
      vertex 124.64805029709527 -2.27163859753386 36.5
      vertex 125 -2.098076211353316 12
      vertex 125 -2.098076211353316 36.5
    endloop
  endfacet
  facet normal 0.5555702330196101 -0.8314696123025401 7.158127155670015e-19
    outer loop
      vertex 125 -2.098076211353316 36.5
      vertex 125.32628428702616 -1.8800600208737057 12
      vertex 125.32628428702616 -1.8800600208737057 36.5
    endloop
  endfacet
  facet normal 0.6593458151000745 -0.7518398074789726 0
    outer loop
      vertex 125.32628428702616 -1.8800600208737057 36.5
      vertex 125.32628428702616 -1.8800600208737057 12
      vertex 125.62132034355963 -1.6213203435596428 36.5
    endloop
  endfacet
  facet normal 0.751839807478953 -0.6593458151000967 -5.341427255664652e-19
    outer loop
      vertex 125.62132034355963 -1.6213203435596428 36.5
      vertex 125.88006002087371 -1.326284287026162 12
      vertex 125.88006002087371 -1.326284287026162 36.5
    endloop
  endfacet
  facet normal 0.8314696123025549 -0.5555702330195879 -4.443222974005445e-19
    outer loop
      vertex 125.88006002087371 -1.326284287026162 36.5
      vertex 126.09807621135332 -1 12
      vertex 126.09807621135332 -1 36.5
    endloop
  endfacet
  facet normal 0.8968727415326831 -0.44228869021901146 0
    outer loop
      vertex 126.09807621135332 -1 36.5
      vertex 126.09807621135332 -1 12
      vertex 126.27163859753387 -0.6480502970952693 36.5
    endloop
  endfacet
  facet normal 0.9469301294951151 -0.3214394653031342 -2.6132091610644373e-19
    outer loop
      vertex 126.27163859753387 -0.6480502970952693 36.5
      vertex 126.3977774788672 -0.2764571353075622 12
      vertex 126.3977774788672 -0.2764571353075622 36.5
    endloop
  endfacet
  facet normal 0.9807852804032244 -0.19509032201615778 0
    outer loop
      vertex 126.3977774788672 -0.2764571353075622 36.5
      vertex 126.3977774788672 -0.2764571353075622 12
      vertex 126.47433458412144 0.10842142333984528 36.5
    endloop
  endfacet
  facet normal 0.9978589232386045 -0.06540312923013006 0
    outer loop
      vertex 126.47433458412144 0.10842142333984528 36.5
      vertex 126.47433458412144 0.10842142333984528 12
      vertex 126.5 0.5 36.5
    endloop
  endfacet
  facet normal 0 0 1
    outer loop
      vertex 125.62132034355963 -1.6213203435596428 36.5
      vertex 84 48.5 36.5
      vertex 76 48.5 36.5
    endloop
  endfacet
  facet normal 0 0 1
    outer loop
      vertex 125.62132034355963 -1.6213203435596428 36.5
      vertex 88 48.5 36.5
      vertex 84 48.5 36.5
    endloop
  endfacet
  facet normal 0 0 1
    outer loop
      vertex 123.5 -2.5 36.5
      vertex 123.89157857666015 -2.474334584121431 36.5
      vertex 124.64805029709527 -2.27163859753386 36.5
    endloop
  endfacet
  facet normal 0 0 1
    outer loop
      vertex 123.89157857666015 -2.474334584121431 36.5
      vertex 124.27645713530757 -2.397777478867205 36.5
      vertex 124.64805029709527 -2.27163859753386 36.5
    endloop
  endfacet
  facet normal 0 0 1
    outer loop
      vertex 123.5 -2.5 36.5
      vertex 124.64805029709527 -2.27163859753386 36.5
      vertex 125.62132034355963 -1.6213203435596428 36.5
    endloop
  endfacet
  facet normal 0 0 1
    outer loop
      vertex 124.64805029709527 -2.27163859753386 36.5
      vertex 125 -2.098076211353316 36.5
      vertex 125.62132034355963 -1.6213203435596428 36.5
    endloop
  endfacet
  facet normal 0 0 1
    outer loop
      vertex 125 -2.098076211353316 36.5
      vertex 125.32628428702616 -1.8800600208737057 36.5
      vertex 125.62132034355963 -1.6213203435596428 36.5
    endloop
  endfacet
  facet normal 0 0 1
    outer loop
      vertex 125.62132034355963 -1.6213203435596428 36.5
      vertex 125.88006002087371 -1.326284287026162 36.5
      vertex 126.27163859753387 -0.6480502970952693 36.5
    endloop
  endfacet
  facet normal 0 0 1
    outer loop
      vertex 125.88006002087371 -1.326284287026162 36.5
      vertex 126.09807621135332 -1 36.5
      vertex 126.27163859753387 -0.6480502970952693 36.5
    endloop
  endfacet
  facet normal 0 0 1
    outer loop
      vertex 125.62132034355963 -1.6213203435596428 36.5
      vertex 126.27163859753387 -0.6480502970952693 36.5
      vertex 126.5 0.5 36.5
    endloop
  endfacet
  facet normal 0 0 1
    outer loop
      vertex 126.27163859753387 -0.6480502970952693 36.5
      vertex 126.3977774788672 -0.2764571353075622 36.5
      vertex 126.47433458412144 0.10842142333984528 36.5
    endloop
  endfacet
  facet normal 0 0 1
    outer loop
      vertex 126.27163859753387 -0.6480502970952693 36.5
      vertex 126.47433458412144 0.10842142333984528 36.5
      vertex 126.5 0.5 36.5
    endloop
  endfacet
  facet normal 0 0 1
    outer loop
      vertex 125.62132034355963 -1.6213203435596428 36.5
      vertex 126.5 0.5 36.5
      vertex 125.62132034355963 138.62132034355963 36.5
    endloop
  endfacet
  facet normal 0 0 1
    outer loop
      vertex 125.62132034355963 -1.6213203435596428 36.5
      vertex 125.62132034355963 138.62132034355963 36.5
      vertex 88 48.5 36.5
    endloop
  endfacet
  facet normal 0 1 0
    outer loop
      vertex 67.95 139.5 15.05
      vertex 70.05 139.5 12
      vertex 67.95 139.5 12
    endloop
  endfacet
  facet normal 0 1 0
    outer loop
      vertex 70.05 139.5 12
      vertex 67.95 139.5 15.05
      vertex 70.05 139.5 15.05
    endloop
  endfacet
  facet normal 0 1 0
    outer loop
      vertex 79.95 139.5 15.05
      vertex 82.05 139.5 12
      vertex 79.95 139.5 12
    endloop
  endfacet
  facet normal 0 1 0
    outer loop
      vertex 79.95 139.5 15.05
      vertex 82.05 139.5 15.05
      vertex 82.05 139.5 12
    endloop
  endfacet
  facet normal 0 1 0
    outer loop
      vertex 91.95 139.5 15.05
      vertex 94.05 139.5 12
      vertex 91.95 139.5 12
    endloop
  endfacet
  facet normal 0 1 0
    outer loop
      vertex 94.05 139.5 12
      vertex 91.95 139.5 15.05
      vertex 94.05 139.5 15.05
    endloop
  endfacet
  facet normal 0 1 0
    outer loop
      vertex 123.5 139.5 36.5
      vertex 46.05 139.5 15.05
      vertex 29.09203124999999 139.5 12
    endloop
  endfacet
  facet normal 0 1 0
    outer loop
      vertex 123.5 139.5 36.5
      vertex 55.95 139.5 15.05
      vertex 46.05 139.5 15.05
    endloop
  endfacet
  facet normal 0 1 0
    outer loop
      vertex 123.5 139.5 36.5
      vertex 58.05 139.5 15.05
      vertex 55.95 139.5 15.05
    endloop
  endfacet
  facet normal 0 1 0
    outer loop
      vertex 123.5 139.5 36.5
      vertex 67.95 139.5 15.05
      vertex 58.05 139.5 15.05
    endloop
  endfacet
  facet normal 0 1 0
    outer loop
      vertex 123.5 139.5 36.5
      vertex 70.05 139.5 15.05
      vertex 67.95 139.5 15.05
    endloop
  endfacet
  facet normal 0 1 0
    outer loop
      vertex 123.5 139.5 36.5
      vertex 79.95 139.5 15.05
      vertex 70.05 139.5 15.05
    endloop
  endfacet
  facet normal 0 0 -1
    outer loop
      vertex 124.07057288278193 133.14672060010636 12
      vertex 126.5 135.88313973952833 12
      vertex 126.48153186517966 1.5083601611908057 12
    endloop
  endfacet
  facet normal 1 0 0
    outer loop
      vertex 126.5 0.5 36.5
      vertex 126.5 135.88313973952833 12
      vertex 126.5 136.5 12
    endloop
  endfacet
  facet normal 0 1 0
    outer loop
      vertex 103.95 139.5 15.05
      vertex 106.05 139.5 12
      vertex 103.95 139.5 12
    endloop
  endfacet
  facet normal 0 1 0
    outer loop
      vertex 103.95 139.5 15.05
      vertex 106.05 139.5 15.05
      vertex 106.05 139.5 12
    endloop
  endfacet
  facet normal 0 1 0
    outer loop
      vertex 123.5 139.5 36.5
      vertex 82.05 139.5 15.05
      vertex 79.95 139.5 15.05
    endloop
  endfacet
  facet normal 0 1 0
    outer loop
      vertex 123.5 139.5 36.5
      vertex 91.95 139.5 15.05
      vertex 82.05 139.5 15.05
    endloop
  endfacet
  facet normal 0 1 0
    outer loop
      vertex 123.5 139.5 36.5
      vertex 94.05 139.5 15.05
      vertex 91.95 139.5 15.05
    endloop
  endfacet
  facet normal 0 1 0
    outer loop
      vertex 123.5 139.5 36.5
      vertex 103.95 139.5 15.05
      vertex 94.05 139.5 15.05
    endloop
  endfacet
  facet normal 0 1 0
    outer loop
      vertex 123.5 139.5 36.5
      vertex 123.5 139.5 12
      vertex 115.95 139.5 12
    endloop
  endfacet
  facet normal 0 1 0
    outer loop
      vertex 123.5 139.5 36.5
      vertex 115.95 139.5 12
      vertex 115.95 139.5 15.05
    endloop
  endfacet
  facet normal 0.06540312923013057 0.9978589232386043 0
    outer loop
      vertex 123.89157857666015 139.47433458412144 36.5
      vertex 123.89157857666015 139.47433458412144 12
      vertex 123.5 139.5 12
    endloop
  endfacet
  facet normal 0.19509032201615412 0.9807852804032252 0
    outer loop
      vertex 124.27645713530757 139.3977774788672 36.5
      vertex 124.27645713530757 139.3977774788672 12
      vertex 123.89157857666015 139.47433458412144 12
    endloop
  endfacet
  facet normal 0.3214394653031393 0.9469301294951131 0
    outer loop
      vertex 124.27645713530757 139.3977774788672 36.5
      vertex 124.64805029709527 139.27163859753387 12
      vertex 124.27645713530757 139.3977774788672 12
    endloop
  endfacet
  facet normal 0.9978589232386043 0.06540312923013057 0
    outer loop
      vertex 126.47433458412144 136.89157857666015 36.5
      vertex 126.5 136.5 12
      vertex 126.47433458412144 136.89157857666015 12
    endloop
  endfacet
  facet normal 0.9807852804032252 0.19509032201615412 0
    outer loop
      vertex 126.47433458412144 136.89157857666015 36.5
      vertex 126.47433458412144 136.89157857666015 12
      vertex 126.3977774788672 137.27645713530757 12
    endloop
  endfacet
  facet normal 0.44228869021900924 0.8968727415326844 0
    outer loop
      vertex 125 139.09807621135332 36.5
      vertex 125 139.09807621135332 12
      vertex 124.64805029709527 139.27163859753387 12
    endloop
  endfacet
  facet normal 0.6593458151001026 0.7518398074789479 0
    outer loop
      vertex 125.32628428702616 138.8800600208737 36.5
      vertex 125.62132034355963 138.62132034355963 12
      vertex 125.32628428702616 138.8800600208737 12
    endloop
  endfacet
  facet normal 0.555570233019596 0.8314696123025495 0
    outer loop
      vertex 125 139.09807621135332 36.5
      vertex 125.32628428702616 138.8800600208737 12
      vertex 125 139.09807621135332 12
    endloop
  endfacet
  facet normal 0.8314696123025607 0.5555702330195792 0
    outer loop
      vertex 125.88006002087371 138.32628428702617 36.5
      vertex 126.09807621135332 138 12
      vertex 125.88006002087371 138.32628428702617 12
    endloop
  endfacet
  facet normal 0.8968727415326844 0.44228869021900924 0
    outer loop
      vertex 126.27163859753387 137.64805029709527 36.5
      vertex 126.27163859753387 137.64805029709527 12
      vertex 126.09807621135332 138 12
    endloop
  endfacet
  facet normal 0.9469301294951131 0.3214394653031393 0
    outer loop
      vertex 126.27163859753387 137.64805029709527 36.5
      vertex 126.3977774788672 137.27645713530757 12
      vertex 126.27163859753387 137.64805029709527 12
    endloop
  endfacet
  facet normal 0.7518398074789321 0.6593458151001206 0
    outer loop
      vertex 125.62132034355963 138.62132034355963 36.5
      vertex 125.88006002087371 138.32628428702617 12
      vertex 125.62132034355963 138.62132034355963 12
    endloop
  endfacet
  facet normal 0 1 0
    outer loop
      vertex 123.5 139.5 36.5
      vertex 106.05 139.5 15.05
      vertex 103.95 139.5 15.05
    endloop
  endfacet
  facet normal 0 1 0
    outer loop
      vertex 123.5 139.5 36.5
      vertex 115.95 139.5 15.05
      vertex 106.05 139.5 15.05
    endloop
  endfacet
  facet normal 0 0 1
    outer loop
      vertex 64 48.5 36.5
      vertex 72 88.5 36.5
      vertex 64 88.5 36.5
    endloop
  endfacet
  facet normal 0 0 1
    outer loop
      vertex 76 88.5 36.5
      vertex 76 48.5 36.5
      vertex 84 88.5 36.5
    endloop
  endfacet
  facet normal 0 0 1
    outer loop
      vertex -1.6213203435596428 138.62132034355963 36.5
      vertex 76 88.5 36.5
      vertex 125.62132034355963 138.62132034355963 36.5
    endloop
  endfacet
  facet normal 0 0 1
    outer loop
      vertex 0.5 139.5 36.5
      vertex 125.62132034355963 138.62132034355963 36.5
      vertex 123.5 139.5 36.5
    endloop
  endfacet
  facet normal 1 0 0
    outer loop
      vertex 126.5 0.5 36.5
      vertex 126.5 136.5 12
      vertex 126.5 136.5 36.5
    endloop
  endfacet
  facet normal 0 0 1
    outer loop
      vertex 125.62132034355963 138.62132034355963 36.5
      vertex 88 88.5 36.5
      vertex 88 48.5 36.5
    endloop
  endfacet
  facet normal 0 0 1
    outer loop
      vertex 126.5 0.5 36.5
      vertex 126.5 136.5 36.5
      vertex 125.62132034355963 138.62132034355963 36.5
    endloop
  endfacet
  facet normal 0.06540312923013057 0.9978589232386043 0
    outer loop
      vertex 123.5 139.5 36.5
      vertex 123.89157857666015 139.47433458412144 36.5
      vertex 123.5 139.5 12
    endloop
  endfacet
  facet normal 0.19509032201615412 0.9807852804032252 0
    outer loop
      vertex 123.89157857666015 139.47433458412144 36.5
      vertex 124.27645713530757 139.3977774788672 36.5
      vertex 123.89157857666015 139.47433458412144 12
    endloop
  endfacet
  facet normal 0.9978589232386043 0.06540312923013057 0
    outer loop
      vertex 126.5 136.5 36.5
      vertex 126.5 136.5 12
      vertex 126.47433458412144 136.89157857666015 36.5
    endloop
  endfacet
  facet normal 0.9807852804032252 0.19509032201615412 -6.74147102307478e-20
    outer loop
      vertex 126.47433458412144 136.89157857666015 36.5
      vertex 126.3977774788672 137.27645713530757 12
      vertex 126.3977774788672 137.27645713530757 36.5
    endloop
  endfacet
  facet normal 0.3214394653031393 0.9469301294951131 3.286770899353511e-19
    outer loop
      vertex 124.27645713530757 139.3977774788672 36.5
      vertex 124.64805029709527 139.27163859753387 36.5
      vertex 124.64805029709527 139.27163859753387 12
    endloop
  endfacet
  facet normal 0.44228869021900924 0.8968727415326844 0
    outer loop
      vertex 124.64805029709527 139.27163859753387 36.5
      vertex 125 139.09807621135332 36.5
      vertex 124.64805029709527 139.27163859753387 12
    endloop
  endfacet
  facet normal 0.555570233019596 0.8314696123025495 0
    outer loop
      vertex 125.32628428702616 138.8800600208737 36.5
      vertex 125.32628428702616 138.8800600208737 12
      vertex 125 139.09807621135332 36.5
    endloop
  endfacet
  facet normal 0.9469301294951131 0.3214394653031393 0
    outer loop
      vertex 126.3977774788672 137.27645713530757 36.5
      vertex 126.3977774788672 137.27645713530757 12
      vertex 126.27163859753387 137.64805029709527 36.5
    endloop
  endfacet
  facet normal 0.8314696123025607 0.5555702330195792 2.8186307351089504e-19
    outer loop
      vertex 125.88006002087371 138.32628428702617 36.5
      vertex 126.09807621135332 138 36.5
      vertex 126.09807621135332 138 12
    endloop
  endfacet
  facet normal 0.8968727415326844 0.44228869021900924 -3.7512441866388697e-20
    outer loop
      vertex 126.27163859753387 137.64805029709527 36.5
      vertex 126.09807621135332 138 12
      vertex 126.09807621135332 138 36.5
    endloop
  endfacet
  facet normal 0.6593458151001026 0.7518398074789479 4.425286752077165e-19
    outer loop
      vertex 125.32628428702616 138.8800600208737 36.5
      vertex 125.62132034355963 138.62132034355963 36.5
      vertex 125.62132034355963 138.62132034355963 12
    endloop
  endfacet
  facet normal 0.7518398074789321 0.6593458151001206 0
    outer loop
      vertex 125.88006002087371 138.32628428702617 36.5
      vertex 125.88006002087371 138.32628428702617 12
      vertex 125.62132034355963 138.62132034355963 36.5
    endloop
  endfacet
  facet normal 0 0 1
    outer loop
      vertex 125.62132034355963 138.62132034355963 36.5
      vertex 76 88.5 36.5
      vertex 84 88.5 36.5
    endloop
  endfacet
  facet normal 0 0 1
    outer loop
      vertex 125.62132034355963 138.62132034355963 36.5
      vertex 84 88.5 36.5
      vertex 88 88.5 36.5
    endloop
  endfacet
  facet normal 0 0 1
    outer loop
      vertex 123.5 139.5 36.5
      vertex 124.64805029709527 139.27163859753387 36.5
      vertex 123.89157857666015 139.47433458412144 36.5
    endloop
  endfacet
  facet normal 0 0 1
    outer loop
      vertex 123.89157857666015 139.47433458412144 36.5
      vertex 124.64805029709527 139.27163859753387 36.5
      vertex 124.27645713530757 139.3977774788672 36.5
    endloop
  endfacet
  facet normal 0 0 1
    outer loop
      vertex 126.47433458412144 136.89157857666015 36.5
      vertex 126.3977774788672 137.27645713530757 36.5
      vertex 126.27163859753387 137.64805029709527 36.5
    endloop
  endfacet
  facet normal 0 0 1
    outer loop
      vertex 123.5 139.5 36.5
      vertex 125.62132034355963 138.62132034355963 36.5
      vertex 124.64805029709527 139.27163859753387 36.5
    endloop
  endfacet
  facet normal 0 0 1
    outer loop
      vertex 124.64805029709527 139.27163859753387 36.5
      vertex 125.62132034355963 138.62132034355963 36.5
      vertex 125.32628428702616 138.8800600208737 36.5
    endloop
  endfacet
  facet normal 0 0 1
    outer loop
      vertex 124.64805029709527 139.27163859753387 36.5
      vertex 125.32628428702616 138.8800600208737 36.5
      vertex 125 139.09807621135332 36.5
    endloop
  endfacet
  facet normal 0 0 1
    outer loop
      vertex 125.88006002087371 138.32628428702617 36.5
      vertex 125.62132034355963 138.62132034355963 36.5
      vertex 126.27163859753387 137.64805029709527 36.5
    endloop
  endfacet
  facet normal 0 0 1
    outer loop
      vertex 126.5 136.5 36.5
      vertex 126.47433458412144 136.89157857666015 36.5
      vertex 125.62132034355963 138.62132034355963 36.5
    endloop
  endfacet
  facet normal 0 0 1
    outer loop
      vertex 126.47433458412144 136.89157857666015 36.5
      vertex 126.27163859753387 137.64805029709527 36.5
      vertex 125.62132034355963 138.62132034355963 36.5
    endloop
  endfacet
  facet normal 0 0 1
    outer loop
      vertex 125.88006002087371 138.32628428702617 36.5
      vertex 126.27163859753387 137.64805029709527 36.5
      vertex 126.09807621135332 138 36.5
    endloop
  endfacet
  facet normal 0 1 0
    outer loop
      vertex 43.7 0 17.4
      vertex 43.7 0 12
      vertex 0 0 12
    endloop
  endfacet
  facet normal 1 0 0
    outer loop
      vertex 0 0 34
      vertex 0 0 12
      vertex 0 60.135898384862244 22
    endloop
  endfacet
  facet normal 0 1 0
    outer loop
      vertex 43.7 0 17.4
      vertex 0 0 12
      vertex 0 0 34
    endloop
  endfacet
  facet normal 1 0 0
    outer loop
      vertex 0 0 12
      vertex 0 62.564723819589915 16.136296694843725
      vertex 0 62.06926627053964 16.304481869954852
    endloop
  endfacet
  facet normal 1 0 0
    outer loop
      vertex 0 0 12
      vertex 0 62.06926627053964 16.304481869954852
      vertex 0 61.6 16.535898384862247
    endloop
  endfacet
  facet normal 1 0 0
    outer loop
      vertex 0 0 12
      vertex 0 63.0778952311198 16.03422055450476
      vertex 0 62.564723819589915 16.136296694843725
    endloop
  endfacet
  facet normal 1 0 0
    outer loop
      vertex 0 0 12
      vertex 0 61.164954283965116 16.82658663883506
      vertex 0 60.77157287525381 17.17157287525381
    endloop
  endfacet
  facet normal 1 0 0
    outer loop
      vertex 0 0 12
      vertex 0 61.6 16.535898384862247
      vertex 0 61.164954283965116 16.82658663883506
    endloop
  endfacet
  facet normal 1 0 0
    outer loop
      vertex 0 0 12
      vertex 0 60.77157287525381 17.17157287525381
      vertex 0 60.42658663883506 17.56495428396512
    endloop
  endfacet
  facet normal 1 0 0
    outer loop
      vertex 0 0 12
      vertex 0 60.42658663883506 17.56495428396512
      vertex 0 60.135898384862244 18
    endloop
  endfacet
  facet normal 1 0 0
    outer loop
      vertex 0 0 12
      vertex 0 60.135898384862244 18
      vertex 0 59.90448186995486 18.46926627053964
    endloop
  endfacet
  facet normal 1 0 0
    outer loop
      vertex 0 0 12
      vertex 0 59.90448186995486 18.46926627053964
      vertex 0 59.73629669484373 18.964723819589917
    endloop
  endfacet
  facet normal 1 0 0
    outer loop
      vertex 0 0 12
      vertex 0 59.73629669484373 18.964723819589917
      vertex 0 59.63422055450476 19.477895231119795
    endloop
  endfacet
  facet normal 1 0 0
    outer loop
      vertex 0 0 12
      vertex 0 59.63422055450476 19.477895231119795
      vertex 0 59.6 20
    endloop
  endfacet
  facet normal 1 0 0
    outer loop
      vertex 0 0 12
      vertex 0 59.6 20
      vertex 0 59.63422055450476 20.522104768880205
    endloop
  endfacet
  facet normal 1 0 0
    outer loop
      vertex 0 0 12
      vertex 0 59.63422055450476 20.522104768880205
      vertex 0 59.73629669484373 21.035276180410083
    endloop
  endfacet
  facet normal 1 0 0
    outer loop
      vertex 0 0 12
      vertex 0 90.80983328623907 12
      vertex 0 63.0778952311198 16.03422055450476
    endloop
  endfacet
  facet normal 1 0 0
    outer loop
      vertex 0 0 12
      vertex 0 59.73629669484373 21.035276180410083
      vertex 0 59.90448186995486 21.53073372946036
    endloop
  endfacet
  facet normal 1 0 0
    outer loop
      vertex 0 0 12
      vertex 0 59.90448186995486 21.53073372946036
      vertex 0 60.135898384862244 22
    endloop
  endfacet
  facet normal 0 1 0
    outer loop
      vertex 43.7 0 17.4
      vertex 0 0 34
      vertex 56.32702702702702 0 17.4
    endloop
  endfacet
  facet normal 0 1 0
    outer loop
      vertex 56.32702702702702 0 17.4
      vertex 0 0 34
      vertex 67.7 0 17.4
    endloop
  endfacet
  facet normal 0 1 0
    outer loop
      vertex 0 0 34
      vertex 80.32702702702703 0 17.4
      vertex 67.7 0 17.4
    endloop
  endfacet
  facet normal 0 1 0
    outer loop
      vertex 0 0 34
      vertex 91.7 0 17.4
      vertex 80.32702702702703 0 17.4
    endloop
  endfacet
  facet normal 0 0 -1
    outer loop
      vertex 0 0 34
      vertex 2.0332332985438244 2.956192854956397 34
      vertex 2.4644660940672622 2.4644660940672622 34
    endloop
  endfacet
  facet normal 0 0 -1
    outer loop
      vertex 0 0 34
      vertex 1.380602337443566 4.086582838174551 34
      vertex 1.6698729810778072 3.5 34
    endloop
  endfacet
  facet normal 0 0 -1
    outer loop
      vertex 0 0 34
      vertex 1.1703708685546585 4.705904774487396 34
      vertex 1.380602337443566 4.086582838174551 34
    endloop
  endfacet
  facet normal 0 0 -1
    outer loop
      vertex 0 0 34
      vertex 1.6698729810778072 3.5 34
      vertex 2.0332332985438244 2.956192854956397 34
    endloop
  endfacet
  facet normal 0 0 -1
    outer loop
      vertex 0 0 34
      vertex 1.042775693130948 5.347369038899743 34
      vertex 1.1703708685546585 4.705904774487396 34
    endloop
  endfacet
  facet normal 0 0 -1
    outer loop
      vertex 0 0 34
      vertex 1 6 34
      vertex 1.042775693130948 5.347369038899743 34
    endloop
  endfacet
  facet normal 0 0 -1
    outer loop
      vertex 0 0 34
      vertex 2.4644660940672622 2.4644660940672622 34
      vertex 2.956192854956397 2.0332332985438244 34
    endloop
  endfacet
  facet normal 0 0 -1
    outer loop
      vertex 0 0 34
      vertex 2.956192854956397 2.0332332985438244 34
      vertex 3.5 1.6698729810778072 34
    endloop
  endfacet
  facet normal 0 0 -1
    outer loop
      vertex 0 0 34
      vertex 3.5 1.6698729810778072 34
      vertex 4.086582838174551 1.380602337443566 34
    endloop
  endfacet
  facet normal 0 0 -1
    outer loop
      vertex 0 0 34
      vertex 4.705904774487396 1.1703708685546585 34
      vertex 5.347369038899743 1.042775693130948 34
    endloop
  endfacet
  facet normal 0 0 -1
    outer loop
      vertex 0 0 34
      vertex 4.086582838174551 1.380602337443566 34
      vertex 4.705904774487396 1.1703708685546585 34
    endloop
  endfacet
  facet normal 0 0 -1
    outer loop
      vertex 0 0 34
      vertex 5.347369038899743 1.042775693130948 34
      vertex 6 1 34
    endloop
  endfacet
  facet normal 0 0 -1
    outer loop
      vertex 4.527756813566454 5.15 34
      vertex 4.429404794730813 5.349438164979348 34
      vertex 5.778105473225913 7.685456264335477 34
    endloop
  endfacet
  facet normal 0 0 -1
    outer loop
      vertex 4.527756813566454 5.15 34
      vertex 5.778105473225913 7.685456264335477 34
      vertex 4.651299321504901 4.965105570685175 34
    endloop
  endfacet
  facet normal 0 0 -1
    outer loop
      vertex 4.429404794730813 5.349438164979348 34
      vertex 4.357926095308584 5.560007623325715 34
      vertex 5.778105473225913 7.685456264335477 34
    endloop
  endfacet
  facet normal 0 0 -1
    outer loop
      vertex 4.357926095308584 5.560007623325715 34
      vertex 4.314543735664523 5.778105473225913 34
      vertex 5.778105473225913 7.685456264335477 34
    endloop
  endfacet
  facet normal 0 0 -1
    outer loop
      vertex 4.651299321504901 4.965105570685175 34
      vertex 7.034894429314825 7.348700678495099 34
      vertex 4.797918471982869 4.797918471982869 34
    endloop
  endfacet
  facet normal 0 0 -1
    outer loop
      vertex 4.314543735664523 6.221894526774087 34
      vertex 4.357926095308584 6.439992376674285 34
      vertex 4.965105570685175 7.348700678495099 34
    endloop
  endfacet
  facet normal 0 0 -1
    outer loop
      vertex 4.314543735664523 5.778105473225913 34
      vertex 4.3 6 34
      vertex 5.778105473225913 7.685456264335477 34
    endloop
  endfacet
  facet normal 0 0 -1
    outer loop
      vertex 4.3 6 34
      vertex 4.314543735664523 6.221894526774087 34
      vertex 5.778105473225913 7.685456264335477 34
    endloop
  endfacet
  facet normal 0 0 -1
    outer loop
      vertex 4.357926095308584 6.439992376674285 34
      vertex 4.429404794730813 6.650561835020652 34
      vertex 4.965105570685175 7.348700678495099 34
    endloop
  endfacet
  facet normal 0 0 -1
    outer loop
      vertex 4.429404794730813 6.650561835020652 34
      vertex 4.527756813566454 6.85 34
      vertex 4.965105570685175 7.348700678495099 34
    endloop
  endfacet
  facet normal 0 0 -1
    outer loop
      vertex 4.651299321504901 7.034894429314825 34
      vertex 4.797918471982869 7.202081528017131 34
      vertex 4.965105570685175 7.348700678495099 34
    endloop
  endfacet
  facet normal 0 0 -1
    outer loop
      vertex 4.527756813566454 6.85 34
      vertex 4.651299321504901 7.034894429314825 34
      vertex 4.965105570685175 7.348700678495099 34
    endloop
  endfacet
  facet normal 0 0 -1
    outer loop
      vertex 4.314543735664523 6.221894526774087 34
      vertex 4.965105570685175 7.348700678495099 34
      vertex 5.15 7.472243186433546 34
    endloop
  endfacet
  facet normal 0 0 -1
    outer loop
      vertex 4.314543735664523 6.221894526774087 34
      vertex 5.15 7.472243186433546 34
      vertex 5.349438164979348 7.570595205269187 34
    endloop
  endfacet
  facet normal 0 0 -1
    outer loop
      vertex 4.651299321504901 4.965105570685175 34
      vertex 5.778105473225913 7.685456264335477 34
      vertex 6 7.7 34
    endloop
  endfacet
  facet normal 0 0 -1
    outer loop
      vertex 4.314543735664523 6.221894526774087 34
      vertex 5.349438164979348 7.570595205269187 34
      vertex 5.560007623325715 7.642073904691416 34
    endloop
  endfacet
  facet normal 0 0 -1
    outer loop
      vertex 4.314543735664523 6.221894526774087 34
      vertex 5.560007623325715 7.642073904691416 34
      vertex 5.778105473225913 7.685456264335477 34
    endloop
  endfacet
  facet normal 0 0 -1
    outer loop
      vertex 5.560007623325715 4.357926095308584 34
      vertex 7.348700678495099 7.034894429314825 34
      vertex 5.778105473225913 4.314543735664523 34
    endloop
  endfacet
  facet normal 0 0 -1
    outer loop
      vertex 5.778105473225913 4.314543735664523 34
      vertex 7.348700678495099 7.034894429314825 34
      vertex 6 4.3 34
    endloop
  endfacet
  facet normal 0 0 -1
    outer loop
      vertex 6 4.3 34
      vertex 7.348700678495099 7.034894429314825 34
      vertex 6.221894526774087 4.314543735664523 34
    endloop
  endfacet
  facet normal 0 0 -1
    outer loop
      vertex 4.965105570685175 4.651299321504901 34
      vertex 7.034894429314825 7.348700678495099 34
      vertex 5.15 4.527756813566454 34
    endloop
  endfacet
  facet normal 0 0 -1
    outer loop
      vertex 4.965105570685175 4.651299321504901 34
      vertex 4.797918471982869 4.797918471982869 34
      vertex 7.034894429314825 7.348700678495099 34
    endloop
  endfacet
  facet normal 0 0 -1
    outer loop
      vertex 5.15 4.527756813566454 34
      vertex 7.034894429314825 7.348700678495099 34
      vertex 5.349438164979348 4.429404794730813 34
    endloop
  endfacet
  facet normal 0 0 -1
    outer loop
      vertex 5.349438164979348 4.429404794730813 34
      vertex 7.034894429314825 7.348700678495099 34
      vertex 5.560007623325715 4.357926095308584 34
    endloop
  endfacet
  facet normal 0 0 -1
    outer loop
      vertex 6.221894526774087 4.314543735664523 34
      vertex 7.348700678495099 7.034894429314825 34
      vertex 6.439992376674285 4.357926095308584 34
    endloop
  endfacet
  facet normal 0 0 -1
    outer loop
      vertex 6.439992376674285 4.357926095308584 34
      vertex 7.348700678495099 7.034894429314825 34
      vertex 6.650561835020652 4.429404794730813 34
    endloop
  endfacet
  facet normal 0 0 -1
    outer loop
      vertex 6.650561835020652 4.429404794730813 34
      vertex 7.348700678495099 7.034894429314825 34
      vertex 6.85 4.527756813566454 34
    endloop
  endfacet
  facet normal 0 0 -1
    outer loop
      vertex 5.560007623325715 4.357926095308584 34
      vertex 7.034894429314825 7.348700678495099 34
      vertex 7.202081528017131 7.202081528017131 34
    endloop
  endfacet
  facet normal 0 0 -1
    outer loop
      vertex 5.560007623325715 4.357926095308584 34
      vertex 7.202081528017131 7.202081528017131 34
      vertex 7.348700678495099 7.034894429314825 34
    endloop
  endfacet
  facet normal 0 0 -1
    outer loop
      vertex 6.85 4.527756813566454 34
      vertex 7.348700678495099 7.034894429314825 34
      vertex 7.034894429314825 4.651299321504901 34
    endloop
  endfacet
  facet normal 0 0 -1
    outer loop
      vertex 7.034894429314825 4.651299321504901 34
      vertex 7.642073904691416 6.439992376674285 34
      vertex 7.202081528017131 4.797918471982869 34
    endloop
  endfacet
  facet normal 0 0 -1
    outer loop
      vertex 7.202081528017131 4.797918471982869 34
      vertex 7.642073904691416 6.439992376674285 34
      vertex 7.348700678495099 4.965105570685175 34
    endloop
  endfacet
  facet normal 0 0 -1
    outer loop
      vertex 7.348700678495099 4.965105570685175 34
      vertex 7.642073904691416 6.439992376674285 34
      vertex 7.472243186433546 5.15 34
    endloop
  endfacet
  facet normal 0 0 -1
    outer loop
      vertex 7.472243186433546 5.15 34
      vertex 7.685456264335477 6.221894526774087 34
      vertex 7.570595205269187 5.349438164979348 34
    endloop
  endfacet
  facet normal 0 0 -1
    outer loop
      vertex 7.034894429314825 4.651299321504901 34
      vertex 7.348700678495099 7.034894429314825 34
      vertex 7.472243186433546 6.85 34
    endloop
  endfacet
  facet normal 0 0 -1
    outer loop
      vertex 7.034894429314825 4.651299321504901 34
      vertex 7.570595205269187 6.650561835020652 34
      vertex 7.642073904691416 6.439992376674285 34
    endloop
  endfacet
  facet normal 0 0 -1
    outer loop
      vertex 7.034894429314825 4.651299321504901 34
      vertex 7.472243186433546 6.85 34
      vertex 7.570595205269187 6.650561835020652 34
    endloop
  endfacet
  facet normal 0 0 -1
    outer loop
      vertex 7.570595205269187 5.349438164979348 34
      vertex 7.685456264335477 6.221894526774087 34
      vertex 7.642073904691416 5.560007623325715 34
    endloop
  endfacet
  facet normal 0 0 -1
    outer loop
      vertex 7.472243186433546 5.15 34
      vertex 7.642073904691416 6.439992376674285 34
      vertex 7.685456264335477 6.221894526774087 34
    endloop
  endfacet
  facet normal 0 0 -1
    outer loop
      vertex 7.642073904691416 5.560007623325715 34
      vertex 7.685456264335477 6.221894526774087 34
      vertex 7.685456264335477 5.778105473225913 34
    endloop
  endfacet
  facet normal 0 0 -1
    outer loop
      vertex 7.685456264335477 5.778105473225913 34
      vertex 7.685456264335477 6.221894526774087 34
      vertex 7.7 6 34
    endloop
  endfacet
  facet normal 0 0 -1
    outer loop
      vertex 4.651299321504901 4.965105570685175 34
      vertex 6 7.7 34
      vertex 6.221894526774087 7.685456264335477 34
    endloop
  endfacet
  facet normal 0 0 -1
    outer loop
      vertex 4.651299321504901 4.965105570685175 34
      vertex 6.221894526774087 7.685456264335477 34
      vertex 6.439992376674285 7.642073904691416 34
    endloop
  endfacet
  facet normal 0 0 -1
    outer loop
      vertex 4.651299321504901 4.965105570685175 34
      vertex 6.439992376674285 7.642073904691416 34
      vertex 6.650561835020652 7.570595205269187 34
    endloop
  endfacet
  facet normal 0 0 -1
    outer loop
      vertex 4.651299321504901 4.965105570685175 34
      vertex 6.650561835020652 7.570595205269187 34
      vertex 6.85 7.472243186433546 34
    endloop
  endfacet
  facet normal 0 0 -1
    outer loop
      vertex 4.651299321504901 4.965105570685175 34
      vertex 6.85 7.472243186433546 34
      vertex 7.034894429314825 7.348700678495099 34
    endloop
  endfacet
  facet normal 1 0 0
    outer loop
      vertex 0 0 34
      vertex 0 60.135898384862244 22
      vertex 0 60.42658663883506 22.43504571603488
    endloop
  endfacet
  facet normal 1 0 0
    outer loop
      vertex 0 0 34
      vertex 0 60.42658663883506 22.43504571603488
      vertex 0 60.77157287525381 22.82842712474619
    endloop
  endfacet
  facet normal 1 0 0
    outer loop
      vertex 0 0 34
      vertex 0 60.77157287525381 22.82842712474619
      vertex 0 61.164954283965116 23.17341336116494
    endloop
  endfacet
  facet normal 1 0 0
    outer loop
      vertex 0 0 34
      vertex 0 61.164954283965116 23.17341336116494
      vertex 0 61.6 23.464101615137753
    endloop
  endfacet
  facet normal 1 0 0
    outer loop
      vertex 0 0 34
      vertex 0 61.6 23.464101615137753
      vertex 0 62.06926627053964 23.695518130045148
    endloop
  endfacet
  facet normal 1 0 0
    outer loop
      vertex 0 0 34
      vertex 0 62.06926627053964 23.695518130045148
      vertex 0 62.564723819589915 23.863703305156275
    endloop
  endfacet
  facet normal 1 0 0
    outer loop
      vertex 0 0 34
      vertex 0 62.564723819589915 23.863703305156275
      vertex 0 63.0778952311198 23.96577944549524
    endloop
  endfacet
  facet normal 0 0 -1
    outer loop
      vertex 0 0 34
      vertex 0 137 34
      vertex 1 6 34
    endloop
  endfacet
  facet normal 0 0 -1
    outer loop
      vertex 1 6 34
      vertex 0 137 34
      vertex 1.042775693130948 6.652630961100257 34
    endloop
  endfacet
  facet normal 0 0 -1
    outer loop
      vertex 1.042775693130948 6.652630961100257 34
      vertex 0 137 34
      vertex 1.1703708685546585 7.294095225512604 34
    endloop
  endfacet
  facet normal 0 0 -1
    outer loop
      vertex 1.1703708685546585 7.294095225512604 34
      vertex 0 137 34
      vertex 1.380602337443566 7.913417161825449 34
    endloop
  endfacet
  facet normal 1 0 0
    outer loop
      vertex 0 0 34
      vertex 0 63.0778952311198 23.96577944549524
      vertex 0 137 34
    endloop
  endfacet
  facet normal 0 0 -1
    outer loop
      vertex 1.380602337443566 7.913417161825449 34
      vertex 0 137 34
      vertex 1.6698729810778072 8.5 34
    endloop
  endfacet
  facet normal 0 0 -1
    outer loop
      vertex 1.6698729810778072 8.5 34
      vertex 0 137 34
      vertex 2.0332332985438244 9.043807145043603 34
    endloop
  endfacet
  facet normal 0 0 -1
    outer loop
      vertex 2.0332332985438244 9.043807145043603 34
      vertex 0 137 34
      vertex 2.4644660940672622 9.535533905932738 34
    endloop
  endfacet
  facet normal 0 0 -1
    outer loop
      vertex 2.4644660940672622 9.535533905932738 34
      vertex 0 137 34
      vertex 2.956192854956397 9.966766701456176 34
    endloop
  endfacet
  facet normal 0 0 -1
    outer loop
      vertex 2.956192854956397 9.966766701456176 34
      vertex 0 137 34
      vertex 3.5 10.330127018922193 34
    endloop
  endfacet
  facet normal 0 0 -1
    outer loop
      vertex 3.5 10.330127018922193 34
      vertex 0 137 34
      vertex 4.086582838174551 10.619397662556434 34
    endloop
  endfacet
  facet normal 0 0 -1
    outer loop
      vertex 4.086582838174551 10.619397662556434 34
      vertex 0 137 34
      vertex 4.705904774487396 10.82962913144534 34
    endloop
  endfacet
  facet normal 0 0 -1
    outer loop
      vertex 4.705904774487396 10.82962913144534 34
      vertex 0 137 34
      vertex 5.347369038899743 10.957224306869051 34
    endloop
  endfacet
  facet normal 0 0 -1
    outer loop
      vertex 6.652630961100257 10.957224306869051 34
      vertex 0 137 34
      vertex 7.294095225512604 10.82962913144534 34
    endloop
  endfacet
  facet normal 0 0 -1
    outer loop
      vertex 7.913417161825449 10.619397662556434 34
      vertex 7.294095225512604 10.82962913144534 34
      vertex 0 137 34
    endloop
  endfacet
  facet normal 0 0 -1
    outer loop
      vertex 7.913417161825449 10.619397662556434 34
      vertex 0 137 34
      vertex 8.5 10.330127018922193 34
    endloop
  endfacet
  facet normal 0 0 -1
    outer loop
      vertex 5.347369038899743 10.957224306869051 34
      vertex 0 137 34
      vertex 6 11 34
    endloop
  endfacet
  facet normal 0 0 -1
    outer loop
      vertex 6 11 34
      vertex 0 137 34
      vertex 6.652630961100257 10.957224306869051 34
    endloop
  endfacet
  facet normal 0 0 -1
    outer loop
      vertex 8.5 10.330127018922193 34
      vertex 0 137 34
      vertex 9.043807145043603 9.966766701456176 34
    endloop
  endfacet
  facet normal 0 0 -1
    outer loop
      vertex 9.535533905932738 9.535533905932738 34
      vertex 9.043807145043603 9.966766701456176 34
      vertex 0 137 34
    endloop
  endfacet
  facet normal 0 0 -1
    outer loop
      vertex 9.535533905932738 9.535533905932738 34
      vertex 0 137 34
      vertex 9.966766701456176 9.043807145043603 34
    endloop
  endfacet
  facet normal 0 0 -1
    outer loop
      vertex 10.330127018922193 8.5 34
      vertex 0 137 34
      vertex 10.619397662556434 7.913417161825449 34
    endloop
  endfacet
  facet normal 0 0 -1
    outer loop
      vertex 10.330127018922193 8.5 34
      vertex 9.966766701456176 9.043807145043603 34
      vertex 0 137 34
    endloop
  endfacet
  facet normal 0 0 -1
    outer loop
      vertex 10.619397662556434 7.913417161825449 34
      vertex 36 48.5 34
      vertex 40 48.5 34
    endloop
  endfacet
  facet normal 0 0 -1
    outer loop
      vertex 10.619397662556434 7.913417161825449 34
      vertex 3.5 126.6698729810778 34
      vertex 36 48.5 34
    endloop
  endfacet
  facet normal 0 0 -1
    outer loop
      vertex 0 0 34
      vertex 6 1 34
      vertex 124 0 34
    endloop
  endfacet
  facet normal 0 0 -1
    outer loop
      vertex 6 1 34
      vertex 6.652630961100257 1.042775693130948 34
      vertex 124 0 34
    endloop
  endfacet
  facet normal 0 0 -1
    outer loop
      vertex 6.652630961100257 1.042775693130948 34
      vertex 7.294095225512604 1.1703708685546585 34
      vertex 124 0 34
    endloop
  endfacet
  facet normal 0 0 -1
    outer loop
      vertex 7.294095225512604 1.1703708685546585 34
      vertex 7.913417161825449 1.380602337443566 34
      vertex 124 0 34
    endloop
  endfacet
  facet normal 0 0 -1
    outer loop
      vertex 7.913417161825449 1.380602337443566 34
      vertex 8.5 1.6698729810778072 34
      vertex 124 0 34
    endloop
  endfacet
  facet normal 0 0 -1
    outer loop
      vertex 8.5 1.6698729810778072 34
      vertex 9.043807145043603 2.0332332985438244 34
      vertex 124 0 34
    endloop
  endfacet
  facet normal 0 0 -1
    outer loop
      vertex 9.043807145043603 2.0332332985438244 34
      vertex 9.535533905932738 2.4644660940672622 34
      vertex 124 0 34
    endloop
  endfacet
  facet normal 0 0 -1
    outer loop
      vertex 9.535533905932738 2.4644660940672622 34
      vertex 9.966766701456176 2.956192854956397 34
      vertex 124 0 34
    endloop
  endfacet
  facet normal 0 0 -1
    outer loop
      vertex 9.966766701456176 2.956192854956397 34
      vertex 10.330127018922193 3.5 34
      vertex 124 0 34
    endloop
  endfacet
  facet normal 0 0 -1
    outer loop
      vertex 10.330127018922193 3.5 34
      vertex 10.619397662556434 4.086582838174551 34
      vertex 124 0 34
    endloop
  endfacet
  facet normal 0 0 -1
    outer loop
      vertex 10.619397662556434 4.086582838174551 34
      vertex 10.82962913144534 4.705904774487396 34
      vertex 124 0 34
    endloop
  endfacet
  facet normal 0 0 -1
    outer loop
      vertex 10.82962913144534 4.705904774487396 34
      vertex 10.957224306869051 5.347369038899743 34
      vertex 124 0 34
    endloop
  endfacet
  facet normal 0 0 -1
    outer loop
      vertex 10.957224306869051 5.347369038899743 34
      vertex 11 6 34
      vertex 124 0 34
    endloop
  endfacet
  facet normal 0 0 -1
    outer loop
      vertex 10.957224306869051 6.652630961100257 34
      vertex 10.82962913144534 7.294095225512604 34
      vertex 124 0 34
    endloop
  endfacet
  facet normal 0 0 -1
    outer loop
      vertex 11 6 34
      vertex 10.957224306869051 6.652630961100257 34
      vertex 124 0 34
    endloop
  endfacet
  facet normal 0 0 -1
    outer loop
      vertex 10.82962913144534 7.294095225512604 34
      vertex 10.619397662556434 7.913417161825449 34
      vertex 124 0 34
    endloop
  endfacet
  facet normal 0 0 -1
    outer loop
      vertex 10.619397662556434 7.913417161825449 34
      vertex 40 48.5 34
      vertex 48 48.5 34
    endloop
  endfacet
  facet normal 0 0 -1
    outer loop
      vertex 10.619397662556434 7.913417161825449 34
      vertex 48 48.5 34
      vertex 52 48.5 34
    endloop
  endfacet
  facet normal 0 0 -1
    outer loop
      vertex 10.619397662556434 7.913417161825449 34
      vertex 52 48.5 34
      vertex 60 48.5 34
    endloop
  endfacet
  facet normal 0 0 -1
    outer loop
      vertex 10.619397662556434 7.913417161825449 34
      vertex 60 48.5 34
      vertex 64 48.5 34
    endloop
  endfacet
  facet normal 0 0 -1
    outer loop
      vertex 40 48.5 34
      vertex 40 88.5 34
      vertex 48 48.5 34
    endloop
  endfacet
  facet normal 0 0 -1
    outer loop
      vertex 52 88.5 34
      vertex 60 48.5 34
      vertex 52 48.5 34
    endloop
  endfacet
  facet normal 1 0 0
    outer loop
      vertex 0 90.80983328623907 12
      vertex 0 63.6 16
      vertex 0 63.0778952311198 16.03422055450476
    endloop
  endfacet
  facet normal 1 0 0
    outer loop
      vertex 0 90.80983328623907 12
      vertex 0 64.1221047688802 16.03422055450476
      vertex 0 63.6 16
    endloop
  endfacet
  facet normal 1 0 0
    outer loop
      vertex 0 90.80983328623907 12
      vertex 0 64.63527618041009 16.136296694843725
      vertex 0 64.1221047688802 16.03422055450476
    endloop
  endfacet
  facet normal 1 0 0
    outer loop
      vertex 0 90.80983328623907 12
      vertex 0 65.13073372946036 16.304481869954852
      vertex 0 64.63527618041009 16.136296694843725
    endloop
  endfacet
  facet normal 1 0 0
    outer loop
      vertex 0 90.80983328623907 12
      vertex 0 65.6 16.535898384862247
      vertex 0 65.13073372946036 16.304481869954852
    endloop
  endfacet
  facet normal 1 0 0
    outer loop
      vertex 0 90.80983328623907 12
      vertex 0 66.03504571603489 16.82658663883506
      vertex 0 65.6 16.535898384862247
    endloop
  endfacet
  facet normal 1 0 0
    outer loop
      vertex 0 90.80983328623907 12
      vertex 0 66.4284271247462 17.17157287525381
      vertex 0 66.03504571603489 16.82658663883506
    endloop
  endfacet
  facet normal 1 0 0
    outer loop
      vertex 0 90.80983328623907 12
      vertex 0 66.77341336116494 17.56495428396512
      vertex 0 66.4284271247462 17.17157287525381
    endloop
  endfacet
  facet normal 1 0 0
    outer loop
      vertex 0 90.80983328623907 12
      vertex 0 67.06410161513776 18
      vertex 0 66.77341336116494 17.56495428396512
    endloop
  endfacet
  facet normal 1 0 0
    outer loop
      vertex 0 90.80983328623907 12
      vertex 0 67.29551813004515 18.46926627053964
      vertex 0 67.06410161513776 18
    endloop
  endfacet
  facet normal 1 0 0
    outer loop
      vertex 0 137 34
      vertex 0 67.46370330515627 18.964723819589917
      vertex 0 67.29551813004515 18.46926627053964
    endloop
  endfacet
  facet normal 1 0 0
    outer loop
      vertex 0 137 34
      vertex 0 67.56577944549524 19.477895231119795
      vertex 0 67.46370330515627 18.964723819589917
    endloop
  endfacet
  facet normal 1 0 0
    outer loop
      vertex 0 137 34
      vertex 0 67.29551813004515 18.46926627053964
      vertex 0 90.80983328623907 12
    endloop
  endfacet
  facet normal 0 -1 0
    outer loop
      vertex 43.7 137 17.4
      vertex 0 137 12
      vertex 5.823962264150943 137 12
    endloop
  endfacet
  facet normal 0 -1 0
    outer loop
      vertex 43.7 137 17.4
      vertex 5.823962264150943 137 12
      vertex 31.827187499999994 137 12
    endloop
  endfacet
  facet normal 1 0 0
    outer loop
      vertex 0 137 34
      vertex 0 90.80983328623907 12
      vertex 0 132.03289619915537 12
    endloop
  endfacet
  facet normal 1 0 0
    outer loop
      vertex 0 137 34
      vertex 0 132.03289619915537 12
      vertex 0 137 12
    endloop
  endfacet
  facet normal 0 -1 0
    outer loop
      vertex 43.7 137 17.4
      vertex 31.827187499999994 137 12
      vertex 43.7 137 12
    endloop
  endfacet
  facet normal 0 -1 0
    outer loop
      vertex 43.7 137 17.4
      vertex 124 137 34
      vertex 0 137 12
    endloop
  endfacet
  facet normal 1 0 0
    outer loop
      vertex 0 137 34
      vertex 0 67.46370330515627 21.035276180410083
      vertex 0 67.56577944549524 20.522104768880205
    endloop
  endfacet
  facet normal 1 0 0
    outer loop
      vertex 0 137 34
      vertex 0 67.29551813004515 21.53073372946036
      vertex 0 67.46370330515627 21.035276180410083
    endloop
  endfacet
  facet normal 1 0 0
    outer loop
      vertex 0 137 34
      vertex 0 67.6 20
      vertex 0 67.56577944549524 19.477895231119795
    endloop
  endfacet
  facet normal 1 0 0
    outer loop
      vertex 0 137 34
      vertex 0 67.56577944549524 20.522104768880205
      vertex 0 67.6 20
    endloop
  endfacet
  facet normal 1 0 0
    outer loop
      vertex 0 137 34
      vertex 0 67.06410161513776 22
      vertex 0 67.29551813004515 21.53073372946036
    endloop
  endfacet
  facet normal 1 0 0
    outer loop
      vertex 0 137 34
      vertex 0 66.77341336116494 22.43504571603488
      vertex 0 67.06410161513776 22
    endloop
  endfacet
  facet normal 1 0 0
    outer loop
      vertex 0 137 34
      vertex 0 66.4284271247462 22.82842712474619
      vertex 0 66.77341336116494 22.43504571603488
    endloop
  endfacet
  facet normal 1 0 0
    outer loop
      vertex 0 137 34
      vertex 0 65.6 23.464101615137753
      vertex 0 66.03504571603489 23.17341336116494
    endloop
  endfacet
  facet normal 1 0 0
    outer loop
      vertex 0 137 34
      vertex 0 66.03504571603489 23.17341336116494
      vertex 0 66.4284271247462 22.82842712474619
    endloop
  endfacet
  facet normal 1 0 0
    outer loop
      vertex 0 137 34
      vertex 0 65.13073372946036 23.695518130045148
      vertex 0 65.6 23.464101615137753
    endloop
  endfacet
  facet normal 1 0 0
    outer loop
      vertex 0 137 34
      vertex 0 64.63527618041009 23.863703305156275
      vertex 0 65.13073372946036 23.695518130045148
    endloop
  endfacet
  facet normal 1 0 0
    outer loop
      vertex 0 137 34
      vertex 0 64.1221047688802 23.96577944549524
      vertex 0 64.63527618041009 23.863703305156275
    endloop
  endfacet
  facet normal 1 0 0
    outer loop
      vertex 0 137 34
      vertex 0 63.0778952311198 23.96577944549524
      vertex 0 63.6 24
    endloop
  endfacet
  facet normal 1 0 0
    outer loop
      vertex 0 137 34
      vertex 0 63.6 24
      vertex 0 64.1221047688802 23.96577944549524
    endloop
  endfacet
  facet normal 0 0 -1
    outer loop
      vertex 10.619397662556434 7.913417161825449 34
      vertex 2.0332332985438244 127.9561928549564 34
      vertex 2.4644660940672622 127.46446609406726 34
    endloop
  endfacet
  facet normal 0 0 -1
    outer loop
      vertex 10.619397662556434 7.913417161825449 34
      vertex 1.6698729810778072 128.5 34
      vertex 2.0332332985438244 127.9561928549564 34
    endloop
  endfacet
  facet normal 0 0 -1
    outer loop
      vertex 10.619397662556434 7.913417161825449 34
      vertex 2.4644660940672622 127.46446609406726 34
      vertex 2.956192854956397 127.03323329854382 34
    endloop
  endfacet
  facet normal 0 0 -1
    outer loop
      vertex 10.619397662556434 7.913417161825449 34
      vertex 1.1703708685546585 129.7059047744874 34
      vertex 1.380602337443566 129.08658283817456 34
    endloop
  endfacet
  facet normal 0 0 -1
    outer loop
      vertex 10.619397662556434 7.913417161825449 34
      vertex 1.042775693130948 130.34736903889973 34
      vertex 1.1703708685546585 129.7059047744874 34
    endloop
  endfacet
  facet normal 0 0 -1
    outer loop
      vertex 10.619397662556434 7.913417161825449 34
      vertex 1.380602337443566 129.08658283817456 34
      vertex 1.6698729810778072 128.5 34
    endloop
  endfacet
  facet normal 0 0 -1
    outer loop
      vertex 10.619397662556434 7.913417161825449 34
      vertex 0 137 34
      vertex 1.042775693130948 130.34736903889973 34
    endloop
  endfacet
  facet normal 0 0 -1
    outer loop
      vertex 10.619397662556434 7.913417161825449 34
      vertex 2.956192854956397 127.03323329854382 34
      vertex 3.5 126.6698729810778 34
    endloop
  endfacet
  facet normal 0 0 -1
    outer loop
      vertex 3.5 126.6698729810778 34
      vertex 36 88.5 34
      vertex 36 48.5 34
    endloop
  endfacet
  facet normal 0 0 -1
    outer loop
      vertex 6.652630961100257 126.04277569313095 34
      vertex 40 88.5 34
      vertex 36 88.5 34
    endloop
  endfacet
  facet normal 0 0 -1
    outer loop
      vertex 4.357926095308584 130.5600076233257 34
      vertex 4.797918471982869 129.79791847198288 34
      vertex 4.429404794730813 130.34943816497935 34
    endloop
  endfacet
  facet normal 0 0 -1
    outer loop
      vertex 4.527756813566454 130.15 34
      vertex 4.797918471982869 129.79791847198288 34
      vertex 4.651299321504901 129.96510557068518 34
    endloop
  endfacet
  facet normal 0 0 -1
    outer loop
      vertex 4.357926095308584 130.5600076233257 34
      vertex 4.965105570685175 129.6512993215049 34
      vertex 4.797918471982869 129.79791847198288 34
    endloop
  endfacet
  facet normal 0 0 -1
    outer loop
      vertex 4.357926095308584 130.5600076233257 34
      vertex 5.15 129.52775681356644 34
      vertex 4.965105570685175 129.6512993215049 34
    endloop
  endfacet
  facet normal 0 0 -1
    outer loop
      vertex 5.349438164979348 129.4294047947308 34
      vertex 5.15 129.52775681356644 34
      vertex 4.3 131 34
    endloop
  endfacet
  facet normal 0 0 -1
    outer loop
      vertex 4.527756813566454 130.15 34
      vertex 4.429404794730813 130.34943816497935 34
      vertex 4.797918471982869 129.79791847198288 34
    endloop
  endfacet
  facet normal 0 0 -1
    outer loop
      vertex 4.357926095308584 130.5600076233257 34
      vertex 4.314543735664523 130.7781054732259 34
      vertex 5.15 129.52775681356644 34
    endloop
  endfacet
  facet normal 0 0 -1
    outer loop
      vertex 5.15 129.52775681356644 34
      vertex 4.314543735664523 130.7781054732259 34
      vertex 4.3 131 34
    endloop
  endfacet
  facet normal 0 0 -1
    outer loop
      vertex 5.560007623325715 129.35792609530858 34
      vertex 4.3 131 34
      vertex 4.314543735664523 131.2218945267741 34
    endloop
  endfacet
  facet normal 0 0 -1
    outer loop
      vertex 5.349438164979348 129.4294047947308 34
      vertex 4.3 131 34
      vertex 5.560007623325715 129.35792609530858 34
    endloop
  endfacet
  facet normal 0 0 -1
    outer loop
      vertex 5.560007623325715 129.35792609530858 34
      vertex 4.314543735664523 131.2218945267741 34
      vertex 5.778105473225913 129.31454373566453 34
    endloop
  endfacet
  facet normal 0 0 -1
    outer loop
      vertex 4.357926095308584 131.4399923766743 34
      vertex 6 129.3 34
      vertex 5.778105473225913 129.31454373566453 34
    endloop
  endfacet
  facet normal 0 0 -1
    outer loop
      vertex 4.429404794730813 131.65056183502065 34
      vertex 6.221894526774087 129.31454373566453 34
      vertex 6 129.3 34
    endloop
  endfacet
  facet normal 0 0 -1
    outer loop
      vertex 1.042775693130948 130.34736903889973 34
      vertex 0 137 34
      vertex 1 131 34
    endloop
  endfacet
  facet normal 0 0 -1
    outer loop
      vertex 1 131 34
      vertex 0 137 34
      vertex 1.042775693130948 131.65263096110027 34
    endloop
  endfacet
  facet normal 0 0 -1
    outer loop
      vertex 1.042775693130948 131.65263096110027 34
      vertex 0 137 34
      vertex 1.1703708685546585 132.2940952255126 34
    endloop
  endfacet
  facet normal 0 0 -1
    outer loop
      vertex 1.1703708685546585 132.2940952255126 34
      vertex 0 137 34
      vertex 1.380602337443566 132.91341716182544 34
    endloop
  endfacet
  facet normal 0 0 -1
    outer loop
      vertex 1.380602337443566 132.91341716182544 34
      vertex 0 137 34
      vertex 1.6698729810778072 133.5 34
    endloop
  endfacet
  facet normal 0 0 -1
    outer loop
      vertex 0 137 34
      vertex 2.0332332985438244 134.04380714504362 34
      vertex 1.6698729810778072 133.5 34
    endloop
  endfacet
  facet normal 0 0 -1
    outer loop
      vertex 0 137 34
      vertex 2.4644660940672622 134.53553390593274 34
      vertex 2.0332332985438244 134.04380714504362 34
    endloop
  endfacet
  facet normal 0 0 -1
    outer loop
      vertex 4.314543735664523 131.2218945267741 34
      vertex 4.357926095308584 131.4399923766743 34
      vertex 5.778105473225913 129.31454373566453 34
    endloop
  endfacet
  facet normal 0 0 -1
    outer loop
      vertex 4.357926095308584 131.4399923766743 34
      vertex 4.429404794730813 131.65056183502065 34
      vertex 6 129.3 34
    endloop
  endfacet
  facet normal 0 0 -1
    outer loop
      vertex 4.429404794730813 131.65056183502065 34
      vertex 4.527756813566454 131.85 34
      vertex 6.221894526774087 129.31454373566453 34
    endloop
  endfacet
  facet normal 0 0 -1
    outer loop
      vertex 4.527756813566454 131.85 34
      vertex 4.651299321504901 132.03489442931482 34
      vertex 6.85 129.52775681356644 34
    endloop
  endfacet
  facet normal 0 0 -1
    outer loop
      vertex 4.651299321504901 132.03489442931482 34
      vertex 4.797918471982869 132.20208152801712 34
      vertex 6.85 129.52775681356644 34
    endloop
  endfacet
  facet normal 0 0 -1
    outer loop
      vertex 4.797918471982869 132.20208152801712 34
      vertex 4.965105570685175 132.3487006784951 34
      vertex 6.85 129.52775681356644 34
    endloop
  endfacet
  facet normal 0 0 -1
    outer loop
      vertex 0 137 34
      vertex 2.956192854956397 134.96676670145618 34
      vertex 2.4644660940672622 134.53553390593274 34
    endloop
  endfacet
  facet normal 0 0 -1
    outer loop
      vertex 0 137 34
      vertex 3.5 135.33012701892218 34
      vertex 2.956192854956397 134.96676670145618 34
    endloop
  endfacet
  facet normal 0 0 -1
    outer loop
      vertex 0 137 34
      vertex 4.086582838174551 135.61939766255642 34
      vertex 3.5 135.33012701892218 34
    endloop
  endfacet
  facet normal 0 0 -1
    outer loop
      vertex 0 137 34
      vertex 4.705904774487396 135.82962913144533 34
      vertex 4.086582838174551 135.61939766255642 34
    endloop
  endfacet
  facet normal 0 0 -1
    outer loop
      vertex 0 137 34
      vertex 5.347369038899743 135.95722430686905 34
      vertex 4.705904774487396 135.82962913144533 34
    endloop
  endfacet
  facet normal 0 0 -1
    outer loop
      vertex 0 137 34
      vertex 6 136 34
      vertex 5.347369038899743 135.95722430686905 34
    endloop
  endfacet
  facet normal 0 0 -1
    outer loop
      vertex 4.527756813566454 131.85 34
      vertex 6.439992376674285 129.35792609530858 34
      vertex 6.221894526774087 129.31454373566453 34
    endloop
  endfacet
  facet normal 0 0 -1
    outer loop
      vertex 4.527756813566454 131.85 34
      vertex 6.650561835020652 129.4294047947308 34
      vertex 6.439992376674285 129.35792609530858 34
    endloop
  endfacet
  facet normal 0 0 -1
    outer loop
      vertex 4.527756813566454 131.85 34
      vertex 6.85 129.52775681356644 34
      vertex 6.650561835020652 129.4294047947308 34
    endloop
  endfacet
  facet normal 0 0 -1
    outer loop
      vertex 4.965105570685175 132.3487006784951 34
      vertex 5.15 132.47224318643356 34
      vertex 6.85 129.52775681356644 34
    endloop
  endfacet
  facet normal 0 0 -1
    outer loop
      vertex 5.15 132.47224318643356 34
      vertex 5.349438164979348 132.5705952052692 34
      vertex 6.85 129.52775681356644 34
    endloop
  endfacet
  facet normal 0 0 -1
    outer loop
      vertex 5.349438164979348 132.5705952052692 34
      vertex 5.560007623325715 132.64207390469142 34
      vertex 6.85 129.52775681356644 34
    endloop
  endfacet
  facet normal 0 0 -1
    outer loop
      vertex 5.560007623325715 132.64207390469142 34
      vertex 5.778105473225913 132.68545626433547 34
      vertex 6.85 129.52775681356644 34
    endloop
  endfacet
  facet normal 0 0 -1
    outer loop
      vertex 6.85 129.52775681356644 34
      vertex 5.778105473225913 132.68545626433547 34
      vertex 6 132.7 34
    endloop
  endfacet
  facet normal 0 0 -1
    outer loop
      vertex 7.202081528017131 129.79791847198288 34
      vertex 6 132.7 34
      vertex 6.221894526774087 132.68545626433547 34
    endloop
  endfacet
  facet normal 0 0 -1
    outer loop
      vertex 6.85 129.52775681356644 34
      vertex 6 132.7 34
      vertex 7.034894429314825 129.6512993215049 34
    endloop
  endfacet
  facet normal 0 0 -1
    outer loop
      vertex 7.034894429314825 129.6512993215049 34
      vertex 6 132.7 34
      vertex 7.202081528017131 129.79791847198288 34
    endloop
  endfacet
  facet normal 0 0 -1
    outer loop
      vertex 7.202081528017131 129.79791847198288 34
      vertex 6.439992376674285 132.64207390469142 34
      vertex 7.348700678495099 129.96510557068518 34
    endloop
  endfacet
  facet normal 0 0 -1
    outer loop
      vertex 7.202081528017131 129.79791847198288 34
      vertex 6.221894526774087 132.68545626433547 34
      vertex 6.439992376674285 132.64207390469142 34
    endloop
  endfacet
  facet normal 0 0 -1
    outer loop
      vertex 7.348700678495099 129.96510557068518 34
      vertex 6.439992376674285 132.64207390469142 34
      vertex 7.472243186433546 130.15 34
    endloop
  endfacet
  facet normal 0 0 -1
    outer loop
      vertex 7.472243186433546 130.15 34
      vertex 6.439992376674285 132.64207390469142 34
      vertex 7.570595205269187 130.34943816497935 34
    endloop
  endfacet
  facet normal 0 0 -1
    outer loop
      vertex 7.570595205269187 130.34943816497935 34
      vertex 6.439992376674285 132.64207390469142 34
      vertex 7.642073904691416 130.5600076233257 34
    endloop
  endfacet
  facet normal 0 0 -1
    outer loop
      vertex 7.642073904691416 130.5600076233257 34
      vertex 6.439992376674285 132.64207390469142 34
      vertex 7.685456264335477 130.7781054732259 34
    endloop
  endfacet
  facet normal 0 0 -1
    outer loop
      vertex 6.439992376674285 132.64207390469142 34
      vertex 7.7 131 34
      vertex 7.685456264335477 130.7781054732259 34
    endloop
  endfacet
  facet normal 0 0 -1
    outer loop
      vertex 6.85 132.47224318643356 34
      vertex 7.685456264335477 131.2218945267741 34
      vertex 7.7 131 34
    endloop
  endfacet
  facet normal 0 0 -1
    outer loop
      vertex 6.85 132.47224318643356 34
      vertex 7.642073904691416 131.4399923766743 34
      vertex 7.685456264335477 131.2218945267741 34
    endloop
  endfacet
  facet normal 0 0 -1
    outer loop
      vertex 6.439992376674285 132.64207390469142 34
      vertex 6.650561835020652 132.5705952052692 34
      vertex 7.7 131 34
    endloop
  endfacet
  facet normal 0 0 -1
    outer loop
      vertex 6.650561835020652 132.5705952052692 34
      vertex 6.85 132.47224318643356 34
      vertex 7.7 131 34
    endloop
  endfacet
  facet normal 0 0 -1
    outer loop
      vertex 7.034894429314825 132.3487006784951 34
      vertex 7.202081528017131 132.20208152801712 34
      vertex 7.642073904691416 131.4399923766743 34
    endloop
  endfacet
  facet normal 0 0 -1
    outer loop
      vertex 6.85 132.47224318643356 34
      vertex 7.034894429314825 132.3487006784951 34
      vertex 7.642073904691416 131.4399923766743 34
    endloop
  endfacet
  facet normal 0 0 -1
    outer loop
      vertex 7.570595205269187 131.65056183502065 34
      vertex 7.202081528017131 132.20208152801712 34
      vertex 7.472243186433546 131.85 34
    endloop
  endfacet
  facet normal 0 0 -1
    outer loop
      vertex 7.570595205269187 131.65056183502065 34
      vertex 7.642073904691416 131.4399923766743 34
      vertex 7.202081528017131 132.20208152801712 34
    endloop
  endfacet
  facet normal 0 0 -1
    outer loop
      vertex 7.202081528017131 132.20208152801712 34
      vertex 7.348700678495099 132.03489442931482 34
      vertex 7.472243186433546 131.85 34
    endloop
  endfacet
  facet normal 0 0 -1
    outer loop
      vertex 3.5 126.6698729810778 34
      vertex 4.086582838174551 126.38060233744356 34
      vertex 36 88.5 34
    endloop
  endfacet
  facet normal 0 0 -1
    outer loop
      vertex 4.705904774487396 126.17037086855466 34
      vertex 36 88.5 34
      vertex 4.086582838174551 126.38060233744356 34
    endloop
  endfacet
  facet normal 0 0 -1
    outer loop
      vertex 4.705904774487396 126.17037086855466 34
      vertex 5.347369038899743 126.04277569313095 34
      vertex 36 88.5 34
    endloop
  endfacet
  facet normal 0 0 -1
    outer loop
      vertex 5.347369038899743 126.04277569313095 34
      vertex 6 126 34
      vertex 36 88.5 34
    endloop
  endfacet
  facet normal 0 0 -1
    outer loop
      vertex 6 126 34
      vertex 6.652630961100257 126.04277569313095 34
      vertex 36 88.5 34
    endloop
  endfacet
  facet normal 0 0 -1
    outer loop
      vertex 6.652630961100257 126.04277569313095 34
      vertex 7.294095225512604 126.17037086855466 34
      vertex 48 88.5 34
    endloop
  endfacet
  facet normal 0 0 -1
    outer loop
      vertex 7.294095225512604 126.17037086855466 34
      vertex 7.913417161825449 126.38060233744356 34
      vertex 48 88.5 34
    endloop
  endfacet
  facet normal 0 0 -1
    outer loop
      vertex 7.913417161825449 126.38060233744356 34
      vertex 8.5 126.6698729810778 34
      vertex 48 88.5 34
    endloop
  endfacet
  facet normal 0 0 -1
    outer loop
      vertex 8.5 126.6698729810778 34
      vertex 9.043807145043603 127.03323329854382 34
      vertex 48 88.5 34
    endloop
  endfacet
  facet normal 0 0 -1
    outer loop
      vertex 9.043807145043603 127.03323329854382 34
      vertex 9.535533905932738 127.46446609406726 34
      vertex 48 88.5 34
    endloop
  endfacet
  facet normal 0 0 -1
    outer loop
      vertex 9.535533905932738 127.46446609406726 34
      vertex 9.966766701456176 127.9561928549564 34
      vertex 48 88.5 34
    endloop
  endfacet
  facet normal 0 0 -1
    outer loop
      vertex 9.966766701456176 127.9561928549564 34
      vertex 10.330127018922193 128.5 34
      vertex 48 88.5 34
    endloop
  endfacet
  facet normal 0 0 -1
    outer loop
      vertex 10.330127018922193 128.5 34
      vertex 10.619397662556434 129.08658283817456 34
      vertex 48 88.5 34
    endloop
  endfacet
  facet normal 0 0 -1
    outer loop
      vertex 48 88.5 34
      vertex 48 48.5 34
      vertex 40 88.5 34
    endloop
  endfacet
  facet normal 0 0 -1
    outer loop
      vertex 6.652630961100257 126.04277569313095 34
      vertex 48 88.5 34
      vertex 40 88.5 34
    endloop
  endfacet
  facet normal 0 0 -1
    outer loop
      vertex 52 88.5 34
      vertex 60 88.5 34
      vertex 60 48.5 34
    endloop
  endfacet
  facet normal 0 -1 0
    outer loop
      vertex 0 137 34
      vertex 0 137 12
      vertex 124 137 34
    endloop
  endfacet
  facet normal 0 0 -1
    outer loop
      vertex 10.619397662556434 129.08658283817456 34
      vertex 10.82962913144534 129.7059047744874 34
      vertex 113.17037086855466 129.7059047744874 34
    endloop
  endfacet
  facet normal 0 0 -1
    outer loop
      vertex 10.82962913144534 129.7059047744874 34
      vertex 10.957224306869051 130.34736903889973 34
      vertex 113.17037086855466 129.7059047744874 34
    endloop
  endfacet
  facet normal 0 0 -1
    outer loop
      vertex 10.957224306869051 130.34736903889973 34
      vertex 11 131 34
      vertex 113 131 34
    endloop
  endfacet
  facet normal 0 0 -1
    outer loop
      vertex 11 131 34
      vertex 10.957224306869051 131.65263096110027 34
      vertex 113.04277569313095 131.65263096110027 34
    endloop
  endfacet
  facet normal 0 0 -1
    outer loop
      vertex 10.957224306869051 131.65263096110027 34
      vertex 10.82962913144534 132.2940952255126 34
      vertex 113.17037086855466 132.2940952255126 34
    endloop
  endfacet
  facet normal 0 0 -1
    outer loop
      vertex 10.82962913144534 132.2940952255126 34
      vertex 10.619397662556434 132.91341716182544 34
      vertex 113.38060233744356 132.91341716182544 34
    endloop
  endfacet
  facet normal 0 0 -1
    outer loop
      vertex 10.330127018922193 133.5 34
      vertex 9.966766701456176 134.04380714504362 34
      vertex 113.6698729810778 133.5 34
    endloop
  endfacet
  facet normal 0 0 -1
    outer loop
      vertex 9.043807145043603 134.96676670145618 34
      vertex 114.46446609406726 134.53553390593274 34
      vertex 9.535533905932738 134.53553390593274 34
    endloop
  endfacet
  facet normal 0 0 -1
    outer loop
      vertex 9.535533905932738 134.53553390593274 34
      vertex 114.03323329854382 134.04380714504362 34
      vertex 9.966766701456176 134.04380714504362 34
    endloop
  endfacet
  facet normal 0 0 -1
    outer loop
      vertex 10.330127018922193 133.5 34
      vertex 113.6698729810778 133.5 34
      vertex 10.619397662556434 132.91341716182544 34
    endloop
  endfacet
  facet normal 0 0 -1
    outer loop
      vertex 0 137 34
      vertex 124 137 34
      vertex 6 136 34
    endloop
  endfacet
  facet normal 0 0 -1
    outer loop
      vertex 9.043807145043603 134.96676670145618 34
      vertex 8.5 135.33012701892218 34
      vertex 115.5 135.33012701892218 34
    endloop
  endfacet
  facet normal 0 0 -1
    outer loop
      vertex 7.913417161825449 135.61939766255642 34
      vertex 116.08658283817455 135.61939766255642 34
      vertex 8.5 135.33012701892218 34
    endloop
  endfacet
  facet normal 0 0 -1
    outer loop
      vertex 7.294095225512604 135.82962913144533 34
      vertex 116.7059047744874 135.82962913144533 34
      vertex 7.913417161825449 135.61939766255642 34
    endloop
  endfacet
  facet normal 0 0 -1
    outer loop
      vertex 6 136 34
      vertex 124 137 34
      vertex 6.652630961100257 135.95722430686905 34
    endloop
  endfacet
  facet normal 0 0 -1
    outer loop
      vertex 10.619397662556434 129.08658283817456 34
      vertex 113.38060233744356 129.08658283817456 34
      vertex 48 88.5 34
    endloop
  endfacet
  facet normal 0 0 -1
    outer loop
      vertex 6.652630961100257 135.95722430686905 34
      vertex 124 137 34
      vertex 7.294095225512604 135.82962913144533 34
    endloop
  endfacet
  facet normal 0 1 0
    outer loop
      vertex 0 0 34
      vertex 104.32702702702703 0 17.4
      vertex 91.7 0 17.4
    endloop
  endfacet
  facet normal 0 1 0
    outer loop
      vertex 118.3 0 17.4
      vertex 124 0 12
      vertex 118.3 0 12
    endloop
  endfacet
  facet normal -1 0 0
    outer loop
      vertex 124 36.5 17
      vertex 124 40.5 17
      vertex 124 0 12
    endloop
  endfacet
  facet normal -1 0 0
    outer loop
      vertex 124 40.5 17
      vertex 124 48.5 17
      vertex 124 0 12
    endloop
  endfacet
  facet normal 0 1 0
    outer loop
      vertex 118.3 0 17.4
      vertex 124 0 34
      vertex 124 0 12
    endloop
  endfacet
  facet normal -1 0 0
    outer loop
      vertex 124 0 34
      vertex 124 36.5 17
      vertex 124 0 12
    endloop
  endfacet
  facet normal 0 1 0
    outer loop
      vertex 104.32702702702703 0 17.4
      vertex 124 0 34
      vertex 118.3 0 17.4
    endloop
  endfacet
  facet normal -1 0 0
    outer loop
      vertex 124 52.5 17
      vertex 124 0 12
      vertex 124 48.5 17
    endloop
  endfacet
  facet normal -1 0 0
    outer loop
      vertex 124 52.5 17
      vertex 124 60.5 17
      vertex 124 0 12
    endloop
  endfacet
  facet normal -1 0 0
    outer loop
      vertex 124 64.5 17
      vertex 124 0 12
      vertex 124 60.5 17
    endloop
  endfacet
  facet normal -1 0 0
    outer loop
      vertex 124 64.5 17
      vertex 124 72.5 17
      vertex 124 0 12
    endloop
  endfacet
  facet normal -1 0 0
    outer loop
      vertex 124 0 12
      vertex 124 72.5 17
      vertex 124 76.5 17
    endloop
  endfacet
  facet normal -1 0 0
    outer loop
      vertex 124 0 12
      vertex 124 76.5 17
      vertex 124 84.5 17
    endloop
  endfacet
  facet normal -1 0 0
    outer loop
      vertex 124 0 12
      vertex 124 84.5 17
      vertex 124 88.5 17
    endloop
  endfacet
  facet normal -1 0 0
    outer loop
      vertex 124 0 12
      vertex 124 88.5 17
      vertex 124 96.5 17
    endloop
  endfacet
  facet normal -1 0 0
    outer loop
      vertex 124 0 12
      vertex 124 96.5 17
      vertex 124 100.5 17
    endloop
  endfacet
  facet normal -1 0 0
    outer loop
      vertex 124 40.5 17
      vertex 124 40.5 31
      vertex 124 48.5 17
    endloop
  endfacet
  facet normal -1 0 0
    outer loop
      vertex 124 52.5 17
      vertex 124 52.5 31
      vertex 124 60.5 17
    endloop
  endfacet
  facet normal -1 0 0
    outer loop
      vertex 124 64.5 17
      vertex 124 64.5 31
      vertex 124 72.5 17
    endloop
  endfacet
  facet normal 0 1 0
    outer loop
      vertex 0 0 34
      vertex 124 0 34
      vertex 104.32702702702703 0 17.4
    endloop
  endfacet
  facet normal 0 0 -1
    outer loop
      vertex 10.619397662556434 7.913417161825449 34
      vertex 64 48.5 34
      vertex 113.6698729810778 3.5 34
    endloop
  endfacet
  facet normal 0 0 -1
    outer loop
      vertex 10.619397662556434 7.913417161825449 34
      vertex 114.46446609406726 2.4644660940672622 34
      vertex 114.9561928549564 2.0332332985438244 34
    endloop
  endfacet
  facet normal 0 0 -1
    outer loop
      vertex 10.619397662556434 7.913417161825449 34
      vertex 113.6698729810778 3.5 34
      vertex 114.03323329854382 2.956192854956397 34
    endloop
  endfacet
  facet normal 0 0 -1
    outer loop
      vertex 10.619397662556434 7.913417161825449 34
      vertex 114.03323329854382 2.956192854956397 34
      vertex 114.46446609406726 2.4644660940672622 34
    endloop
  endfacet
  facet normal 0 0 -1
    outer loop
      vertex 10.619397662556434 7.913417161825449 34
      vertex 114.9561928549564 2.0332332985438244 34
      vertex 115.5 1.6698729810778072 34
    endloop
  endfacet
  facet normal 0 0 -1
    outer loop
      vertex 10.619397662556434 7.913417161825449 34
      vertex 116.08658283817455 1.380602337443566 34
      vertex 116.7059047744874 1.1703708685546585 34
    endloop
  endfacet
  facet normal 0 0 -1
    outer loop
      vertex 10.619397662556434 7.913417161825449 34
      vertex 115.5 1.6698729810778072 34
      vertex 116.08658283817455 1.380602337443566 34
    endloop
  endfacet
  facet normal 0 0 -1
    outer loop
      vertex 10.619397662556434 7.913417161825449 34
      vertex 116.7059047744874 1.1703708685546585 34
      vertex 117.34736903889974 1.042775693130948 34
    endloop
  endfacet
  facet normal 0 0 -1
    outer loop
      vertex 10.619397662556434 7.913417161825449 34
      vertex 117.34736903889974 1.042775693130948 34
      vertex 118 1 34
    endloop
  endfacet
  facet normal 0 0 -1
    outer loop
      vertex 10.619397662556434 7.913417161825449 34
      vertex 118 1 34
      vertex 124 0 34
    endloop
  endfacet
  facet normal 0 0 -1
    outer loop
      vertex 64 88.5 34
      vertex 72 48.5 34
      vertex 64 48.5 34
    endloop
  endfacet
  facet normal 0 0 -1
    outer loop
      vertex 113.6698729810778 3.5 34
      vertex 64 48.5 34
      vertex 72 48.5 34
    endloop
  endfacet
  facet normal 0 0 -1
    outer loop
      vertex 113.6698729810778 3.5 34
      vertex 72 48.5 34
      vertex 76 48.5 34
    endloop
  endfacet
  facet normal 0 0 -1
    outer loop
      vertex 116.08658283817455 10.619397662556434 34
      vertex 76 48.5 34
      vertex 84 48.5 34
    endloop
  endfacet
  facet normal 0 0 -1
    outer loop
      vertex 76 48.5 34
      vertex 76 88.5 34
      vertex 84 48.5 34
    endloop
  endfacet
  facet normal -1 0 0
    outer loop
      vertex 124 0 34
      vertex 124 36.5 31
      vertex 124 36.5 17
    endloop
  endfacet
  facet normal 0 0 -1
    outer loop
      vertex 113.17037086855466 4.705904774487396 34
      vertex 76 48.5 34
      vertex 113.04277569313095 5.347369038899743 34
    endloop
  endfacet
  facet normal 0 0 -1
    outer loop
      vertex 113.38060233744356 4.086582838174551 34
      vertex 113.6698729810778 3.5 34
      vertex 76 48.5 34
    endloop
  endfacet
  facet normal 0 0 -1
    outer loop
      vertex 113.38060233744356 4.086582838174551 34
      vertex 76 48.5 34
      vertex 113.17037086855466 4.705904774487396 34
    endloop
  endfacet
  facet normal 0 0 -1
    outer loop
      vertex 113.04277569313095 5.347369038899743 34
      vertex 76 48.5 34
      vertex 113 6 34
    endloop
  endfacet
  facet normal 0 0 -1
    outer loop
      vertex 113 6 34
      vertex 76 48.5 34
      vertex 113.04277569313095 6.652630961100257 34
    endloop
  endfacet
  facet normal 0 0 -1
    outer loop
      vertex 113.04277569313095 6.652630961100257 34
      vertex 76 48.5 34
      vertex 113.17037086855466 7.294095225512604 34
    endloop
  endfacet
  facet normal 0 0 -1
    outer loop
      vertex 113.17037086855466 7.294095225512604 34
      vertex 76 48.5 34
      vertex 113.38060233744356 7.913417161825449 34
    endloop
  endfacet
  facet normal 0 0 -1
    outer loop
      vertex 113.38060233744356 7.913417161825449 34
      vertex 76 48.5 34
      vertex 113.6698729810778 8.5 34
    endloop
  endfacet
  facet normal 0 0 -1
    outer loop
      vertex 113.6698729810778 8.5 34
      vertex 76 48.5 34
      vertex 114.03323329854382 9.043807145043603 34
    endloop
  endfacet
  facet normal 0 0 -1
    outer loop
      vertex 114.03323329854382 9.043807145043603 34
      vertex 76 48.5 34
      vertex 114.46446609406726 9.535533905932738 34
    endloop
  endfacet
  facet normal 0 0 -1
    outer loop
      vertex 114.46446609406726 9.535533905932738 34
      vertex 76 48.5 34
      vertex 114.9561928549564 9.966766701456176 34
    endloop
  endfacet
  facet normal 0 0 -1
    outer loop
      vertex 114.9561928549564 9.966766701456176 34
      vertex 76 48.5 34
      vertex 115.5 10.330127018922193 34
    endloop
  endfacet
  facet normal 0 0 -1
    outer loop
      vertex 115.5 10.330127018922193 34
      vertex 76 48.5 34
      vertex 116.08658283817455 10.619397662556434 34
    endloop
  endfacet
  facet normal 0 0 -1
    outer loop
      vertex 116.6512993215049 4.965105570685175 34
      vertex 116.52775681356646 5.15 34
      vertex 116.79791847198287 4.797918471982869 34
    endloop
  endfacet
  facet normal 0 0 -1
    outer loop
      vertex 116.52775681356646 5.15 34
      vertex 116.42940479473081 5.349438164979348 34
      vertex 116.96510557068518 4.651299321504901 34
    endloop
  endfacet
  facet normal 0 0 -1
    outer loop
      vertex 116.35792609530858 5.560007623325715 34
      vertex 116.96510557068518 4.651299321504901 34
      vertex 116.42940479473081 5.349438164979348 34
    endloop
  endfacet
  facet normal 0 0 -1
    outer loop
      vertex 116.52775681356646 5.15 34
      vertex 116.96510557068518 4.651299321504901 34
      vertex 116.79791847198287 4.797918471982869 34
    endloop
  endfacet
  facet normal 0 0 -1
    outer loop
      vertex 116.35792609530858 5.560007623325715 34
      vertex 117.15 4.527756813566454 34
      vertex 116.96510557068518 4.651299321504901 34
    endloop
  endfacet
  facet normal 0 0 -1
    outer loop
      vertex 116.31454373566453 5.778105473225913 34
      vertex 117.34943816497935 4.429404794730813 34
      vertex 117.15 4.527756813566454 34
    endloop
  endfacet
  facet normal 0 0 -1
    outer loop
      vertex 116.3 6 34
      vertex 117.56000762332572 4.357926095308584 34
      vertex 117.34943816497935 4.429404794730813 34
    endloop
  endfacet
  facet normal 0 0 -1
    outer loop
      vertex 116.31454373566453 6.221894526774087 34
      vertex 117.7781054732259 4.314543735664523 34
      vertex 117.56000762332572 4.357926095308584 34
    endloop
  endfacet
  facet normal 0 0 -1
    outer loop
      vertex 116.31454373566453 6.221894526774087 34
      vertex 118 4.3 34
      vertex 117.7781054732259 4.314543735664523 34
    endloop
  endfacet
  facet normal 0 0 -1
    outer loop
      vertex 116.31454373566453 5.778105473225913 34
      vertex 116.3 6 34
      vertex 117.34943816497935 4.429404794730813 34
    endloop
  endfacet
  facet normal 0 0 -1
    outer loop
      vertex 116.35792609530858 5.560007623325715 34
      vertex 116.31454373566453 5.778105473225913 34
      vertex 117.15 4.527756813566454 34
    endloop
  endfacet
  facet normal 0 0 -1
    outer loop
      vertex 116.3 6 34
      vertex 116.31454373566453 6.221894526774087 34
      vertex 117.56000762332572 4.357926095308584 34
    endloop
  endfacet
  facet normal 0 0 -1
    outer loop
      vertex 116.31454373566453 6.221894526774087 34
      vertex 116.35792609530858 6.439992376674285 34
      vertex 118 4.3 34
    endloop
  endfacet
  facet normal 0 0 -1
    outer loop
      vertex 118 4.3 34
      vertex 116.35792609530858 6.439992376674285 34
      vertex 116.42940479473081 6.650561835020652 34
    endloop
  endfacet
  facet normal 0 0 -1
    outer loop
      vertex 118 4.3 34
      vertex 116.42940479473081 6.650561835020652 34
      vertex 116.52775681356646 6.85 34
    endloop
  endfacet
  facet normal 0 0 -1
    outer loop
      vertex 118 4.3 34
      vertex 116.52775681356646 6.85 34
      vertex 116.6512993215049 7.034894429314825 34
    endloop
  endfacet
  facet normal 0 0 -1
    outer loop
      vertex 118 4.3 34
      vertex 116.6512993215049 7.034894429314825 34
      vertex 116.79791847198287 7.202081528017131 34
    endloop
  endfacet
  facet normal 0 0 -1
    outer loop
      vertex 118 4.3 34
      vertex 116.79791847198287 7.202081528017131 34
      vertex 116.96510557068518 7.348700678495099 34
    endloop
  endfacet
  facet normal 0 0 -1
    outer loop
      vertex 118 4.3 34
      vertex 116.96510557068518 7.348700678495099 34
      vertex 118.2218945267741 4.314543735664523 34
    endloop
  endfacet
  facet normal 0 0 -1
    outer loop
      vertex 118.2218945267741 4.314543735664523 34
      vertex 116.96510557068518 7.348700678495099 34
      vertex 118.43999237667428 4.357926095308584 34
    endloop
  endfacet
  facet normal 0 0 -1
    outer loop
      vertex 116.96510557068518 7.348700678495099 34
      vertex 118.65056183502065 4.429404794730813 34
      vertex 118.43999237667428 4.357926095308584 34
    endloop
  endfacet
  facet normal 0 0 -1
    outer loop
      vertex 116.96510557068518 7.348700678495099 34
      vertex 118.85 4.527756813566454 34
      vertex 118.65056183502065 4.429404794730813 34
    endloop
  endfacet
  facet normal 0 0 -1
    outer loop
      vertex 117.15 7.472243186433546 34
      vertex 119.03489442931482 4.651299321504901 34
      vertex 118.85 4.527756813566454 34
    endloop
  endfacet
  facet normal 0 0 -1
    outer loop
      vertex 116.96510557068518 7.348700678495099 34
      vertex 117.15 7.472243186433546 34
      vertex 118.85 4.527756813566454 34
    endloop
  endfacet
  facet normal 0 0 -1
    outer loop
      vertex 117.15 7.472243186433546 34
      vertex 117.34943816497935 7.570595205269187 34
      vertex 119.47224318643354 5.15 34
    endloop
  endfacet
  facet normal 0 0 -1
    outer loop
      vertex 117.34943816497935 7.570595205269187 34
      vertex 117.56000762332572 7.642073904691416 34
      vertex 119.57059520526919 5.349438164979348 34
    endloop
  endfacet
  facet normal 0 0 -1
    outer loop
      vertex 117.56000762332572 7.642073904691416 34
      vertex 117.7781054732259 7.685456264335477 34
      vertex 119.64207390469142 5.560007623325715 34
    endloop
  endfacet
  facet normal 0 0 -1
    outer loop
      vertex 118 1 34
      vertex 118.65263096110026 1.042775693130948 34
      vertex 124 0 34
    endloop
  endfacet
  facet normal 0 0 -1
    outer loop
      vertex 118.65263096110026 1.042775693130948 34
      vertex 119.2940952255126 1.1703708685546585 34
      vertex 124 0 34
    endloop
  endfacet
  facet normal 0 0 -1
    outer loop
      vertex 119.2940952255126 1.1703708685546585 34
      vertex 119.91341716182545 1.380602337443566 34
      vertex 124 0 34
    endloop
  endfacet
  facet normal 0 0 -1
    outer loop
      vertex 119.91341716182545 1.380602337443566 34
      vertex 120.5 1.6698729810778072 34
      vertex 124 0 34
    endloop
  endfacet
  facet normal 0 0 -1
    outer loop
      vertex 120.5 1.6698729810778072 34
      vertex 121.0438071450436 2.0332332985438244 34
      vertex 124 0 34
    endloop
  endfacet
  facet normal 0 0 -1
    outer loop
      vertex 121.0438071450436 2.0332332985438244 34
      vertex 121.53553390593274 2.4644660940672622 34
      vertex 124 0 34
    endloop
  endfacet
  facet normal 0 0 -1
    outer loop
      vertex 117.15 7.472243186433546 34
      vertex 119.20208152801713 4.797918471982869 34
      vertex 119.03489442931482 4.651299321504901 34
    endloop
  endfacet
  facet normal 0 0 -1
    outer loop
      vertex 117.15 7.472243186433546 34
      vertex 119.3487006784951 4.965105570685175 34
      vertex 119.20208152801713 4.797918471982869 34
    endloop
  endfacet
  facet normal 0 0 -1
    outer loop
      vertex 117.15 7.472243186433546 34
      vertex 119.47224318643354 5.15 34
      vertex 119.3487006784951 4.965105570685175 34
    endloop
  endfacet
  facet normal 0 0 -1
    outer loop
      vertex 117.34943816497935 7.570595205269187 34
      vertex 119.57059520526919 5.349438164979348 34
      vertex 119.47224318643354 5.15 34
    endloop
  endfacet
  facet normal 0 0 -1
    outer loop
      vertex 117.56000762332572 7.642073904691416 34
      vertex 119.64207390469142 5.560007623325715 34
      vertex 119.57059520526919 5.349438164979348 34
    endloop
  endfacet
  facet normal 0 0 -1
    outer loop
      vertex 117.7781054732259 7.685456264335477 34
      vertex 119.68545626433547 5.778105473225913 34
      vertex 119.64207390469142 5.560007623325715 34
    endloop
  endfacet
  facet normal 0 0 -1
    outer loop
      vertex 121.53553390593274 2.4644660940672622 34
      vertex 121.96676670145618 2.956192854956397 34
      vertex 124 0 34
    endloop
  endfacet
  facet normal 0 0 -1
    outer loop
      vertex 121.96676670145618 2.956192854956397 34
      vertex 122.3301270189222 3.5 34
      vertex 124 0 34
    endloop
  endfacet
  facet normal 0 0 -1
    outer loop
      vertex 122.3301270189222 3.5 34
      vertex 122.61939766255644 4.086582838174551 34
      vertex 124 0 34
    endloop
  endfacet
  facet normal 0 0 -1
    outer loop
      vertex 124 0 34
      vertex 122.61939766255644 4.086582838174551 34
      vertex 122.82962913144534 4.705904774487396 34
    endloop
  endfacet
  facet normal 0 0 -1
    outer loop
      vertex 124 0 34
      vertex 122.82962913144534 4.705904774487396 34
      vertex 122.95722430686905 5.347369038899743 34
    endloop
  endfacet
  facet normal 0 0 -1
    outer loop
      vertex 124 0 34
      vertex 122.95722430686905 5.347369038899743 34
      vertex 123 6 34
    endloop
  endfacet
  facet normal 0 0 -1
    outer loop
      vertex 117.7781054732259 7.685456264335477 34
      vertex 118 7.7 34
      vertex 119.68545626433547 5.778105473225913 34
    endloop
  endfacet
  facet normal 0 0 -1
    outer loop
      vertex 118 7.7 34
      vertex 118.2218945267741 7.685456264335477 34
      vertex 119.68545626433547 5.778105473225913 34
    endloop
  endfacet
  facet normal 0 0 -1
    outer loop
      vertex 118.2218945267741 7.685456264335477 34
      vertex 118.43999237667428 7.642073904691416 34
      vertex 119.68545626433547 5.778105473225913 34
    endloop
  endfacet
  facet normal 0 0 -1
    outer loop
      vertex 119.7 6 34
      vertex 118.43999237667428 7.642073904691416 34
      vertex 118.65056183502065 7.570595205269187 34
    endloop
  endfacet
  facet normal 0 0 -1
    outer loop
      vertex 119.68545626433547 5.778105473225913 34
      vertex 118.43999237667428 7.642073904691416 34
      vertex 119.7 6 34
    endloop
  endfacet
  facet normal 0 0 -1
    outer loop
      vertex 119.68545626433547 6.221894526774087 34
      vertex 119.7 6 34
      vertex 118.65056183502065 7.570595205269187 34
    endloop
  endfacet
  facet normal 0 0 -1
    outer loop
      vertex 119.68545626433547 6.221894526774087 34
      vertex 118.85 7.472243186433546 34
      vertex 119.64207390469142 6.439992376674285 34
    endloop
  endfacet
  facet normal 0 0 -1
    outer loop
      vertex 119.03489442931482 7.348700678495099 34
      vertex 119.57059520526919 6.650561835020652 34
      vertex 119.64207390469142 6.439992376674285 34
    endloop
  endfacet
  facet normal 0 0 -1
    outer loop
      vertex 119.68545626433547 6.221894526774087 34
      vertex 118.65056183502065 7.570595205269187 34
      vertex 118.85 7.472243186433546 34
    endloop
  endfacet
  facet normal 0 0 -1
    outer loop
      vertex 118.85 7.472243186433546 34
      vertex 119.03489442931482 7.348700678495099 34
      vertex 119.64207390469142 6.439992376674285 34
    endloop
  endfacet
  facet normal 0 0 -1
    outer loop
      vertex 119.03489442931482 7.348700678495099 34
      vertex 119.20208152801713 7.202081528017131 34
      vertex 119.47224318643354 6.85 34
    endloop
  endfacet
  facet normal 0 0 -1
    outer loop
      vertex 119.03489442931482 7.348700678495099 34
      vertex 119.47224318643354 6.85 34
      vertex 119.57059520526919 6.650561835020652 34
    endloop
  endfacet
  facet normal 0 0 -1
    outer loop
      vertex 119.20208152801713 7.202081528017131 34
      vertex 119.3487006784951 7.034894429314825 34
      vertex 119.47224318643354 6.85 34
    endloop
  endfacet
  facet normal -1 0 0
    outer loop
      vertex 124 0 34
      vertex 124 40.5 31
      vertex 124 36.5 31
    endloop
  endfacet
  facet normal -1 0 0
    outer loop
      vertex 124 0 34
      vertex 124 48.5 31
      vertex 124 40.5 31
    endloop
  endfacet
  facet normal -1 0 0
    outer loop
      vertex 124 40.5 31
      vertex 124 48.5 31
      vertex 124 48.5 17
    endloop
  endfacet
  facet normal -1 0 0
    outer loop
      vertex 124 52.5 31
      vertex 124 60.5 31
      vertex 124 60.5 17
    endloop
  endfacet
  facet normal 0 0 -1
    outer loop
      vertex 116.08658283817455 10.619397662556434 34
      vertex 84 48.5 34
      vertex 88 48.5 34
    endloop
  endfacet
  facet normal 0 0 -1
    outer loop
      vertex 116.08658283817455 10.619397662556434 34
      vertex 88 48.5 34
      vertex 88 88.5 34
    endloop
  endfacet
  facet normal 0 0 -1
    outer loop
      vertex 116.08658283817455 10.619397662556434 34
      vertex 116.08658283817455 126.38060233744356 34
      vertex 116.7059047744874 10.82962913144534 34
    endloop
  endfacet
  facet normal 0 0 -1
    outer loop
      vertex 116.7059047744874 10.82962913144534 34
      vertex 116.7059047744874 126.17037086855466 34
      vertex 117.34736903889974 10.957224306869051 34
    endloop
  endfacet
  facet normal 0 0 -1
    outer loop
      vertex 117.34736903889974 10.957224306869051 34
      vertex 117.34736903889974 126.04277569313095 34
      vertex 118 11 34
    endloop
  endfacet
  facet normal 0 0 -1
    outer loop
      vertex 118 11 34
      vertex 118 126 34
      vertex 118.65263096110026 10.957224306869051 34
    endloop
  endfacet
  facet normal 0 0 -1
    outer loop
      vertex 118.65263096110026 10.957224306869051 34
      vertex 119.2940952255126 126.17037086855466 34
      vertex 119.2940952255126 10.82962913144534 34
    endloop
  endfacet
  facet normal 0 0 -1
    outer loop
      vertex 119.91341716182545 10.619397662556434 34
      vertex 119.2940952255126 10.82962913144534 34
      vertex 119.2940952255126 126.17037086855466 34
    endloop
  endfacet
  facet normal 0 0 -1
    outer loop
      vertex 119.91341716182545 10.619397662556434 34
      vertex 120.5 126.6698729810778 34
      vertex 120.5 10.330127018922193 34
    endloop
  endfacet
  facet normal 0 0 -1
    outer loop
      vertex 122.3301270189222 8.5 34
      vertex 122.3301270189222 128.5 34
      vertex 122.61939766255644 7.913417161825449 34
    endloop
  endfacet
  facet normal 0 0 -1
    outer loop
      vertex 120.5 10.330127018922193 34
      vertex 120.5 126.6698729810778 34
      vertex 121.0438071450436 9.966766701456176 34
    endloop
  endfacet
  facet normal 0 0 -1
    outer loop
      vertex 121.0438071450436 9.966766701456176 34
      vertex 121.0438071450436 127.03323329854382 34
      vertex 121.53553390593274 9.535533905932738 34
    endloop
  endfacet
  facet normal 0 0 -1
    outer loop
      vertex 121.53553390593274 9.535533905932738 34
      vertex 121.53553390593274 127.46446609406726 34
      vertex 121.96676670145618 9.043807145043603 34
    endloop
  endfacet
  facet normal 0 0 -1
    outer loop
      vertex 122.3301270189222 8.5 34
      vertex 121.96676670145618 9.043807145043603 34
      vertex 122.3301270189222 128.5 34
    endloop
  endfacet
  facet normal 0 0 -1
    outer loop
      vertex 122.82962913144534 7.294095225512604 34
      vertex 122.61939766255644 7.913417161825449 34
      vertex 122.82962913144534 129.7059047744874 34
    endloop
  endfacet
  facet normal 0 0 -1
    outer loop
      vertex 124 0 34
      vertex 123 6 34
      vertex 124 137 34
    endloop
  endfacet
  facet normal 0 0 -1
    outer loop
      vertex 123 6 34
      vertex 122.95722430686905 6.652630961100257 34
      vertex 124 137 34
    endloop
  endfacet
  facet normal 0 0 -1
    outer loop
      vertex 122.95722430686905 6.652630961100257 34
      vertex 122.82962913144534 7.294095225512604 34
      vertex 124 137 34
    endloop
  endfacet
  facet normal -1 0 0
    outer loop
      vertex 124 0 34
      vertex 124 137 34
      vertex 124 48.5 31
    endloop
  endfacet
  facet normal 0 -1 0
    outer loop
      vertex 43.7 137 17.4
      vertex 58.3 137 17.4
      vertex 124 137 34
    endloop
  endfacet
  facet normal 0 -1 0
    outer loop
      vertex 58.3 137 17.4
      vertex 69.67297297297297 137 17.4
      vertex 124 137 34
    endloop
  endfacet
  facet normal 0 -1 0
    outer loop
      vertex 69.67297297297297 137 17.4
      vertex 82.3 137 17.4
      vertex 124 137 34
    endloop
  endfacet
  facet normal -1 0 0
    outer loop
      vertex 124 137 12
      vertex 124 0 12
      vertex 124 100.5 17
    endloop
  endfacet
  facet normal -1 0 0
    outer loop
      vertex 124 84.5 17
      vertex 124 76.5 17
      vertex 124 76.5 31
    endloop
  endfacet
  facet normal -1 0 0
    outer loop
      vertex 124 88.5 31
      vertex 124 96.5 17
      vertex 124 88.5 17
    endloop
  endfacet
  facet normal 0 -1 0
    outer loop
      vertex 118.3 137 17.4
      vertex 118.3 137 12
      vertex 124 137 12
    endloop
  endfacet
  facet normal 0 -1 0
    outer loop
      vertex 82.3 137 17.4
      vertex 93.67297297297297 137 17.4
      vertex 124 137 34
    endloop
  endfacet
  facet normal 0 -1 0
    outer loop
      vertex 93.67297297297297 137 17.4
      vertex 106.3 137 17.4
      vertex 124 137 34
    endloop
  endfacet
  facet normal -1 0 0
    outer loop
      vertex 124 100.5 31
      vertex 124 137 12
      vertex 124 100.5 17
    endloop
  endfacet
  facet normal 0 -1 0
    outer loop
      vertex 118.3 137 17.4
      vertex 124 137 12
      vertex 124 137 34
    endloop
  endfacet
  facet normal 0 -1 0
    outer loop
      vertex 106.3 137 17.4
      vertex 118.3 137 17.4
      vertex 124 137 34
    endloop
  endfacet
  facet normal 0 0 -1
    outer loop
      vertex 72 48.5 34
      vertex 64 88.5 34
      vertex 72 88.5 34
    endloop
  endfacet
  facet normal 0 0 -1
    outer loop
      vertex 113.38060233744356 129.08658283817456 34
      vertex 52 88.5 34
      vertex 48 88.5 34
    endloop
  endfacet
  facet normal 0 0 -1
    outer loop
      vertex 113.38060233744356 129.08658283817456 34
      vertex 60 88.5 34
      vertex 52 88.5 34
    endloop
  endfacet
  facet normal 0 0 -1
    outer loop
      vertex 76 88.5 34
      vertex 84 88.5 34
      vertex 84 48.5 34
    endloop
  endfacet
  facet normal 0 0 -1
    outer loop
      vertex 113.38060233744356 129.08658283817456 34
      vertex 64 88.5 34
      vertex 60 88.5 34
    endloop
  endfacet
  facet normal 0 0 -1
    outer loop
      vertex 113.38060233744356 129.08658283817456 34
      vertex 72 88.5 34
      vertex 64 88.5 34
    endloop
  endfacet
  facet normal 0 0 -1
    outer loop
      vertex 113.38060233744356 129.08658283817456 34
      vertex 76 88.5 34
      vertex 72 88.5 34
    endloop
  endfacet
  facet normal 0 0 -1
    outer loop
      vertex 113.38060233744356 129.08658283817456 34
      vertex 84 88.5 34
      vertex 76 88.5 34
    endloop
  endfacet
  facet normal 0 0 -1
    outer loop
      vertex 10.619397662556434 129.08658283817456 34
      vertex 113.17037086855466 129.7059047744874 34
      vertex 113.38060233744356 129.08658283817456 34
    endloop
  endfacet
  facet normal 0 0 -1
    outer loop
      vertex 10.957224306869051 130.34736903889973 34
      vertex 113.04277569313095 130.34736903889973 34
      vertex 113.17037086855466 129.7059047744874 34
    endloop
  endfacet
  facet normal 0 0 -1
    outer loop
      vertex 10.957224306869051 130.34736903889973 34
      vertex 113 131 34
      vertex 113.04277569313095 130.34736903889973 34
    endloop
  endfacet
  facet normal 0 0 -1
    outer loop
      vertex 11 131 34
      vertex 113.04277569313095 131.65263096110027 34
      vertex 113 131 34
    endloop
  endfacet
  facet normal 0 0 -1
    outer loop
      vertex 10.957224306869051 131.65263096110027 34
      vertex 113.17037086855466 132.2940952255126 34
      vertex 113.04277569313095 131.65263096110027 34
    endloop
  endfacet
  facet normal 0 0 -1
    outer loop
      vertex 10.82962913144534 132.2940952255126 34
      vertex 113.38060233744356 132.91341716182544 34
      vertex 113.17037086855466 132.2940952255126 34
    endloop
  endfacet
  facet normal 0 0 -1
    outer loop
      vertex 10.619397662556434 132.91341716182544 34
      vertex 113.6698729810778 133.5 34
      vertex 113.38060233744356 132.91341716182544 34
    endloop
  endfacet
  facet normal 0 0 -1
    outer loop
      vertex 9.966766701456176 134.04380714504362 34
      vertex 114.03323329854382 134.04380714504362 34
      vertex 113.6698729810778 133.5 34
    endloop
  endfacet
  facet normal 0 0 -1
    outer loop
      vertex 9.535533905932738 134.53553390593274 34
      vertex 114.46446609406726 134.53553390593274 34
      vertex 114.03323329854382 134.04380714504362 34
    endloop
  endfacet
  facet normal 0 0 -1
    outer loop
      vertex 9.043807145043603 134.96676670145618 34
      vertex 114.9561928549564 134.96676670145618 34
      vertex 114.46446609406726 134.53553390593274 34
    endloop
  endfacet
  facet normal 0 0 -1
    outer loop
      vertex 9.043807145043603 134.96676670145618 34
      vertex 115.5 135.33012701892218 34
      vertex 114.9561928549564 134.96676670145618 34
    endloop
  endfacet
  facet normal 0 0 -1
    outer loop
      vertex 8.5 135.33012701892218 34
      vertex 116.08658283817455 135.61939766255642 34
      vertex 115.5 135.33012701892218 34
    endloop
  endfacet
  facet normal 0 0 -1
    outer loop
      vertex 7.913417161825449 135.61939766255642 34
      vertex 116.7059047744874 135.82962913144533 34
      vertex 116.08658283817455 135.61939766255642 34
    endloop
  endfacet
  facet normal 0 0 -1
    outer loop
      vertex 7.294095225512604 135.82962913144533 34
      vertex 117.34736903889974 135.95722430686905 34
      vertex 116.7059047744874 135.82962913144533 34
    endloop
  endfacet
  facet normal 0 0 -1
    outer loop
      vertex 7.294095225512604 135.82962913144533 34
      vertex 124 137 34
      vertex 117.34736903889974 135.95722430686905 34
    endloop
  endfacet
  facet normal -1 0 0
    outer loop
      vertex 124 64.5 31
      vertex 124 72.5 31
      vertex 124 72.5 17
    endloop
  endfacet
  facet normal -1 0 0
    outer loop
      vertex 124 76.5 31
      vertex 124 84.5 31
      vertex 124 84.5 17
    endloop
  endfacet
  facet normal -1 0 0
    outer loop
      vertex 124 88.5 31
      vertex 124 96.5 31
      vertex 124 96.5 17
    endloop
  endfacet
  facet normal 0 0 -1
    outer loop
      vertex 116.08658283817455 10.619397662556434 34
      vertex 88 88.5 34
      vertex 113.38060233744356 129.08658283817456 34
    endloop
  endfacet
  facet normal 0 0 -1
    outer loop
      vertex 113.38060233744356 129.08658283817456 34
      vertex 88 88.5 34
      vertex 84 88.5 34
    endloop
  endfacet
  facet normal -1 0 0
    outer loop
      vertex 124 137 34
      vertex 124 52.5 31
      vertex 124 48.5 31
    endloop
  endfacet
  facet normal -1 0 0
    outer loop
      vertex 124 137 34
      vertex 124 60.5 31
      vertex 124 52.5 31
    endloop
  endfacet
  facet normal -1 0 0
    outer loop
      vertex 124 137 34
      vertex 124 64.5 31
      vertex 124 60.5 31
    endloop
  endfacet
  facet normal -1 0 0
    outer loop
      vertex 124 137 34
      vertex 124 72.5 31
      vertex 124 64.5 31
    endloop
  endfacet
  facet normal -1 0 0
    outer loop
      vertex 124 137 34
      vertex 124 76.5 31
      vertex 124 72.5 31
    endloop
  endfacet
  facet normal -1 0 0
    outer loop
      vertex 124 137 34
      vertex 124 84.5 31
      vertex 124 76.5 31
    endloop
  endfacet
  facet normal -1 0 0
    outer loop
      vertex 124 137 34
      vertex 124 88.5 31
      vertex 124 84.5 31
    endloop
  endfacet
  facet normal 0 0 -1
    outer loop
      vertex 116.08658283817455 10.619397662556434 34
      vertex 113.38060233744356 129.08658283817456 34
      vertex 113.6698729810778 128.5 34
    endloop
  endfacet
  facet normal 0 0 -1
    outer loop
      vertex 116.08658283817455 10.619397662556434 34
      vertex 114.46446609406726 127.46446609406726 34
      vertex 114.9561928549564 127.03323329854382 34
    endloop
  endfacet
  facet normal 0 0 -1
    outer loop
      vertex 116.08658283817455 10.619397662556434 34
      vertex 115.5 126.6698729810778 34
      vertex 116.08658283817455 126.38060233744356 34
    endloop
  endfacet
  facet normal 0 0 -1
    outer loop
      vertex 116.08658283817455 10.619397662556434 34
      vertex 114.9561928549564 127.03323329854382 34
      vertex 115.5 126.6698729810778 34
    endloop
  endfacet
  facet normal 0 0 -1
    outer loop
      vertex 116.08658283817455 10.619397662556434 34
      vertex 114.03323329854382 127.9561928549564 34
      vertex 114.46446609406726 127.46446609406726 34
    endloop
  endfacet
  facet normal 0 0 -1
    outer loop
      vertex 116.08658283817455 10.619397662556434 34
      vertex 113.6698729810778 128.5 34
      vertex 114.03323329854382 127.9561928549564 34
    endloop
  endfacet
  facet normal 0 0 -1
    outer loop
      vertex 116.7059047744874 10.82962913144534 34
      vertex 116.08658283817455 126.38060233744356 34
      vertex 116.7059047744874 126.17037086855466 34
    endloop
  endfacet
  facet normal 0 0 -1
    outer loop
      vertex 117.34736903889974 10.957224306869051 34
      vertex 116.7059047744874 126.17037086855466 34
      vertex 117.34736903889974 126.04277569313095 34
    endloop
  endfacet
  facet normal 0 0 -1
    outer loop
      vertex 118 11 34
      vertex 117.34736903889974 126.04277569313095 34
      vertex 118 126 34
    endloop
  endfacet
  facet normal 0 0 -1
    outer loop
      vertex 118.65263096110026 10.957224306869051 34
      vertex 118 126 34
      vertex 118.65263096110026 126.04277569313095 34
    endloop
  endfacet
  facet normal 0 0 -1
    outer loop
      vertex 118.65263096110026 10.957224306869051 34
      vertex 118.65263096110026 126.04277569313095 34
      vertex 119.2940952255126 126.17037086855466 34
    endloop
  endfacet
  facet normal 0 0 -1
    outer loop
      vertex 119.91341716182545 10.619397662556434 34
      vertex 119.2940952255126 126.17037086855466 34
      vertex 119.91341716182545 126.38060233744356 34
    endloop
  endfacet
  facet normal 0 0 -1
    outer loop
      vertex 119.91341716182545 10.619397662556434 34
      vertex 119.91341716182545 126.38060233744356 34
      vertex 120.5 126.6698729810778 34
    endloop
  endfacet
  facet normal 0 0 -1
    outer loop
      vertex 121.0438071450436 9.966766701456176 34
      vertex 120.5 126.6698729810778 34
      vertex 121.0438071450436 127.03323329854382 34
    endloop
  endfacet
  facet normal 0 0 -1
    outer loop
      vertex 121.53553390593274 9.535533905932738 34
      vertex 121.0438071450436 127.03323329854382 34
      vertex 121.53553390593274 127.46446609406726 34
    endloop
  endfacet
  facet normal 0 0 -1
    outer loop
      vertex 121.96676670145618 9.043807145043603 34
      vertex 121.53553390593274 127.46446609406726 34
      vertex 121.96676670145618 127.9561928549564 34
    endloop
  endfacet
  facet normal 0 0 -1
    outer loop
      vertex 121.96676670145618 9.043807145043603 34
      vertex 121.96676670145618 127.9561928549564 34
      vertex 122.3301270189222 128.5 34
    endloop
  endfacet
  facet normal 0 0 -1
    outer loop
      vertex 122.61939766255644 7.913417161825449 34
      vertex 122.3301270189222 128.5 34
      vertex 122.61939766255644 129.08658283817456 34
    endloop
  endfacet
  facet normal 0 0 -1
    outer loop
      vertex 122.61939766255644 7.913417161825449 34
      vertex 122.61939766255644 129.08658283817456 34
      vertex 122.82962913144534 129.7059047744874 34
    endloop
  endfacet
  facet normal 0 0 -1
    outer loop
      vertex 122.82962913144534 7.294095225512604 34
      vertex 122.82962913144534 129.7059047744874 34
      vertex 122.95722430686905 130.34736903889973 34
    endloop
  endfacet
  facet normal 0 0 -1
    outer loop
      vertex 122.82962913144534 7.294095225512604 34
      vertex 122.95722430686905 130.34736903889973 34
      vertex 123 131 34
    endloop
  endfacet
  facet normal 0 0 -1
    outer loop
      vertex 122.82962913144534 7.294095225512604 34
      vertex 123 131 34
      vertex 124 137 34
    endloop
  endfacet
  facet normal -1 0 0
    outer loop
      vertex 124 137 34
      vertex 124 137 12
      vertex 124 100.5 31
    endloop
  endfacet
  facet normal -1 0 0
    outer loop
      vertex 124 137 34
      vertex 124 96.5 31
      vertex 124 88.5 31
    endloop
  endfacet
  facet normal -1 0 0
    outer loop
      vertex 124 137 34
      vertex 124 100.5 31
      vertex 124 96.5 31
    endloop
  endfacet
  facet normal 0 0 -1
    outer loop
      vertex 116.6512993215049 129.96510557068518 34
      vertex 116.31454373566453 131.2218945267741 34
      vertex 116.79791847198287 129.79791847198288 34
    endloop
  endfacet
  facet normal 0 0 -1
    outer loop
      vertex 116.6512993215049 129.96510557068518 34
      vertex 116.52775681356646 130.15 34
      vertex 116.31454373566453 131.2218945267741 34
    endloop
  endfacet
  facet normal 0 0 -1
    outer loop
      vertex 116.52775681356646 130.15 34
      vertex 116.42940479473081 130.34943816497935 34
      vertex 116.31454373566453 131.2218945267741 34
    endloop
  endfacet
  facet normal 0 0 -1
    outer loop
      vertex 116.79791847198287 129.79791847198288 34
      vertex 116.79791847198287 132.20208152801712 34
      vertex 116.96510557068518 129.6512993215049 34
    endloop
  endfacet
  facet normal 0 0 -1
    outer loop
      vertex 116.96510557068518 129.6512993215049 34
      vertex 116.79791847198287 132.20208152801712 34
      vertex 117.15 129.52775681356644 34
    endloop
  endfacet
  facet normal 0 0 -1
    outer loop
      vertex 117.34943816497935 129.4294047947308 34
      vertex 117.15 129.52775681356644 34
      vertex 116.79791847198287 132.20208152801712 34
    endloop
  endfacet
  facet normal 0 0 -1
    outer loop
      vertex 117.34943816497935 129.4294047947308 34
      vertex 116.79791847198287 132.20208152801712 34
      vertex 117.56000762332572 129.35792609530858 34
    endloop
  endfacet
  facet normal 0 0 -1
    outer loop
      vertex 117.56000762332572 129.35792609530858 34
      vertex 116.79791847198287 132.20208152801712 34
      vertex 117.7781054732259 129.31454373566453 34
    endloop
  endfacet
  facet normal 0 0 -1
    outer loop
      vertex 117.7781054732259 129.31454373566453 34
      vertex 116.79791847198287 132.20208152801712 34
      vertex 118 129.3 34
    endloop
  endfacet
  facet normal 0 0 -1
    outer loop
      vertex 118 129.3 34
      vertex 116.79791847198287 132.20208152801712 34
      vertex 118.2218945267741 129.31454373566453 34
    endloop
  endfacet
  facet normal 0 0 -1
    outer loop
      vertex 118.2218945267741 129.31454373566453 34
      vertex 116.79791847198287 132.20208152801712 34
      vertex 118.43999237667428 129.35792609530858 34
    endloop
  endfacet
  facet normal 0 0 -1
    outer loop
      vertex 117.7781054732259 132.68545626433547 34
      vertex 118.65056183502065 129.4294047947308 34
      vertex 118.43999237667428 129.35792609530858 34
    endloop
  endfacet
  facet normal 0 0 -1
    outer loop
      vertex 117.7781054732259 132.68545626433547 34
      vertex 118.85 129.52775681356644 34
      vertex 118.65056183502065 129.4294047947308 34
    endloop
  endfacet
  facet normal 0 0 -1
    outer loop
      vertex 116.35792609530858 130.5600076233257 34
      vertex 116.31454373566453 131.2218945267741 34
      vertex 116.42940479473081 130.34943816497935 34
    endloop
  endfacet
  facet normal 0 0 -1
    outer loop
      vertex 116.35792609530858 130.5600076233257 34
      vertex 116.31454373566453 130.7781054732259 34
      vertex 116.31454373566453 131.2218945267741 34
    endloop
  endfacet
  facet normal 0 0 -1
    outer loop
      vertex 116.31454373566453 130.7781054732259 34
      vertex 116.3 131 34
      vertex 116.31454373566453 131.2218945267741 34
    endloop
  endfacet
  facet normal 0 0 -1
    outer loop
      vertex 116.79791847198287 129.79791847198288 34
      vertex 116.31454373566453 131.2218945267741 34
      vertex 116.35792609530858 131.4399923766743 34
    endloop
  endfacet
  facet normal 0 0 -1
    outer loop
      vertex 116.79791847198287 129.79791847198288 34
      vertex 116.35792609530858 131.4399923766743 34
      vertex 116.42940479473081 131.65056183502065 34
    endloop
  endfacet
  facet normal 0 0 -1
    outer loop
      vertex 116.79791847198287 129.79791847198288 34
      vertex 116.42940479473081 131.65056183502065 34
      vertex 116.52775681356646 131.85 34
    endloop
  endfacet
  facet normal 0 0 -1
    outer loop
      vertex 116.79791847198287 129.79791847198288 34
      vertex 116.52775681356646 131.85 34
      vertex 116.6512993215049 132.03489442931482 34
    endloop
  endfacet
  facet normal 0 0 -1
    outer loop
      vertex 116.79791847198287 129.79791847198288 34
      vertex 116.6512993215049 132.03489442931482 34
      vertex 116.79791847198287 132.20208152801712 34
    endloop
  endfacet
  facet normal 0 0 -1
    outer loop
      vertex 116.79791847198287 132.20208152801712 34
      vertex 116.96510557068518 132.3487006784951 34
      vertex 118.43999237667428 129.35792609530858 34
    endloop
  endfacet
  facet normal 0 0 -1
    outer loop
      vertex 116.96510557068518 132.3487006784951 34
      vertex 117.15 132.47224318643356 34
      vertex 118.43999237667428 129.35792609530858 34
    endloop
  endfacet
  facet normal 0 0 -1
    outer loop
      vertex 117.15 132.47224318643356 34
      vertex 117.34943816497935 132.5705952052692 34
      vertex 118.43999237667428 129.35792609530858 34
    endloop
  endfacet
  facet normal 0 0 -1
    outer loop
      vertex 117.34943816497935 132.5705952052692 34
      vertex 117.56000762332572 132.64207390469142 34
      vertex 118.43999237667428 129.35792609530858 34
    endloop
  endfacet
  facet normal 0 0 -1
    outer loop
      vertex 117.56000762332572 132.64207390469142 34
      vertex 117.7781054732259 132.68545626433547 34
      vertex 118.43999237667428 129.35792609530858 34
    endloop
  endfacet
  facet normal 0 0 -1
    outer loop
      vertex 117.7781054732259 132.68545626433547 34
      vertex 118 132.7 34
      vertex 118.85 129.52775681356644 34
    endloop
  endfacet
  facet normal 0 0 -1
    outer loop
      vertex 118 132.7 34
      vertex 119.03489442931482 129.6512993215049 34
      vertex 118.85 129.52775681356644 34
    endloop
  endfacet
  facet normal 0 0 -1
    outer loop
      vertex 118 132.7 34
      vertex 119.20208152801713 129.79791847198288 34
      vertex 119.03489442931482 129.6512993215049 34
    endloop
  endfacet
  facet normal 0 0 -1
    outer loop
      vertex 118 132.7 34
      vertex 119.3487006784951 129.96510557068518 34
      vertex 119.20208152801713 129.79791847198288 34
    endloop
  endfacet
  facet normal 0 0 -1
    outer loop
      vertex 118.2218945267741 132.68545626433547 34
      vertex 119.47224318643354 130.15 34
      vertex 119.3487006784951 129.96510557068518 34
    endloop
  endfacet
  facet normal 0 0 -1
    outer loop
      vertex 119.47224318643354 130.15 34
      vertex 118.43999237667428 132.64207390469142 34
      vertex 119.57059520526919 130.34943816497935 34
    endloop
  endfacet
  facet normal 0 0 -1
    outer loop
      vertex 119.57059520526919 130.34943816497935 34
      vertex 118.65056183502065 132.5705952052692 34
      vertex 119.64207390469142 130.5600076233257 34
    endloop
  endfacet
  facet normal 0 0 -1
    outer loop
      vertex 119.64207390469142 130.5600076233257 34
      vertex 119.03489442931482 132.3487006784951 34
      vertex 119.20208152801713 132.20208152801712 34
    endloop
  endfacet
  facet normal 0 0 -1
    outer loop
      vertex 119.20208152801713 132.20208152801712 34
      vertex 119.3487006784951 132.03489442931482 34
      vertex 119.68545626433547 130.7781054732259 34
    endloop
  endfacet
  facet normal 0 0 -1
    outer loop
      vertex 118 132.7 34
      vertex 118.2218945267741 132.68545626433547 34
      vertex 119.3487006784951 129.96510557068518 34
    endloop
  endfacet
  facet normal 0 0 -1
    outer loop
      vertex 118.2218945267741 132.68545626433547 34
      vertex 118.43999237667428 132.64207390469142 34
      vertex 119.47224318643354 130.15 34
    endloop
  endfacet
  facet normal 0 0 -1
    outer loop
      vertex 119.57059520526919 130.34943816497935 34
      vertex 118.43999237667428 132.64207390469142 34
      vertex 118.65056183502065 132.5705952052692 34
    endloop
  endfacet
  facet normal 0 0 -1
    outer loop
      vertex 119.64207390469142 130.5600076233257 34
      vertex 118.65056183502065 132.5705952052692 34
      vertex 118.85 132.47224318643356 34
    endloop
  endfacet
  facet normal 0 0 -1
    outer loop
      vertex 119.64207390469142 130.5600076233257 34
      vertex 118.85 132.47224318643356 34
      vertex 119.03489442931482 132.3487006784951 34
    endloop
  endfacet
  facet normal 0 0 -1
    outer loop
      vertex 119.64207390469142 130.5600076233257 34
      vertex 119.20208152801713 132.20208152801712 34
      vertex 119.68545626433547 130.7781054732259 34
    endloop
  endfacet
  facet normal 0 0 -1
    outer loop
      vertex 119.3487006784951 132.03489442931482 34
      vertex 119.7 131 34
      vertex 119.68545626433547 130.7781054732259 34
    endloop
  endfacet
  facet normal 0 0 -1
    outer loop
      vertex 119.7 131 34
      vertex 119.57059520526919 131.65056183502065 34
      vertex 119.68545626433547 131.2218945267741 34
    endloop
  endfacet
  facet normal 0 0 -1
    outer loop
      vertex 119.68545626433547 131.2218945267741 34
      vertex 119.57059520526919 131.65056183502065 34
      vertex 119.64207390469142 131.4399923766743 34
    endloop
  endfacet
  facet normal 0 0 -1
    outer loop
      vertex 119.3487006784951 132.03489442931482 34
      vertex 119.47224318643354 131.85 34
      vertex 119.7 131 34
    endloop
  endfacet
  facet normal 0 0 -1
    outer loop
      vertex 119.7 131 34
      vertex 119.47224318643354 131.85 34
      vertex 119.57059520526919 131.65056183502065 34
    endloop
  endfacet
  facet normal 0 0 -1
    outer loop
      vertex 117.34736903889974 135.95722430686905 34
      vertex 124 137 34
      vertex 118 136 34
    endloop
  endfacet
  facet normal 0 0 -1
    outer loop
      vertex 118 136 34
      vertex 124 137 34
      vertex 118.65263096110026 135.95722430686905 34
    endloop
  endfacet
  facet normal 0 0 -1
    outer loop
      vertex 119.2940952255126 135.82962913144533 34
      vertex 124 137 34
      vertex 119.91341716182545 135.61939766255642 34
    endloop
  endfacet
  facet normal 0 0 -1
    outer loop
      vertex 118.65263096110026 135.95722430686905 34
      vertex 124 137 34
      vertex 119.2940952255126 135.82962913144533 34
    endloop
  endfacet
  facet normal 0 0 -1
    outer loop
      vertex 119.91341716182545 135.61939766255642 34
      vertex 124 137 34
      vertex 120.5 135.33012701892218 34
    endloop
  endfacet
  facet normal 0 0 -1
    outer loop
      vertex 121.0438071450436 134.96676670145618 34
      vertex 120.5 135.33012701892218 34
      vertex 124 137 34
    endloop
  endfacet
  facet normal 0 0 -1
    outer loop
      vertex 121.0438071450436 134.96676670145618 34
      vertex 124 137 34
      vertex 121.53553390593274 134.53553390593274 34
    endloop
  endfacet
  facet normal 0 0 -1
    outer loop
      vertex 122.95722430686905 131.65263096110027 34
      vertex 124 137 34
      vertex 123 131 34
    endloop
  endfacet
  facet normal 0 0 -1
    outer loop
      vertex 122.95722430686905 131.65263096110027 34
      vertex 122.82962913144534 132.2940952255126 34
      vertex 124 137 34
    endloop
  endfacet
  facet normal 0 0 -1
    outer loop
      vertex 122.3301270189222 133.5 34
      vertex 121.96676670145618 134.04380714504362 34
      vertex 124 137 34
    endloop
  endfacet
  facet normal 0 0 -1
    outer loop
      vertex 122.82962913144534 132.2940952255126 34
      vertex 122.61939766255644 132.91341716182544 34
      vertex 124 137 34
    endloop
  endfacet
  facet normal 0 0 -1
    outer loop
      vertex 122.3301270189222 133.5 34
      vertex 124 137 34
      vertex 122.61939766255644 132.91341716182544 34
    endloop
  endfacet
  facet normal 0 0 -1
    outer loop
      vertex 121.53553390593274 134.53553390593274 34
      vertex 124 137 34
      vertex 121.96676670145618 134.04380714504362 34
    endloop
  endfacet
  facet normal -1 0 0
    outer loop
      vertex 43.7 16 17.4
      vertex 43.7 16 12
      vertex 43.7 0 12
    endloop
  endfacet
  facet normal -1 0 0
    outer loop
      vertex 43.7 0 17.4
      vertex 43.7 16 17.4
      vertex 43.7 0 12
    endloop
  endfacet
  facet normal 0 1 0
    outer loop
      vertex 43.7 16 17.4
      vertex 47.95 16 12
      vertex 43.7 16 12
    endloop
  endfacet
  facet normal 0 0 1
    outer loop
      vertex 43.7 0 17.4
      vertex 55.7 0.7945205479451998 17.4
      vertex 43.7 16 17.4
    endloop
  endfacet
  facet normal 0 0 1
    outer loop
      vertex 43.7 0 17.4
      vertex 56.32702702702702 0 17.4
      vertex 55.7 0.7945205479451998 17.4
    endloop
  endfacet
  facet normal 0 0 1
    outer loop
      vertex 43.7 16 17.4
      vertex 55.7 0.7945205479451998 17.4
      vertex 58.3 12.7054794520548 17.4
    endloop
  endfacet
  facet normal 0 0 1
    outer loop
      vertex 43.7 16 17.4
      vertex 58.3 12.7054794520548 17.4
      vertex 58.3 16 17.4
    endloop
  endfacet
  facet normal 0 1 0
    outer loop
      vertex 43.7 16 17.4
      vertex 47.95 16 15.05
      vertex 47.95 16 12
    endloop
  endfacet
  facet normal 0 1 0
    outer loop
      vertex 58.3 16 17.4
      vertex 58.3 16 12
      vertex 54.05 16 12
    endloop
  endfacet
  facet normal 0 1 0
    outer loop
      vertex 58.3 16 17.4
      vertex 54.05 16 12
      vertex 54.05 16 15.05
    endloop
  endfacet
  facet normal 0 1 0
    outer loop
      vertex 58.3 16 17.4
      vertex 54.05 16 15.05
      vertex 47.95 16 15.05
    endloop
  endfacet
  facet normal 0 1 0
    outer loop
      vertex 43.7 16 17.4
      vertex 58.3 16 17.4
      vertex 47.95 16 15.05
    endloop
  endfacet
  facet normal 0 -1 0
    outer loop
      vertex 43.7 121 17.4
      vertex 43.7 121 12
      vertex 47.95 121 12
    endloop
  endfacet
  facet normal -1 0 0
    outer loop
      vertex 43.7 137 17.4
      vertex 43.7 137 12
      vertex 43.7 121 12
    endloop
  endfacet
  facet normal -1 0 0
    outer loop
      vertex 43.7 121 17.4
      vertex 43.7 137 17.4
      vertex 43.7 121 12
    endloop
  endfacet
  facet normal 0 -1 0
    outer loop
      vertex 43.7 121 17.4
      vertex 47.95 121 12
      vertex 47.95 121 15.05
    endloop
  endfacet
  facet normal 0 -1 0
    outer loop
      vertex 58.3 121 17.4
      vertex 54.05 121 12
      vertex 58.3 121 12
    endloop
  endfacet
  facet normal 0 -1 0
    outer loop
      vertex 58.3 121 17.4
      vertex 54.05 121 15.05
      vertex 54.05 121 12
    endloop
  endfacet
  facet normal 0 -1 0
    outer loop
      vertex 43.7 121 17.4
      vertex 47.95 121 15.05
      vertex 54.05 121 15.05
    endloop
  endfacet
  facet normal 0 -1 0
    outer loop
      vertex 43.7 121 17.4
      vertex 54.05 121 15.05
      vertex 58.3 121 17.4
    endloop
  endfacet
  facet normal 0 0 1
    outer loop
      vertex 43.7 121 17.4
      vertex 58.3 121 17.4
      vertex 55.7 124.2945205479452 17.4
    endloop
  endfacet
  facet normal 0 0 1
    outer loop
      vertex 43.7 121 17.4
      vertex 55.7 124.2945205479452 17.4
      vertex 58.3 137 17.4
    endloop
  endfacet
  facet normal 0 0 1
    outer loop
      vertex 43.7 121 17.4
      vertex 58.3 137 17.4
      vertex 43.7 137 17.4
    endloop
  endfacet
  facet normal 0 0 1
    outer loop
      vertex 55.7 124.2945205479452 17.4
      vertex 58.3 136.2054794520548 17.4
      vertex 58.3 137 17.4
    endloop
  endfacet
  facet normal 0 0 1
    outer loop
      vertex 55.7 0.7945205479451998 17.4
      vertex 56.32702702702702 0 17.4
      vertex 67.7 0.7945205479451998 17.4
    endloop
  endfacet
  facet normal 0 0 1
    outer loop
      vertex 55.7 0.7945205479451998 17.4
      vertex 67.7 0.7945205479451998 17.4
      vertex 58.3 12.7054794520548 17.4
    endloop
  endfacet
  facet normal 0 0 1
    outer loop
      vertex 58.3 12.7054794520548 17.4
      vertex 67.7 16 17.4
      vertex 58.3 16 17.4
    endloop
  endfacet
  facet normal 0 1 0
    outer loop
      vertex 58.3 16 12
      vertex 59.95 16 15.05
      vertex 59.95 16 12
    endloop
  endfacet
  facet normal 0 1 0
    outer loop
      vertex 58.3 16 17.4
      vertex 59.95 16 15.05
      vertex 58.3 16 12
    endloop
  endfacet
  facet normal 0 1 0
    outer loop
      vertex 58.3 16 17.4
      vertex 67.7 16 17.4
      vertex 59.95 16 15.05
    endloop
  endfacet
  facet normal 0 0 1
    outer loop
      vertex 56.32702702702702 0 17.4
      vertex 67.7 0 17.4
      vertex 67.7 0.7945205479451998 17.4
    endloop
  endfacet
  facet normal 0 0 1
    outer loop
      vertex 58.3 12.7054794520548 17.4
      vertex 67.7 0.7945205479451998 17.4
      vertex 70.3 12.7054794520548 17.4
    endloop
  endfacet
  facet normal 0 0 1
    outer loop
      vertex 58.3 12.7054794520548 17.4
      vertex 70.3 12.7054794520548 17.4
      vertex 67.7 16 17.4
    endloop
  endfacet
  facet normal 0 1 0
    outer loop
      vertex 67.7 16 12
      vertex 66.05 16 12
      vertex 66.05 16 15.05
    endloop
  endfacet
  facet normal 0 1 0
    outer loop
      vertex 67.7 16 17.4
      vertex 67.7 16 12
      vertex 66.05 16 15.05
    endloop
  endfacet
  facet normal 0 1 0
    outer loop
      vertex 67.7 16 17.4
      vertex 66.05 16 15.05
      vertex 59.95 16 15.05
    endloop
  endfacet
  facet normal 0 -1 0
    outer loop
      vertex 58.3 121 12
      vertex 59.95 121 12
      vertex 59.95 121 15.05
    endloop
  endfacet
  facet normal 0 -1 0
    outer loop
      vertex 58.3 121 17.4
      vertex 58.3 121 12
      vertex 59.95 121 15.05
    endloop
  endfacet
  facet normal 0 -1 0
    outer loop
      vertex 58.3 121 17.4
      vertex 59.95 121 15.05
      vertex 66.05 121 15.05
    endloop
  endfacet
  facet normal 0 0 1
    outer loop
      vertex 58.3 121 17.4
      vertex 67.7 124.2945205479452 17.4
      vertex 55.7 124.2945205479452 17.4
    endloop
  endfacet
  facet normal 0 0 1
    outer loop
      vertex 55.7 124.2945205479452 17.4
      vertex 67.7 124.2945205479452 17.4
      vertex 58.3 136.2054794520548 17.4
    endloop
  endfacet
  facet normal 0 -1 0
    outer loop
      vertex 67.7 121 12
      vertex 66.05 121 15.05
      vertex 66.05 121 12
    endloop
  endfacet
  facet normal 0 -1 0
    outer loop
      vertex 67.7 121 17.4
      vertex 66.05 121 15.05
      vertex 67.7 121 12
    endloop
  endfacet
  facet normal 0 -1 0
    outer loop
      vertex 58.3 121 17.4
      vertex 66.05 121 15.05
      vertex 67.7 121 17.4
    endloop
  endfacet
  facet normal 0 0 1
    outer loop
      vertex 58.3 121 17.4
      vertex 67.7 121 17.4
      vertex 67.7 124.2945205479452 17.4
    endloop
  endfacet
  facet normal 0 0 1
    outer loop
      vertex 58.3 136.2054794520548 17.4
      vertex 67.7 124.2945205479452 17.4
      vertex 70.3 136.2054794520548 17.4
    endloop
  endfacet
  facet normal 0 0 1
    outer loop
      vertex 58.3 136.2054794520548 17.4
      vertex 69.67297297297297 137 17.4
      vertex 58.3 137 17.4
    endloop
  endfacet
  facet normal 0 0 1
    outer loop
      vertex 58.3 136.2054794520548 17.4
      vertex 70.3 136.2054794520548 17.4
      vertex 69.67297297297297 137 17.4
    endloop
  endfacet
  facet normal 0 0 1
    outer loop
      vertex 67.7 0 17.4
      vertex 79.7 0.7945205479451998 17.4
      vertex 67.7 0.7945205479451998 17.4
    endloop
  endfacet
  facet normal 0 0 1
    outer loop
      vertex 67.7 0.7945205479451998 17.4
      vertex 79.7 0.7945205479451998 17.4
      vertex 70.3 12.7054794520548 17.4
    endloop
  endfacet
  facet normal 0 0 1
    outer loop
      vertex 67.7 0 17.4
      vertex 80.32702702702703 0 17.4
      vertex 79.7 0.7945205479451998 17.4
    endloop
  endfacet
  facet normal 0 0 1
    outer loop
      vertex 70.3 12.7054794520548 17.4
      vertex 82.3 16 17.4
      vertex 67.7 16 17.4
    endloop
  endfacet
  facet normal 0 0 1
    outer loop
      vertex 70.3 12.7054794520548 17.4
      vertex 79.7 0.7945205479451998 17.4
      vertex 82.3 12.7054794520548 17.4
    endloop
  endfacet
  facet normal 0 1 0
    outer loop
      vertex 67.7 16 17.4
      vertex 71.95 16 12
      vertex 67.7 16 12
    endloop
  endfacet
  facet normal 0 1 0
    outer loop
      vertex 67.7 16 17.4
      vertex 71.95 16 15.05
      vertex 71.95 16 12
    endloop
  endfacet
  facet normal 0 1 0
    outer loop
      vertex 82.3 16 17.4
      vertex 78.05 16 15.05
      vertex 71.95 16 15.05
    endloop
  endfacet
  facet normal 0 1 0
    outer loop
      vertex 67.7 16 17.4
      vertex 82.3 16 17.4
      vertex 71.95 16 15.05
    endloop
  endfacet
  facet normal 0 0 1
    outer loop
      vertex 70.3 12.7054794520548 17.4
      vertex 82.3 12.7054794520548 17.4
      vertex 82.3 16 17.4
    endloop
  endfacet
  facet normal 0 1 0
    outer loop
      vertex 82.3 16 17.4
      vertex 82.3 16 12
      vertex 78.05 16 12
    endloop
  endfacet
  facet normal 0 1 0
    outer loop
      vertex 82.3 16 17.4
      vertex 78.05 16 12
      vertex 78.05 16 15.05
    endloop
  endfacet
  facet normal 0 -1 0
    outer loop
      vertex 67.7 121 17.4
      vertex 67.7 121 12
      vertex 71.95 121 12
    endloop
  endfacet
  facet normal 0 -1 0
    outer loop
      vertex 67.7 121 17.4
      vertex 71.95 121 12
      vertex 71.95 121 15.05
    endloop
  endfacet
  facet normal 0 -1 0
    outer loop
      vertex 67.7 121 17.4
      vertex 71.95 121 15.05
      vertex 78.05 121 15.05
    endloop
  endfacet
  facet normal 0 -1 0
    outer loop
      vertex 67.7 121 17.4
      vertex 78.05 121 15.05
      vertex 82.3 121 17.4
    endloop
  endfacet
  facet normal 0 0 1
    outer loop
      vertex 67.7 121 17.4
      vertex 79.7 124.2945205479452 17.4
      vertex 67.7 124.2945205479452 17.4
    endloop
  endfacet
  facet normal 0 0 1
    outer loop
      vertex 67.7 124.2945205479452 17.4
      vertex 79.7 124.2945205479452 17.4
      vertex 70.3 136.2054794520548 17.4
    endloop
  endfacet
  facet normal 0 0 1
    outer loop
      vertex 67.7 121 17.4
      vertex 82.3 121 17.4
      vertex 79.7 124.2945205479452 17.4
    endloop
  endfacet
  facet normal 0 0 1
    outer loop
      vertex 69.67297297297297 137 17.4
      vertex 70.3 136.2054794520548 17.4
      vertex 82.3 137 17.4
    endloop
  endfacet
  facet normal 0 0 1
    outer loop
      vertex 70.3 136.2054794520548 17.4
      vertex 79.7 124.2945205479452 17.4
      vertex 82.3 136.2054794520548 17.4
    endloop
  endfacet
  facet normal 0 -1 0
    outer loop
      vertex 82.3 121 17.4
      vertex 78.05 121 12
      vertex 82.3 121 12
    endloop
  endfacet
  facet normal 0 -1 0
    outer loop
      vertex 82.3 121 17.4
      vertex 78.05 121 15.05
      vertex 78.05 121 12
    endloop
  endfacet
  facet normal 0 0 1
    outer loop
      vertex 70.3 136.2054794520548 17.4
      vertex 82.3 136.2054794520548 17.4
      vertex 82.3 137 17.4
    endloop
  endfacet
  facet normal 0 0 1
    outer loop
      vertex 79.7 0.7945205479451998 17.4
      vertex 80.32702702702703 0 17.4
      vertex 91.7 0.7945205479451998 17.4
    endloop
  endfacet
  facet normal 0 0 1
    outer loop
      vertex 79.7 0.7945205479451998 17.4
      vertex 91.7 0.7945205479451998 17.4
      vertex 82.3 12.7054794520548 17.4
    endloop
  endfacet
  facet normal 0 0 1
    outer loop
      vertex 82.3 12.7054794520548 17.4
      vertex 91.7 16 17.4
      vertex 82.3 16 17.4
    endloop
  endfacet
  facet normal 0 0 1
    outer loop
      vertex 80.32702702702703 0 17.4
      vertex 91.7 0 17.4
      vertex 91.7 0.7945205479451998 17.4
    endloop
  endfacet
  facet normal 0 0 1
    outer loop
      vertex 82.3 12.7054794520548 17.4
      vertex 91.7 0.7945205479451998 17.4
      vertex 94.3 12.7054794520548 17.4
    endloop
  endfacet
  facet normal 0 0 1
    outer loop
      vertex 82.3 12.7054794520548 17.4
      vertex 94.3 12.7054794520548 17.4
      vertex 91.7 16 17.4
    endloop
  endfacet
  facet normal 0 1 0
    outer loop
      vertex 82.3 16 12
      vertex 83.95 16 15.05
      vertex 83.95 16 12
    endloop
  endfacet
  facet normal 0 1 0
    outer loop
      vertex 82.3 16 17.4
      vertex 83.95 16 15.05
      vertex 82.3 16 12
    endloop
  endfacet
  facet normal 0 1 0
    outer loop
      vertex 91.7 16 12
      vertex 90.05 16 12
      vertex 90.05 16 15.05
    endloop
  endfacet
  facet normal 0 1 0
    outer loop
      vertex 91.7 16 17.4
      vertex 91.7 16 12
      vertex 90.05 16 15.05
    endloop
  endfacet
  facet normal 0 1 0
    outer loop
      vertex 82.3 16 17.4
      vertex 91.7 16 17.4
      vertex 83.95 16 15.05
    endloop
  endfacet
  facet normal 0 1 0
    outer loop
      vertex 91.7 16 17.4
      vertex 90.05 16 15.05
      vertex 83.95 16 15.05
    endloop
  endfacet
  facet normal 0 -1 0
    outer loop
      vertex 82.3 121 12
      vertex 83.95 121 12
      vertex 83.95 121 15.05
    endloop
  endfacet
  facet normal 0 -1 0
    outer loop
      vertex 82.3 121 17.4
      vertex 82.3 121 12
      vertex 83.95 121 15.05
    endloop
  endfacet
  facet normal 0 -1 0
    outer loop
      vertex 91.7 121 12
      vertex 90.05 121 15.05
      vertex 90.05 121 12
    endloop
  endfacet
  facet normal 0 -1 0
    outer loop
      vertex 91.7 121 17.4
      vertex 90.05 121 15.05
      vertex 91.7 121 12
    endloop
  endfacet
  facet normal 0 -1 0
    outer loop
      vertex 82.3 121 17.4
      vertex 83.95 121 15.05
      vertex 90.05 121 15.05
    endloop
  endfacet
  facet normal 0 -1 0
    outer loop
      vertex 82.3 121 17.4
      vertex 90.05 121 15.05
      vertex 91.7 121 17.4
    endloop
  endfacet
  facet normal 0 0 1
    outer loop
      vertex 82.3 121 17.4
      vertex 91.7 124.2945205479452 17.4
      vertex 79.7 124.2945205479452 17.4
    endloop
  endfacet
  facet normal 0 0 1
    outer loop
      vertex 79.7 124.2945205479452 17.4
      vertex 91.7 124.2945205479452 17.4
      vertex 82.3 136.2054794520548 17.4
    endloop
  endfacet
  facet normal 0 0 1
    outer loop
      vertex 82.3 136.2054794520548 17.4
      vertex 93.67297297297297 137 17.4
      vertex 82.3 137 17.4
    endloop
  endfacet
  facet normal 0 0 1
    outer loop
      vertex 82.3 121 17.4
      vertex 91.7 121 17.4
      vertex 91.7 124.2945205479452 17.4
    endloop
  endfacet
  facet normal 0 0 1
    outer loop
      vertex 82.3 136.2054794520548 17.4
      vertex 91.7 124.2945205479452 17.4
      vertex 94.3 136.2054794520548 17.4
    endloop
  endfacet
  facet normal 0 0 1
    outer loop
      vertex 82.3 136.2054794520548 17.4
      vertex 94.3 136.2054794520548 17.4
      vertex 93.67297297297297 137 17.4
    endloop
  endfacet
  facet normal 0 1 0
    outer loop
      vertex 91.7 16 17.4
      vertex 95.95 16 12
      vertex 91.7 16 12
    endloop
  endfacet
  facet normal 0 0 1
    outer loop
      vertex 91.7 0 17.4
      vertex 103.7 0.7945205479451998 17.4
      vertex 91.7 0.7945205479451998 17.4
    endloop
  endfacet
  facet normal 0 0 1
    outer loop
      vertex 91.7 0.7945205479451998 17.4
      vertex 103.7 0.7945205479451998 17.4
      vertex 94.3 12.7054794520548 17.4
    endloop
  endfacet
  facet normal 0 0 1
    outer loop
      vertex 91.7 0 17.4
      vertex 104.32702702702703 0 17.4
      vertex 103.7 0.7945205479451998 17.4
    endloop
  endfacet
  facet normal 0 0 1
    outer loop
      vertex 91.7 16 17.4
      vertex 94.3 12.7054794520548 17.4
      vertex 106.3 16 17.4
    endloop
  endfacet
  facet normal 0 0 1
    outer loop
      vertex 94.3 12.7054794520548 17.4
      vertex 103.7 0.7945205479451998 17.4
      vertex 106.3 12.7054794520548 17.4
    endloop
  endfacet
  facet normal 0 0 1
    outer loop
      vertex 94.3 12.7054794520548 17.4
      vertex 106.3 12.7054794520548 17.4
      vertex 106.3 16 17.4
    endloop
  endfacet
  facet normal 0 1 0
    outer loop
      vertex 91.7 16 17.4
      vertex 95.95 16 15.05
      vertex 95.95 16 12
    endloop
  endfacet
  facet normal 0 1 0
    outer loop
      vertex 106.3 16 17.4
      vertex 106.3 16 12
      vertex 102.05 16 12
    endloop
  endfacet
  facet normal 0 1 0
    outer loop
      vertex 106.3 16 17.4
      vertex 102.05 16 12
      vertex 102.05 16 15.05
    endloop
  endfacet
  facet normal 0 1 0
    outer loop
      vertex 106.3 16 17.4
      vertex 102.05 16 15.05
      vertex 95.95 16 15.05
    endloop
  endfacet
  facet normal 0 1 0
    outer loop
      vertex 91.7 16 17.4
      vertex 106.3 16 17.4
      vertex 95.95 16 15.05
    endloop
  endfacet
  facet normal 0 -1 0
    outer loop
      vertex 91.7 121 17.4
      vertex 91.7 121 12
      vertex 95.95 121 12
    endloop
  endfacet
  facet normal 0 -1 0
    outer loop
      vertex 91.7 121 17.4
      vertex 95.95 121 12
      vertex 95.95 121 15.05
    endloop
  endfacet
  facet normal 0 -1 0
    outer loop
      vertex 106.3 121 17.4
      vertex 102.05 121 12
      vertex 106.3 121 12
    endloop
  endfacet
  facet normal 0 -1 0
    outer loop
      vertex 106.3 121 17.4
      vertex 102.05 121 15.05
      vertex 102.05 121 12
    endloop
  endfacet
  facet normal 0 -1 0
    outer loop
      vertex 91.7 121 17.4
      vertex 95.95 121 15.05
      vertex 102.05 121 15.05
    endloop
  endfacet
  facet normal 0 -1 0
    outer loop
      vertex 91.7 121 17.4
      vertex 102.05 121 15.05
      vertex 106.3 121 17.4
    endloop
  endfacet
  facet normal 0 0 1
    outer loop
      vertex 91.7 121 17.4
      vertex 103.7 124.2945205479452 17.4
      vertex 91.7 124.2945205479452 17.4
    endloop
  endfacet
  facet normal 0 0 1
    outer loop
      vertex 91.7 124.2945205479452 17.4
      vertex 103.7 124.2945205479452 17.4
      vertex 94.3 136.2054794520548 17.4
    endloop
  endfacet
  facet normal 0 0 1
    outer loop
      vertex 91.7 121 17.4
      vertex 106.3 121 17.4
      vertex 103.7 124.2945205479452 17.4
    endloop
  endfacet
  facet normal 0 0 1
    outer loop
      vertex 93.67297297297297 137 17.4
      vertex 94.3 136.2054794520548 17.4
      vertex 106.3 137 17.4
    endloop
  endfacet
  facet normal 0 0 1
    outer loop
      vertex 94.3 136.2054794520548 17.4
      vertex 103.7 124.2945205479452 17.4
      vertex 106.3 136.2054794520548 17.4
    endloop
  endfacet
  facet normal 0 0 1
    outer loop
      vertex 94.3 136.2054794520548 17.4
      vertex 106.3 136.2054794520548 17.4
      vertex 106.3 137 17.4
    endloop
  endfacet
  facet normal 0 0 1
    outer loop
      vertex 103.7 0.7945205479451998 17.4
      vertex 104.32702702702703 0 17.4
      vertex 106.3 12.7054794520548 17.4
    endloop
  endfacet
  facet normal 0 0 1
    outer loop
      vertex 104.32702702702703 0 17.4
      vertex 114.03323329854382 2.956192854956397 17.4
      vertex 106.3 12.7054794520548 17.4
    endloop
  endfacet
  facet normal 0 0 1
    outer loop
      vertex 106.3 12.7054794520548 17.4
      vertex 118.3 16 17.4
      vertex 106.3 16 17.4
    endloop
  endfacet
  facet normal 0 1 0
    outer loop
      vertex 106.3 16 12
      vertex 107.95 16 15.05
      vertex 107.95 16 12
    endloop
  endfacet
  facet normal 0 1 0
    outer loop
      vertex 106.3 16 17.4
      vertex 107.95 16 15.05
      vertex 106.3 16 12
    endloop
  endfacet
  facet normal 0 1 0
    outer loop
      vertex 106.3 16 17.4
      vertex 114.05 16 15.05
      vertex 107.95 16 15.05
    endloop
  endfacet
  facet normal 1 0 0
    outer loop
      vertex 118.3 0 17.4
      vertex 118.3 0 12
      vertex 118.3 1.0196630388445713 12
    endloop
  endfacet
  facet normal 1 0 0
    outer loop
      vertex 118.3 7.669920119750804 17.4
      vertex 118.3 4.330079880249196 12
      vertex 118.3 7.669920119750804 12
    endloop
  endfacet
  facet normal 1 0 0
    outer loop
      vertex 118.3 16 17.4
      vertex 118.3 10.980336961155428 12
      vertex 118.3 16 12
    endloop
  endfacet
  facet normal 1 0 0
    outer loop
      vertex 118.3 0 17.4
      vertex 118.3 1.0196630388445713 12
      vertex 118.3 1.0196630388445713 17.4
    endloop
  endfacet
  facet normal 1 0 0
    outer loop
      vertex 118.3 4.330079880249196 17.4
      vertex 118.3 4.330079880249196 12
      vertex 118.3 7.669920119750804 17.4
    endloop
  endfacet
  facet normal 0 0 1
    outer loop
      vertex 104.32702702702703 0 17.4
      vertex 114.46446609406726 2.4644660940672622 17.4
      vertex 114.03323329854382 2.956192854956397 17.4
    endloop
  endfacet
  facet normal 0 0 1
    outer loop
      vertex 104.32702702702703 0 17.4
      vertex 114.9561928549564 2.0332332985438244 17.4
      vertex 114.46446609406726 2.4644660940672622 17.4
    endloop
  endfacet
  facet normal 0 0 1
    outer loop
      vertex 104.32702702702703 0 17.4
      vertex 115.5 1.6698729810778072 17.4
      vertex 114.9561928549564 2.0332332985438244 17.4
    endloop
  endfacet
  facet normal 0 0 1
    outer loop
      vertex 104.32702702702703 0 17.4
      vertex 116.08658283817455 1.380602337443566 17.4
      vertex 115.5 1.6698729810778072 17.4
    endloop
  endfacet
  facet normal 0 0 1
    outer loop
      vertex 104.32702702702703 0 17.4
      vertex 116.7059047744874 1.1703708685546585 17.4
      vertex 116.08658283817455 1.380602337443566 17.4
    endloop
  endfacet
  facet normal 0 0 1
    outer loop
      vertex 104.32702702702703 0 17.4
      vertex 117.34736903889974 1.042775693130948 17.4
      vertex 116.7059047744874 1.1703708685546585 17.4
    endloop
  endfacet
  facet normal 0 0 1
    outer loop
      vertex 104.32702702702703 0 17.4
      vertex 118 1 17.4
      vertex 117.34736903889974 1.042775693130948 17.4
    endloop
  endfacet
  facet normal 0 0 1
    outer loop
      vertex 104.32702702702703 0 17.4
      vertex 118.3 0 17.4
      vertex 118 1 17.4
    endloop
  endfacet
  facet normal 0 0 1
    outer loop
      vertex 118.3 0 17.4
      vertex 118.3 1.0196630388445713 17.4
      vertex 118 1 17.4
    endloop
  endfacet
  facet normal 0 0 1
    outer loop
      vertex 116.6512993215049 4.965105570685175 17.4
      vertex 116.96510557068518 4.651299321504901 17.4
      vertex 116.52775681356646 5.15 17.4
    endloop
  endfacet
  facet normal 0 0 1
    outer loop
      vertex 116.52775681356646 5.15 17.4
      vertex 116.96510557068518 4.651299321504901 17.4
      vertex 117.15 4.527756813566454 17.4
    endloop
  endfacet
  facet normal 0 0 1
    outer loop
      vertex 116.6512993215049 4.965105570685175 17.4
      vertex 116.79791847198287 4.797918471982869 17.4
      vertex 116.96510557068518 4.651299321504901 17.4
    endloop
  endfacet
  facet normal 0 0 1
    outer loop
      vertex 116.35792609530858 5.560007623325715 17.4
      vertex 116.42940479473081 5.349438164979348 17.4
      vertex 117.34943816497935 4.429404794730813 17.4
    endloop
  endfacet
  facet normal 0 0 1
    outer loop
      vertex 116.52775681356646 5.15 17.4
      vertex 117.15 4.527756813566454 17.4
      vertex 116.42940479473081 5.349438164979348 17.4
    endloop
  endfacet
  facet normal 0 0 1
    outer loop
      vertex 116.35792609530858 5.560007623325715 17.4
      vertex 117.56000762332572 4.357926095308584 17.4
      vertex 116.31454373566453 5.778105473225913 17.4
    endloop
  endfacet
  facet normal 0 0 1
    outer loop
      vertex 117.15 4.527756813566454 17.4
      vertex 117.34943816497935 4.429404794730813 17.4
      vertex 116.42940479473081 5.349438164979348 17.4
    endloop
  endfacet
  facet normal 0 0 1
    outer loop
      vertex 116.35792609530858 5.560007623325715 17.4
      vertex 117.34943816497935 4.429404794730813 17.4
      vertex 117.56000762332572 4.357926095308584 17.4
    endloop
  endfacet
  facet normal 0 0 1
    outer loop
      vertex 116.31454373566453 5.778105473225913 17.4
      vertex 117.56000762332572 4.357926095308584 17.4
      vertex 116.3 6 17.4
    endloop
  endfacet
  facet normal 0 0 1
    outer loop
      vertex 116.3 6 17.4
      vertex 117.56000762332572 4.357926095308584 17.4
      vertex 116.31454373566453 6.221894526774087 17.4
    endloop
  endfacet
  facet normal 0 0 1
    outer loop
      vertex 116.31454373566453 6.221894526774087 17.4
      vertex 117.56000762332572 4.357926095308584 17.4
      vertex 116.35792609530858 6.439992376674285 17.4
    endloop
  endfacet
  facet normal 0 0 1
    outer loop
      vertex 117.56000762332572 4.357926095308584 17.4
      vertex 116.42940479473081 6.650561835020652 17.4
      vertex 116.35792609530858 6.439992376674285 17.4
    endloop
  endfacet
  facet normal 0 0 1
    outer loop
      vertex 117.56000762332572 4.357926095308584 17.4
      vertex 116.52775681356646 6.85 17.4
      vertex 116.42940479473081 6.650561835020652 17.4
    endloop
  endfacet
  facet normal 0 0 1
    outer loop
      vertex 117.56000762332572 4.357926095308584 17.4
      vertex 116.6512993215049 7.034894429314825 17.4
      vertex 116.52775681356646 6.85 17.4
    endloop
  endfacet
  facet normal 0 0 1
    outer loop
      vertex 117.56000762332572 4.357926095308584 17.4
      vertex 116.79791847198287 7.202081528017131 17.4
      vertex 116.6512993215049 7.034894429314825 17.4
    endloop
  endfacet
  facet normal 0 0 1
    outer loop
      vertex 117.56000762332572 4.357926095308584 17.4
      vertex 116.96510557068518 7.348700678495099 17.4
      vertex 116.79791847198287 7.202081528017131 17.4
    endloop
  endfacet
  facet normal 0 0 1
    outer loop
      vertex 117.56000762332572 4.357926095308584 17.4
      vertex 117.7781054732259 4.314543735664523 17.4
      vertex 118.3 7.669920119750804 17.4
    endloop
  endfacet
  facet normal 0 0 1
    outer loop
      vertex 117.7781054732259 4.314543735664523 17.4
      vertex 118 4.3 17.4
      vertex 118.3 7.669920119750804 17.4
    endloop
  endfacet
  facet normal 0 0 1
    outer loop
      vertex 118 4.3 17.4
      vertex 118.2218945267741 4.314543735664523 17.4
      vertex 118.3 7.669920119750804 17.4
    endloop
  endfacet
  facet normal 0 0 1
    outer loop
      vertex 118.2218945267741 4.314543735664523 17.4
      vertex 118.3 4.330079880249196 17.4
      vertex 118.3 7.669920119750804 17.4
    endloop
  endfacet
  facet normal 1 0 0
    outer loop
      vertex 118.3 10.980336961155428 17.4
      vertex 118.3 10.980336961155428 12
      vertex 118.3 16 17.4
    endloop
  endfacet
  facet normal 0 0 1
    outer loop
      vertex 106.3 12.7054794520548 17.4
      vertex 113.6698729810778 3.5 17.4
      vertex 113.38060233744356 4.086582838174551 17.4
    endloop
  endfacet
  facet normal 0 0 1
    outer loop
      vertex 106.3 12.7054794520548 17.4
      vertex 114.03323329854382 2.956192854956397 17.4
      vertex 113.6698729810778 3.5 17.4
    endloop
  endfacet
  facet normal 0 0 1
    outer loop
      vertex 106.3 12.7054794520548 17.4
      vertex 113.38060233744356 4.086582838174551 17.4
      vertex 113.17037086855466 4.705904774487396 17.4
    endloop
  endfacet
  facet normal 0 0 1
    outer loop
      vertex 106.3 12.7054794520548 17.4
      vertex 113.17037086855466 4.705904774487396 17.4
      vertex 113.04277569313095 5.347369038899743 17.4
    endloop
  endfacet
  facet normal 0 0 1
    outer loop
      vertex 106.3 12.7054794520548 17.4
      vertex 113.04277569313095 5.347369038899743 17.4
      vertex 113 6 17.4
    endloop
  endfacet
  facet normal 0 0 1
    outer loop
      vertex 106.3 12.7054794520548 17.4
      vertex 113 6 17.4
      vertex 113.04277569313095 6.652630961100257 17.4
    endloop
  endfacet
  facet normal 0 0 1
    outer loop
      vertex 106.3 12.7054794520548 17.4
      vertex 113.04277569313095 6.652630961100257 17.4
      vertex 113.17037086855466 7.294095225512604 17.4
    endloop
  endfacet
  facet normal 0 0 1
    outer loop
      vertex 106.3 12.7054794520548 17.4
      vertex 113.17037086855466 7.294095225512604 17.4
      vertex 113.38060233744356 7.913417161825449 17.4
    endloop
  endfacet
  facet normal 0 0 1
    outer loop
      vertex 106.3 12.7054794520548 17.4
      vertex 113.38060233744356 7.913417161825449 17.4
      vertex 113.6698729810778 8.5 17.4
    endloop
  endfacet
  facet normal 0 0 1
    outer loop
      vertex 106.3 12.7054794520548 17.4
      vertex 113.6698729810778 8.5 17.4
      vertex 114.03323329854382 9.043807145043603 17.4
    endloop
  endfacet
  facet normal 0 0 1
    outer loop
      vertex 106.3 12.7054794520548 17.4
      vertex 114.03323329854382 9.043807145043603 17.4
      vertex 114.46446609406726 9.535533905932738 17.4
    endloop
  endfacet
  facet normal 0 0 1
    outer loop
      vertex 106.3 12.7054794520548 17.4
      vertex 114.46446609406726 9.535533905932738 17.4
      vertex 114.9561928549564 9.966766701456176 17.4
    endloop
  endfacet
  facet normal 0 0 1
    outer loop
      vertex 106.3 12.7054794520548 17.4
      vertex 114.9561928549564 9.966766701456176 17.4
      vertex 115.5 10.330127018922193 17.4
    endloop
  endfacet
  facet normal 0 0 1
    outer loop
      vertex 106.3 12.7054794520548 17.4
      vertex 115.5 10.330127018922193 17.4
      vertex 116.08658283817455 10.619397662556434 17.4
    endloop
  endfacet
  facet normal 0 0 1
    outer loop
      vertex 106.3 12.7054794520548 17.4
      vertex 116.08658283817455 10.619397662556434 17.4
      vertex 116.7059047744874 10.82962913144534 17.4
    endloop
  endfacet
  facet normal 0 0 1
    outer loop
      vertex 106.3 12.7054794520548 17.4
      vertex 116.7059047744874 10.82962913144534 17.4
      vertex 118.3 16 17.4
    endloop
  endfacet
  facet normal 0 0 1
    outer loop
      vertex 117.56000762332572 4.357926095308584 17.4
      vertex 117.15 7.472243186433546 17.4
      vertex 116.96510557068518 7.348700678495099 17.4
    endloop
  endfacet
  facet normal 0 0 1
    outer loop
      vertex 117.56000762332572 4.357926095308584 17.4
      vertex 117.34943816497935 7.570595205269187 17.4
      vertex 117.15 7.472243186433546 17.4
    endloop
  endfacet
  facet normal 0 0 1
    outer loop
      vertex 117.56000762332572 4.357926095308584 17.4
      vertex 117.56000762332572 7.642073904691416 17.4
      vertex 117.34943816497935 7.570595205269187 17.4
    endloop
  endfacet
  facet normal 0 0 1
    outer loop
      vertex 117.56000762332572 4.357926095308584 17.4
      vertex 117.7781054732259 7.685456264335477 17.4
      vertex 117.56000762332572 7.642073904691416 17.4
    endloop
  endfacet
  facet normal 0 0 1
    outer loop
      vertex 117.56000762332572 4.357926095308584 17.4
      vertex 118 7.7 17.4
      vertex 117.7781054732259 7.685456264335477 17.4
    endloop
  endfacet
  facet normal 0 0 1
    outer loop
      vertex 117.56000762332572 4.357926095308584 17.4
      vertex 118.2218945267741 7.685456264335477 17.4
      vertex 118 7.7 17.4
    endloop
  endfacet
  facet normal 0 0 1
    outer loop
      vertex 117.56000762332572 4.357926095308584 17.4
      vertex 118.3 7.669920119750804 17.4
      vertex 118.2218945267741 7.685456264335477 17.4
    endloop
  endfacet
  facet normal 0 0 1
    outer loop
      vertex 116.7059047744874 10.82962913144534 17.4
      vertex 117.34736903889974 10.957224306869051 17.4
      vertex 118.3 16 17.4
    endloop
  endfacet
  facet normal 0 0 1
    outer loop
      vertex 117.34736903889974 10.957224306869051 17.4
      vertex 118 11 17.4
      vertex 118.3 16 17.4
    endloop
  endfacet
  facet normal 0 0 1
    outer loop
      vertex 118 11 17.4
      vertex 118.3 10.980336961155428 17.4
      vertex 118.3 16 17.4
    endloop
  endfacet
  facet normal 0 1 0
    outer loop
      vertex 118.3 16 17.4
      vertex 118.3 16 12
      vertex 114.05 16 12
    endloop
  endfacet
  facet normal 0 1 0
    outer loop
      vertex 118.3 16 17.4
      vertex 114.05 16 12
      vertex 114.05 16 15.05
    endloop
  endfacet
  facet normal 0 1 0
    outer loop
      vertex 106.3 16 17.4
      vertex 118.3 16 17.4
      vertex 114.05 16 15.05
    endloop
  endfacet
  facet normal 0 -1 0
    outer loop
      vertex 106.3 121 12
      vertex 107.95 121 12
      vertex 107.95 121 15.05
    endloop
  endfacet
  facet normal 0 -1 0
    outer loop
      vertex 106.3 121 17.4
      vertex 106.3 121 12
      vertex 107.95 121 15.05
    endloop
  endfacet
  facet normal 0 -1 0
    outer loop
      vertex 106.3 121 17.4
      vertex 107.95 121 15.05
      vertex 114.05 121 15.05
    endloop
  endfacet
  facet normal 0 0 1
    outer loop
      vertex 106.3 121 17.4
      vertex 118.3 121 17.4
      vertex 103.7 124.2945205479452 17.4
    endloop
  endfacet
  facet normal 0 0 1
    outer loop
      vertex 103.7 124.2945205479452 17.4
      vertex 118.3 121 17.4
      vertex 106.3 136.2054794520548 17.4
    endloop
  endfacet
  facet normal 0 0 1
    outer loop
      vertex 106.3 136.2054794520548 17.4
      vertex 113.17037086855466 132.2940952255126 17.4
      vertex 106.3 137 17.4
    endloop
  endfacet
  facet normal 0 -1 0
    outer loop
      vertex 118.3 121 17.4
      vertex 114.05 121 12
      vertex 118.3 121 12
    endloop
  endfacet
  facet normal 0 -1 0
    outer loop
      vertex 118.3 121 17.4
      vertex 114.05 121 15.05
      vertex 114.05 121 12
    endloop
  endfacet
  facet normal 0 -1 0
    outer loop
      vertex 106.3 121 17.4
      vertex 114.05 121 15.05
      vertex 118.3 121 17.4
    endloop
  endfacet
  facet normal 1 0 0
    outer loop
      vertex 118.3 121 17.4
      vertex 118.3 121 12
      vertex 118.3 126.01966303884457 12
    endloop
  endfacet
  facet normal 1 0 0
    outer loop
      vertex 118.3 132.6699201197508 17.4
      vertex 118.3 129.3300798802492 12
      vertex 118.3 132.6699201197508 12
    endloop
  endfacet
  facet normal 1 0 0
    outer loop
      vertex 118.3 135.98033696115542 17.4
      vertex 118.3 135.98033696115542 12
      vertex 118.3 137 12
    endloop
  endfacet
  facet normal 1 0 0
    outer loop
      vertex 118.3 121 17.4
      vertex 118.3 126.01966303884457 12
      vertex 118.3 126.01966303884457 17.4
    endloop
  endfacet
  facet normal 1 0 0
    outer loop
      vertex 118.3 129.3300798802492 17.4
      vertex 118.3 129.3300798802492 12
      vertex 118.3 132.6699201197508 17.4
    endloop
  endfacet
  facet normal 0 0 1
    outer loop
      vertex 106.3 136.2054794520548 17.4
      vertex 114.46446609406726 127.46446609406726 17.4
      vertex 114.03323329854382 127.9561928549564 17.4
    endloop
  endfacet
  facet normal 0 0 1
    outer loop
      vertex 106.3 136.2054794520548 17.4
      vertex 118.3 121 17.4
      vertex 114.46446609406726 127.46446609406726 17.4
    endloop
  endfacet
  facet normal 0 0 1
    outer loop
      vertex 118.3 121 17.4
      vertex 115.5 126.6698729810778 17.4
      vertex 114.9561928549564 127.03323329854382 17.4
    endloop
  endfacet
  facet normal 0 0 1
    outer loop
      vertex 118.3 121 17.4
      vertex 114.9561928549564 127.03323329854382 17.4
      vertex 114.46446609406726 127.46446609406726 17.4
    endloop
  endfacet
  facet normal 0 0 1
    outer loop
      vertex 118.3 121 17.4
      vertex 116.08658283817455 126.38060233744356 17.4
      vertex 115.5 126.6698729810778 17.4
    endloop
  endfacet
  facet normal 0 0 1
    outer loop
      vertex 118.3 121 17.4
      vertex 116.7059047744874 126.17037086855466 17.4
      vertex 116.08658283817455 126.38060233744356 17.4
    endloop
  endfacet
  facet normal 0 0 1
    outer loop
      vertex 118.3 121 17.4
      vertex 117.34736903889974 126.04277569313095 17.4
      vertex 116.7059047744874 126.17037086855466 17.4
    endloop
  endfacet
  facet normal 0 0 1
    outer loop
      vertex 118.3 121 17.4
      vertex 118 126 17.4
      vertex 117.34736903889974 126.04277569313095 17.4
    endloop
  endfacet
  facet normal 0 0 1
    outer loop
      vertex 118.3 121 17.4
      vertex 118.3 126.01966303884457 17.4
      vertex 118 126 17.4
    endloop
  endfacet
  facet normal 0 0 1
    outer loop
      vertex 116.52775681356646 130.15 17.4
      vertex 116.96510557068518 129.6512993215049 17.4
      vertex 117.15 129.52775681356644 17.4
    endloop
  endfacet
  facet normal 0 0 1
    outer loop
      vertex 116.6512993215049 129.96510557068518 17.4
      vertex 116.96510557068518 129.6512993215049 17.4
      vertex 116.52775681356646 130.15 17.4
    endloop
  endfacet
  facet normal 0 0 1
    outer loop
      vertex 116.52775681356646 130.15 17.4
      vertex 117.15 129.52775681356644 17.4
      vertex 116.42940479473081 130.34943816497935 17.4
    endloop
  endfacet
  facet normal 0 0 1
    outer loop
      vertex 116.6512993215049 129.96510557068518 17.4
      vertex 116.79791847198287 129.79791847198288 17.4
      vertex 116.96510557068518 129.6512993215049 17.4
    endloop
  endfacet
  facet normal 0 0 1
    outer loop
      vertex 116.35792609530858 130.5600076233257 17.4
      vertex 116.42940479473081 130.34943816497935 17.4
      vertex 117.34943816497935 129.4294047947308 17.4
    endloop
  endfacet
  facet normal 0 0 1
    outer loop
      vertex 116.35792609530858 130.5600076233257 17.4
      vertex 117.56000762332572 129.35792609530858 17.4
      vertex 116.31454373566453 130.7781054732259 17.4
    endloop
  endfacet
  facet normal 0 0 1
    outer loop
      vertex 117.56000762332572 129.35792609530858 17.4
      vertex 116.3 131 17.4
      vertex 116.31454373566453 130.7781054732259 17.4
    endloop
  endfacet
  facet normal 0 0 1
    outer loop
      vertex 117.56000762332572 129.35792609530858 17.4
      vertex 116.31454373566453 131.2218945267741 17.4
      vertex 116.3 131 17.4
    endloop
  endfacet
  facet normal 0 0 1
    outer loop
      vertex 117.34943816497935 129.4294047947308 17.4
      vertex 116.42940479473081 130.34943816497935 17.4
      vertex 117.15 129.52775681356644 17.4
    endloop
  endfacet
  facet normal 0 0 1
    outer loop
      vertex 116.35792609530858 130.5600076233257 17.4
      vertex 117.34943816497935 129.4294047947308 17.4
      vertex 117.56000762332572 129.35792609530858 17.4
    endloop
  endfacet
  facet normal 0 0 1
    outer loop
      vertex 117.56000762332572 129.35792609530858 17.4
      vertex 117.7781054732259 129.31454373566453 17.4
      vertex 118.3 132.6699201197508 17.4
    endloop
  endfacet
  facet normal 0 0 1
    outer loop
      vertex 117.7781054732259 129.31454373566453 17.4
      vertex 118 129.3 17.4
      vertex 118.3 132.6699201197508 17.4
    endloop
  endfacet
  facet normal 0 0 1
    outer loop
      vertex 118 129.3 17.4
      vertex 118.2218945267741 129.31454373566453 17.4
      vertex 118.3 132.6699201197508 17.4
    endloop
  endfacet
  facet normal 0 0 1
    outer loop
      vertex 118.2218945267741 129.31454373566453 17.4
      vertex 118.3 129.3300798802492 17.4
      vertex 118.3 132.6699201197508 17.4
    endloop
  endfacet
  facet normal 1 0 0
    outer loop
      vertex 118.3 135.98033696115542 17.4
      vertex 118.3 137 12
      vertex 118.3 137 17.4
    endloop
  endfacet
  facet normal 0 0 1
    outer loop
      vertex 106.3 136.2054794520548 17.4
      vertex 114.03323329854382 127.9561928549564 17.4
      vertex 113.6698729810778 128.5 17.4
    endloop
  endfacet
  facet normal 0 0 1
    outer loop
      vertex 106.3 136.2054794520548 17.4
      vertex 113.6698729810778 128.5 17.4
      vertex 113.38060233744356 129.08658283817456 17.4
    endloop
  endfacet
  facet normal 0 0 1
    outer loop
      vertex 106.3 136.2054794520548 17.4
      vertex 113.38060233744356 129.08658283817456 17.4
      vertex 113.17037086855466 129.7059047744874 17.4
    endloop
  endfacet
  facet normal 0 0 1
    outer loop
      vertex 106.3 136.2054794520548 17.4
      vertex 113.17037086855466 129.7059047744874 17.4
      vertex 113.04277569313095 130.34736903889973 17.4
    endloop
  endfacet
  facet normal 0 0 1
    outer loop
      vertex 106.3 136.2054794520548 17.4
      vertex 113.04277569313095 130.34736903889973 17.4
      vertex 113 131 17.4
    endloop
  endfacet
  facet normal 0 0 1
    outer loop
      vertex 106.3 136.2054794520548 17.4
      vertex 113 131 17.4
      vertex 113.04277569313095 131.65263096110027 17.4
    endloop
  endfacet
  facet normal 0 0 1
    outer loop
      vertex 106.3 136.2054794520548 17.4
      vertex 113.04277569313095 131.65263096110027 17.4
      vertex 113.17037086855466 132.2940952255126 17.4
    endloop
  endfacet
  facet normal 0 0 1
    outer loop
      vertex 106.3 137 17.4
      vertex 113.17037086855466 132.2940952255126 17.4
      vertex 113.38060233744356 132.91341716182544 17.4
    endloop
  endfacet
  facet normal 0 0 1
    outer loop
      vertex 106.3 137 17.4
      vertex 113.38060233744356 132.91341716182544 17.4
      vertex 113.6698729810778 133.5 17.4
    endloop
  endfacet
  facet normal 0 0 1
    outer loop
      vertex 106.3 137 17.4
      vertex 113.6698729810778 133.5 17.4
      vertex 114.03323329854382 134.04380714504362 17.4
    endloop
  endfacet
  facet normal 0 0 1
    outer loop
      vertex 106.3 137 17.4
      vertex 114.03323329854382 134.04380714504362 17.4
      vertex 114.46446609406726 134.53553390593274 17.4
    endloop
  endfacet
  facet normal 0 0 1
    outer loop
      vertex 106.3 137 17.4
      vertex 114.46446609406726 134.53553390593274 17.4
      vertex 114.9561928549564 134.96676670145618 17.4
    endloop
  endfacet
  facet normal 0 0 1
    outer loop
      vertex 106.3 137 17.4
      vertex 114.9561928549564 134.96676670145618 17.4
      vertex 115.5 135.33012701892218 17.4
    endloop
  endfacet
  facet normal 0 0 1
    outer loop
      vertex 106.3 137 17.4
      vertex 115.5 135.33012701892218 17.4
      vertex 116.08658283817455 135.61939766255642 17.4
    endloop
  endfacet
  facet normal 0 0 1
    outer loop
      vertex 106.3 137 17.4
      vertex 116.08658283817455 135.61939766255642 17.4
      vertex 116.7059047744874 135.82962913144533 17.4
    endloop
  endfacet
  facet normal 0 0 1
    outer loop
      vertex 106.3 137 17.4
      vertex 116.7059047744874 135.82962913144533 17.4
      vertex 117.34736903889974 135.95722430686905 17.4
    endloop
  endfacet
  facet normal 0 0 1
    outer loop
      vertex 106.3 137 17.4
      vertex 117.34736903889974 135.95722430686905 17.4
      vertex 118.3 137 17.4
    endloop
  endfacet
  facet normal 0 0 1
    outer loop
      vertex 117.56000762332572 129.35792609530858 17.4
      vertex 116.35792609530858 131.4399923766743 17.4
      vertex 116.31454373566453 131.2218945267741 17.4
    endloop
  endfacet
  facet normal 0 0 1
    outer loop
      vertex 117.56000762332572 129.35792609530858 17.4
      vertex 116.42940479473081 131.65056183502065 17.4
      vertex 116.35792609530858 131.4399923766743 17.4
    endloop
  endfacet
  facet normal 0 0 1
    outer loop
      vertex 117.56000762332572 129.35792609530858 17.4
      vertex 116.52775681356646 131.85 17.4
      vertex 116.42940479473081 131.65056183502065 17.4
    endloop
  endfacet
  facet normal 0 0 1
    outer loop
      vertex 117.56000762332572 129.35792609530858 17.4
      vertex 116.6512993215049 132.03489442931482 17.4
      vertex 116.52775681356646 131.85 17.4
    endloop
  endfacet
  facet normal 0 0 1
    outer loop
      vertex 117.56000762332572 129.35792609530858 17.4
      vertex 116.79791847198287 132.20208152801712 17.4
      vertex 116.6512993215049 132.03489442931482 17.4
    endloop
  endfacet
  facet normal 0 0 1
    outer loop
      vertex 117.56000762332572 129.35792609530858 17.4
      vertex 116.96510557068518 132.3487006784951 17.4
      vertex 116.79791847198287 132.20208152801712 17.4
    endloop
  endfacet
  facet normal 0 0 1
    outer loop
      vertex 117.56000762332572 129.35792609530858 17.4
      vertex 117.15 132.47224318643356 17.4
      vertex 116.96510557068518 132.3487006784951 17.4
    endloop
  endfacet
  facet normal 0 0 1
    outer loop
      vertex 117.56000762332572 129.35792609530858 17.4
      vertex 117.34943816497935 132.5705952052692 17.4
      vertex 117.15 132.47224318643356 17.4
    endloop
  endfacet
  facet normal 0 0 1
    outer loop
      vertex 117.56000762332572 129.35792609530858 17.4
      vertex 117.56000762332572 132.64207390469142 17.4
      vertex 117.34943816497935 132.5705952052692 17.4
    endloop
  endfacet
  facet normal 0 0 1
    outer loop
      vertex 117.56000762332572 129.35792609530858 17.4
      vertex 117.7781054732259 132.68545626433547 17.4
      vertex 117.56000762332572 132.64207390469142 17.4
    endloop
  endfacet
  facet normal 0 0 1
    outer loop
      vertex 117.56000762332572 129.35792609530858 17.4
      vertex 118 132.7 17.4
      vertex 117.7781054732259 132.68545626433547 17.4
    endloop
  endfacet
  facet normal 0 0 1
    outer loop
      vertex 117.56000762332572 129.35792609530858 17.4
      vertex 118.2218945267741 132.68545626433547 17.4
      vertex 118 132.7 17.4
    endloop
  endfacet
  facet normal 0 0 1
    outer loop
      vertex 117.56000762332572 129.35792609530858 17.4
      vertex 118.3 132.6699201197508 17.4
      vertex 118.2218945267741 132.68545626433547 17.4
    endloop
  endfacet
  facet normal 0 0 1
    outer loop
      vertex 117.34736903889974 135.95722430686905 17.4
      vertex 118 136 17.4
      vertex 118.3 137 17.4
    endloop
  endfacet
  facet normal 0 0 1
    outer loop
      vertex 118 136 17.4
      vertex 118.3 135.98033696115542 17.4
      vertex 118.3 137 17.4
    endloop
  endfacet
  facet normal 0.06540312923010998 0.9978589232386056 0
    outer loop
      vertex 118.3 135.98033696115542 17.4
      vertex 118.65263096110026 135.95722430686905 12
      vertex 118.3 135.98033696115542 12
    endloop
  endfacet
  facet normal 0.06540312923015003 -0.997858923238603 0
    outer loop
      vertex 118.3 126.01966303884457 17.4
      vertex 118.3 126.01966303884457 12
      vertex 118.65263096110026 126.04277569313095 34
    endloop
  endfacet
  facet normal 0.06540312923008125 0.9978589232386077 -1.8854767010643523e-15
    outer loop
      vertex 118.3 135.98033696115542 17.4
      vertex 118 136 34
      vertex 118.65263096110026 135.95722430686905 12
    endloop
  endfacet
  facet normal 0.06540312923015003 -0.9978589232386031 0
    outer loop
      vertex 118.65263096110026 126.04277569313095 34
      vertex 118.3 126.01966303884457 12
      vertex 118.65263096110026 126.04277569313095 12
    endloop
  endfacet
  facet normal 0.1950903220161221 -0.9807852804032318 0
    outer loop
      vertex 119.2940952255126 126.17037086855466 34
      vertex 118.65263096110026 126.04277569313095 12
      vertex 119.2940952255126 126.17037086855466 12
    endloop
  endfacet
  facet normal 0.3214394653031609 -0.9469301294951059 0
    outer loop
      vertex 119.91341716182545 126.38060233744356 34
      vertex 119.2940952255126 126.17037086855466 12
      vertex 119.91341716182545 126.38060233744356 12
    endloop
  endfacet
  facet normal 0.44228869021900047 -0.8968727415326887 0
    outer loop
      vertex 120.5 126.6698729810778 34
      vertex 119.91341716182545 126.38060233744356 12
      vertex 120.5 126.6698729810778 12
    endloop
  endfacet
  facet normal 0.5555702330196042 -0.8314696123025438 0
    outer loop
      vertex 121.0438071450436 127.03323329854382 34
      vertex 120.5 126.6698729810778 12
      vertex 121.0438071450436 127.03323329854382 12
    endloop
  endfacet
  facet normal 0.6593458151000708 -0.7518398074789756 0
    outer loop
      vertex 121.53553390593274 127.46446609406726 34
      vertex 121.0438071450436 127.03323329854382 12
      vertex 121.53553390593274 127.46446609406726 12
    endloop
  endfacet
  facet normal 0.7518398074789756 -0.6593458151000708 0
    outer loop
      vertex 121.53553390593274 127.46446609406726 34
      vertex 121.53553390593274 127.46446609406726 12
      vertex 121.96676670145618 127.9561928549564 12
    endloop
  endfacet
  facet normal 0.8314696123025438 -0.5555702330196042 0
    outer loop
      vertex 121.96676670145618 127.9561928549564 34
      vertex 121.96676670145618 127.9561928549564 12
      vertex 122.3301270189222 128.5 12
    endloop
  endfacet
  facet normal 0.8968727415326929 -0.4422886902189918 0
    outer loop
      vertex 122.3301270189222 128.5 34
      vertex 122.3301270189222 128.5 12
      vertex 122.61939766255644 129.08658283817456 12
    endloop
  endfacet
  facet normal 0.9469301294951059 -0.3214394653031609 0
    outer loop
      vertex 122.61939766255644 129.08658283817456 34
      vertex 122.61939766255644 129.08658283817456 12
      vertex 122.82962913144534 129.7059047744874 12
    endloop
  endfacet
  facet normal 0.98078528040323 -0.19509032201613039 0
    outer loop
      vertex 122.82962913144534 129.7059047744874 34
      vertex 122.82962913144534 129.7059047744874 12
      vertex 122.95722430686905 130.34736903889973 12
    endloop
  endfacet
  facet normal 0.9978589232386036 -0.0654031292301431 0
    outer loop
      vertex 122.95722430686905 130.34736903889973 34
      vertex 122.95722430686905 130.34736903889973 12
      vertex 123 131 12
    endloop
  endfacet
  facet normal 0.6593458151000708 0.7518398074789756 0
    outer loop
      vertex 121.0438071450436 134.96676670145618 34
      vertex 121.53553390593274 134.53553390593274 12
      vertex 121.0438071450436 134.96676670145618 12
    endloop
  endfacet
  facet normal 0.8314696123025507 0.5555702330195943 0
    outer loop
      vertex 122.3301270189222 133.5 34
      vertex 122.3301270189222 133.5 12
      vertex 121.96676670145618 134.04380714504362 12
    endloop
  endfacet
  facet normal 0.7518398074789662 0.6593458151000816 0
    outer loop
      vertex 121.96676670145618 134.04380714504362 34
      vertex 121.96676670145618 134.04380714504362 12
      vertex 121.53553390593274 134.53553390593274 12
    endloop
  endfacet
  facet normal 0.19509032201614296 0.9807852804032274 0
    outer loop
      vertex 118.65263096110026 135.95722430686905 34
      vertex 119.2940952255126 135.82962913144533 12
      vertex 118.65263096110026 135.95722430686905 12
    endloop
  endfacet
  facet normal 0.3214394653031609 0.9469301294951059 0
    outer loop
      vertex 119.2940952255126 135.82962913144533 34
      vertex 119.91341716182545 135.61939766255642 12
      vertex 119.2940952255126 135.82962913144533 12
    endloop
  endfacet
  facet normal 0.44228869021900047 0.8968727415326887 0
    outer loop
      vertex 119.91341716182545 135.61939766255642 34
      vertex 120.5 135.33012701892218 12
      vertex 119.91341716182545 135.61939766255642 12
    endloop
  endfacet
  facet normal 0.5555702330195892 0.8314696123025539 0
    outer loop
      vertex 120.5 135.33012701892218 34
      vertex 121.0438071450436 134.96676670145618 12
      vertex 120.5 135.33012701892218 12
    endloop
  endfacet
  facet normal 0.9978589232386036 0.0654031292301431 0
    outer loop
      vertex 123 131 34
      vertex 123 131 12
      vertex 122.95722430686905 131.65263096110027 12
    endloop
  endfacet
  facet normal 0.98078528040323 0.19509032201613039 0
    outer loop
      vertex 122.95722430686905 131.65263096110027 34
      vertex 122.95722430686905 131.65263096110027 12
      vertex 122.82962913144534 132.2940952255126 12
    endloop
  endfacet
  facet normal 0.9469301294951059 0.3214394653031609 0
    outer loop
      vertex 122.82962913144534 132.2940952255126 34
      vertex 122.82962913144534 132.2940952255126 12
      vertex 122.61939766255644 132.91341716182544 12
    endloop
  endfacet
  facet normal 0.8968727415326929 0.4422886902189918 0
    outer loop
      vertex 122.61939766255644 132.91341716182544 34
      vertex 122.61939766255644 132.91341716182544 12
      vertex 122.3301270189222 133.5 12
    endloop
  endfacet
  facet normal -0.8314696123025439 -0.5555702330196042 -3.005622696981682e-19
    outer loop
      vertex 114.03323329854382 127.9561928549564 17.4
      vertex 113.6698729810778 128.5 34
      vertex 113.6698729810778 128.5 17.4
    endloop
  endfacet
  facet normal -0.7518398074789757 -0.6593458151000708 0
    outer loop
      vertex 114.03323329854382 127.9561928549564 17.4
      vertex 114.46446609406726 127.46446609406726 17.4
      vertex 114.03323329854382 127.9561928549564 34
    endloop
  endfacet
  facet normal -0.9469301294951059 -0.32143946530316087 7.530883293317929e-19
    outer loop
      vertex 113.38060233744356 129.08658283817456 17.4
      vertex 113.17037086855466 129.7059047744874 34
      vertex 113.17037086855466 129.7059047744874 17.4
    endloop
  endfacet
  facet normal -0.98078528040323 -0.19509032201613036 2.4890850816190835e-19
    outer loop
      vertex 113.17037086855466 129.7059047744874 17.4
      vertex 113.04277569313095 130.34736903889973 34
      vertex 113.04277569313095 130.34736903889973 17.4
    endloop
  endfacet
  facet normal -0.8968727415326929 -0.44228869021899175 0
    outer loop
      vertex 113.38060233744356 129.08658283817456 17.4
      vertex 113.6698729810778 128.5 17.4
      vertex 113.38060233744356 129.08658283817456 34
    endloop
  endfacet
  facet normal -0.19509032201612206 -0.9807852804032317 0
    outer loop
      vertex 116.7059047744874 126.17037086855466 17.4
      vertex 117.34736903889974 126.04277569313095 17.4
      vertex 116.7059047744874 126.17037086855466 34
    endloop
  endfacet
  facet normal -0.06540312923014452 -0.9978589232386034 0
    outer loop
      vertex 117.34736903889974 126.04277569313095 17.4
      vertex 118 126 17.4
      vertex 117.34736903889974 126.04277569313095 34
    endloop
  endfacet
  facet normal 0.06540312923013805 -0.9978589232386038 0
    outer loop
      vertex 118 126 17.4
      vertex 118.3 126.01966303884457 17.4
      vertex 118 126 34
    endloop
  endfacet
  facet normal -0.5555702330196042 -0.8314696123025439 0
    outer loop
      vertex 114.9561928549564 127.03323329854382 17.4
      vertex 115.5 126.6698729810778 17.4
      vertex 114.9561928549564 127.03323329854382 34
    endloop
  endfacet
  facet normal -0.6593458151000708 -0.7518398074789757 3.8031174400859127e-19
    outer loop
      vertex 114.9561928549564 127.03323329854382 17.4
      vertex 114.46446609406726 127.46446609406726 34
      vertex 114.46446609406726 127.46446609406726 17.4
    endloop
  endfacet
  facet normal -0.44228869021900047 -0.8968727415326887 0
    outer loop
      vertex 115.5 126.6698729810778 17.4
      vertex 116.08658283817455 126.38060233744356 17.4
      vertex 115.5 126.6698729810778 34
    endloop
  endfacet
  facet normal -0.32143946530316087 -0.9469301294951059 7.530883293317929e-19
    outer loop
      vertex 116.7059047744874 126.17037086855466 17.4
      vertex 116.08658283817455 126.38060233744356 34
      vertex 116.08658283817455 126.38060233744356 17.4
    endloop
  endfacet
  facet normal -0.9978589232386036 -0.06540312923014312 -1.384740576993918e-19
    outer loop
      vertex 113.04277569313095 130.34736903889973 17.4
      vertex 113 131 34
      vertex 113 131 17.4
    endloop
  endfacet
  facet normal -0.9978589232386036 0.06540312923014312 1.384740576993918e-19
    outer loop
      vertex 113 131 17.4
      vertex 113.04277569313095 131.65263096110027 34
      vertex 113.04277569313095 131.65263096110027 17.4
    endloop
  endfacet
  facet normal -0.98078528040323 0.19509032201613036 -2.4890850816190835e-19
    outer loop
      vertex 113.04277569313095 131.65263096110027 17.4
      vertex 113.17037086855466 132.2940952255126 34
      vertex 113.17037086855466 132.2940952255126 17.4
    endloop
  endfacet
  facet normal -0.9469301294951059 0.32143946530316087 -7.530883293317929e-19
    outer loop
      vertex 113.17037086855466 132.2940952255126 17.4
      vertex 113.38060233744356 132.91341716182544 34
      vertex 113.38060233744356 132.91341716182544 17.4
    endloop
  endfacet
  facet normal -0.8968727415326929 0.44228869021899175 -6.442952926054973e-19
    outer loop
      vertex 113.38060233744356 132.91341716182544 17.4
      vertex 113.6698729810778 133.5 34
      vertex 113.6698729810778 133.5 17.4
    endloop
  endfacet
  facet normal -0.8314696123025506 0.5555702330195942 4.04055371698982e-19
    outer loop
      vertex 113.6698729810778 133.5 17.4
      vertex 114.03323329854382 134.04380714504362 34
      vertex 114.03323329854382 134.04380714504362 17.4
    endloop
  endfacet
  facet normal -0.7518398074789663 0.6593458151000816 1.5350500442109947e-19
    outer loop
      vertex 114.03323329854382 134.04380714504362 17.4
      vertex 114.46446609406726 134.53553390593274 34
      vertex 114.46446609406726 134.53553390593274 17.4
    endloop
  endfacet
  facet normal -0.6593458151000708 0.7518398074789757 -3.8031174400859127e-19
    outer loop
      vertex 114.46446609406726 134.53553390593274 17.4
      vertex 114.9561928549564 134.96676670145618 34
      vertex 114.9561928549564 134.96676670145618 17.4
    endloop
  endfacet
  facet normal -0.5555702330195893 0.831469612302554 -7.9683098361043955e-19
    outer loop
      vertex 114.9561928549564 134.96676670145618 17.4
      vertex 115.5 135.33012701892218 34
      vertex 115.5 135.33012701892218 17.4
    endloop
  endfacet
  facet normal -0.44228869021900047 0.8968727415326887 -9.167389594386043e-19
    outer loop
      vertex 115.5 135.33012701892218 17.4
      vertex 116.08658283817455 135.61939766255642 34
      vertex 116.08658283817455 135.61939766255642 17.4
    endloop
  endfacet
  facet normal -0.32143946530316087 0.9469301294951059 -7.530883293317929e-19
    outer loop
      vertex 116.08658283817455 135.61939766255642 17.4
      vertex 116.7059047744874 135.82962913144533 34
      vertex 116.7059047744874 135.82962913144533 17.4
    endloop
  endfacet
  facet normal -0.19509032201614301 0.9807852804032277 -2.607738108018722e-20
    outer loop
      vertex 116.7059047744874 135.82962913144533 17.4
      vertex 117.34736903889974 135.95722430686905 34
      vertex 117.34736903889974 135.95722430686905 17.4
    endloop
  endfacet
  facet normal -0.06540312923014452 0.9978589232386034 7.160943396408432e-20
    outer loop
      vertex 117.34736903889974 135.95722430686905 17.4
      vertex 118 136 34
      vertex 118 136 17.4
    endloop
  endfacet
  facet normal 0.06540312923018513 0.9978589232386008 0
    outer loop
      vertex 118 136 17.4
      vertex 118 136 34
      vertex 118.3 135.98033696115542 17.4
    endloop
  endfacet
  facet normal 0.06540312923014453 0.9978589232386035 -5.4032572900172726e-20
    outer loop
      vertex 118 136 34
      vertex 118.65263096110026 135.95722430686905 34
      vertex 118.65263096110026 135.95722430686905 12
    endloop
  endfacet
  facet normal 0.1950903220161221 -0.9807852804032318 0
    outer loop
      vertex 118.65263096110026 126.04277569313095 34
      vertex 118.65263096110026 126.04277569313095 12
      vertex 119.2940952255126 126.17037086855466 34
    endloop
  endfacet
  facet normal 0.3214394653031609 -0.9469301294951059 0
    outer loop
      vertex 119.2940952255126 126.17037086855466 34
      vertex 119.2940952255126 126.17037086855466 12
      vertex 119.91341716182545 126.38060233744356 34
    endloop
  endfacet
  facet normal 0.44228869021900047 -0.8968727415326887 0
    outer loop
      vertex 119.91341716182545 126.38060233744356 34
      vertex 119.91341716182545 126.38060233744356 12
      vertex 120.5 126.6698729810778 34
    endloop
  endfacet
  facet normal 0.5555702330196042 -0.8314696123025438 0
    outer loop
      vertex 120.5 126.6698729810778 34
      vertex 120.5 126.6698729810778 12
      vertex 121.0438071450436 127.03323329854382 34
    endloop
  endfacet
  facet normal 0.6593458151000708 -0.7518398074789756 0
    outer loop
      vertex 121.0438071450436 127.03323329854382 34
      vertex 121.0438071450436 127.03323329854382 12
      vertex 121.53553390593274 127.46446609406726 34
    endloop
  endfacet
  facet normal 0.7518398074789756 -0.6593458151000708 -2.869624977519371e-19
    outer loop
      vertex 121.53553390593274 127.46446609406726 34
      vertex 121.96676670145618 127.9561928549564 12
      vertex 121.96676670145618 127.9561928549564 34
    endloop
  endfacet
  facet normal 0.8314696123025438 -0.5555702330196042 2.267878944086178e-19
    outer loop
      vertex 121.96676670145618 127.9561928549564 34
      vertex 122.3301270189222 128.5 12
      vertex 122.3301270189222 128.5 34
    endloop
  endfacet
  facet normal 0.8968727415326929 -0.4422886902189918 -4.861500844205117e-19
    outer loop
      vertex 122.3301270189222 128.5 34
      vertex 122.61939766255644 129.08658283817456 12
      vertex 122.61939766255644 129.08658283817456 34
    endloop
  endfacet
  facet normal 0.9469301294951059 -0.3214394653031609 -5.682393757685348e-19
    outer loop
      vertex 122.61939766255644 129.08658283817456 34
      vertex 122.82962913144534 129.7059047744874 12
      vertex 122.82962913144534 129.7059047744874 34
    endloop
  endfacet
  facet normal 0.98078528040323 -0.19509032201613039 -1.8781278343125818e-19
    outer loop
      vertex 122.82962913144534 129.7059047744874 34
      vertex 122.95722430686905 130.34736903889973 12
      vertex 122.95722430686905 130.34736903889973 34
    endloop
  endfacet
  facet normal 0.6593458151000708 0.7518398074789756 2.869624977519371e-19
    outer loop
      vertex 121.0438071450436 134.96676670145618 34
      vertex 121.53553390593274 134.53553390593274 34
      vertex 121.53553390593274 134.53553390593274 12
    endloop
  endfacet
  facet normal 0.8968727415326929 0.4422886902189918 0
    outer loop
      vertex 122.3301270189222 133.5 34
      vertex 122.61939766255644 132.91341716182544 34
      vertex 122.3301270189222 133.5 12
    endloop
  endfacet
  facet normal 0.8314696123025507 0.5555702330195943 -3.04878144100141e-19
    outer loop
      vertex 122.3301270189222 133.5 34
      vertex 121.96676670145618 134.04380714504362 12
      vertex 121.96676670145618 134.04380714504362 34
    endloop
  endfacet
  facet normal 0.7518398074789662 0.6593458151000816 0
    outer loop
      vertex 121.53553390593274 134.53553390593274 34
      vertex 121.96676670145618 134.04380714504362 34
      vertex 121.53553390593274 134.53553390593274 12
    endloop
  endfacet
  facet normal 0.19509032201614296 0.9807852804032274 1.96765693605049e-20
    outer loop
      vertex 118.65263096110026 135.95722430686905 34
      vertex 119.2940952255126 135.82962913144533 34
      vertex 119.2940952255126 135.82962913144533 12
    endloop
  endfacet
  facet normal 0.3214394653031609 0.9469301294951059 5.682393757685348e-19
    outer loop
      vertex 119.2940952255126 135.82962913144533 34
      vertex 119.91341716182545 135.61939766255642 34
      vertex 119.91341716182545 135.61939766255642 12
    endloop
  endfacet
  facet normal 0.44228869021900047 0.8968727415326887 6.917212148491288e-19
    outer loop
      vertex 119.91341716182545 135.61939766255642 34
      vertex 120.5 135.33012701892218 34
      vertex 120.5 135.33012701892218 12
    endloop
  endfacet
  facet normal 0.5555702330195892 0.8314696123025539 0
    outer loop
      vertex 121.0438071450436 134.96676670145618 34
      vertex 121.0438071450436 134.96676670145618 12
      vertex 120.5 135.33012701892218 34
    endloop
  endfacet
  facet normal 0.9978589232386036 0.0654031292301431 0
    outer loop
      vertex 122.95722430686905 131.65263096110027 34
      vertex 123 131 34
      vertex 122.95722430686905 131.65263096110027 12
    endloop
  endfacet
  facet normal 0.9978589232386036 -0.0654031292301431 1.0448497080954109e-19
    outer loop
      vertex 122.95722430686905 130.34736903889973 34
      vertex 123 131 12
      vertex 123 131 34
    endloop
  endfacet
  facet normal 0.98078528040323 0.19509032201613039 1.8781278343125818e-19
    outer loop
      vertex 122.95722430686905 131.65263096110027 34
      vertex 122.82962913144534 132.2940952255126 12
      vertex 122.82962913144534 132.2940952255126 34
    endloop
  endfacet
  facet normal 0.9469301294951059 0.3214394653031609 5.682393757685348e-19
    outer loop
      vertex 122.82962913144534 132.2940952255126 34
      vertex 122.61939766255644 132.91341716182544 12
      vertex 122.61939766255644 132.91341716182544 34
    endloop
  endfacet
  facet normal -0.7518398074789757 -0.6593458151000708 0
    outer loop
      vertex 114.46446609406726 127.46446609406726 17.4
      vertex 114.46446609406726 127.46446609406726 34
      vertex 114.03323329854382 127.9561928549564 34
    endloop
  endfacet
  facet normal -0.8314696123025439 -0.5555702330196042 0
    outer loop
      vertex 114.03323329854382 127.9561928549564 17.4
      vertex 114.03323329854382 127.9561928549564 34
      vertex 113.6698729810778 128.5 34
    endloop
  endfacet
  facet normal -0.9469301294951059 -0.32143946530316087 0
    outer loop
      vertex 113.38060233744356 129.08658283817456 17.4
      vertex 113.38060233744356 129.08658283817456 34
      vertex 113.17037086855466 129.7059047744874 34
    endloop
  endfacet
  facet normal -0.98078528040323 -0.19509032201613036 0
    outer loop
      vertex 113.17037086855466 129.7059047744874 17.4
      vertex 113.17037086855466 129.7059047744874 34
      vertex 113.04277569313095 130.34736903889973 34
    endloop
  endfacet
  facet normal -0.9978589232386036 -0.06540312923014312 0
    outer loop
      vertex 113.04277569313095 130.34736903889973 17.4
      vertex 113.04277569313095 130.34736903889973 34
      vertex 113 131 34
    endloop
  endfacet
  facet normal -0.8968727415326929 -0.44228869021899175 0
    outer loop
      vertex 113.6698729810778 128.5 17.4
      vertex 113.6698729810778 128.5 34
      vertex 113.38060233744356 129.08658283817456 34
    endloop
  endfacet
  facet normal -0.19509032201612206 -0.9807852804032317 0
    outer loop
      vertex 117.34736903889974 126.04277569313095 17.4
      vertex 117.34736903889974 126.04277569313095 34
      vertex 116.7059047744874 126.17037086855466 34
    endloop
  endfacet
  facet normal -0.06540312923014452 -0.9978589232386034 0
    outer loop
      vertex 118 126 17.4
      vertex 118 126 34
      vertex 117.34736903889974 126.04277569313095 34
    endloop
  endfacet
  facet normal 0.06540312923014452 -0.9978589232386034 1.1739219045692638e-16
    outer loop
      vertex 118.3 126.01966303884457 17.4
      vertex 118.65263096110026 126.04277569313095 34
      vertex 118 126 34
    endloop
  endfacet
  facet normal -0.6593458151000708 -0.7518398074789757 0
    outer loop
      vertex 114.9561928549564 127.03323329854382 17.4
      vertex 114.9561928549564 127.03323329854382 34
      vertex 114.46446609406726 127.46446609406726 34
    endloop
  endfacet
  facet normal -0.5555702330196042 -0.8314696123025439 0
    outer loop
      vertex 115.5 126.6698729810778 17.4
      vertex 115.5 126.6698729810778 34
      vertex 114.9561928549564 127.03323329854382 34
    endloop
  endfacet
  facet normal -0.44228869021900047 -0.8968727415326887 0
    outer loop
      vertex 116.08658283817455 126.38060233744356 17.4
      vertex 116.08658283817455 126.38060233744356 34
      vertex 115.5 126.6698729810778 34
    endloop
  endfacet
  facet normal -0.32143946530316087 -0.9469301294951059 0
    outer loop
      vertex 116.7059047744874 126.17037086855466 17.4
      vertex 116.7059047744874 126.17037086855466 34
      vertex 116.08658283817455 126.38060233744356 34
    endloop
  endfacet
  facet normal -0.9978589232386036 0.06540312923014312 0
    outer loop
      vertex 113 131 17.4
      vertex 113 131 34
      vertex 113.04277569313095 131.65263096110027 34
    endloop
  endfacet
  facet normal -0.98078528040323 0.19509032201613036 0
    outer loop
      vertex 113.04277569313095 131.65263096110027 17.4
      vertex 113.04277569313095 131.65263096110027 34
      vertex 113.17037086855466 132.2940952255126 34
    endloop
  endfacet
  facet normal -0.9469301294951059 0.32143946530316087 0
    outer loop
      vertex 113.17037086855466 132.2940952255126 17.4
      vertex 113.17037086855466 132.2940952255126 34
      vertex 113.38060233744356 132.91341716182544 34
    endloop
  endfacet
  facet normal -0.8968727415326929 0.44228869021899175 0
    outer loop
      vertex 113.38060233744356 132.91341716182544 17.4
      vertex 113.38060233744356 132.91341716182544 34
      vertex 113.6698729810778 133.5 34
    endloop
  endfacet
  facet normal -0.8314696123025506 0.5555702330195942 0
    outer loop
      vertex 113.6698729810778 133.5 17.4
      vertex 113.6698729810778 133.5 34
      vertex 114.03323329854382 134.04380714504362 34
    endloop
  endfacet
  facet normal -0.7518398074789663 0.6593458151000816 0
    outer loop
      vertex 114.03323329854382 134.04380714504362 17.4
      vertex 114.03323329854382 134.04380714504362 34
      vertex 114.46446609406726 134.53553390593274 34
    endloop
  endfacet
  facet normal -0.6593458151000708 0.7518398074789757 0
    outer loop
      vertex 114.46446609406726 134.53553390593274 17.4
      vertex 114.46446609406726 134.53553390593274 34
      vertex 114.9561928549564 134.96676670145618 34
    endloop
  endfacet
  facet normal -0.5555702330195893 0.831469612302554 0
    outer loop
      vertex 114.9561928549564 134.96676670145618 17.4
      vertex 114.9561928549564 134.96676670145618 34
      vertex 115.5 135.33012701892218 34
    endloop
  endfacet
  facet normal -0.44228869021900047 0.8968727415326887 0
    outer loop
      vertex 115.5 135.33012701892218 17.4
      vertex 115.5 135.33012701892218 34
      vertex 116.08658283817455 135.61939766255642 34
    endloop
  endfacet
  facet normal -0.32143946530316087 0.9469301294951059 0
    outer loop
      vertex 116.08658283817455 135.61939766255642 17.4
      vertex 116.08658283817455 135.61939766255642 34
      vertex 116.7059047744874 135.82962913144533 34
    endloop
  endfacet
  facet normal -0.19509032201614301 0.9807852804032277 0
    outer loop
      vertex 116.7059047744874 135.82962913144533 17.4
      vertex 116.7059047744874 135.82962913144533 34
      vertex 117.34736903889974 135.95722430686905 34
    endloop
  endfacet
  facet normal -0.06540312923014452 0.9978589232386034 0
    outer loop
      vertex 117.34736903889974 135.95722430686905 17.4
      vertex 117.34736903889974 135.95722430686905 34
      vertex 118 136 34
    endloop
  endfacet
  facet normal 0 0 -1
    outer loop
      vertex 4.123306276554309 127.17547826945149 12
      vertex 1.6698729810778072 130.0657197600106 12
      vertex 3.5 132.03072927937677 12
    endloop
  endfacet
  facet normal 0 0 -1
    outer loop
      vertex 1.6698729810778072 130.0657197600106 12
      vertex 2.0130682310716286 133.73614766832296 12
      vertex 3.5 132.03072927937677 12
    endloop
  endfacet
  facet normal 0 0 -1
    outer loop
      vertex 4.123306276554309 127.17547826945149 12
      vertex 3.5 132.03072927937677 12
      vertex 4.058449778367415 135.19017011492988 12
    endloop
  endfacet
  facet normal 0 0 -1
    outer loop
      vertex 4.123306276554309 127.17547826945149 12
      vertex 4.1119342204114036 135.1303542164633 12
      vertex 4.29447853168875 131.11951174681877 12
    endloop
  endfacet
  facet normal 0 0 -1
    outer loop
      vertex 4.123306276554309 127.17547826945149 12
      vertex 4.058449778367415 135.19017011492988 12
      vertex 4.1119342204114036 135.1303542164633 12
    endloop
  endfacet
  facet normal 0 0 -1
    outer loop
      vertex 4.29447853168875 131.11951174681877 12
      vertex 4.1119342204114036 135.1303542164633 12
      vertex 4.306899478022493 131.10526569281123 12
    endloop
  endfacet
  facet normal 0 0 -1
    outer loop
      vertex 7.884721091858396 127.00172651225935 12
      vertex 8.5 130.2228318210593 12
      vertex 8.272064529469938 126.5574676463556 12
    endloop
  endfacet
  facet normal 0 0 -1
    outer loop
      vertex 8.5 130.2228318210593 12
      vertex 10.330127018922193 132.08688064178406 12
      vertex 10.206246949032423 128.31460037352358 12
    endloop
  endfacet
  facet normal 0 0 -1
    outer loop
      vertex 7.705163370055873 131.11176073827895 12
      vertex 7.869378283908477 134.7698611592851 12
      vertex 7.884721091858396 127.00172651225935 12
    endloop
  endfacet
  facet normal 0 0 -1
    outer loop
      vertex 7.869378283908477 134.7698611592851 12
      vertex 8.5 130.2228318210593 12
      vertex 7.884721091858396 127.00172651225935 12
    endloop
  endfacet
  facet normal 0 0 -1
    outer loop
      vertex 10.330127018922193 132.08688064178406 12
      vertex 8.5 130.2228318210593 12
      vertex 7.869378283908477 134.7698611592851 12
    endloop
  endfacet
  facet normal -0.8968727415326918 -0.442288690218994 0
    outer loop
      vertex 1.380602337443566 129.08658283817456 34
      vertex 1.380602337443566 129.08658283817456 12
      vertex 1.6698729810778072 128.5 12
    endloop
  endfacet
  facet normal -0.9469301294951055 -0.32143946530316214 0
    outer loop
      vertex 1.1703708685546585 129.7059047744874 34
      vertex 1.1703708685546585 129.7059047744874 12
      vertex 1.380602337443566 129.08658283817456 12
    endloop
  endfacet
  facet normal -0.980785280403229 -0.1950903220161356 0
    outer loop
      vertex 1.042775693130948 130.34736903889973 34
      vertex 1.042775693130948 130.34736903889973 12
      vertex 1.1703708685546585 129.7059047744874 12
    endloop
  endfacet
  facet normal -0.19509032201612284 -0.9807852804032315 0
    outer loop
      vertex 5.347369038899743 126.04277569313095 34
      vertex 4.705904774487396 126.17037086855466 12
      vertex 5.347369038899743 126.04277569313095 12
    endloop
  endfacet
  facet normal -0.8314696123025446 -0.5555702330196033 0
    outer loop
      vertex 1.6698729810778072 128.5 34
      vertex 1.6698729810778072 128.5 12
      vertex 2.0332332985438244 127.9561928549564 12
    endloop
  endfacet
  facet normal -0.751839807478979 -0.659345815100067 0
    outer loop
      vertex 2.0332332985438244 127.9561928549564 34
      vertex 2.0332332985438244 127.9561928549564 12
      vertex 2.4644660940672622 127.46446609406726 12
    endloop
  endfacet
  facet normal -0.6593458151000722 -0.7518398074789744 0
    outer loop
      vertex 2.956192854956397 127.03323329854382 34
      vertex 2.4644660940672622 127.46446609406726 12
      vertex 2.956192854956397 127.03323329854382 12
    endloop
  endfacet
  facet normal -0.5555702330196031 -0.8314696123025448 0
    outer loop
      vertex 3.5 126.6698729810778 34
      vertex 2.956192854956397 127.03323329854382 12
      vertex 3.5 126.6698729810778 12
    endloop
  endfacet
  facet normal -0.4422886902189999 -0.8968727415326889 0
    outer loop
      vertex 4.086582838174551 126.38060233744356 34
      vertex 3.5 126.6698729810778 12
      vertex 4.086582838174551 126.38060233744356 12
    endloop
  endfacet
  facet normal -0.3214394653031601 -0.9469301294951061 0
    outer loop
      vertex 4.705904774487396 126.17037086855466 34
      vertex 4.086582838174551 126.38060233744356 12
      vertex 4.705904774487396 126.17037086855466 12
    endloop
  endfacet
  facet normal -0.9978589232386036 -0.06540312923014176 0
    outer loop
      vertex 1 131 34
      vertex 1 131 12
      vertex 1.042775693130948 130.34736903889973 12
    endloop
  endfacet
  facet normal -0.9978589232386036 0.06540312923014176 0
    outer loop
      vertex 1.042775693130948 131.65263096110027 34
      vertex 1.042775693130948 131.65263096110027 12
      vertex 1 131 12
    endloop
  endfacet
  facet normal -0.980785280403229 0.1950903220161356 0
    outer loop
      vertex 1.1703708685546585 132.2940952255126 34
      vertex 1.1703708685546585 132.2940952255126 12
      vertex 1.042775693130948 131.65263096110027 12
    endloop
  endfacet
  facet normal -0.9469301294951055 0.32143946530316214 0
    outer loop
      vertex 1.380602337443566 132.91341716182544 34
      vertex 1.380602337443566 132.91341716182544 12
      vertex 1.1703708685546585 132.2940952255126 12
    endloop
  endfacet
  facet normal -0.8968727415326918 0.442288690218994 0
    outer loop
      vertex 1.6698729810778072 133.5 34
      vertex 1.6698729810778072 133.5 12
      vertex 1.380602337443566 132.91341716182544 12
    endloop
  endfacet
  facet normal -0.8314696123025511 0.5555702330195932 0
    outer loop
      vertex 2.0332332985438244 134.04380714504362 34
      vertex 2.0332332985438244 134.04380714504362 12
      vertex 1.6698729810778072 133.5 12
    endloop
  endfacet
  facet normal -0.7518398074789696 0.6593458151000778 0
    outer loop
      vertex 2.4644660940672622 134.53553390593274 34
      vertex 2.4644660940672622 134.53553390593274 12
      vertex 2.0332332985438244 134.04380714504362 12
    endloop
  endfacet
  facet normal -0.6593458151000722 0.7518398074789744 0
    outer loop
      vertex 2.4644660940672622 134.53553390593274 34
      vertex 2.956192854956397 134.96676670145618 12
      vertex 2.4644660940672622 134.53553390593274 12
    endloop
  endfacet
  facet normal -0.555570233019588 0.8314696123025548 0
    outer loop
      vertex 2.956192854956397 134.96676670145618 34
      vertex 3.5 135.33012701892218 12
      vertex 2.956192854956397 134.96676670145618 12
    endloop
  endfacet
  facet normal -0.4422886902189999 0.8968727415326889 0
    outer loop
      vertex 3.5 135.33012701892218 34
      vertex 4.086582838174551 135.61939766255642 12
      vertex 3.5 135.33012701892218 12
    endloop
  endfacet
  facet normal -0.3214394653031601 0.9469301294951061 0
    outer loop
      vertex 4.086582838174551 135.61939766255642 34
      vertex 4.705904774487396 135.82962913144533 12
      vertex 4.086582838174551 135.61939766255642 12
    endloop
  endfacet
  facet normal -0.19509032201614374 0.9807852804032273 0
    outer loop
      vertex 4.705904774487396 135.82962913144533 34
      vertex 5.347369038899743 135.95722430686905 12
      vertex 4.705904774487396 135.82962913144533 12
    endloop
  endfacet
  facet normal -0.06540312923014453 -0.9978589232386035 0
    outer loop
      vertex 6 126 34
      vertex 5.347369038899743 126.04277569313095 12
      vertex 6 126 12
    endloop
  endfacet
  facet normal 0.06540312923014453 -0.9978589232386035 0
    outer loop
      vertex 6.652630961100257 126.04277569313095 34
      vertex 6 126 12
      vertex 6.652630961100257 126.04277569313095 12
    endloop
  endfacet
  facet normal 0.19509032201612284 -0.9807852804032315 0
    outer loop
      vertex 7.294095225512604 126.17037086855466 34
      vertex 6.652630961100257 126.04277569313095 12
      vertex 7.294095225512604 126.17037086855466 12
    endloop
  endfacet
  facet normal 0.3214394653031601 -0.9469301294951061 0
    outer loop
      vertex 7.913417161825449 126.38060233744356 34
      vertex 7.294095225512604 126.17037086855466 12
      vertex 7.913417161825449 126.38060233744356 12
    endloop
  endfacet
  facet normal 0.44228869021899014 -0.8968727415326937 3.2272002617803773e-16
    outer loop
      vertex 8.5 126.6698729810778 34
      vertex 7.913417161825449 126.38060233744356 12
      vertex 8.272064529469938 126.5574676463556 12
    endloop
  endfacet
  facet normal 0.44228869021901523 -0.8968727415326815 0
    outer loop
      vertex 8.5 126.6698729810778 34
      vertex 8.272064529469938 126.5574676463556 12
      vertex 8.5 126.6698729810778 12
    endloop
  endfacet
  facet normal 0.5555702330196031 -0.8314696123025448 0
    outer loop
      vertex 9.043807145043603 127.03323329854382 34
      vertex 8.5 126.6698729810778 12
      vertex 9.043807145043603 127.03323329854382 12
    endloop
  endfacet
  facet normal 0.6593458151000722 -0.7518398074789744 0
    outer loop
      vertex 9.535533905932738 127.46446609406726 34
      vertex 9.043807145043603 127.03323329854382 12
      vertex 9.535533905932738 127.46446609406726 12
    endloop
  endfacet
  facet normal 0.7518398074789784 -0.6593458151000677 0
    outer loop
      vertex 9.535533905932738 127.46446609406726 34
      vertex 9.535533905932738 127.46446609406726 12
      vertex 9.966766701456176 127.9561928549564 12
    endloop
  endfacet
  facet normal 0.8314696123025513 -0.5555702330195931 0
    outer loop
      vertex 9.966766701456176 127.9561928549564 34
      vertex 9.966766701456176 127.9561928549564 12
      vertex 10.206246949032423 128.31460037352358 12
    endloop
  endfacet
  facet normal 0.8314696123025331 -0.5555702330196204 -6.422056771674965e-16
    outer loop
      vertex 9.966766701456176 127.9561928549564 34
      vertex 10.206246949032423 128.31460037352358 12
      vertex 10.330127018922193 128.5 12
    endloop
  endfacet
  facet normal 0.8968727415326918 -0.442288690218994 0
    outer loop
      vertex 10.330127018922193 128.5 34
      vertex 10.330127018922193 128.5 12
      vertex 10.619397662556434 129.08658283817456 12
    endloop
  endfacet
  facet normal 0.9469301294951059 -0.3214394653031609 0
    outer loop
      vertex 10.619397662556434 129.08658283817456 34
      vertex 10.619397662556434 129.08658283817456 12
      vertex 10.82962913144534 129.7059047744874 12
    endloop
  endfacet
  facet normal 0.980785280403229 -0.1950903220161356 0
    outer loop
      vertex 10.82962913144534 129.7059047744874 34
      vertex 10.82962913144534 129.7059047744874 12
      vertex 10.957224306869051 130.34736903889973 12
    endloop
  endfacet
  facet normal 0.9978589232386036 -0.0654031292301431 0
    outer loop
      vertex 10.957224306869051 130.34736903889973 34
      vertex 10.957224306869051 130.34736903889973 12
      vertex 11 131 12
    endloop
  endfacet
  facet normal 0.6593458151000722 0.7518398074789744 0
    outer loop
      vertex 9.043807145043603 134.96676670145618 34
      vertex 9.535533905932738 134.53553390593274 12
      vertex 9.043807145043603 134.96676670145618 12
    endloop
  endfacet
  facet normal -0.06540312923014453 0.9978589232386035 0
    outer loop
      vertex 5.347369038899743 135.95722430686905 34
      vertex 6 136 12
      vertex 5.347369038899743 135.95722430686905 12
    endloop
  endfacet
  facet normal 0.06540312923014453 0.9978589232386035 0
    outer loop
      vertex 6 136 34
      vertex 6.652630961100257 135.95722430686905 12
      vertex 6 136 12
    endloop
  endfacet
  facet normal 0.19509032201614374 0.9807852804032273 0
    outer loop
      vertex 6.652630961100257 135.95722430686905 34
      vertex 7.294095225512604 135.82962913144533 12
      vertex 6.652630961100257 135.95722430686905 12
    endloop
  endfacet
  facet normal 0.3214394653031601 0.9469301294951061 0
    outer loop
      vertex 7.294095225512604 135.82962913144533 34
      vertex 7.913417161825449 135.61939766255642 12
      vertex 7.294095225512604 135.82962913144533 12
    endloop
  endfacet
  facet normal 0.4422886902189999 0.8968727415326889 0
    outer loop
      vertex 7.913417161825449 135.61939766255642 34
      vertex 8.5 135.33012701892218 12
      vertex 7.913417161825449 135.61939766255642 12
    endloop
  endfacet
  facet normal 0.555570233019588 0.8314696123025548 0
    outer loop
      vertex 8.5 135.33012701892218 34
      vertex 9.043807145043603 134.96676670145618 12
      vertex 8.5 135.33012701892218 12
    endloop
  endfacet
  facet normal 0.9978589232386036 0.0654031292301431 0
    outer loop
      vertex 11 131 34
      vertex 11 131 12
      vertex 10.957224306869051 131.65263096110027 12
    endloop
  endfacet
  facet normal 0.980785280403229 0.1950903220161356 0
    outer loop
      vertex 10.957224306869051 131.65263096110027 34
      vertex 10.957224306869051 131.65263096110027 12
      vertex 10.82962913144534 132.2940952255126 12
    endloop
  endfacet
  facet normal 0.9469301294951059 0.3214394653031609 0
    outer loop
      vertex 10.82962913144534 132.2940952255126 34
      vertex 10.82962913144534 132.2940952255126 12
      vertex 10.619397662556434 132.91341716182544 12
    endloop
  endfacet
  facet normal 0.8968727415326918 0.442288690218994 0
    outer loop
      vertex 10.619397662556434 132.91341716182544 34
      vertex 10.619397662556434 132.91341716182544 12
      vertex 10.330127018922193 133.5 12
    endloop
  endfacet
  facet normal 0.8314696123025519 0.5555702330195924 0
    outer loop
      vertex 10.330127018922193 133.5 34
      vertex 10.330127018922193 133.5 12
      vertex 9.966766701456176 134.04380714504362 12
    endloop
  endfacet
  facet normal 0.7518398074789688 0.6593458151000785 0
    outer loop
      vertex 9.966766701456176 134.04380714504362 34
      vertex 9.966766701456176 134.04380714504362 12
      vertex 9.535533905932738 134.53553390593274 12
    endloop
  endfacet
  facet normal -0.9469301294951055 -0.32143946530316214 0
    outer loop
      vertex 1.380602337443566 129.08658283817456 34
      vertex 1.1703708685546585 129.7059047744874 34
      vertex 1.380602337443566 129.08658283817456 12
    endloop
  endfacet
  facet normal -0.980785280403229 -0.1950903220161356 0
    outer loop
      vertex 1.1703708685546585 129.7059047744874 34
      vertex 1.042775693130948 130.34736903889973 34
      vertex 1.1703708685546585 129.7059047744874 12
    endloop
  endfacet
  facet normal -0.9978589232386036 -0.06540312923014176 0
    outer loop
      vertex 1.042775693130948 130.34736903889973 34
      vertex 1 131 34
      vertex 1.042775693130948 130.34736903889973 12
    endloop
  endfacet
  facet normal -0.19509032201612284 -0.9807852804032315 0
    outer loop
      vertex 4.705904774487396 126.17037086855466 34
      vertex 4.705904774487396 126.17037086855466 12
      vertex 5.347369038899743 126.04277569313095 34
    endloop
  endfacet
  facet normal -0.8314696123025446 -0.5555702330196033 0
    outer loop
      vertex 2.0332332985438244 127.9561928549564 34
      vertex 1.6698729810778072 128.5 34
      vertex 2.0332332985438244 127.9561928549564 12
    endloop
  endfacet
  facet normal -0.751839807478979 -0.659345815100067 -3.374854235529317e-19
    outer loop
      vertex 2.0332332985438244 127.9561928549564 34
      vertex 2.4644660940672622 127.46446609406726 12
      vertex 2.4644660940672622 127.46446609406726 34
    endloop
  endfacet
  facet normal -0.5555702330196031 -0.8314696123025448 0
    outer loop
      vertex 2.956192854956397 127.03323329854382 34
      vertex 2.956192854956397 127.03323329854382 12
      vertex 3.5 126.6698729810778 34
    endloop
  endfacet
  facet normal -0.6593458151000722 -0.7518398074789744 0
    outer loop
      vertex 2.4644660940672622 127.46446609406726 34
      vertex 2.4644660940672622 127.46446609406726 12
      vertex 2.956192854956397 127.03323329854382 34
    endloop
  endfacet
  facet normal -0.8968727415326918 -0.442288690218994 -5.580130969813038e-19
    outer loop
      vertex 1.380602337443566 129.08658283817456 34
      vertex 1.6698729810778072 128.5 12
      vertex 1.6698729810778072 128.5 34
    endloop
  endfacet
  facet normal -0.4422886902189999 -0.8968727415326889 0
    outer loop
      vertex 3.5 126.6698729810778 34
      vertex 3.5 126.6698729810778 12
      vertex 4.086582838174551 126.38060233744356 34
    endloop
  endfacet
  facet normal -0.3214394653031601 -0.9469301294951061 -3.0909038751416593e-19
    outer loop
      vertex 4.705904774487396 126.17037086855466 34
      vertex 4.086582838174551 126.38060233744356 34
      vertex 4.086582838174551 126.38060233744356 12
    endloop
  endfacet
  facet normal -0.9978589232386036 0.06540312923014176 0
    outer loop
      vertex 1 131 34
      vertex 1.042775693130948 131.65263096110027 34
      vertex 1 131 12
    endloop
  endfacet
  facet normal -0.980785280403229 0.1950903220161356 0
    outer loop
      vertex 1.042775693130948 131.65263096110027 34
      vertex 1.1703708685546585 132.2940952255126 34
      vertex 1.042775693130948 131.65263096110027 12
    endloop
  endfacet
  facet normal -0.9469301294951055 0.32143946530316214 0
    outer loop
      vertex 1.1703708685546585 132.2940952255126 34
      vertex 1.380602337443566 132.91341716182544 34
      vertex 1.1703708685546585 132.2940952255126 12
    endloop
  endfacet
  facet normal -0.8968727415326918 0.442288690218994 0
    outer loop
      vertex 1.380602337443566 132.91341716182544 34
      vertex 1.6698729810778072 133.5 34
      vertex 1.380602337443566 132.91341716182544 12
    endloop
  endfacet
  facet normal -0.8314696123025511 0.5555702330195932 0
    outer loop
      vertex 1.6698729810778072 133.5 34
      vertex 2.0332332985438244 134.04380714504362 34
      vertex 1.6698729810778072 133.5 12
    endloop
  endfacet
  facet normal -0.7518398074789696 0.6593458151000778 0
    outer loop
      vertex 2.0332332985438244 134.04380714504362 34
      vertex 2.4644660940672622 134.53553390593274 34
      vertex 2.0332332985438244 134.04380714504362 12
    endloop
  endfacet
  facet normal -0.6593458151000722 0.7518398074789744 4.867558011413076e-19
    outer loop
      vertex 2.4644660940672622 134.53553390593274 34
      vertex 2.956192854956397 134.96676670145618 34
      vertex 2.956192854956397 134.96676670145618 12
    endloop
  endfacet
  facet normal -0.555570233019588 0.8314696123025548 -1.0923746634303614e-19
    outer loop
      vertex 2.956192854956397 134.96676670145618 34
      vertex 3.5 135.33012701892218 34
      vertex 3.5 135.33012701892218 12
    endloop
  endfacet
  facet normal -0.4422886902189999 0.8968727415326889 -1.9662657002582867e-19
    outer loop
      vertex 3.5 135.33012701892218 34
      vertex 4.086582838174551 135.61939766255642 34
      vertex 4.086582838174551 135.61939766255642 12
    endloop
  endfacet
  facet normal -0.3214394653031601 0.9469301294951061 3.0909038751416593e-19
    outer loop
      vertex 4.086582838174551 135.61939766255642 34
      vertex 4.705904774487396 135.82962913144533 34
      vertex 4.705904774487396 135.82962913144533 12
    endloop
  endfacet
  facet normal -0.19509032201614374 0.9807852804032273 4.64234901884889e-19
    outer loop
      vertex 4.705904774487396 135.82962913144533 34
      vertex 5.347369038899743 135.95722430686905 34
      vertex 5.347369038899743 135.95722430686905 12
    endloop
  endfacet
  facet normal -0.06540312923014453 -0.9978589232386035 0
    outer loop
      vertex 5.347369038899743 126.04277569313095 34
      vertex 5.347369038899743 126.04277569313095 12
      vertex 6 126 34
    endloop
  endfacet
  facet normal 0.06540312923014453 -0.9978589232386035 0
    outer loop
      vertex 6 126 34
      vertex 6 126 12
      vertex 6.652630961100257 126.04277569313095 34
    endloop
  endfacet
  facet normal 0.19509032201612284 -0.9807852804032315 0
    outer loop
      vertex 6.652630961100257 126.04277569313095 34
      vertex 6.652630961100257 126.04277569313095 12
      vertex 7.294095225512604 126.17037086855466 34
    endloop
  endfacet
  facet normal 0.3214394653031601 -0.9469301294951061 0
    outer loop
      vertex 7.294095225512604 126.17037086855466 34
      vertex 7.294095225512604 126.17037086855466 12
      vertex 7.913417161825449 126.38060233744356 34
    endloop
  endfacet
  facet normal 0.4422886902189999 -0.8968727415326889 0
    outer loop
      vertex 7.913417161825449 126.38060233744356 34
      vertex 7.913417161825449 126.38060233744356 12
      vertex 8.5 126.6698729810778 34
    endloop
  endfacet
  facet normal 0.5555702330196031 -0.8314696123025448 0
    outer loop
      vertex 8.5 126.6698729810778 34
      vertex 8.5 126.6698729810778 12
      vertex 9.043807145043603 127.03323329854382 34
    endloop
  endfacet
  facet normal 0.6593458151000722 -0.7518398074789744 0
    outer loop
      vertex 9.043807145043603 127.03323329854382 34
      vertex 9.043807145043603 127.03323329854382 12
      vertex 9.535533905932738 127.46446609406726 34
    endloop
  endfacet
  facet normal 0.7518398074789784 -0.6593458151000677 -1.732013200452501e-19
    outer loop
      vertex 9.535533905932738 127.46446609406726 34
      vertex 9.966766701456176 127.9561928549564 12
      vertex 9.966766701456176 127.9561928549564 34
    endloop
  endfacet
  facet normal 0.8314696123025451 -0.5555702330196024 6.055302071885242e-19
    outer loop
      vertex 9.966766701456176 127.9561928549564 34
      vertex 10.330127018922193 128.5 12
      vertex 10.330127018922193 128.5 34
    endloop
  endfacet
  facet normal 0.8968727415326918 -0.442288690218994 5.580130969813038e-19
    outer loop
      vertex 10.330127018922193 128.5 34
      vertex 10.619397662556434 129.08658283817456 12
      vertex 10.619397662556434 129.08658283817456 34
    endloop
  endfacet
  facet normal 0.9469301294951059 -0.3214394653031609 -5.682393757685348e-19
    outer loop
      vertex 10.619397662556434 129.08658283817456 34
      vertex 10.82962913144534 129.7059047744874 12
      vertex 10.82962913144534 129.7059047744874 34
    endloop
  endfacet
  facet normal 0.980785280403229 -0.1950903220161356 1.941014534063307e-20
    outer loop
      vertex 10.82962913144534 129.7059047744874 34
      vertex 10.957224306869051 130.34736903889973 12
      vertex 10.957224306869051 130.34736903889973 34
    endloop
  endfacet
  facet normal 0.6593458151000722 0.7518398074789744 -4.867558011413076e-19
    outer loop
      vertex 9.043807145043603 134.96676670145618 34
      vertex 9.535533905932738 134.53553390593274 34
      vertex 9.535533905932738 134.53553390593274 12
    endloop
  endfacet
  facet normal -0.06540312923014453 0.9978589232386035 5.4032572900172726e-20
    outer loop
      vertex 5.347369038899743 135.95722430686905 34
      vertex 6 136 34
      vertex 6 136 12
    endloop
  endfacet
  facet normal 0.06540312923014453 0.9978589232386035 -5.4032572900172726e-20
    outer loop
      vertex 6 136 34
      vertex 6.652630961100257 135.95722430686905 34
      vertex 6.652630961100257 135.95722430686905 12
    endloop
  endfacet
  facet normal 0.19509032201614374 0.9807852804032273 -4.64234901884889e-19
    outer loop
      vertex 6.652630961100257 135.95722430686905 34
      vertex 7.294095225512604 135.82962913144533 34
      vertex 7.294095225512604 135.82962913144533 12
    endloop
  endfacet
  facet normal 0.3214394653031601 0.9469301294951061 -3.0909038751416593e-19
    outer loop
      vertex 7.294095225512604 135.82962913144533 34
      vertex 7.913417161825449 135.61939766255642 34
      vertex 7.913417161825449 135.61939766255642 12
    endloop
  endfacet
  facet normal 0.4422886902189999 0.8968727415326889 1.9662657002582867e-19
    outer loop
      vertex 7.913417161825449 135.61939766255642 34
      vertex 8.5 135.33012701892218 34
      vertex 8.5 135.33012701892218 12
    endloop
  endfacet
  facet normal 0.555570233019588 0.8314696123025548 0
    outer loop
      vertex 9.043807145043603 134.96676670145618 34
      vertex 9.043807145043603 134.96676670145618 12
      vertex 8.5 135.33012701892218 34
    endloop
  endfacet
  facet normal 0.9978589232386036 -0.0654031292301431 1.0448497080954109e-19
    outer loop
      vertex 10.957224306869051 130.34736903889973 34
      vertex 11 131 12
      vertex 11 131 34
    endloop
  endfacet
  facet normal 0.9978589232386036 0.0654031292301431 -1.0448497080954109e-19
    outer loop
      vertex 11 131 34
      vertex 10.957224306869051 131.65263096110027 12
      vertex 10.957224306869051 131.65263096110027 34
    endloop
  endfacet
  facet normal 0.980785280403229 0.1950903220161356 -1.941014534063307e-20
    outer loop
      vertex 10.957224306869051 131.65263096110027 34
      vertex 10.82962913144534 132.2940952255126 12
      vertex 10.82962913144534 132.2940952255126 34
    endloop
  endfacet
  facet normal 0.9469301294951059 0.3214394653031609 5.682393757685348e-19
    outer loop
      vertex 10.82962913144534 132.2940952255126 34
      vertex 10.619397662556434 132.91341716182544 12
      vertex 10.619397662556434 132.91341716182544 34
    endloop
  endfacet
  facet normal 0.8314696123025519 0.5555702330195924 -6.836204568782862e-19
    outer loop
      vertex 10.330127018922193 133.5 34
      vertex 9.966766701456176 134.04380714504362 12
      vertex 9.966766701456176 134.04380714504362 34
    endloop
  endfacet
  facet normal 0.8968727415326918 0.442288690218994 0
    outer loop
      vertex 10.330127018922193 133.5 34
      vertex 10.619397662556434 132.91341716182544 34
      vertex 10.330127018922193 133.5 12
    endloop
  endfacet
  facet normal 0.7518398074789688 0.6593458151000785 0
    outer loop
      vertex 9.535533905932738 134.53553390593274 34
      vertex 9.966766701456176 134.04380714504362 34
      vertex 9.535533905932738 134.53553390593274 12
    endloop
  endfacet
  facet normal -0.8968727415326879 -0.4422886902190021 0
    outer loop
      vertex 1.380602337443566 4.086582838174551 34
      vertex 1.380602337443566 4.086582838174551 12
      vertex 1.6698729810778072 3.5 12
    endloop
  endfacet
  facet normal -0.9469301294951057 -0.3214394653031613 0
    outer loop
      vertex 1.1703708685546585 4.705904774487396 34
      vertex 1.1703708685546585 4.705904774487396 12
      vertex 1.380602337443566 4.086582838174551 12
    endloop
  endfacet
  facet normal -0.9807852804032304 -0.19509032201612805 0
    outer loop
      vertex 1.042775693130948 5.347369038899743 34
      vertex 1.042775693130948 5.347369038899743 12
      vertex 1.1703708685546585 4.705904774487396 12
    endloop
  endfacet
  facet normal -0.9978589232386035 -0.06540312923014317 0
    outer loop
      vertex 1 6 34
      vertex 1 6 12
      vertex 1.042775693130948 5.347369038899743 12
    endloop
  endfacet
  facet normal -0.5555702330196021 -0.8314696123025452 0
    outer loop
      vertex 3.5 1.6698729810778072 34
      vertex 2.956192854956397 2.0332332985438244 12
      vertex 3.5 1.6698729810778072 12
    endloop
  endfacet
  facet normal -0.4422886902190021 -0.8968727415326879 0
    outer loop
      vertex 4.086582838174551 1.380602337443566 34
      vertex 3.5 1.6698729810778072 12
      vertex 4.086582838174551 1.380602337443566 12
    endloop
  endfacet
  facet normal -0.3214394653031613 -0.9469301294951057 0
    outer loop
      vertex 4.705904774487396 1.1703708685546585 34
      vertex 4.086582838174551 1.380602337443566 12
      vertex 4.705904774487396 1.1703708685546585 12
    endloop
  endfacet
  facet normal -0.19509032201612805 -0.9807852804032304 0
    outer loop
      vertex 5.347369038899743 1.042775693130948 34
      vertex 4.705904774487396 1.1703708685546585 12
      vertex 5.347369038899743 1.042775693130948 12
    endloop
  endfacet
  facet normal -0.7518398074789778 -0.6593458151000684 0
    outer loop
      vertex 2.0332332985438244 2.956192854956397 34
      vertex 2.0332332985438244 2.956192854956397 12
      vertex 2.4644660940672622 2.4644660940672622 12
    endloop
  endfacet
  facet normal -0.8314696123025452 -0.5555702330196021 0
    outer loop
      vertex 1.6698729810778072 3.5 34
      vertex 1.6698729810778072 3.5 12
      vertex 2.0332332985438244 2.956192854956397 12
    endloop
  endfacet
  facet normal -0.6593458151000684 -0.7518398074789778 0
    outer loop
      vertex 2.956192854956397 2.0332332985438244 34
      vertex 2.4644660940672622 2.4644660940672622 12
      vertex 2.956192854956397 2.0332332985438244 12
    endloop
  endfacet
  facet normal -0.9978589232386035 0.06540312923014317 0
    outer loop
      vertex 1.042775693130948 6.652630961100257 34
      vertex 1.042775693130948 6.652630961100257 12
      vertex 1 6 12
    endloop
  endfacet
  facet normal -0.9807852804032304 0.19509032201612805 0
    outer loop
      vertex 1.1703708685546585 7.294095225512604 34
      vertex 1.1703708685546585 7.294095225512604 12
      vertex 1.042775693130948 6.652630961100257 12
    endloop
  endfacet
  facet normal -0.9469301294951057 0.3214394653031613 0
    outer loop
      vertex 1.380602337443566 7.913417161825449 34
      vertex 1.380602337443566 7.913417161825449 12
      vertex 1.1703708685546585 7.294095225512604 12
    endloop
  endfacet
  facet normal -0.8968727415326879 0.4422886902190021 0
    outer loop
      vertex 1.6698729810778072 8.5 34
      vertex 1.6698729810778072 8.5 12
      vertex 1.380602337443566 7.913417161825449 12
    endloop
  endfacet
  facet normal -0.8314696123025452 0.5555702330196021 0
    outer loop
      vertex 2.0332332985438244 9.043807145043603 34
      vertex 2.0332332985438244 9.043807145043603 12
      vertex 1.6698729810778072 8.5 12
    endloop
  endfacet
  facet normal -0.7518398074789778 0.6593458151000684 0
    outer loop
      vertex 2.4644660940672622 9.535533905932738 34
      vertex 2.4644660940672622 9.535533905932738 12
      vertex 2.0332332985438244 9.043807145043603 12
    endloop
  endfacet
  facet normal -0.6593458151000691 0.7518398074789772 0
    outer loop
      vertex 2.4644660940672622 9.535533905932738 34
      vertex 2.956192854956397 9.966766701456176 12
      vertex 2.4644660940672622 9.535533905932738 12
    endloop
  endfacet
  facet normal -0.5555702330196012 0.831469612302546 0
    outer loop
      vertex 2.956192854956397 9.966766701456176 34
      vertex 3.5 10.330127018922193 12
      vertex 2.956192854956397 9.966766701456176 12
    endloop
  endfacet
  facet normal -0.4422886902190021 0.8968727415326879 0
    outer loop
      vertex 3.5 10.330127018922193 34
      vertex 4.086582838174551 10.619397662556434 12
      vertex 3.5 10.330127018922193 12
    endloop
  endfacet
  facet normal -0.3214394653031601 0.9469301294951061 0
    outer loop
      vertex 4.086582838174551 10.619397662556434 34
      vertex 4.705904774487396 10.82962913144534 12
      vertex 4.086582838174551 10.619397662556434 12
    endloop
  endfacet
  facet normal -0.19509032201612805 0.9807852804032304 0
    outer loop
      vertex 4.705904774487396 10.82962913144534 34
      vertex 5.347369038899743 10.957224306869051 12
      vertex 4.705904774487396 10.82962913144534 12
    endloop
  endfacet
  facet normal -0.06540312923014317 -0.9978589232386035 0
    outer loop
      vertex 6 1 34
      vertex 5.347369038899743 1.042775693130948 12
      vertex 6 1 12
    endloop
  endfacet
  facet normal 0.06540312923014317 -0.9978589232386035 0
    outer loop
      vertex 6.652630961100257 1.042775693130948 34
      vertex 6 1 12
      vertex 6.652630961100257 1.042775693130948 12
    endloop
  endfacet
  facet normal 0.19509032201612805 -0.9807852804032304 0
    outer loop
      vertex 7.294095225512604 1.1703708685546585 34
      vertex 6.652630961100257 1.042775693130948 12
      vertex 7.294095225512604 1.1703708685546585 12
    endloop
  endfacet
  facet normal 0.3214394653031613 -0.9469301294951057 0
    outer loop
      vertex 7.913417161825449 1.380602337443566 34
      vertex 7.294095225512604 1.1703708685546585 12
      vertex 7.913417161825449 1.380602337443566 12
    endloop
  endfacet
  facet normal 0.4422886902190021 -0.8968727415326879 0
    outer loop
      vertex 8.5 1.6698729810778072 34
      vertex 7.913417161825449 1.380602337443566 12
      vertex 8.5 1.6698729810778072 12
    endloop
  endfacet
  facet normal 0.5555702330196021 -0.8314696123025452 0
    outer loop
      vertex 9.043807145043603 2.0332332985438244 34
      vertex 8.5 1.6698729810778072 12
      vertex 9.043807145043603 2.0332332985438244 12
    endloop
  endfacet
  facet normal 0.6593458151000684 -0.7518398074789778 0
    outer loop
      vertex 9.535533905932738 2.4644660940672622 34
      vertex 9.043807145043603 2.0332332985438244 12
      vertex 9.535533905932738 2.4644660940672622 12
    endloop
  endfacet
  facet normal 0.7518398074789772 -0.6593458151000691 0
    outer loop
      vertex 9.535533905932738 2.4644660940672622 34
      vertex 9.535533905932738 2.4644660940672622 12
      vertex 9.966766701456176 2.956192854956397 12
    endloop
  endfacet
  facet normal 0.831469612302546 -0.5555702330196012 0
    outer loop
      vertex 9.966766701456176 2.956192854956397 34
      vertex 9.966766701456176 2.956192854956397 12
      vertex 10.330127018922193 3.5 12
    endloop
  endfacet
  facet normal 0.8968727415326879 -0.4422886902190021 0
    outer loop
      vertex 10.330127018922193 3.5 34
      vertex 10.330127018922193 3.5 12
      vertex 10.619397662556434 4.086582838174551 12
    endloop
  endfacet
  facet normal 0.9469301294951061 -0.3214394653031601 0
    outer loop
      vertex 10.619397662556434 4.086582838174551 34
      vertex 10.619397662556434 4.086582838174551 12
      vertex 10.82962913144534 4.705904774487396 12
    endloop
  endfacet
  facet normal 0.9807852804032304 -0.19509032201612805 0
    outer loop
      vertex 10.82962913144534 4.705904774487396 34
      vertex 10.82962913144534 4.705904774487396 12
      vertex 10.957224306869051 5.347369038899743 12
    endloop
  endfacet
  facet normal 0.9978589232386035 -0.06540312923014453 0
    outer loop
      vertex 10.957224306869051 5.347369038899743 34
      vertex 10.957224306869051 5.347369038899743 12
      vertex 11 6 12
    endloop
  endfacet
  facet normal 0.9978589232386035 0.06540312923014453 0
    outer loop
      vertex 11 6 34
      vertex 11 6 12
      vertex 10.957224306869051 6.652630961100257 12
    endloop
  endfacet
  facet normal 0.3214394653031601 0.9469301294951061 0
    outer loop
      vertex 7.294095225512604 10.82962913144534 34
      vertex 7.913417161825449 10.619397662556434 12
      vertex 7.294095225512604 10.82962913144534 12
    endloop
  endfacet
  facet normal 0.4422886902190021 0.8968727415326879 0
    outer loop
      vertex 7.913417161825449 10.619397662556434 34
      vertex 8.5 10.330127018922193 12
      vertex 7.913417161825449 10.619397662556434 12
    endloop
  endfacet
  facet normal 0.5555702330196012 0.831469612302546 0
    outer loop
      vertex 8.5 10.330127018922193 34
      vertex 9.043807145043603 9.966766701456176 12
      vertex 8.5 10.330127018922193 12
    endloop
  endfacet
  facet normal 0.6593458151000691 0.7518398074789772 0
    outer loop
      vertex 9.043807145043603 9.966766701456176 34
      vertex 9.535533905932738 9.535533905932738 12
      vertex 9.043807145043603 9.966766701456176 12
    endloop
  endfacet
  facet normal -0.06540312923014453 0.9978589232386035 0
    outer loop
      vertex 5.347369038899743 10.957224306869051 34
      vertex 6 11 12
      vertex 5.347369038899743 10.957224306869051 12
    endloop
  endfacet
  facet normal 0.06540312923014453 0.9978589232386035 0
    outer loop
      vertex 6 11 34
      vertex 6.652630961100257 10.957224306869051 12
      vertex 6 11 12
    endloop
  endfacet
  facet normal 0.19509032201612805 0.9807852804032304 0
    outer loop
      vertex 6.652630961100257 10.957224306869051 34
      vertex 7.294095225512604 10.82962913144534 12
      vertex 6.652630961100257 10.957224306869051 12
    endloop
  endfacet
  facet normal 0.8968727415326879 0.4422886902190021 0
    outer loop
      vertex 10.619397662556434 7.913417161825449 34
      vertex 10.619397662556434 7.913417161825449 12
      vertex 10.330127018922193 8.5 12
    endloop
  endfacet
  facet normal 0.9807852804032304 0.19509032201612805 0
    outer loop
      vertex 10.957224306869051 6.652630961100257 34
      vertex 10.957224306869051 6.652630961100257 12
      vertex 10.82962913144534 7.294095225512604 12
    endloop
  endfacet
  facet normal 0.9469301294951061 0.3214394653031601 0
    outer loop
      vertex 10.82962913144534 7.294095225512604 34
      vertex 10.82962913144534 7.294095225512604 12
      vertex 10.619397662556434 7.913417161825449 12
    endloop
  endfacet
  facet normal 0.7518398074789772 0.6593458151000691 0
    outer loop
      vertex 9.966766701456176 9.043807145043603 34
      vertex 9.966766701456176 9.043807145043603 12
      vertex 9.535533905932738 9.535533905932738 12
    endloop
  endfacet
  facet normal 0.831469612302546 0.5555702330196012 0
    outer loop
      vertex 10.330127018922193 8.5 34
      vertex 10.330127018922193 8.5 12
      vertex 9.966766701456176 9.043807145043603 12
    endloop
  endfacet
  facet normal -0.9469301294951057 -0.3214394653031613 0
    outer loop
      vertex 1.380602337443566 4.086582838174551 34
      vertex 1.1703708685546585 4.705904774487396 34
      vertex 1.380602337443566 4.086582838174551 12
    endloop
  endfacet
  facet normal -0.9807852804032304 -0.19509032201612805 0
    outer loop
      vertex 1.1703708685546585 4.705904774487396 34
      vertex 1.042775693130948 5.347369038899743 34
      vertex 1.1703708685546585 4.705904774487396 12
    endloop
  endfacet
  facet normal -0.9978589232386035 0.06540312923014317 0
    outer loop
      vertex 1 6 34
      vertex 1.042775693130948 6.652630961100257 34
      vertex 1 6 12
    endloop
  endfacet
  facet normal -0.9978589232386035 -0.06540312923014317 -3.630373664266423e-20
    outer loop
      vertex 1 6 34
      vertex 1.042775693130948 5.347369038899743 12
      vertex 1.042775693130948 5.347369038899743 34
    endloop
  endfacet
  facet normal -0.5555702330196021 -0.8314696123025452 5.632611716160975e-20
    outer loop
      vertex 3.5 1.6698729810778072 34
      vertex 2.956192854956397 2.0332332985438244 34
      vertex 2.956192854956397 2.0332332985438244 12
    endloop
  endfacet
  facet normal -0.4422886902190021 -0.8968727415326879 0
    outer loop
      vertex 3.5 1.6698729810778072 34
      vertex 3.5 1.6698729810778072 12
      vertex 4.086582838174551 1.380602337443566 34
    endloop
  endfacet
  facet normal -0.3214394653031613 -0.9469301294951057 0
    outer loop
      vertex 4.086582838174551 1.380602337443566 34
      vertex 4.086582838174551 1.380602337443566 12
      vertex 4.705904774487396 1.1703708685546585 34
    endloop
  endfacet
  facet normal -0.19509032201612805 -0.9807852804032304 0
    outer loop
      vertex 4.705904774487396 1.1703708685546585 34
      vertex 4.705904774487396 1.1703708685546585 12
      vertex 5.347369038899743 1.042775693130948 34
    endloop
  endfacet
  facet normal -0.7518398074789778 -0.6593458151000684 8.177820742393143e-19
    outer loop
      vertex 2.0332332985438244 2.956192854956397 34
      vertex 2.4644660940672622 2.4644660940672622 12
      vertex 2.4644660940672622 2.4644660940672622 34
    endloop
  endfacet
  facet normal -0.8314696123025452 -0.5555702330196021 0
    outer loop
      vertex 2.0332332985438244 2.956192854956397 34
      vertex 1.6698729810778072 3.5 34
      vertex 2.0332332985438244 2.956192854956397 12
    endloop
  endfacet
  facet normal -0.8968727415326879 -0.4422886902190021 -8.475366113743609e-19
    outer loop
      vertex 1.380602337443566 4.086582838174551 34
      vertex 1.6698729810778072 3.5 12
      vertex 1.6698729810778072 3.5 34
    endloop
  endfacet
  facet normal -0.6593458151000684 -0.7518398074789778 0
    outer loop
      vertex 2.4644660940672622 2.4644660940672622 34
      vertex 2.4644660940672622 2.4644660940672622 12
      vertex 2.956192854956397 2.0332332985438244 34
    endloop
  endfacet
  facet normal -0.9807852804032304 0.19509032201612805 0
    outer loop
      vertex 1.042775693130948 6.652630961100257 34
      vertex 1.1703708685546585 7.294095225512604 34
      vertex 1.042775693130948 6.652630961100257 12
    endloop
  endfacet
  facet normal -0.9469301294951057 0.3214394653031613 0
    outer loop
      vertex 1.1703708685546585 7.294095225512604 34
      vertex 1.380602337443566 7.913417161825449 34
      vertex 1.1703708685546585 7.294095225512604 12
    endloop
  endfacet
  facet normal -0.8968727415326879 0.4422886902190021 0
    outer loop
      vertex 1.380602337443566 7.913417161825449 34
      vertex 1.6698729810778072 8.5 34
      vertex 1.380602337443566 7.913417161825449 12
    endloop
  endfacet
  facet normal -0.8314696123025452 0.5555702330196021 0
    outer loop
      vertex 1.6698729810778072 8.5 34
      vertex 2.0332332985438244 9.043807145043603 34
      vertex 1.6698729810778072 8.5 12
    endloop
  endfacet
  facet normal -0.7518398074789778 0.6593458151000684 0
    outer loop
      vertex 2.0332332985438244 9.043807145043603 34
      vertex 2.4644660940672622 9.535533905932738 34
      vertex 2.0332332985438244 9.043807145043603 12
    endloop
  endfacet
  facet normal -0.6593458151000691 0.7518398074789772 6.00516978848436e-19
    outer loop
      vertex 2.4644660940672622 9.535533905932738 34
      vertex 2.956192854956397 9.966766701456176 34
      vertex 2.956192854956397 9.966766701456176 12
    endloop
  endfacet
  facet normal -0.5555702330196012 0.831469612302546 -8.314478591147898e-19
    outer loop
      vertex 2.956192854956397 9.966766701456176 34
      vertex 3.5 10.330127018922193 34
      vertex 3.5 10.330127018922193 12
    endloop
  endfacet
  facet normal -0.4422886902190021 0.8968727415326879 8.475366113743609e-19
    outer loop
      vertex 3.5 10.330127018922193 34
      vertex 4.086582838174551 10.619397662556434 34
      vertex 4.086582838174551 10.619397662556434 12
    endloop
  endfacet
  facet normal -0.3214394653031601 0.9469301294951061 3.0909038751416593e-19
    outer loop
      vertex 4.086582838174551 10.619397662556434 34
      vertex 4.705904774487396 10.82962913144534 34
      vertex 4.705904774487396 10.82962913144534 12
    endloop
  endfacet
  facet normal -0.19509032201612805 0.9807852804032304 -1.5743388444983776e-19
    outer loop
      vertex 4.705904774487396 10.82962913144534 34
      vertex 5.347369038899743 10.957224306869051 34
      vertex 5.347369038899743 10.957224306869051 12
    endloop
  endfacet
  facet normal -0.06540312923014317 -0.9978589232386035 0
    outer loop
      vertex 5.347369038899743 1.042775693130948 34
      vertex 5.347369038899743 1.042775693130948 12
      vertex 6 1 34
    endloop
  endfacet
  facet normal 0.06540312923014317 -0.9978589232386035 0
    outer loop
      vertex 6 1 34
      vertex 6 1 12
      vertex 6.652630961100257 1.042775693130948 34
    endloop
  endfacet
  facet normal 0.19509032201612805 -0.9807852804032304 0
    outer loop
      vertex 6.652630961100257 1.042775693130948 34
      vertex 6.652630961100257 1.042775693130948 12
      vertex 7.294095225512604 1.1703708685546585 34
    endloop
  endfacet
  facet normal 0.3214394653031613 -0.9469301294951057 0
    outer loop
      vertex 7.294095225512604 1.1703708685546585 34
      vertex 7.294095225512604 1.1703708685546585 12
      vertex 7.913417161825449 1.380602337443566 34
    endloop
  endfacet
  facet normal 0.4422886902190021 -0.8968727415326879 0
    outer loop
      vertex 7.913417161825449 1.380602337443566 34
      vertex 7.913417161825449 1.380602337443566 12
      vertex 8.5 1.6698729810778072 34
    endloop
  endfacet
  facet normal 0.5555702330196021 -0.8314696123025452 0
    outer loop
      vertex 8.5 1.6698729810778072 34
      vertex 8.5 1.6698729810778072 12
      vertex 9.043807145043603 2.0332332985438244 34
    endloop
  endfacet
  facet normal 0.6593458151000684 -0.7518398074789778 0
    outer loop
      vertex 9.043807145043603 2.0332332985438244 34
      vertex 9.043807145043603 2.0332332985438244 12
      vertex 9.535533905932738 2.4644660940672622 34
    endloop
  endfacet
  facet normal 0.7518398074789772 -0.6593458151000691 6.00516978848436e-19
    outer loop
      vertex 9.535533905932738 2.4644660940672622 34
      vertex 9.966766701456176 2.956192854956397 12
      vertex 9.966766701456176 2.956192854956397 34
    endloop
  endfacet
  facet normal 0.831469612302546 -0.5555702330196012 -8.314478591147898e-19
    outer loop
      vertex 9.966766701456176 2.956192854956397 34
      vertex 10.330127018922193 3.5 12
      vertex 10.330127018922193 3.5 34
    endloop
  endfacet
  facet normal 0.8968727415326879 -0.4422886902190021 8.475366113743609e-19
    outer loop
      vertex 10.330127018922193 3.5 34
      vertex 10.619397662556434 4.086582838174551 12
      vertex 10.619397662556434 4.086582838174551 34
    endloop
  endfacet
  facet normal 0.9469301294951061 -0.3214394653031601 3.0909038751416593e-19
    outer loop
      vertex 10.619397662556434 4.086582838174551 34
      vertex 10.82962913144534 4.705904774487396 12
      vertex 10.82962913144534 4.705904774487396 34
    endloop
  endfacet
  facet normal 0.9807852804032304 -0.19509032201612805 -1.5743388444983776e-19
    outer loop
      vertex 10.82962913144534 4.705904774487396 34
      vertex 10.957224306869051 5.347369038899743 12
      vertex 10.957224306869051 5.347369038899743 34
    endloop
  endfacet
  facet normal 0.9978589232386035 -0.06540312923014453 5.4032572900172726e-20
    outer loop
      vertex 10.957224306869051 5.347369038899743 34
      vertex 11 6 12
      vertex 11 6 34
    endloop
  endfacet
  facet normal 0.3214394653031601 0.9469301294951061 0
    outer loop
      vertex 7.913417161825449 10.619397662556434 34
      vertex 7.913417161825449 10.619397662556434 12
      vertex 7.294095225512604 10.82962913144534 34
    endloop
  endfacet
  facet normal 0.4422886902190021 0.8968727415326879 -8.475366113743609e-19
    outer loop
      vertex 7.913417161825449 10.619397662556434 34
      vertex 8.5 10.330127018922193 34
      vertex 8.5 10.330127018922193 12
    endloop
  endfacet
  facet normal 0.6593458151000691 0.7518398074789772 0
    outer loop
      vertex 9.535533905932738 9.535533905932738 34
      vertex 9.535533905932738 9.535533905932738 12
      vertex 9.043807145043603 9.966766701456176 34
    endloop
  endfacet
  facet normal 0.5555702330196012 0.831469612302546 8.314478591147898e-19
    outer loop
      vertex 8.5 10.330127018922193 34
      vertex 9.043807145043603 9.966766701456176 34
      vertex 9.043807145043603 9.966766701456176 12
    endloop
  endfacet
  facet normal -0.06540312923014453 0.9978589232386035 5.4032572900172726e-20
    outer loop
      vertex 5.347369038899743 10.957224306869051 34
      vertex 6 11 34
      vertex 6 11 12
    endloop
  endfacet
  facet normal 0.06540312923014453 0.9978589232386035 -5.4032572900172726e-20
    outer loop
      vertex 6 11 34
      vertex 6.652630961100257 10.957224306869051 34
      vertex 6.652630961100257 10.957224306869051 12
    endloop
  endfacet
  facet normal 0.19509032201612805 0.9807852804032304 1.5743388444983776e-19
    outer loop
      vertex 6.652630961100257 10.957224306869051 34
      vertex 7.294095225512604 10.82962913144534 34
      vertex 7.294095225512604 10.82962913144534 12
    endloop
  endfacet
  facet normal 0.8968727415326879 0.4422886902190021 0
    outer loop
      vertex 10.330127018922193 8.5 34
      vertex 10.619397662556434 7.913417161825449 34
      vertex 10.330127018922193 8.5 12
    endloop
  endfacet
  facet normal 0.9978589232386035 0.06540312923014453 -5.4032572900172726e-20
    outer loop
      vertex 11 6 34
      vertex 10.957224306869051 6.652630961100257 12
      vertex 10.957224306869051 6.652630961100257 34
    endloop
  endfacet
  facet normal 0.9807852804032304 0.19509032201612805 1.5743388444983776e-19
    outer loop
      vertex 10.957224306869051 6.652630961100257 34
      vertex 10.82962913144534 7.294095225512604 12
      vertex 10.82962913144534 7.294095225512604 34
    endloop
  endfacet
  facet normal 0.9469301294951061 0.3214394653031601 -3.0909038751416593e-19
    outer loop
      vertex 10.82962913144534 7.294095225512604 34
      vertex 10.619397662556434 7.913417161825449 12
      vertex 10.619397662556434 7.913417161825449 34
    endloop
  endfacet
  facet normal 0.831469612302546 0.5555702330196012 8.314478591147898e-19
    outer loop
      vertex 10.330127018922193 8.5 34
      vertex 9.966766701456176 9.043807145043603 12
      vertex 9.966766701456176 9.043807145043603 34
    endloop
  endfacet
  facet normal 0.7518398074789772 0.6593458151000691 0
    outer loop
      vertex 9.535533905932738 9.535533905932738 34
      vertex 9.966766701456176 9.043807145043603 34
      vertex 9.535533905932738 9.535533905932738 12
    endloop
  endfacet
  facet normal 0.06540312923014502 0.9978589232386034 0
    outer loop
      vertex 118.3 10.980336961155428 17.4
      vertex 118.65263096110026 10.957224306869051 12
      vertex 118.3 10.980336961155428 12
    endloop
  endfacet
  facet normal 0.06540312923014314 -0.9978589232386035 0
    outer loop
      vertex 118.3 1.0196630388445713 17.4
      vertex 118.3 1.0196630388445713 12
      vertex 118.65263096110026 1.042775693130948 34
    endloop
  endfacet
  facet normal 0.06540312923014545 0.9978589232386035 2.7161941227718124e-17
    outer loop
      vertex 118.3 10.980336961155428 17.4
      vertex 118 11 34
      vertex 118.65263096110026 10.957224306869051 12
    endloop
  endfacet
  facet normal 0.06540312923014314 -0.9978589232386035 0
    outer loop
      vertex 118.65263096110026 1.042775693130948 34
      vertex 118.3 1.0196630388445713 12
      vertex 118.65263096110026 1.042775693130948 12
    endloop
  endfacet
  facet normal 0.19509032201612728 -0.9807852804032307 0
    outer loop
      vertex 119.2940952255126 1.1703708685546585 34
      vertex 118.65263096110026 1.042775693130948 12
      vertex 119.2940952255126 1.1703708685546585 12
    endloop
  endfacet
  facet normal 0.32143946530316214 -0.9469301294951055 0
    outer loop
      vertex 119.91341716182545 1.380602337443566 34
      vertex 119.2940952255126 1.1703708685546585 12
      vertex 119.91341716182545 1.380602337443566 12
    endloop
  endfacet
  facet normal 0.44228869021900263 -0.8968727415326876 0
    outer loop
      vertex 120.5 1.6698729810778072 34
      vertex 119.91341716182545 1.380602337443566 12
      vertex 120.5 1.6698729810778072 12
    endloop
  endfacet
  facet normal 0.5555702330196033 -0.8314696123025446 0
    outer loop
      vertex 121.0438071450436 2.0332332985438244 34
      vertex 120.5 1.6698729810778072 12
      vertex 121.0438071450436 2.0332332985438244 12
    endloop
  endfacet
  facet normal 0.659345815100067 -0.751839807478979 0
    outer loop
      vertex 121.53553390593274 2.4644660940672622 34
      vertex 121.0438071450436 2.0332332985438244 12
      vertex 121.53553390593274 2.4644660940672622 12
    endloop
  endfacet
  facet normal 0.7518398074789744 -0.6593458151000722 0
    outer loop
      vertex 121.53553390593274 2.4644660940672622 34
      vertex 121.53553390593274 2.4644660940672622 12
      vertex 121.96676670145618 2.956192854956397 12
    endloop
  endfacet
  facet normal 0.8314696123025448 -0.5555702330196031 0
    outer loop
      vertex 121.96676670145618 2.956192854956397 34
      vertex 121.96676670145618 2.956192854956397 12
      vertex 122.3301270189222 3.5 12
    endloop
  endfacet
  facet normal 0.8968727415326889 -0.4422886902189999 0
    outer loop
      vertex 122.3301270189222 3.5 34
      vertex 122.3301270189222 3.5 12
      vertex 122.61939766255644 4.086582838174551 12
    endloop
  endfacet
  facet normal 0.9469301294951061 -0.3214394653031601 0
    outer loop
      vertex 122.61939766255644 4.086582838174551 34
      vertex 122.61939766255644 4.086582838174551 12
      vertex 122.82962913144534 4.705904774487396 12
    endloop
  endfacet
  facet normal 0.9807852804032315 -0.19509032201612284 0
    outer loop
      vertex 122.82962913144534 4.705904774487396 34
      vertex 122.82962913144534 4.705904774487396 12
      vertex 122.95722430686905 5.347369038899743 12
    endloop
  endfacet
  facet normal 0.9978589232386035 -0.06540312923014453 0
    outer loop
      vertex 122.95722430686905 5.347369038899743 34
      vertex 122.95722430686905 5.347369038899743 12
      vertex 123 6 12
    endloop
  endfacet
  facet normal 0.9978589232386035 0.06540312923014453 0
    outer loop
      vertex 123 6 34
      vertex 123 6 12
      vertex 122.95722430686905 6.652630961100257 12
    endloop
  endfacet
  facet normal 0.3214394653031609 0.9469301294951059 0
    outer loop
      vertex 119.2940952255126 10.82962913144534 34
      vertex 119.91341716182545 10.619397662556434 12
      vertex 119.2940952255126 10.82962913144534 12
    endloop
  endfacet
  facet normal 0.44228869021900263 0.8968727415326876 0
    outer loop
      vertex 119.91341716182545 10.619397662556434 34
      vertex 120.5 10.330127018922193 12
      vertex 119.91341716182545 10.619397662556434 12
    endloop
  endfacet
  facet normal 0.5555702330196024 0.8314696123025451 0
    outer loop
      vertex 120.5 10.330127018922193 34
      vertex 121.0438071450436 9.966766701456176 12
      vertex 120.5 10.330127018922193 12
    endloop
  endfacet
  facet normal 0.6593458151000677 0.7518398074789784 0
    outer loop
      vertex 121.0438071450436 9.966766701456176 34
      vertex 121.53553390593274 9.535533905932738 12
      vertex 121.0438071450436 9.966766701456176 12
    endloop
  endfacet
  facet normal 0.7518398074789744 0.6593458151000722 0
    outer loop
      vertex 121.96676670145618 9.043807145043603 34
      vertex 121.96676670145618 9.043807145043603 12
      vertex 121.53553390593274 9.535533905932738 12
    endloop
  endfacet
  facet normal 0.8314696123025448 0.5555702330196031 0
    outer loop
      vertex 122.3301270189222 8.5 34
      vertex 122.3301270189222 8.5 12
      vertex 121.96676670145618 9.043807145043603 12
    endloop
  endfacet
  facet normal 0.19509032201612728 0.9807852804032307 0
    outer loop
      vertex 118.65263096110026 10.957224306869051 34
      vertex 119.2940952255126 10.82962913144534 12
      vertex 118.65263096110026 10.957224306869051 12
    endloop
  endfacet
  facet normal 0.9807852804032315 0.19509032201612284 0
    outer loop
      vertex 122.95722430686905 6.652630961100257 34
      vertex 122.95722430686905 6.652630961100257 12
      vertex 122.82962913144534 7.294095225512604 12
    endloop
  endfacet
  facet normal 0.9469301294951061 0.3214394653031601 0
    outer loop
      vertex 122.82962913144534 7.294095225512604 34
      vertex 122.82962913144534 7.294095225512604 12
      vertex 122.61939766255644 7.913417161825449 12
    endloop
  endfacet
  facet normal 0.8968727415326889 0.4422886902189999 0
    outer loop
      vertex 122.61939766255644 7.913417161825449 34
      vertex 122.61939766255644 7.913417161825449 12
      vertex 122.3301270189222 8.5 12
    endloop
  endfacet
  facet normal -0.7518398074789745 -0.6593458151000722 0
    outer loop
      vertex 114.03323329854382 2.956192854956397 17.4
      vertex 114.46446609406726 2.4644660940672622 17.4
      vertex 114.03323329854382 2.956192854956397 34
    endloop
  endfacet
  facet normal -0.8314696123025448 -0.5555702330196031 -9.526207075550916e-19
    outer loop
      vertex 114.03323329854382 2.956192854956397 17.4
      vertex 113.6698729810778 3.5 34
      vertex 113.6698729810778 3.5 17.4
    endloop
  endfacet
  facet normal -0.896872741532689 -0.44228869021899997 0
    outer loop
      vertex 113.38060233744356 4.086582838174551 17.4
      vertex 113.6698729810778 3.5 17.4
      vertex 113.38060233744356 4.086582838174551 34
    endloop
  endfacet
  facet normal -0.9469301294951061 -0.3214394653031601 -4.096378629705813e-19
    outer loop
      vertex 113.38060233744356 4.086582838174551 17.4
      vertex 113.17037086855466 4.705904774487396 34
      vertex 113.17037086855466 4.705904774487396 17.4
    endloop
  endfacet
  facet normal -0.9807852804032315 -0.19509032201612284 4.832801139167337e-19
    outer loop
      vertex 113.17037086855466 4.705904774487396 17.4
      vertex 113.04277569313095 5.347369038899743 34
      vertex 113.04277569313095 5.347369038899743 17.4
    endloop
  endfacet
  facet normal -0.9978589232386034 -0.06540312923014452 -7.160943396408432e-20
    outer loop
      vertex 113.04277569313095 5.347369038899743 17.4
      vertex 113 6 34
      vertex 113 6 17.4
    endloop
  endfacet
  facet normal -0.5555702330196034 -0.8314696123025446 7.26707508793854e-19
    outer loop
      vertex 115.5 1.6698729810778072 17.4
      vertex 114.9561928549564 2.0332332985438244 34
      vertex 114.9561928549564 2.0332332985438244 17.4
    endloop
  endfacet
  facet normal -0.4422886902190026 -0.8968727415326876 0
    outer loop
      vertex 115.5 1.6698729810778072 17.4
      vertex 116.08658283817455 1.380602337443566 17.4
      vertex 115.5 1.6698729810778072 34
    endloop
  endfacet
  facet normal -0.32143946530316214 -0.9469301294951056 0
    outer loop
      vertex 116.08658283817455 1.380602337443566 17.4
      vertex 116.7059047744874 1.1703708685546585 17.4
      vertex 116.08658283817455 1.380602337443566 34
    endloop
  endfacet
  facet normal -0.1950903220161273 -0.9807852804032307 0
    outer loop
      vertex 116.7059047744874 1.1703708685546585 17.4
      vertex 117.34736903889974 1.042775693130948 17.4
      vertex 116.7059047744874 1.1703708685546585 34
    endloop
  endfacet
  facet normal -0.06540312923014317 -0.9978589232386035 0
    outer loop
      vertex 117.34736903889974 1.042775693130948 17.4
      vertex 118 1 17.4
      vertex 117.34736903889974 1.042775693130948 34
    endloop
  endfacet
  facet normal 0.0654031292301432 -0.9978589232386035 0
    outer loop
      vertex 118 1 17.4
      vertex 118.3 1.0196630388445713 17.4
      vertex 118 1 34
    endloop
  endfacet
  facet normal -0.6593458151000671 -0.7518398074789792 0
    outer loop
      vertex 114.46446609406726 2.4644660940672622 17.4
      vertex 114.9561928549564 2.0332332985438244 17.4
      vertex 114.46446609406726 2.4644660940672622 34
    endloop
  endfacet
  facet normal -0.9978589232386034 0.06540312923014452 7.160943396408432e-20
    outer loop
      vertex 113 6 17.4
      vertex 113.04277569313095 6.652630961100257 34
      vertex 113.04277569313095 6.652630961100257 17.4
    endloop
  endfacet
  facet normal -0.9807852804032315 0.19509032201612284 -4.832801139167337e-19
    outer loop
      vertex 113.04277569313095 6.652630961100257 17.4
      vertex 113.17037086855466 7.294095225512604 34
      vertex 113.17037086855466 7.294095225512604 17.4
    endloop
  endfacet
  facet normal -0.9469301294951061 0.3214394653031601 4.096378629705813e-19
    outer loop
      vertex 113.17037086855466 7.294095225512604 17.4
      vertex 113.38060233744356 7.913417161825449 34
      vertex 113.38060233744356 7.913417161825449 17.4
    endloop
  endfacet
  facet normal -0.896872741532689 0.44228869021899997 -2.6058943015471267e-19
    outer loop
      vertex 113.38060233744356 7.913417161825449 17.4
      vertex 113.6698729810778 8.5 34
      vertex 113.6698729810778 8.5 17.4
    endloop
  endfacet
  facet normal -0.8314696123025448 0.5555702330196031 9.526207075550916e-19
    outer loop
      vertex 113.6698729810778 8.5 17.4
      vertex 114.03323329854382 9.043807145043603 34
      vertex 114.03323329854382 9.043807145043603 17.4
    endloop
  endfacet
  facet normal -0.7518398074789745 0.6593458151000722 6.450980497053473e-19
    outer loop
      vertex 114.03323329854382 9.043807145043603 17.4
      vertex 114.46446609406726 9.535533905932738 34
      vertex 114.46446609406726 9.535533905932738 17.4
    endloop
  endfacet
  facet normal -0.6593458151000677 0.7518398074789784 -2.2954391813225913e-19
    outer loop
      vertex 114.46446609406726 9.535533905932738 17.4
      vertex 114.9561928549564 9.966766701456176 34
      vertex 114.9561928549564 9.966766701456176 17.4
    endloop
  endfacet
  facet normal -0.5555702330196023 0.8314696123025451 8.025099131414174e-19
    outer loop
      vertex 114.9561928549564 9.966766701456176 17.4
      vertex 115.5 10.330127018922193 34
      vertex 115.5 10.330127018922193 17.4
    endloop
  endfacet
  facet normal -0.4422886902190026 0.8968727415326876 4.670917628988532e-19
    outer loop
      vertex 115.5 10.330127018922193 17.4
      vertex 116.08658283817455 10.619397662556434 34
      vertex 116.08658283817455 10.619397662556434 17.4
    endloop
  endfacet
  facet normal -0.32143946530316087 0.9469301294951059 -7.530883293317929e-19
    outer loop
      vertex 116.08658283817455 10.619397662556434 17.4
      vertex 116.7059047744874 10.82962913144534 34
      vertex 116.7059047744874 10.82962913144534 17.4
    endloop
  endfacet
  facet normal -0.1950903220161273 0.9807852804032307 4.282678276028846e-19
    outer loop
      vertex 116.7059047744874 10.82962913144534 17.4
      vertex 117.34736903889974 10.957224306869051 34
      vertex 117.34736903889974 10.957224306869051 17.4
    endloop
  endfacet
  facet normal -0.06540312923014452 0.9978589232386034 7.160943396408432e-20
    outer loop
      vertex 117.34736903889974 10.957224306869051 17.4
      vertex 118 11 34
      vertex 118 11 17.4
    endloop
  endfacet
  facet normal 0.06540312923014394 0.9978589232386035 0
    outer loop
      vertex 118 11 17.4
      vertex 118 11 34
      vertex 118.3 10.980336961155428 17.4
    endloop
  endfacet
  facet normal 0.06540312923014453 0.9978589232386035 -5.4032572900172726e-20
    outer loop
      vertex 118 11 34
      vertex 118.65263096110026 10.957224306869051 34
      vertex 118.65263096110026 10.957224306869051 12
    endloop
  endfacet
  facet normal 0.19509032201612728 -0.9807852804032307 0
    outer loop
      vertex 118.65263096110026 1.042775693130948 34
      vertex 118.65263096110026 1.042775693130948 12
      vertex 119.2940952255126 1.1703708685546585 34
    endloop
  endfacet
  facet normal 0.32143946530316214 -0.9469301294951055 0
    outer loop
      vertex 119.2940952255126 1.1703708685546585 34
      vertex 119.2940952255126 1.1703708685546585 12
      vertex 119.91341716182545 1.380602337443566 34
    endloop
  endfacet
  facet normal 0.44228869021900263 -0.8968727415326876 0
    outer loop
      vertex 119.91341716182545 1.380602337443566 34
      vertex 119.91341716182545 1.380602337443566 12
      vertex 120.5 1.6698729810778072 34
    endloop
  endfacet
  facet normal 0.5555702330196033 -0.8314696123025446 0
    outer loop
      vertex 120.5 1.6698729810778072 34
      vertex 120.5 1.6698729810778072 12
      vertex 121.0438071450436 2.0332332985438244 34
    endloop
  endfacet
  facet normal 0.659345815100067 -0.751839807478979 0
    outer loop
      vertex 121.0438071450436 2.0332332985438244 34
      vertex 121.0438071450436 2.0332332985438244 12
      vertex 121.53553390593274 2.4644660940672622 34
    endloop
  endfacet
  facet normal 0.7518398074789744 -0.6593458151000722 4.867558011413076e-19
    outer loop
      vertex 121.53553390593274 2.4644660940672622 34
      vertex 121.96676670145618 2.956192854956397 12
      vertex 121.96676670145618 2.956192854956397 34
    endloop
  endfacet
  facet normal 0.8314696123025448 -0.5555702330196031 7.187956247915691e-19
    outer loop
      vertex 121.96676670145618 2.956192854956397 34
      vertex 122.3301270189222 3.5 12
      vertex 122.3301270189222 3.5 34
    endloop
  endfacet
  facet normal 0.8968727415326889 -0.4422886902189999 -1.9662657002582867e-19
    outer loop
      vertex 122.3301270189222 3.5 34
      vertex 122.61939766255644 4.086582838174551 12
      vertex 122.61939766255644 4.086582838174551 34
    endloop
  endfacet
  facet normal 0.9469301294951061 -0.3214394653031601 3.0909038751416593e-19
    outer loop
      vertex 122.61939766255644 4.086582838174551 34
      vertex 122.82962913144534 4.705904774487396 12
      vertex 122.82962913144534 4.705904774487396 34
    endloop
  endfacet
  facet normal 0.9807852804032315 -0.19509032201612284 -3.646568132280809e-19
    outer loop
      vertex 122.82962913144534 4.705904774487396 34
      vertex 122.95722430686905 5.347369038899743 12
      vertex 122.95722430686905 5.347369038899743 34
    endloop
  endfacet
  facet normal 0.9978589232386035 -0.06540312923014453 5.4032572900172726e-20
    outer loop
      vertex 122.95722430686905 5.347369038899743 34
      vertex 123 6 12
      vertex 123 6 34
    endloop
  endfacet
  facet normal 0.3214394653031609 0.9469301294951059 0
    outer loop
      vertex 119.91341716182545 10.619397662556434 34
      vertex 119.91341716182545 10.619397662556434 12
      vertex 119.2940952255126 10.82962913144534 34
    endloop
  endfacet
  facet normal 0.44228869021900263 0.8968727415326876 -3.5244196655095294e-19
    outer loop
      vertex 119.91341716182545 10.619397662556434 34
      vertex 120.5 10.330127018922193 34
      vertex 120.5 10.330127018922193 12
    endloop
  endfacet
  facet normal 0.8968727415326889 0.4422886902189999 0
    outer loop
      vertex 122.3301270189222 8.5 34
      vertex 122.61939766255644 7.913417161825449 34
      vertex 122.3301270189222 8.5 12
    endloop
  endfacet
  facet normal 0.6593458151000677 0.7518398074789784 1.732013200452501e-19
    outer loop
      vertex 121.0438071450436 9.966766701456176 34
      vertex 121.53553390593274 9.535533905932738 34
      vertex 121.53553390593274 9.535533905932738 12
    endloop
  endfacet
  facet normal 0.5555702330196024 0.8314696123025451 -6.055302071885242e-19
    outer loop
      vertex 120.5 10.330127018922193 34
      vertex 121.0438071450436 9.966766701456176 34
      vertex 121.0438071450436 9.966766701456176 12
    endloop
  endfacet
  facet normal 0.7518398074789744 0.6593458151000722 0
    outer loop
      vertex 121.53553390593274 9.535533905932738 34
      vertex 121.96676670145618 9.043807145043603 34
      vertex 121.53553390593274 9.535533905932738 12
    endloop
  endfacet
  facet normal 0.8314696123025448 0.5555702330196031 -7.187956247915691e-19
    outer loop
      vertex 122.3301270189222 8.5 34
      vertex 121.96676670145618 9.043807145043603 12
      vertex 121.96676670145618 9.043807145043603 34
    endloop
  endfacet
  facet normal 0.19509032201612728 0.9807852804032307 -3.2314754264581294e-19
    outer loop
      vertex 118.65263096110026 10.957224306869051 34
      vertex 119.2940952255126 10.82962913144534 34
      vertex 119.2940952255126 10.82962913144534 12
    endloop
  endfacet
  facet normal 0.9978589232386035 0.06540312923014453 -5.4032572900172726e-20
    outer loop
      vertex 123 6 34
      vertex 122.95722430686905 6.652630961100257 12
      vertex 122.95722430686905 6.652630961100257 34
    endloop
  endfacet
  facet normal 0.9807852804032315 0.19509032201612284 3.646568132280809e-19
    outer loop
      vertex 122.95722430686905 6.652630961100257 34
      vertex 122.82962913144534 7.294095225512604 12
      vertex 122.82962913144534 7.294095225512604 34
    endloop
  endfacet
  facet normal 0.9469301294951061 0.3214394653031601 -3.0909038751416593e-19
    outer loop
      vertex 122.82962913144534 7.294095225512604 34
      vertex 122.61939766255644 7.913417161825449 12
      vertex 122.61939766255644 7.913417161825449 34
    endloop
  endfacet
  facet normal -0.7518398074789745 -0.6593458151000722 0
    outer loop
      vertex 114.46446609406726 2.4644660940672622 17.4
      vertex 114.46446609406726 2.4644660940672622 34
      vertex 114.03323329854382 2.956192854956397 34
    endloop
  endfacet
  facet normal -0.896872741532689 -0.44228869021899997 0
    outer loop
      vertex 113.6698729810778 3.5 17.4
      vertex 113.6698729810778 3.5 34
      vertex 113.38060233744356 4.086582838174551 34
    endloop
  endfacet
  facet normal -0.8314696123025448 -0.5555702330196031 0
    outer loop
      vertex 114.03323329854382 2.956192854956397 17.4
      vertex 114.03323329854382 2.956192854956397 34
      vertex 113.6698729810778 3.5 34
    endloop
  endfacet
  facet normal -0.9469301294951061 -0.3214394653031601 0
    outer loop
      vertex 113.38060233744356 4.086582838174551 17.4
      vertex 113.38060233744356 4.086582838174551 34
      vertex 113.17037086855466 4.705904774487396 34
    endloop
  endfacet
  facet normal -0.9807852804032315 -0.19509032201612284 0
    outer loop
      vertex 113.17037086855466 4.705904774487396 17.4
      vertex 113.17037086855466 4.705904774487396 34
      vertex 113.04277569313095 5.347369038899743 34
    endloop
  endfacet
  facet normal -0.9978589232386034 -0.06540312923014452 0
    outer loop
      vertex 113.04277569313095 5.347369038899743 17.4
      vertex 113.04277569313095 5.347369038899743 34
      vertex 113 6 34
    endloop
  endfacet
  facet normal -0.9978589232386034 0.06540312923014452 0
    outer loop
      vertex 113 6 17.4
      vertex 113 6 34
      vertex 113.04277569313095 6.652630961100257 34
    endloop
  endfacet
  facet normal -0.5555702330196034 -0.8314696123025446 0
    outer loop
      vertex 115.5 1.6698729810778072 17.4
      vertex 115.5 1.6698729810778072 34
      vertex 114.9561928549564 2.0332332985438244 34
    endloop
  endfacet
  facet normal -0.4422886902190026 -0.8968727415326876 0
    outer loop
      vertex 116.08658283817455 1.380602337443566 17.4
      vertex 116.08658283817455 1.380602337443566 34
      vertex 115.5 1.6698729810778072 34
    endloop
  endfacet
  facet normal -0.32143946530316214 -0.9469301294951056 0
    outer loop
      vertex 116.7059047744874 1.1703708685546585 17.4
      vertex 116.7059047744874 1.1703708685546585 34
      vertex 116.08658283817455 1.380602337443566 34
    endloop
  endfacet
  facet normal -0.1950903220161273 -0.9807852804032307 0
    outer loop
      vertex 117.34736903889974 1.042775693130948 17.4
      vertex 117.34736903889974 1.042775693130948 34
      vertex 116.7059047744874 1.1703708685546585 34
    endloop
  endfacet
  facet normal -0.06540312923014317 -0.9978589232386035 0
    outer loop
      vertex 118 1 17.4
      vertex 118 1 34
      vertex 117.34736903889974 1.042775693130948 34
    endloop
  endfacet
  facet normal 0.06540312923014317 -0.9978589232386035 -5.988558368792639e-19
    outer loop
      vertex 118.3 1.0196630388445713 17.4
      vertex 118.65263096110026 1.042775693130948 34
      vertex 118 1 34
    endloop
  endfacet
  facet normal -0.6593458151000671 -0.7518398074789792 0
    outer loop
      vertex 114.9561928549564 2.0332332985438244 17.4
      vertex 114.9561928549564 2.0332332985438244 34
      vertex 114.46446609406726 2.4644660940672622 34
    endloop
  endfacet
  facet normal -0.9807852804032315 0.19509032201612284 0
    outer loop
      vertex 113.04277569313095 6.652630961100257 17.4
      vertex 113.04277569313095 6.652630961100257 34
      vertex 113.17037086855466 7.294095225512604 34
    endloop
  endfacet
  facet normal -0.9469301294951061 0.3214394653031601 0
    outer loop
      vertex 113.17037086855466 7.294095225512604 17.4
      vertex 113.17037086855466 7.294095225512604 34
      vertex 113.38060233744356 7.913417161825449 34
    endloop
  endfacet
  facet normal -0.896872741532689 0.44228869021899997 0
    outer loop
      vertex 113.38060233744356 7.913417161825449 17.4
      vertex 113.38060233744356 7.913417161825449 34
      vertex 113.6698729810778 8.5 34
    endloop
  endfacet
  facet normal -0.8314696123025448 0.5555702330196031 0
    outer loop
      vertex 113.6698729810778 8.5 17.4
      vertex 113.6698729810778 8.5 34
      vertex 114.03323329854382 9.043807145043603 34
    endloop
  endfacet
  facet normal -0.7518398074789745 0.6593458151000722 0
    outer loop
      vertex 114.03323329854382 9.043807145043603 17.4
      vertex 114.03323329854382 9.043807145043603 34
      vertex 114.46446609406726 9.535533905932738 34
    endloop
  endfacet
  facet normal -0.6593458151000677 0.7518398074789784 0
    outer loop
      vertex 114.46446609406726 9.535533905932738 17.4
      vertex 114.46446609406726 9.535533905932738 34
      vertex 114.9561928549564 9.966766701456176 34
    endloop
  endfacet
  facet normal -0.5555702330196023 0.8314696123025451 0
    outer loop
      vertex 114.9561928549564 9.966766701456176 17.4
      vertex 114.9561928549564 9.966766701456176 34
      vertex 115.5 10.330127018922193 34
    endloop
  endfacet
  facet normal -0.4422886902190026 0.8968727415326876 0
    outer loop
      vertex 115.5 10.330127018922193 17.4
      vertex 115.5 10.330127018922193 34
      vertex 116.08658283817455 10.619397662556434 34
    endloop
  endfacet
  facet normal -0.32143946530316087 0.9469301294951059 0
    outer loop
      vertex 116.08658283817455 10.619397662556434 17.4
      vertex 116.08658283817455 10.619397662556434 34
      vertex 116.7059047744874 10.82962913144534 34
    endloop
  endfacet
  facet normal -0.1950903220161273 0.9807852804032307 0
    outer loop
      vertex 116.7059047744874 10.82962913144534 17.4
      vertex 116.7059047744874 10.82962913144534 34
      vertex 117.34736903889974 10.957224306869051 34
    endloop
  endfacet
  facet normal -0.06540312923014452 0.9978589232386034 0
    outer loop
      vertex 117.34736903889974 10.957224306869051 17.4
      vertex 117.34736903889974 10.957224306869051 34
      vertex 118 11 34
    endloop
  endfacet
  facet normal -0.19509032201610724 0.9807852804032346 0
    outer loop
      vertex 118.3 129.3300798802492 17.4
      vertex 118.43999237667428 129.35792609530858 12
      vertex 118.3 129.3300798802492 12
    endloop
  endfacet
  facet normal -0.19509032201610724 -0.9807852804032346 0
    outer loop
      vertex 118.3 132.6699201197508 17.4
      vertex 118.3 132.6699201197508 12
      vertex 118.43999237667428 132.64207390469142 12
    endloop
  endfacet
  facet normal -0.1950903220161046 0.9807852804032352 7.07255926547293e-17
    outer loop
      vertex 118.3 129.3300798802492 17.4
      vertex 118.2218945267741 129.31454373566453 34
      vertex 118.43999237667428 129.35792609530858 12
    endloop
  endfacet
  facet normal -0.19509032201610724 -0.9807852804032348 -1.5793316305288592e-20
    outer loop
      vertex 118.3 132.6699201197508 17.4
      vertex 118.43999237667428 132.64207390469142 12
      vertex 118.43999237667428 132.64207390469142 34
    endloop
  endfacet
  facet normal -0.3214394653031036 0.9469301294951254 0
    outer loop
      vertex 118.43999237667428 129.35792609530858 34
      vertex 118.65056183502065 129.4294047947308 12
      vertex 118.43999237667428 129.35792609530858 12
    endloop
  endfacet
  facet normal -0.442288690219009 0.8968727415326845 0
    outer loop
      vertex 118.65056183502065 129.4294047947308 34
      vertex 118.85 129.52775681356644 12
      vertex 118.65056183502065 129.4294047947308 12
    endloop
  endfacet
  facet normal -0.5555702330196263 0.831469612302529 0
    outer loop
      vertex 118.85 129.52775681356644 34
      vertex 119.03489442931482 129.6512993215049 12
      vertex 118.85 129.52775681356644 12
    endloop
  endfacet
  facet normal -0.6593458151001 0.7518398074789502 0
    outer loop
      vertex 119.03489442931482 129.6512993215049 34
      vertex 119.20208152801713 129.79791847198288 12
      vertex 119.03489442931482 129.6512993215049 12
    endloop
  endfacet
  facet normal -0.7518398074789541 0.6593458151000956 0
    outer loop
      vertex 119.20208152801713 129.79791847198288 34
      vertex 119.3487006784951 129.96510557068518 12
      vertex 119.20208152801713 129.79791847198288 12
    endloop
  endfacet
  facet normal -0.8314696123025587 0.5555702330195822 0
    outer loop
      vertex 119.3487006784951 129.96510557068518 34
      vertex 119.47224318643354 130.15 12
      vertex 119.3487006784951 129.96510557068518 12
    endloop
  endfacet
  facet normal -0.8968727415326845 0.442288690219009 0
    outer loop
      vertex 119.47224318643354 130.15 34
      vertex 119.57059520526919 130.34943816497935 12
      vertex 119.47224318643354 130.15 12
    endloop
  endfacet
  facet normal -0.9469301294950994 0.3214394653031803 0
    outer loop
      vertex 119.57059520526919 130.34943816497935 34
      vertex 119.64207390469142 130.5600076233257 12
      vertex 119.57059520526919 130.34943816497935 12
    endloop
  endfacet
  facet normal -0.3214394653031036 -0.9469301294951254 0
    outer loop
      vertex 118.65056183502065 132.5705952052692 34
      vertex 118.43999237667428 132.64207390469142 12
      vertex 118.65056183502065 132.5705952052692 12
    endloop
  endfacet
  facet normal -0.442288690219009 -0.8968727415326845 0
    outer loop
      vertex 118.85 132.47224318643356 34
      vertex 118.65056183502065 132.5705952052692 12
      vertex 118.85 132.47224318643356 12
    endloop
  endfacet
  facet normal -0.6593458151001 -0.7518398074789502 0
    outer loop
      vertex 119.20208152801713 132.20208152801712 34
      vertex 119.03489442931482 132.3487006784951 12
      vertex 119.20208152801713 132.20208152801712 12
    endloop
  endfacet
  facet normal -0.8314696123025587 -0.5555702330195822 0
    outer loop
      vertex 119.47224318643354 131.85 34
      vertex 119.3487006784951 132.03489442931482 12
      vertex 119.47224318643354 131.85 12
    endloop
  endfacet
  facet normal -0.7518398074789541 -0.6593458151000956 0
    outer loop
      vertex 119.3487006784951 132.03489442931482 34
      vertex 119.20208152801713 132.20208152801712 12
      vertex 119.3487006784951 132.03489442931482 12
    endloop
  endfacet
  facet normal -0.5555702330196263 -0.831469612302529 0
    outer loop
      vertex 119.03489442931482 132.3487006784951 34
      vertex 118.85 132.47224318643356 12
      vertex 119.03489442931482 132.3487006784951 12
    endloop
  endfacet
  facet normal -0.9807852804032362 0.19509032201609922 0
    outer loop
      vertex 119.64207390469142 130.5600076233257 34
      vertex 119.68545626433547 130.7781054732259 12
      vertex 119.64207390469142 130.5600076233257 12
    endloop
  endfacet
  facet normal -0.9978589232386008 0.06540312923018349 0
    outer loop
      vertex 119.68545626433547 130.7781054732259 34
      vertex 119.7 131 12
      vertex 119.68545626433547 130.7781054732259 12
    endloop
  endfacet
  facet normal -0.9978589232386008 -0.06540312923018349 0
    outer loop
      vertex 119.7 131 34
      vertex 119.68545626433547 131.2218945267741 12
      vertex 119.7 131 12
    endloop
  endfacet
  facet normal -0.9807852804032362 -0.19509032201609922 0
    outer loop
      vertex 119.68545626433547 131.2218945267741 34
      vertex 119.64207390469142 131.4399923766743 12
      vertex 119.68545626433547 131.2218945267741 12
    endloop
  endfacet
  facet normal -0.8968727415326845 -0.442288690219009 0
    outer loop
      vertex 119.57059520526919 131.65056183502065 34
      vertex 119.47224318643354 131.85 12
      vertex 119.57059520526919 131.65056183502065 12
    endloop
  endfacet
  facet normal -0.9469301294950994 -0.3214394653031803 0
    outer loop
      vertex 119.64207390469142 131.4399923766743 34
      vertex 119.57059520526919 131.65056183502065 12
      vertex 119.64207390469142 131.4399923766743 12
    endloop
  endfacet
  facet normal 0.9469301294950992 0.3214394653031803 1.2179990683773277e-20
    outer loop
      vertex 116.35792609530858 130.5600076233257 17.4
      vertex 116.42940479473081 130.34943816497935 34
      vertex 116.42940479473081 130.34943816497935 17.4
    endloop
  endfacet
  facet normal 0.442288690219009 0.8968727415326845 0
    outer loop
      vertex 117.34943816497935 129.4294047947308 17.4
      vertex 117.15 129.52775681356644 17.4
      vertex 117.34943816497935 129.4294047947308 34
    endloop
  endfacet
  facet normal 0.8314696123025586 0.5555702330195821 0
    outer loop
      vertex 116.6512993215049 129.96510557068518 17.4
      vertex 116.52775681356646 130.15 17.4
      vertex 116.6512993215049 129.96510557068518 34
    endloop
  endfacet
  facet normal 0.6593458151000999 0.7518398074789501 4.661628094430333e-19
    outer loop
      vertex 116.79791847198287 129.79791847198288 17.4
      vertex 116.96510557068518 129.6512993215049 34
      vertex 116.96510557068518 129.6512993215049 17.4
    endloop
  endfacet
  facet normal 0.751839807478954 0.6593458151000956 -1.4438964235912261e-19
    outer loop
      vertex 116.6512993215049 129.96510557068518 17.4
      vertex 116.79791847198287 129.79791847198288 34
      vertex 116.79791847198287 129.79791847198288 17.4
    endloop
  endfacet
  facet normal 0.8968727415326845 0.442288690219009 0
    outer loop
      vertex 116.52775681356646 130.15 17.4
      vertex 116.42940479473081 130.34943816497935 17.4
      vertex 116.52775681356646 130.15 34
    endloop
  endfacet
  facet normal 0.5555702330196263 0.8314696123025291 3.8339318009049195e-20
    outer loop
      vertex 116.96510557068518 129.6512993215049 17.4
      vertex 117.15 129.52775681356644 34
      vertex 117.15 129.52775681356644 17.4
    endloop
  endfacet
  facet normal 0.3214394653031035 0.9469301294951253 2.149588197179145e-19
    outer loop
      vertex 117.34943816497935 129.4294047947308 17.4
      vertex 117.56000762332572 129.35792609530858 34
      vertex 117.56000762332572 129.35792609530858 17.4
    endloop
  endfacet
  facet normal 0.19509032201611143 0.9807852804032338 3.018337854217562e-20
    outer loop
      vertex 117.56000762332572 129.35792609530858 17.4
      vertex 117.7781054732259 129.31454373566453 34
      vertex 117.7781054732259 129.31454373566453 17.4
    endloop
  endfacet
  facet normal 0.06540312923011987 0.997858923238605 -1.6908899744820388e-20
    outer loop
      vertex 117.7781054732259 129.31454373566453 17.4
      vertex 118 129.3 34
      vertex 118 129.3 17.4
    endloop
  endfacet
  facet normal -0.06540312923011987 0.997858923238605 1.6908899744820388e-20
    outer loop
      vertex 118 129.3 17.4
      vertex 118.2218945267741 129.31454373566453 34
      vertex 118.2218945267741 129.31454373566453 17.4
    endloop
  endfacet
  facet normal -0.19509032201611903 0.9807852804032322 0
    outer loop
      vertex 118.2218945267741 129.31454373566453 17.4
      vertex 118.2218945267741 129.31454373566453 34
      vertex 118.3 129.3300798802492 17.4
    endloop
  endfacet
  facet normal 0.9807852804032362 0.19509032201609922 0
    outer loop
      vertex 116.35792609530858 130.5600076233257 17.4
      vertex 116.31454373566453 130.7781054732259 17.4
      vertex 116.35792609530858 130.5600076233257 34
    endloop
  endfacet
  facet normal 0.9978589232386008 0.0654031292301835 0
    outer loop
      vertex 116.31454373566453 130.7781054732259 17.4
      vertex 116.3 131 17.4
      vertex 116.31454373566453 130.7781054732259 34
    endloop
  endfacet
  facet normal 0.9978589232386008 -0.0654031292301835 0
    outer loop
      vertex 116.3 131 17.4
      vertex 116.31454373566453 131.2218945267741 17.4
      vertex 116.3 131 34
    endloop
  endfacet
  facet normal 0.9807852804032362 -0.19509032201609922 0
    outer loop
      vertex 116.31454373566453 131.2218945267741 17.4
      vertex 116.35792609530858 131.4399923766743 17.4
      vertex 116.31454373566453 131.2218945267741 34
    endloop
  endfacet
  facet normal 0.9469301294950992 -0.3214394653031803 0
    outer loop
      vertex 116.35792609530858 131.4399923766743 17.4
      vertex 116.42940479473081 131.65056183502065 17.4
      vertex 116.35792609530858 131.4399923766743 34
    endloop
  endfacet
  facet normal 0.8968727415326845 -0.442288690219009 0
    outer loop
      vertex 116.42940479473081 131.65056183502065 17.4
      vertex 116.52775681356646 131.85 17.4
      vertex 116.42940479473081 131.65056183502065 34
    endloop
  endfacet
  facet normal 0.8314696123025586 -0.5555702330195821 0
    outer loop
      vertex 116.52775681356646 131.85 17.4
      vertex 116.6512993215049 132.03489442931482 17.4
      vertex 116.52775681356646 131.85 34
    endloop
  endfacet
  facet normal 0.751839807478954 -0.6593458151000956 0
    outer loop
      vertex 116.6512993215049 132.03489442931482 17.4
      vertex 116.79791847198287 132.20208152801712 17.4
      vertex 116.6512993215049 132.03489442931482 34
    endloop
  endfacet
  facet normal 0.6593458151000999 -0.7518398074789501 0
    outer loop
      vertex 116.79791847198287 132.20208152801712 17.4
      vertex 116.96510557068518 132.3487006784951 17.4
      vertex 116.79791847198287 132.20208152801712 34
    endloop
  endfacet
  facet normal 0.5555702330196263 -0.8314696123025291 0
    outer loop
      vertex 116.96510557068518 132.3487006784951 17.4
      vertex 117.15 132.47224318643356 17.4
      vertex 116.96510557068518 132.3487006784951 34
    endloop
  endfacet
  facet normal 0.442288690219009 -0.8968727415326845 0
    outer loop
      vertex 117.15 132.47224318643356 17.4
      vertex 117.34943816497935 132.5705952052692 17.4
      vertex 117.15 132.47224318643356 34
    endloop
  endfacet
  facet normal 0.3214394653031035 -0.9469301294951253 0
    outer loop
      vertex 117.34943816497935 132.5705952052692 17.4
      vertex 117.56000762332572 132.64207390469142 17.4
      vertex 117.34943816497935 132.5705952052692 34
    endloop
  endfacet
  facet normal 0.19509032201611143 -0.9807852804032338 0
    outer loop
      vertex 117.56000762332572 132.64207390469142 17.4
      vertex 117.7781054732259 132.68545626433547 17.4
      vertex 117.56000762332572 132.64207390469142 34
    endloop
  endfacet
  facet normal 0.06540312923011987 -0.997858923238605 0
    outer loop
      vertex 117.7781054732259 132.68545626433547 17.4
      vertex 118 132.7 17.4
      vertex 117.7781054732259 132.68545626433547 34
    endloop
  endfacet
  facet normal -0.06540312923011987 -0.997858923238605 0
    outer loop
      vertex 118 132.7 17.4
      vertex 118.2218945267741 132.68545626433547 17.4
      vertex 118 132.7 34
    endloop
  endfacet
  facet normal -0.19509032201611903 -0.9807852804032322 0
    outer loop
      vertex 118.2218945267741 132.68545626433547 17.4
      vertex 118.3 132.6699201197508 17.4
      vertex 118.2218945267741 132.68545626433547 34
    endloop
  endfacet
  facet normal -0.19509032201611146 0.9807852804032339 -2.2774731081823428e-20
    outer loop
      vertex 118.2218945267741 129.31454373566453 34
      vertex 118.43999237667428 129.35792609530858 34
      vertex 118.43999237667428 129.35792609530858 12
    endloop
  endfacet
  facet normal -0.3214394653031036 0.9469301294951254 -1.6219620033260825e-19
    outer loop
      vertex 118.43999237667428 129.35792609530858 34
      vertex 118.65056183502065 129.4294047947308 34
      vertex 118.65056183502065 129.4294047947308 12
    endloop
  endfacet
  facet normal -0.442288690219009 0.8968727415326845 2.1465569768759983e-19
    outer loop
      vertex 118.65056183502065 129.4294047947308 34
      vertex 118.85 129.52775681356644 34
      vertex 118.85 129.52775681356644 12
    endloop
  endfacet
  facet normal -0.5555702330196263 0.831469612302529 -2.892875813410076e-20
    outer loop
      vertex 118.85 129.52775681356644 34
      vertex 119.03489442931482 129.6512993215049 34
      vertex 119.03489442931482 129.6512993215049 12
    endloop
  endfacet
  facet normal -0.6593458151001 0.7518398074789502 -3.517410289433798e-19
    outer loop
      vertex 119.03489442931482 129.6512993215049 34
      vertex 119.20208152801713 129.79791847198288 34
      vertex 119.20208152801713 129.79791847198288 12
    endloop
  endfacet
  facet normal -0.7518398074789541 0.6593458151000956 1.0894854832551981e-19
    outer loop
      vertex 119.20208152801713 129.79791847198288 34
      vertex 119.3487006784951 129.96510557068518 34
      vertex 119.3487006784951 129.96510557068518 12
    endloop
  endfacet
  facet normal -0.8314696123025587 0.5555702330195822 -2.612456473467317e-19
    outer loop
      vertex 119.3487006784951 129.96510557068518 34
      vertex 119.47224318643354 130.15 34
      vertex 119.47224318643354 130.15 12
    endloop
  endfacet
  facet normal -0.8968727415326845 0.442288690219009 2.1465569768759983e-19
    outer loop
      vertex 119.47224318643354 130.15 34
      vertex 119.57059520526919 130.34943816497935 34
      vertex 119.57059520526919 130.34943816497935 12
    endloop
  endfacet
  facet normal -0.9469301294950994 0.3214394653031803 -9.19035660684711e-21
    outer loop
      vertex 119.57059520526919 130.34943816497935 34
      vertex 119.64207390469142 130.5600076233257 34
      vertex 119.64207390469142 130.5600076233257 12
    endloop
  endfacet
  facet normal -0.3214394653031036 -0.9469301294951254 0
    outer loop
      vertex 118.43999237667428 132.64207390469142 34
      vertex 118.43999237667428 132.64207390469142 12
      vertex 118.65056183502065 132.5705952052692 34
    endloop
  endfacet
  facet normal -0.442288690219009 -0.8968727415326845 0
    outer loop
      vertex 118.65056183502065 132.5705952052692 34
      vertex 118.65056183502065 132.5705952052692 12
      vertex 118.85 132.47224318643356 34
    endloop
  endfacet
  facet normal -0.5555702330196263 -0.831469612302529 0
    outer loop
      vertex 118.85 132.47224318643356 34
      vertex 118.85 132.47224318643356 12
      vertex 119.03489442931482 132.3487006784951 34
    endloop
  endfacet
  facet normal -0.8314696123025587 -0.5555702330195822 0
    outer loop
      vertex 119.3487006784951 132.03489442931482 34
      vertex 119.3487006784951 132.03489442931482 12
      vertex 119.47224318643354 131.85 34
    endloop
  endfacet
  facet normal -0.7518398074789541 -0.6593458151000956 0
    outer loop
      vertex 119.20208152801713 132.20208152801712 34
      vertex 119.20208152801713 132.20208152801712 12
      vertex 119.3487006784951 132.03489442931482 34
    endloop
  endfacet
  facet normal -0.6593458151001 -0.7518398074789502 3.517410289433798e-19
    outer loop
      vertex 119.20208152801713 132.20208152801712 34
      vertex 119.03489442931482 132.3487006784951 34
      vertex 119.03489442931482 132.3487006784951 12
    endloop
  endfacet
  facet normal -0.9807852804032362 0.19509032201609922 1.149102484615934e-19
    outer loop
      vertex 119.64207390469142 130.5600076233257 34
      vertex 119.68545626433547 130.7781054732259 34
      vertex 119.68545626433547 130.7781054732259 12
    endloop
  endfacet
  facet normal -0.9978589232386008 0.06540312923018349 1.6291461489017496e-20
    outer loop
      vertex 119.68545626433547 130.7781054732259 34
      vertex 119.7 131 34
      vertex 119.7 131 12
    endloop
  endfacet
  facet normal -0.9978589232386008 -0.06540312923018349 -1.6291461489017496e-20
    outer loop
      vertex 119.7 131 34
      vertex 119.68545626433547 131.2218945267741 34
      vertex 119.68545626433547 131.2218945267741 12
    endloop
  endfacet
  facet normal -0.9807852804032362 -0.19509032201609922 -1.149102484615934e-19
    outer loop
      vertex 119.68545626433547 131.2218945267741 34
      vertex 119.64207390469142 131.4399923766743 34
      vertex 119.64207390469142 131.4399923766743 12
    endloop
  endfacet
  facet normal -0.9469301294950994 -0.3214394653031803 9.19035660684711e-21
    outer loop
      vertex 119.64207390469142 131.4399923766743 34
      vertex 119.57059520526919 131.65056183502065 34
      vertex 119.57059520526919 131.65056183502065 12
    endloop
  endfacet
  facet normal -0.8968727415326845 -0.442288690219009 -2.1465569768759983e-19
    outer loop
      vertex 119.57059520526919 131.65056183502065 34
      vertex 119.47224318643354 131.85 34
      vertex 119.47224318643354 131.85 12
    endloop
  endfacet
  facet normal 0.9469301294950992 0.3214394653031803 0
    outer loop
      vertex 116.35792609530858 130.5600076233257 17.4
      vertex 116.35792609530858 130.5600076233257 34
      vertex 116.42940479473081 130.34943816497935 34
    endloop
  endfacet
  facet normal 0.442288690219009 0.8968727415326845 0
    outer loop
      vertex 117.15 129.52775681356644 17.4
      vertex 117.15 129.52775681356644 34
      vertex 117.34943816497935 129.4294047947308 34
    endloop
  endfacet
  facet normal 0.3214394653031035 0.9469301294951253 0
    outer loop
      vertex 117.34943816497935 129.4294047947308 17.4
      vertex 117.34943816497935 129.4294047947308 34
      vertex 117.56000762332572 129.35792609530858 34
    endloop
  endfacet
  facet normal 0.6593458151000999 0.7518398074789501 0
    outer loop
      vertex 116.79791847198287 129.79791847198288 17.4
      vertex 116.79791847198287 129.79791847198288 34
      vertex 116.96510557068518 129.6512993215049 34
    endloop
  endfacet
  facet normal 0.751839807478954 0.6593458151000956 0
    outer loop
      vertex 116.6512993215049 129.96510557068518 17.4
      vertex 116.6512993215049 129.96510557068518 34
      vertex 116.79791847198287 129.79791847198288 34
    endloop
  endfacet
  facet normal 0.8968727415326845 0.442288690219009 0
    outer loop
      vertex 116.42940479473081 130.34943816497935 17.4
      vertex 116.42940479473081 130.34943816497935 34
      vertex 116.52775681356646 130.15 34
    endloop
  endfacet
  facet normal 0.8314696123025586 0.5555702330195821 0
    outer loop
      vertex 116.52775681356646 130.15 17.4
      vertex 116.52775681356646 130.15 34
      vertex 116.6512993215049 129.96510557068518 34
    endloop
  endfacet
  facet normal 0.5555702330196263 0.8314696123025291 0
    outer loop
      vertex 116.96510557068518 129.6512993215049 17.4
      vertex 116.96510557068518 129.6512993215049 34
      vertex 117.15 129.52775681356644 34
    endloop
  endfacet
  facet normal 0.19509032201611143 0.9807852804032338 0
    outer loop
      vertex 117.56000762332572 129.35792609530858 17.4
      vertex 117.56000762332572 129.35792609530858 34
      vertex 117.7781054732259 129.31454373566453 34
    endloop
  endfacet
  facet normal 0.06540312923011987 0.997858923238605 0
    outer loop
      vertex 117.7781054732259 129.31454373566453 17.4
      vertex 117.7781054732259 129.31454373566453 34
      vertex 118 129.3 34
    endloop
  endfacet
  facet normal -0.06540312923011987 0.997858923238605 0
    outer loop
      vertex 118 129.3 17.4
      vertex 118 129.3 34
      vertex 118.2218945267741 129.31454373566453 34
    endloop
  endfacet
  facet normal 0.9807852804032362 0.19509032201609922 0
    outer loop
      vertex 116.31454373566453 130.7781054732259 17.4
      vertex 116.31454373566453 130.7781054732259 34
      vertex 116.35792609530858 130.5600076233257 34
    endloop
  endfacet
  facet normal 0.9978589232386008 0.0654031292301835 0
    outer loop
      vertex 116.3 131 17.4
      vertex 116.3 131 34
      vertex 116.31454373566453 130.7781054732259 34
    endloop
  endfacet
  facet normal 0.9978589232386008 -0.0654031292301835 0
    outer loop
      vertex 116.31454373566453 131.2218945267741 17.4
      vertex 116.31454373566453 131.2218945267741 34
      vertex 116.3 131 34
    endloop
  endfacet
  facet normal 0.9807852804032362 -0.19509032201609922 0
    outer loop
      vertex 116.35792609530858 131.4399923766743 17.4
      vertex 116.35792609530858 131.4399923766743 34
      vertex 116.31454373566453 131.2218945267741 34
    endloop
  endfacet
  facet normal 0.9469301294950992 -0.3214394653031803 0
    outer loop
      vertex 116.42940479473081 131.65056183502065 17.4
      vertex 116.42940479473081 131.65056183502065 34
      vertex 116.35792609530858 131.4399923766743 34
    endloop
  endfacet
  facet normal 0.8968727415326845 -0.442288690219009 0
    outer loop
      vertex 116.52775681356646 131.85 17.4
      vertex 116.52775681356646 131.85 34
      vertex 116.42940479473081 131.65056183502065 34
    endloop
  endfacet
  facet normal 0.8314696123025586 -0.5555702330195821 0
    outer loop
      vertex 116.6512993215049 132.03489442931482 17.4
      vertex 116.6512993215049 132.03489442931482 34
      vertex 116.52775681356646 131.85 34
    endloop
  endfacet
  facet normal 0.751839807478954 -0.6593458151000956 0
    outer loop
      vertex 116.79791847198287 132.20208152801712 17.4
      vertex 116.79791847198287 132.20208152801712 34
      vertex 116.6512993215049 132.03489442931482 34
    endloop
  endfacet
  facet normal 0.6593458151000999 -0.7518398074789501 0
    outer loop
      vertex 116.96510557068518 132.3487006784951 17.4
      vertex 116.96510557068518 132.3487006784951 34
      vertex 116.79791847198287 132.20208152801712 34
    endloop
  endfacet
  facet normal 0.5555702330196263 -0.8314696123025291 0
    outer loop
      vertex 117.15 132.47224318643356 17.4
      vertex 117.15 132.47224318643356 34
      vertex 116.96510557068518 132.3487006784951 34
    endloop
  endfacet
  facet normal 0.442288690219009 -0.8968727415326845 0
    outer loop
      vertex 117.34943816497935 132.5705952052692 17.4
      vertex 117.34943816497935 132.5705952052692 34
      vertex 117.15 132.47224318643356 34
    endloop
  endfacet
  facet normal 0.3214394653031035 -0.9469301294951253 0
    outer loop
      vertex 117.56000762332572 132.64207390469142 17.4
      vertex 117.56000762332572 132.64207390469142 34
      vertex 117.34943816497935 132.5705952052692 34
    endloop
  endfacet
  facet normal 0.19509032201611143 -0.9807852804032338 0
    outer loop
      vertex 117.7781054732259 132.68545626433547 17.4
      vertex 117.7781054732259 132.68545626433547 34
      vertex 117.56000762332572 132.64207390469142 34
    endloop
  endfacet
  facet normal 0.06540312923011987 -0.997858923238605 0
    outer loop
      vertex 118 132.7 17.4
      vertex 118 132.7 34
      vertex 117.7781054732259 132.68545626433547 34
    endloop
  endfacet
  facet normal -0.06540312923011987 -0.997858923238605 0
    outer loop
      vertex 118.2218945267741 132.68545626433547 17.4
      vertex 118.2218945267741 132.68545626433547 34
      vertex 118 132.7 34
    endloop
  endfacet
  facet normal -0.19509032201611143 -0.9807852804032338 3.714428247688632e-17
    outer loop
      vertex 118.3 132.6699201197508 17.4
      vertex 118.43999237667428 132.64207390469142 34
      vertex 118.2218945267741 132.68545626433547 34
    endloop
  endfacet
  facet normal 0.8968727415326829 0.4422886902190123 0
    outer loop
      vertex 4.429404794730813 130.34943816497935 34
      vertex 4.527756813566454 130.15 12
      vertex 4.429404794730813 130.34943816497935 12
    endloop
  endfacet
  facet normal 0.9469301294951006 0.3214394653031767 0
    outer loop
      vertex 4.357926095308584 130.5600076233257 34
      vertex 4.429404794730813 130.34943816497935 12
      vertex 4.357926095308584 130.5600076233257 12
    endloop
  endfacet
  facet normal 0.4422886902189979 0.8968727415326899 0
    outer loop
      vertex 5.15 129.52775681356644 34
      vertex 5.349438164979348 129.4294047947308 12
      vertex 5.15 129.52775681356644 12
    endloop
  endfacet
  facet normal 0.3214394653031072 0.9469301294951241 0
    outer loop
      vertex 5.349438164979348 129.4294047947308 34
      vertex 5.560007623325715 129.35792609530858 12
      vertex 5.349438164979348 129.4294047947308 12
    endloop
  endfacet
  facet normal 0.7518398074789678 0.6593458151000797 0
    outer loop
      vertex 4.651299321504901 129.96510557068518 34
      vertex 4.797918471982869 129.79791847198288 12
      vertex 4.651299321504901 129.96510557068518 12
    endloop
  endfacet
  facet normal 0.6593458151001177 0.7518398074789344 0
    outer loop
      vertex 4.797918471982869 129.79791847198288 34
      vertex 4.965105570685175 129.6512993215049 12
      vertex 4.797918471982869 129.79791847198288 12
    endloop
  endfacet
  facet normal 0.5555702330196226 0.8314696123025316 0
    outer loop
      vertex 4.965105570685175 129.6512993215049 34
      vertex 5.15 129.52775681356644 12
      vertex 4.965105570685175 129.6512993215049 12
    endloop
  endfacet
  facet normal 0.831469612302542 0.555570233019607 0
    outer loop
      vertex 4.527756813566454 130.15 34
      vertex 4.651299321504901 129.96510557068518 12
      vertex 4.527756813566454 130.15 12
    endloop
  endfacet
  facet normal 0.9807852804032318 0.19509032201612228 0
    outer loop
      vertex 4.314543735664523 130.7781054732259 34
      vertex 4.357926095308584 130.5600076233257 12
      vertex 4.314543735664523 130.7781054732259 12
    endloop
  endfacet
  facet normal 0.9978589232386035 0.06540312923014373 0
    outer loop
      vertex 4.3 131 34
      vertex 4.314543735664523 130.7781054732259 12
      vertex 4.3 131 12
    endloop
  endfacet
  facet normal 0.9978589232386034 -0.06540312923014513 1.4294627524776958e-17
    outer loop
      vertex 4.314543735664523 131.2218945267741 34
      vertex 4.3 131 12
      vertex 4.306899478022493 131.10526569281123 12
    endloop
  endfacet
  facet normal 0.9978589232386035 -0.06540312923014245 0
    outer loop
      vertex 4.314543735664523 131.2218945267741 34
      vertex 4.306899478022493 131.10526569281123 12
      vertex 4.314543735664523 131.2218945267741 12
    endloop
  endfacet
  facet normal 0.9807852804032318 -0.19509032201612228 0
    outer loop
      vertex 4.357926095308584 131.4399923766743 34
      vertex 4.314543735664523 131.2218945267741 12
      vertex 4.357926095308584 131.4399923766743 12
    endloop
  endfacet
  facet normal 0.9469301294951006 -0.3214394653031767 0
    outer loop
      vertex 4.429404794730813 131.65056183502065 34
      vertex 4.357926095308584 131.4399923766743 12
      vertex 4.429404794730813 131.65056183502065 12
    endloop
  endfacet
  facet normal 0.8968727415326829 -0.4422886902190123 0
    outer loop
      vertex 4.527756813566454 131.85 34
      vertex 4.429404794730813 131.65056183502065 12
      vertex 4.527756813566454 131.85 12
    endloop
  endfacet
  facet normal 0.831469612302542 -0.555570233019607 0
    outer loop
      vertex 4.651299321504901 132.03489442931482 34
      vertex 4.527756813566454 131.85 12
      vertex 4.651299321504901 132.03489442931482 12
    endloop
  endfacet
  facet normal 0.7518398074789678 -0.6593458151000797 0
    outer loop
      vertex 4.797918471982869 132.20208152801712 34
      vertex 4.651299321504901 132.03489442931482 12
      vertex 4.797918471982869 132.20208152801712 12
    endloop
  endfacet
  facet normal 0.6593458151001177 -0.7518398074789344 0
    outer loop
      vertex 4.965105570685175 132.3487006784951 34
      vertex 4.797918471982869 132.20208152801712 12
      vertex 4.965105570685175 132.3487006784951 12
    endloop
  endfacet
  facet normal 0.5555702330196226 -0.8314696123025316 0
    outer loop
      vertex 5.15 132.47224318643356 34
      vertex 4.965105570685175 132.3487006784951 12
      vertex 5.15 132.47224318643356 12
    endloop
  endfacet
  facet normal 0.4422886902189979 -0.8968727415326899 0
    outer loop
      vertex 5.349438164979348 132.5705952052692 34
      vertex 5.15 132.47224318643356 12
      vertex 5.349438164979348 132.5705952052692 12
    endloop
  endfacet
  facet normal 0.3214394653031072 -0.9469301294951241 0
    outer loop
      vertex 5.560007623325715 132.64207390469142 34
      vertex 5.349438164979348 132.5705952052692 12
      vertex 5.560007623325715 132.64207390469142 12
    endloop
  endfacet
  facet normal 0.19509032201610457 0.9807852804032351 0
    outer loop
      vertex 5.560007623325715 129.35792609530858 34
      vertex 5.778105473225913 129.31454373566453 12
      vertex 5.560007623325715 129.35792609530858 12
    endloop
  endfacet
  facet normal 0.06540312923012169 0.9978589232386049 0
    outer loop
      vertex 5.778105473225913 129.31454373566453 34
      vertex 6 129.3 12
      vertex 5.778105473225913 129.31454373566453 12
    endloop
  endfacet
  facet normal -0.06540312923012169 0.9978589232386049 0
    outer loop
      vertex 6 129.3 34
      vertex 6.221894526774087 129.31454373566453 12
      vertex 6 129.3 12
    endloop
  endfacet
  facet normal -0.19509032201610457 0.9807852804032351 0
    outer loop
      vertex 6.221894526774087 129.31454373566453 34
      vertex 6.439992376674285 129.35792609530858 12
      vertex 6.221894526774087 129.31454373566453 12
    endloop
  endfacet
  facet normal -0.3214394653031072 0.9469301294951241 0
    outer loop
      vertex 6.439992376674285 129.35792609530858 34
      vertex 6.650561835020652 129.4294047947308 12
      vertex 6.439992376674285 129.35792609530858 12
    endloop
  endfacet
  facet normal -0.4422886902189979 0.8968727415326899 0
    outer loop
      vertex 6.650561835020652 129.4294047947308 34
      vertex 6.85 129.52775681356644 12
      vertex 6.650561835020652 129.4294047947308 12
    endloop
  endfacet
  facet normal -0.5555702330196226 0.8314696123025316 0
    outer loop
      vertex 6.85 129.52775681356644 34
      vertex 7.034894429314825 129.6512993215049 12
      vertex 6.85 129.52775681356644 12
    endloop
  endfacet
  facet normal -0.6593458151001177 0.7518398074789344 0
    outer loop
      vertex 7.034894429314825 129.6512993215049 34
      vertex 7.202081528017131 129.79791847198288 12
      vertex 7.034894429314825 129.6512993215049 12
    endloop
  endfacet
  facet normal -0.7518398074789678 0.6593458151000797 0
    outer loop
      vertex 7.202081528017131 129.79791847198288 34
      vertex 7.348700678495099 129.96510557068518 12
      vertex 7.202081528017131 129.79791847198288 12
    endloop
  endfacet
  facet normal -0.831469612302542 0.555570233019607 0
    outer loop
      vertex 7.348700678495099 129.96510557068518 34
      vertex 7.472243186433546 130.15 12
      vertex 7.348700678495099 129.96510557068518 12
    endloop
  endfacet
  facet normal -0.8968727415326829 0.4422886902190123 0
    outer loop
      vertex 7.472243186433546 130.15 34
      vertex 7.570595205269187 130.34943816497935 12
      vertex 7.472243186433546 130.15 12
    endloop
  endfacet
  facet normal -0.9469301294951006 0.3214394653031767 0
    outer loop
      vertex 7.570595205269187 130.34943816497935 34
      vertex 7.642073904691416 130.5600076233257 12
      vertex 7.570595205269187 130.34943816497935 12
    endloop
  endfacet
  facet normal 0.19509032201610457 -0.9807852804032351 0
    outer loop
      vertex 5.778105473225913 132.68545626433547 34
      vertex 5.560007623325715 132.64207390469142 12
      vertex 5.778105473225913 132.68545626433547 12
    endloop
  endfacet
  facet normal 0.06540312923012169 -0.9978589232386049 0
    outer loop
      vertex 6 132.7 34
      vertex 5.778105473225913 132.68545626433547 12
      vertex 6 132.7 12
    endloop
  endfacet
  facet normal -0.06540312923012169 -0.9978589232386049 0
    outer loop
      vertex 6.221894526774087 132.68545626433547 34
      vertex 6 132.7 12
      vertex 6.221894526774087 132.68545626433547 12
    endloop
  endfacet
  facet normal -0.19509032201610457 -0.9807852804032351 0
    outer loop
      vertex 6.439992376674285 132.64207390469142 34
      vertex 6.221894526774087 132.68545626433547 12
      vertex 6.439992376674285 132.64207390469142 12
    endloop
  endfacet
  facet normal -0.8968727415326829 -0.4422886902190123 0
    outer loop
      vertex 7.570595205269187 131.65056183502065 34
      vertex 7.472243186433546 131.85 12
      vertex 7.570595205269187 131.65056183502065 12
    endloop
  endfacet
  facet normal -0.4422886902189979 -0.8968727415326899 0
    outer loop
      vertex 6.85 132.47224318643356 34
      vertex 6.650561835020652 132.5705952052692 12
      vertex 6.85 132.47224318643356 12
    endloop
  endfacet
  facet normal -0.3214394653031072 -0.9469301294951241 0
    outer loop
      vertex 6.650561835020652 132.5705952052692 34
      vertex 6.439992376674285 132.64207390469142 12
      vertex 6.650561835020652 132.5705952052692 12
    endloop
  endfacet
  facet normal -0.5555702330196226 -0.8314696123025316 0
    outer loop
      vertex 7.034894429314825 132.3487006784951 34
      vertex 6.85 132.47224318643356 12
      vertex 7.034894429314825 132.3487006784951 12
    endloop
  endfacet
  facet normal -0.6593458151001177 -0.7518398074789344 0
    outer loop
      vertex 7.202081528017131 132.20208152801712 34
      vertex 7.034894429314825 132.3487006784951 12
      vertex 7.202081528017131 132.20208152801712 12
    endloop
  endfacet
  facet normal -0.7518398074789678 -0.6593458151000797 0
    outer loop
      vertex 7.348700678495099 132.03489442931482 34
      vertex 7.202081528017131 132.20208152801712 12
      vertex 7.348700678495099 132.03489442931482 12
    endloop
  endfacet
  facet normal -0.831469612302542 -0.555570233019607 0
    outer loop
      vertex 7.472243186433546 131.85 34
      vertex 7.348700678495099 132.03489442931482 12
      vertex 7.472243186433546 131.85 12
    endloop
  endfacet
  facet normal -0.9807852804032318 0.19509032201612228 0
    outer loop
      vertex 7.642073904691416 130.5600076233257 34
      vertex 7.685456264335477 130.7781054732259 12
      vertex 7.642073904691416 130.5600076233257 12
    endloop
  endfacet
  facet normal -0.9978589232386035 0.06540312923014373 0
    outer loop
      vertex 7.685456264335477 130.7781054732259 34
      vertex 7.7 131 12
      vertex 7.685456264335477 130.7781054732259 12
    endloop
  endfacet
  facet normal -0.9978589232386035 -0.06540312923014373 0
    outer loop
      vertex 7.7 131 34
      vertex 7.685456264335477 131.2218945267741 12
      vertex 7.7 131 12
    endloop
  endfacet
  facet normal -0.9807852804032318 -0.19509032201612228 0
    outer loop
      vertex 7.685456264335477 131.2218945267741 34
      vertex 7.642073904691416 131.4399923766743 12
      vertex 7.685456264335477 131.2218945267741 12
    endloop
  endfacet
  facet normal -0.9469301294951006 -0.3214394653031767 0
    outer loop
      vertex 7.642073904691416 131.4399923766743 34
      vertex 7.570595205269187 131.65056183502065 12
      vertex 7.642073904691416 131.4399923766743 12
    endloop
  endfacet
  facet normal 0.8968727415326829 0.4422886902190123 0
    outer loop
      vertex 4.527756813566454 130.15 34
      vertex 4.527756813566454 130.15 12
      vertex 4.429404794730813 130.34943816497935 34
    endloop
  endfacet
  facet normal 0.9469301294951006 0.3214394653031767 -5.762819609604046e-20
    outer loop
      vertex 4.357926095308584 130.5600076233257 34
      vertex 4.429404794730813 130.34943816497935 34
      vertex 4.429404794730813 130.34943816497935 12
    endloop
  endfacet
  facet normal 0.4422886902189979 0.8968727415326899 0
    outer loop
      vertex 5.349438164979348 129.4294047947308 34
      vertex 5.349438164979348 129.4294047947308 12
      vertex 5.15 129.52775681356644 34
    endloop
  endfacet
  facet normal 0.3214394653031072 0.9469301294951241 8.818637410812269e-20
    outer loop
      vertex 5.349438164979348 129.4294047947308 34
      vertex 5.560007623325715 129.35792609530858 34
      vertex 5.560007623325715 129.35792609530858 12
    endloop
  endfacet
  facet normal 0.831469612302542 0.555570233019607 2.635397636641228e-19
    outer loop
      vertex 4.527756813566454 130.15 34
      vertex 4.651299321504901 129.96510557068518 34
      vertex 4.651299321504901 129.96510557068518 12
    endloop
  endfacet
  facet normal 0.7518398074789678 0.6593458151000797 3.160530307837837e-19
    outer loop
      vertex 4.651299321504901 129.96510557068518 34
      vertex 4.797918471982869 129.79791847198288 34
      vertex 4.797918471982869 129.79791847198288 12
    endloop
  endfacet
  facet normal 0.6593458151001177 0.7518398074789344 2.173663899675168e-19
    outer loop
      vertex 4.797918471982869 129.79791847198288 34
      vertex 4.965105570685175 129.6512993215049 34
      vertex 4.965105570685175 129.6512993215049 12
    endloop
  endfacet
  facet normal 0.5555702330196226 0.8314696123025316 -1.5103715219906766e-19
    outer loop
      vertex 4.965105570685175 129.6512993215049 34
      vertex 5.15 129.52775681356644 34
      vertex 5.15 129.52775681356644 12
    endloop
  endfacet
  facet normal 0.9807852804032318 0.19509032201612228 0
    outer loop
      vertex 4.357926095308584 130.5600076233257 34
      vertex 4.357926095308584 130.5600076233257 12
      vertex 4.314543735664523 130.7781054732259 34
    endloop
  endfacet
  facet normal 0.9978589232386035 0.06540312923014373 1.9159710164105052e-20
    outer loop
      vertex 4.3 131 34
      vertex 4.314543735664523 130.7781054732259 34
      vertex 4.314543735664523 130.7781054732259 12
    endloop
  endfacet
  facet normal 0.9978589232386035 -0.06540312923014373 0
    outer loop
      vertex 4.3 131 34
      vertex 4.3 131 12
      vertex 4.314543735664523 131.2218945267741 34
    endloop
  endfacet
  facet normal 0.9807852804032318 -0.19509032201612228 0
    outer loop
      vertex 4.314543735664523 131.2218945267741 34
      vertex 4.314543735664523 131.2218945267741 12
      vertex 4.357926095308584 131.4399923766743 34
    endloop
  endfacet
  facet normal 0.9469301294951006 -0.3214394653031767 0
    outer loop
      vertex 4.357926095308584 131.4399923766743 34
      vertex 4.357926095308584 131.4399923766743 12
      vertex 4.429404794730813 131.65056183502065 34
    endloop
  endfacet
  facet normal 0.8968727415326829 -0.4422886902190123 0
    outer loop
      vertex 4.429404794730813 131.65056183502065 34
      vertex 4.429404794730813 131.65056183502065 12
      vertex 4.527756813566454 131.85 34
    endloop
  endfacet
  facet normal 0.831469612302542 -0.555570233019607 0
    outer loop
      vertex 4.527756813566454 131.85 34
      vertex 4.527756813566454 131.85 12
      vertex 4.651299321504901 132.03489442931482 34
    endloop
  endfacet
  facet normal 0.7518398074789678 -0.6593458151000797 0
    outer loop
      vertex 4.651299321504901 132.03489442931482 34
      vertex 4.651299321504901 132.03489442931482 12
      vertex 4.797918471982869 132.20208152801712 34
    endloop
  endfacet
  facet normal 0.6593458151001177 -0.7518398074789344 0
    outer loop
      vertex 4.797918471982869 132.20208152801712 34
      vertex 4.797918471982869 132.20208152801712 12
      vertex 4.965105570685175 132.3487006784951 34
    endloop
  endfacet
  facet normal 0.5555702330196226 -0.8314696123025316 0
    outer loop
      vertex 4.965105570685175 132.3487006784951 34
      vertex 4.965105570685175 132.3487006784951 12
      vertex 5.15 132.47224318643356 34
    endloop
  endfacet
  facet normal 0.4422886902189979 -0.8968727415326899 0
    outer loop
      vertex 5.15 132.47224318643356 34
      vertex 5.15 132.47224318643356 12
      vertex 5.349438164979348 132.5705952052692 34
    endloop
  endfacet
  facet normal 0.3214394653031072 -0.9469301294951241 0
    outer loop
      vertex 5.349438164979348 132.5705952052692 34
      vertex 5.349438164979348 132.5705952052692 12
      vertex 5.560007623325715 132.64207390469142 34
    endloop
  endfacet
  facet normal 0.19509032201610457 0.9807852804032351 5.61372355048978e-20
    outer loop
      vertex 5.560007623325715 129.35792609530858 34
      vertex 5.778105473225913 129.31454373566453 34
      vertex 5.778105473225913 129.31454373566453 12
    endloop
  endfacet
  facet normal 0.06540312923012169 0.9978589232386049 3.147645171827838e-20
    outer loop
      vertex 5.778105473225913 129.31454373566453 34
      vertex 6 129.3 34
      vertex 6 129.3 12
    endloop
  endfacet
  facet normal -0.06540312923012169 0.9978589232386049 -3.147645171827838e-20
    outer loop
      vertex 6 129.3 34
      vertex 6.221894526774087 129.31454373566453 34
      vertex 6.221894526774087 129.31454373566453 12
    endloop
  endfacet
  facet normal -0.19509032201610457 0.9807852804032351 -5.61372355048978e-20
    outer loop
      vertex 6.221894526774087 129.31454373566453 34
      vertex 6.439992376674285 129.35792609530858 34
      vertex 6.439992376674285 129.35792609530858 12
    endloop
  endfacet
  facet normal -0.3214394653031072 0.9469301294951241 -8.818637410812269e-20
    outer loop
      vertex 6.439992376674285 129.35792609530858 34
      vertex 6.650561835020652 129.4294047947308 34
      vertex 6.650561835020652 129.4294047947308 12
    endloop
  endfacet
  facet normal -0.4422886902189979 0.8968727415326899 -3.194905728549217e-19
    outer loop
      vertex 6.650561835020652 129.4294047947308 34
      vertex 6.85 129.52775681356644 34
      vertex 6.85 129.52775681356644 12
    endloop
  endfacet
  facet normal -0.5555702330196226 0.8314696123025316 1.5103715219906766e-19
    outer loop
      vertex 6.85 129.52775681356644 34
      vertex 7.034894429314825 129.6512993215049 34
      vertex 7.034894429314825 129.6512993215049 12
    endloop
  endfacet
  facet normal -0.6593458151001177 0.7518398074789344 -2.173663899675168e-19
    outer loop
      vertex 7.034894429314825 129.6512993215049 34
      vertex 7.202081528017131 129.79791847198288 34
      vertex 7.202081528017131 129.79791847198288 12
    endloop
  endfacet
  facet normal -0.7518398074789678 0.6593458151000797 -3.160530307837837e-19
    outer loop
      vertex 7.202081528017131 129.79791847198288 34
      vertex 7.348700678495099 129.96510557068518 34
      vertex 7.348700678495099 129.96510557068518 12
    endloop
  endfacet
  facet normal -0.831469612302542 0.555570233019607 -2.635397636641228e-19
    outer loop
      vertex 7.348700678495099 129.96510557068518 34
      vertex 7.472243186433546 130.15 34
      vertex 7.472243186433546 130.15 12
    endloop
  endfacet
  facet normal -0.8968727415326829 0.4422886902190123 2.5449083921504595e-19
    outer loop
      vertex 7.472243186433546 130.15 34
      vertex 7.570595205269187 130.34943816497935 34
      vertex 7.570595205269187 130.34943816497935 12
    endloop
  endfacet
  facet normal -0.9469301294951006 0.3214394653031767 5.762819609604046e-20
    outer loop
      vertex 7.570595205269187 130.34943816497935 34
      vertex 7.642073904691416 130.5600076233257 34
      vertex 7.642073904691416 130.5600076233257 12
    endloop
  endfacet
  facet normal 0.19509032201610457 -0.9807852804032351 0
    outer loop
      vertex 5.560007623325715 132.64207390469142 34
      vertex 5.560007623325715 132.64207390469142 12
      vertex 5.778105473225913 132.68545626433547 34
    endloop
  endfacet
  facet normal 0.06540312923012169 -0.9978589232386049 0
    outer loop
      vertex 5.778105473225913 132.68545626433547 34
      vertex 5.778105473225913 132.68545626433547 12
      vertex 6 132.7 34
    endloop
  endfacet
  facet normal -0.06540312923012169 -0.9978589232386049 0
    outer loop
      vertex 6 132.7 34
      vertex 6 132.7 12
      vertex 6.221894526774087 132.68545626433547 34
    endloop
  endfacet
  facet normal -0.19509032201610457 -0.9807852804032351 0
    outer loop
      vertex 6.221894526774087 132.68545626433547 34
      vertex 6.221894526774087 132.68545626433547 12
      vertex 6.439992376674285 132.64207390469142 34
    endloop
  endfacet
  facet normal -0.3214394653031072 -0.9469301294951241 0
    outer loop
      vertex 6.439992376674285 132.64207390469142 34
      vertex 6.439992376674285 132.64207390469142 12
      vertex 6.650561835020652 132.5705952052692 34
    endloop
  endfacet
  facet normal -0.4422886902189979 -0.8968727415326899 0
    outer loop
      vertex 6.650561835020652 132.5705952052692 34
      vertex 6.650561835020652 132.5705952052692 12
      vertex 6.85 132.47224318643356 34
    endloop
  endfacet
  facet normal -0.5555702330196226 -0.8314696123025316 0
    outer loop
      vertex 6.85 132.47224318643356 34
      vertex 6.85 132.47224318643356 12
      vertex 7.034894429314825 132.3487006784951 34
    endloop
  endfacet
  facet normal -0.7518398074789678 -0.6593458151000797 0
    outer loop
      vertex 7.202081528017131 132.20208152801712 34
      vertex 7.202081528017131 132.20208152801712 12
      vertex 7.348700678495099 132.03489442931482 34
    endloop
  endfacet
  facet normal -0.831469612302542 -0.555570233019607 2.635397636641228e-19
    outer loop
      vertex 7.472243186433546 131.85 34
      vertex 7.348700678495099 132.03489442931482 34
      vertex 7.348700678495099 132.03489442931482 12
    endloop
  endfacet
  facet normal -0.8968727415326829 -0.4422886902190123 -2.5449083921504595e-19
    outer loop
      vertex 7.570595205269187 131.65056183502065 34
      vertex 7.472243186433546 131.85 34
      vertex 7.472243186433546 131.85 12
    endloop
  endfacet
  facet normal -0.6593458151001177 -0.7518398074789344 0
    outer loop
      vertex 7.034894429314825 132.3487006784951 34
      vertex 7.034894429314825 132.3487006784951 12
      vertex 7.202081528017131 132.20208152801712 34
    endloop
  endfacet
  facet normal -0.9807852804032318 0.19509032201612228 1.1370282158336277e-19
    outer loop
      vertex 7.642073904691416 130.5600076233257 34
      vertex 7.685456264335477 130.7781054732259 34
      vertex 7.685456264335477 130.7781054732259 12
    endloop
  endfacet
  facet normal -0.9978589232386035 0.06540312923014373 -1.9159710164105052e-20
    outer loop
      vertex 7.685456264335477 130.7781054732259 34
      vertex 7.7 131 34
      vertex 7.7 131 12
    endloop
  endfacet
  facet normal -0.9978589232386035 -0.06540312923014373 1.9159710164105052e-20
    outer loop
      vertex 7.7 131 34
      vertex 7.685456264335477 131.2218945267741 34
      vertex 7.685456264335477 131.2218945267741 12
    endloop
  endfacet
  facet normal -0.9807852804032318 -0.19509032201612228 -1.1370282158336277e-19
    outer loop
      vertex 7.685456264335477 131.2218945267741 34
      vertex 7.642073904691416 131.4399923766743 34
      vertex 7.642073904691416 131.4399923766743 12
    endloop
  endfacet
  facet normal -0.9469301294951006 -0.3214394653031767 0
    outer loop
      vertex 7.570595205269187 131.65056183502065 34
      vertex 7.570595205269187 131.65056183502065 12
      vertex 7.642073904691416 131.4399923766743 34
    endloop
  endfacet
  facet normal 0.9469301294951059 0.3214394653031609 0
    outer loop
      vertex 4.357926095308584 5.560007623325715 34
      vertex 4.429404794730813 5.349438164979348 12
      vertex 4.357926095308584 5.560007623325715 12
    endloop
  endfacet
  facet normal 0.8968727415326883 0.44228869021900113 0
    outer loop
      vertex 4.429404794730813 5.349438164979348 34
      vertex 4.527756813566454 5.15 12
      vertex 4.429404794730813 5.349438164979348 12
    endloop
  endfacet
  facet normal 0.9807852804032307 0.19509032201612764 0
    outer loop
      vertex 4.314543735664523 5.778105473225913 34
      vertex 4.357926095308584 5.560007623325715 12
      vertex 4.314543735664523 5.778105473225913 12
    endloop
  endfacet
  facet normal 0.9978589232386033 0.06540312923014555 0
    outer loop
      vertex 4.3 6 34
      vertex 4.314543735664523 5.778105473225913 12
      vertex 4.3 6 12
    endloop
  endfacet
  facet normal 0.9978589232386033 -0.06540312923014555 0
    outer loop
      vertex 4.314543735664523 6.221894526774087 34
      vertex 4.3 6 12
      vertex 4.314543735664523 6.221894526774087 12
    endloop
  endfacet
  facet normal 0.9807852804032307 -0.19509032201612764 0
    outer loop
      vertex 4.357926095308584 6.439992376674285 34
      vertex 4.314543735664523 6.221894526774087 12
      vertex 4.357926095308584 6.439992376674285 12
    endloop
  endfacet
  facet normal 0.5555702330196033 0.8314696123025445 0
    outer loop
      vertex 4.965105570685175 4.651299321504901 34
      vertex 5.15 4.527756813566454 12
      vertex 4.965105570685175 4.651299321504901 12
    endloop
  endfacet
  facet normal 0.7518398074789799 0.6593458151000658 0
    outer loop
      vertex 4.651299321504901 4.965105570685175 34
      vertex 4.797918471982869 4.797918471982869 12
      vertex 4.651299321504901 4.965105570685175 12
    endloop
  endfacet
  facet normal 0.8314696123025445 0.5555702330196033 0
    outer loop
      vertex 4.527756813566454 5.15 34
      vertex 4.651299321504901 4.965105570685175 12
      vertex 4.527756813566454 5.15 12
    endloop
  endfacet
  facet normal 0.6593458151000658 0.7518398074789799 0
    outer loop
      vertex 4.797918471982869 4.797918471982869 34
      vertex 4.965105570685175 4.651299321504901 12
      vertex 4.797918471982869 4.797918471982869 12
    endloop
  endfacet
  facet normal 0.44228869021900113 0.8968727415326883 0
    outer loop
      vertex 5.15 4.527756813566454 34
      vertex 5.349438164979348 4.429404794730813 12
      vertex 5.15 4.527756813566454 12
    endloop
  endfacet
  facet normal 0.3214394653031609 0.9469301294951059 0
    outer loop
      vertex 5.349438164979348 4.429404794730813 34
      vertex 5.560007623325715 4.357926095308584 12
      vertex 5.349438164979348 4.429404794730813 12
    endloop
  endfacet
  facet normal 0.9469301294951059 -0.3214394653031609 0
    outer loop
      vertex 4.429404794730813 6.650561835020652 34
      vertex 4.357926095308584 6.439992376674285 12
      vertex 4.429404794730813 6.650561835020652 12
    endloop
  endfacet
  facet normal 0.8968727415326883 -0.44228869021900113 0
    outer loop
      vertex 4.527756813566454 6.85 34
      vertex 4.429404794730813 6.650561835020652 12
      vertex 4.527756813566454 6.85 12
    endloop
  endfacet
  facet normal 0.8314696123025445 -0.5555702330196033 0
    outer loop
      vertex 4.651299321504901 7.034894429314825 34
      vertex 4.527756813566454 6.85 12
      vertex 4.651299321504901 7.034894429314825 12
    endloop
  endfacet
  facet normal 0.7518398074789799 -0.6593458151000658 0
    outer loop
      vertex 4.797918471982869 7.202081528017131 34
      vertex 4.651299321504901 7.034894429314825 12
      vertex 4.797918471982869 7.202081528017131 12
    endloop
  endfacet
  facet normal 0.6593458151000658 -0.7518398074789799 0
    outer loop
      vertex 4.965105570685175 7.348700678495099 34
      vertex 4.797918471982869 7.202081528017131 12
      vertex 4.965105570685175 7.348700678495099 12
    endloop
  endfacet
  facet normal 0.5555702330196033 -0.8314696123025445 0
    outer loop
      vertex 5.15 7.472243186433546 34
      vertex 4.965105570685175 7.348700678495099 12
      vertex 5.15 7.472243186433546 12
    endloop
  endfacet
  facet normal 0.44228869021900113 -0.8968727415326883 0
    outer loop
      vertex 5.349438164979348 7.570595205269187 34
      vertex 5.15 7.472243186433546 12
      vertex 5.349438164979348 7.570595205269187 12
    endloop
  endfacet
  facet normal 0.3214394653031609 -0.9469301294951059 0
    outer loop
      vertex 5.560007623325715 7.642073904691416 34
      vertex 5.349438164979348 7.570595205269187 12
      vertex 5.560007623325715 7.642073904691416 12
    endloop
  endfacet
  facet normal 0.19509032201612764 0.9807852804032307 0
    outer loop
      vertex 5.560007623325715 4.357926095308584 34
      vertex 5.778105473225913 4.314543735664523 12
      vertex 5.560007623325715 4.357926095308584 12
    endloop
  endfacet
  facet normal 0.06540312923014555 0.9978589232386033 0
    outer loop
      vertex 5.778105473225913 4.314543735664523 34
      vertex 6 4.3 12
      vertex 5.778105473225913 4.314543735664523 12
    endloop
  endfacet
  facet normal -0.06540312923014555 0.9978589232386033 0
    outer loop
      vertex 6 4.3 34
      vertex 6.221894526774087 4.314543735664523 12
      vertex 6 4.3 12
    endloop
  endfacet
  facet normal -0.19509032201612764 0.9807852804032307 0
    outer loop
      vertex 6.221894526774087 4.314543735664523 34
      vertex 6.439992376674285 4.357926095308584 12
      vertex 6.221894526774087 4.314543735664523 12
    endloop
  endfacet
  facet normal -0.3214394653031609 0.9469301294951059 0
    outer loop
      vertex 6.439992376674285 4.357926095308584 34
      vertex 6.650561835020652 4.429404794730813 12
      vertex 6.439992376674285 4.357926095308584 12
    endloop
  endfacet
  facet normal -0.44228869021900113 0.8968727415326883 0
    outer loop
      vertex 6.650561835020652 4.429404794730813 34
      vertex 6.85 4.527756813566454 12
      vertex 6.650561835020652 4.429404794730813 12
    endloop
  endfacet
  facet normal -0.5555702330196033 0.8314696123025445 0
    outer loop
      vertex 6.85 4.527756813566454 34
      vertex 7.034894429314825 4.651299321504901 12
      vertex 6.85 4.527756813566454 12
    endloop
  endfacet
  facet normal -0.6593458151000658 0.7518398074789799 0
    outer loop
      vertex 7.034894429314825 4.651299321504901 34
      vertex 7.202081528017131 4.797918471982869 12
      vertex 7.034894429314825 4.651299321504901 12
    endloop
  endfacet
  facet normal -0.7518398074789799 0.6593458151000658 0
    outer loop
      vertex 7.202081528017131 4.797918471982869 34
      vertex 7.348700678495099 4.965105570685175 12
      vertex 7.202081528017131 4.797918471982869 12
    endloop
  endfacet
  facet normal -0.8314696123025445 0.5555702330196033 0
    outer loop
      vertex 7.348700678495099 4.965105570685175 34
      vertex 7.472243186433546 5.15 12
      vertex 7.348700678495099 4.965105570685175 12
    endloop
  endfacet
  facet normal -0.8968727415326883 0.44228869021900113 0
    outer loop
      vertex 7.472243186433546 5.15 34
      vertex 7.570595205269187 5.349438164979348 12
      vertex 7.472243186433546 5.15 12
    endloop
  endfacet
  facet normal -0.9469301294951059 0.3214394653031609 0
    outer loop
      vertex 7.570595205269187 5.349438164979348 34
      vertex 7.642073904691416 5.560007623325715 12
      vertex 7.570595205269187 5.349438164979348 12
    endloop
  endfacet
  facet normal -0.9807852804032307 0.19509032201612764 0
    outer loop
      vertex 7.642073904691416 5.560007623325715 34
      vertex 7.685456264335477 5.778105473225913 12
      vertex 7.642073904691416 5.560007623325715 12
    endloop
  endfacet
  facet normal -0.9978589232386033 0.06540312923014555 0
    outer loop
      vertex 7.685456264335477 5.778105473225913 34
      vertex 7.7 6 12
      vertex 7.685456264335477 5.778105473225913 12
    endloop
  endfacet
  facet normal -0.9978589232386033 -0.06540312923014555 0
    outer loop
      vertex 7.7 6 34
      vertex 7.685456264335477 6.221894526774087 12
      vertex 7.7 6 12
    endloop
  endfacet
  facet normal -0.9807852804032307 -0.19509032201612764 0
    outer loop
      vertex 7.685456264335477 6.221894526774087 34
      vertex 7.642073904691416 6.439992376674285 12
      vertex 7.685456264335477 6.221894526774087 12
    endloop
  endfacet
  facet normal 0.19509032201612764 -0.9807852804032307 0
    outer loop
      vertex 5.778105473225913 7.685456264335477 34
      vertex 5.560007623325715 7.642073904691416 12
      vertex 5.778105473225913 7.685456264335477 12
    endloop
  endfacet
  facet normal 0.06540312923014555 -0.9978589232386033 0
    outer loop
      vertex 6 7.7 34
      vertex 5.778105473225913 7.685456264335477 12
      vertex 6 7.7 12
    endloop
  endfacet
  facet normal -0.06540312923014555 -0.9978589232386033 0
    outer loop
      vertex 6.221894526774087 7.685456264335477 34
      vertex 6 7.7 12
      vertex 6.221894526774087 7.685456264335477 12
    endloop
  endfacet
  facet normal -0.19509032201612764 -0.9807852804032307 0
    outer loop
      vertex 6.439992376674285 7.642073904691416 34
      vertex 6.221894526774087 7.685456264335477 12
      vertex 6.439992376674285 7.642073904691416 12
    endloop
  endfacet
  facet normal -0.5555702330196033 -0.8314696123025445 0
    outer loop
      vertex 7.034894429314825 7.348700678495099 34
      vertex 6.85 7.472243186433546 12
      vertex 7.034894429314825 7.348700678495099 12
    endloop
  endfacet
  facet normal -0.8314696123025445 -0.5555702330196033 0
    outer loop
      vertex 7.472243186433546 6.85 34
      vertex 7.348700678495099 7.034894429314825 12
      vertex 7.472243186433546 6.85 12
    endloop
  endfacet
  facet normal -0.8968727415326883 -0.44228869021900113 0
    outer loop
      vertex 7.570595205269187 6.650561835020652 34
      vertex 7.472243186433546 6.85 12
      vertex 7.570595205269187 6.650561835020652 12
    endloop
  endfacet
  facet normal -0.7518398074789799 -0.6593458151000658 0
    outer loop
      vertex 7.348700678495099 7.034894429314825 34
      vertex 7.202081528017131 7.202081528017131 12
      vertex 7.348700678495099 7.034894429314825 12
    endloop
  endfacet
  facet normal -0.6593458151000658 -0.7518398074789799 0
    outer loop
      vertex 7.202081528017131 7.202081528017131 34
      vertex 7.034894429314825 7.348700678495099 12
      vertex 7.202081528017131 7.202081528017131 12
    endloop
  endfacet
  facet normal -0.3214394653031609 -0.9469301294951059 0
    outer loop
      vertex 6.650561835020652 7.570595205269187 34
      vertex 6.439992376674285 7.642073904691416 12
      vertex 6.650561835020652 7.570595205269187 12
    endloop
  endfacet
  facet normal -0.44228869021900113 -0.8968727415326883 0
    outer loop
      vertex 6.85 7.472243186433546 34
      vertex 6.650561835020652 7.570595205269187 12
      vertex 6.85 7.472243186433546 12
    endloop
  endfacet
  facet normal -0.9469301294951059 -0.3214394653031609 0
    outer loop
      vertex 7.642073904691416 6.439992376674285 34
      vertex 7.570595205269187 6.650561835020652 12
      vertex 7.642073904691416 6.439992376674285 12
    endloop
  endfacet
  facet normal 0.8968727415326883 0.44228869021900113 0
    outer loop
      vertex 4.527756813566454 5.15 34
      vertex 4.527756813566454 5.15 12
      vertex 4.429404794730813 5.349438164979348 34
    endloop
  endfacet
  facet normal 0.9469301294951059 0.3214394653031609 0
    outer loop
      vertex 4.429404794730813 5.349438164979348 34
      vertex 4.429404794730813 5.349438164979348 12
      vertex 4.357926095308584 5.560007623325715 34
    endloop
  endfacet
  facet normal 0.9807852804032307 0.19509032201612764 0
    outer loop
      vertex 4.357926095308584 5.560007623325715 34
      vertex 4.357926095308584 5.560007623325715 12
      vertex 4.314543735664523 5.778105473225913 34
    endloop
  endfacet
  facet normal 0.9978589232386033 0.06540312923014555 0
    outer loop
      vertex 4.314543735664523 5.778105473225913 34
      vertex 4.314543735664523 5.778105473225913 12
      vertex 4.3 6 34
    endloop
  endfacet
  facet normal 0.9978589232386033 -0.06540312923014555 0
    outer loop
      vertex 4.3 6 34
      vertex 4.3 6 12
      vertex 4.314543735664523 6.221894526774087 34
    endloop
  endfacet
  facet normal 0.9807852804032307 -0.19509032201612764 0
    outer loop
      vertex 4.314543735664523 6.221894526774087 34
      vertex 4.314543735664523 6.221894526774087 12
      vertex 4.357926095308584 6.439992376674285 34
    endloop
  endfacet
  facet normal 0.6593458151000658 0.7518398074789799 0
    outer loop
      vertex 4.965105570685175 4.651299321504901 34
      vertex 4.965105570685175 4.651299321504901 12
      vertex 4.797918471982869 4.797918471982869 34
    endloop
  endfacet
  facet normal 0.7518398074789799 0.6593458151000658 -2.0982087635478788e-19
    outer loop
      vertex 4.651299321504901 4.965105570685175 34
      vertex 4.797918471982869 4.797918471982869 34
      vertex 4.797918471982869 4.797918471982869 12
    endloop
  endfacet
  facet normal 0.8314696123025445 0.5555702330196033 8.357385333320755e-20
    outer loop
      vertex 4.527756813566454 5.15 34
      vertex 4.651299321504901 4.965105570685175 34
      vertex 4.651299321504901 4.965105570685175 12
    endloop
  endfacet
  facet normal 0.5555702330196033 0.8314696123025445 8.357385333320755e-20
    outer loop
      vertex 4.965105570685175 4.651299321504901 34
      vertex 5.15 4.527756813566454 34
      vertex 5.15 4.527756813566454 12
    endloop
  endfacet
  facet normal 0.44228869021900113 0.8968727415326883 2.796554313263469e-19
    outer loop
      vertex 5.15 4.527756813566454 34
      vertex 5.349438164979348 4.429404794730813 34
      vertex 5.349438164979348 4.429404794730813 12
    endloop
  endfacet
  facet normal 0.3214394653031609 0.9469301294951059 2.6685732623962474e-20
    outer loop
      vertex 5.349438164979348 4.429404794730813 34
      vertex 5.560007623325715 4.357926095308584 34
      vertex 5.560007623325715 4.357926095308584 12
    endloop
  endfacet
  facet normal 0.9469301294951059 -0.3214394653031609 0
    outer loop
      vertex 4.357926095308584 6.439992376674285 34
      vertex 4.357926095308584 6.439992376674285 12
      vertex 4.429404794730813 6.650561835020652 34
    endloop
  endfacet
  facet normal 0.8968727415326883 -0.44228869021900113 0
    outer loop
      vertex 4.429404794730813 6.650561835020652 34
      vertex 4.429404794730813 6.650561835020652 12
      vertex 4.527756813566454 6.85 34
    endloop
  endfacet
  facet normal 0.8314696123025445 -0.5555702330196033 0
    outer loop
      vertex 4.527756813566454 6.85 34
      vertex 4.527756813566454 6.85 12
      vertex 4.651299321504901 7.034894429314825 34
    endloop
  endfacet
  facet normal 0.7518398074789799 -0.6593458151000658 0
    outer loop
      vertex 4.651299321504901 7.034894429314825 34
      vertex 4.651299321504901 7.034894429314825 12
      vertex 4.797918471982869 7.202081528017131 34
    endloop
  endfacet
  facet normal 0.6593458151000658 -0.7518398074789799 0
    outer loop
      vertex 4.797918471982869 7.202081528017131 34
      vertex 4.797918471982869 7.202081528017131 12
      vertex 4.965105570685175 7.348700678495099 34
    endloop
  endfacet
  facet normal 0.5555702330196033 -0.8314696123025445 0
    outer loop
      vertex 4.965105570685175 7.348700678495099 34
      vertex 4.965105570685175 7.348700678495099 12
      vertex 5.15 7.472243186433546 34
    endloop
  endfacet
  facet normal 0.44228869021900113 -0.8968727415326883 0
    outer loop
      vertex 5.15 7.472243186433546 34
      vertex 5.15 7.472243186433546 12
      vertex 5.349438164979348 7.570595205269187 34
    endloop
  endfacet
  facet normal 0.3214394653031609 -0.9469301294951059 0
    outer loop
      vertex 5.349438164979348 7.570595205269187 34
      vertex 5.349438164979348 7.570595205269187 12
      vertex 5.560007623325715 7.642073904691416 34
    endloop
  endfacet
  facet normal 0.19509032201612764 0.9807852804032307 5.73446623899002e-20
    outer loop
      vertex 5.560007623325715 4.357926095308584 34
      vertex 5.778105473225913 4.314543735664523 34
      vertex 5.778105473225913 4.314543735664523 12
    endloop
  endfacet
  facet normal 0.06540312923014555 0.9978589232386033 -2.5253549000022703e-20
    outer loop
      vertex 5.778105473225913 4.314543735664523 34
      vertex 6 4.3 34
      vertex 6 4.3 12
    endloop
  endfacet
  facet normal -0.06540312923014555 0.9978589232386033 2.5253549000022703e-20
    outer loop
      vertex 6 4.3 34
      vertex 6.221894526774087 4.314543735664523 34
      vertex 6.221894526774087 4.314543735664523 12
    endloop
  endfacet
  facet normal -0.19509032201612764 0.9807852804032307 -5.73446623899002e-20
    outer loop
      vertex 6.221894526774087 4.314543735664523 34
      vertex 6.439992376674285 4.357926095308584 34
      vertex 6.439992376674285 4.357926095308584 12
    endloop
  endfacet
  facet normal -0.3214394653031609 0.9469301294951059 -2.6685732623962474e-20
    outer loop
      vertex 6.439992376674285 4.357926095308584 34
      vertex 6.650561835020652 4.429404794730813 34
      vertex 6.650561835020652 4.429404794730813 12
    endloop
  endfacet
  facet normal -0.44228869021900113 0.8968727415326883 -2.796554313263469e-19
    outer loop
      vertex 6.650561835020652 4.429404794730813 34
      vertex 6.85 4.527756813566454 34
      vertex 6.85 4.527756813566454 12
    endloop
  endfacet
  facet normal -0.5555702330196033 0.8314696123025445 -8.357385333320755e-20
    outer loop
      vertex 6.85 4.527756813566454 34
      vertex 7.034894429314825 4.651299321504901 34
      vertex 7.034894429314825 4.651299321504901 12
    endloop
  endfacet
  facet normal -0.6593458151000658 0.7518398074789799 2.0982087635478788e-19
    outer loop
      vertex 7.034894429314825 4.651299321504901 34
      vertex 7.202081528017131 4.797918471982869 34
      vertex 7.202081528017131 4.797918471982869 12
    endloop
  endfacet
  facet normal -0.7518398074789799 0.6593458151000658 2.0982087635478788e-19
    outer loop
      vertex 7.202081528017131 4.797918471982869 34
      vertex 7.348700678495099 4.965105570685175 34
      vertex 7.348700678495099 4.965105570685175 12
    endloop
  endfacet
  facet normal -0.8314696123025445 0.5555702330196033 -8.357385333320755e-20
    outer loop
      vertex 7.348700678495099 4.965105570685175 34
      vertex 7.472243186433546 5.15 34
      vertex 7.472243186433546 5.15 12
    endloop
  endfacet
  facet normal -0.8968727415326883 0.44228869021900113 -2.796554313263469e-19
    outer loop
      vertex 7.472243186433546 5.15 34
      vertex 7.570595205269187 5.349438164979348 34
      vertex 7.570595205269187 5.349438164979348 12
    endloop
  endfacet
  facet normal -0.9469301294951059 0.3214394653031609 -2.6685732623962474e-20
    outer loop
      vertex 7.570595205269187 5.349438164979348 34
      vertex 7.642073904691416 5.560007623325715 34
      vertex 7.642073904691416 5.560007623325715 12
    endloop
  endfacet
  facet normal -0.9807852804032307 0.19509032201612764 -5.73446623899002e-20
    outer loop
      vertex 7.642073904691416 5.560007623325715 34
      vertex 7.685456264335477 5.778105473225913 34
      vertex 7.685456264335477 5.778105473225913 12
    endloop
  endfacet
  facet normal -0.9978589232386033 0.06540312923014555 2.5253549000022703e-20
    outer loop
      vertex 7.685456264335477 5.778105473225913 34
      vertex 7.7 6 34
      vertex 7.7 6 12
    endloop
  endfacet
  facet normal -0.9978589232386033 -0.06540312923014555 -2.5253549000022703e-20
    outer loop
      vertex 7.7 6 34
      vertex 7.685456264335477 6.221894526774087 34
      vertex 7.685456264335477 6.221894526774087 12
    endloop
  endfacet
  facet normal -0.9807852804032307 -0.19509032201612764 5.73446623899002e-20
    outer loop
      vertex 7.685456264335477 6.221894526774087 34
      vertex 7.642073904691416 6.439992376674285 34
      vertex 7.642073904691416 6.439992376674285 12
    endloop
  endfacet
  facet normal 0.19509032201612764 -0.9807852804032307 0
    outer loop
      vertex 5.560007623325715 7.642073904691416 34
      vertex 5.560007623325715 7.642073904691416 12
      vertex 5.778105473225913 7.685456264335477 34
    endloop
  endfacet
  facet normal 0.06540312923014555 -0.9978589232386033 0
    outer loop
      vertex 5.778105473225913 7.685456264335477 34
      vertex 5.778105473225913 7.685456264335477 12
      vertex 6 7.7 34
    endloop
  endfacet
  facet normal -0.06540312923014555 -0.9978589232386033 0
    outer loop
      vertex 6 7.7 34
      vertex 6 7.7 12
      vertex 6.221894526774087 7.685456264335477 34
    endloop
  endfacet
  facet normal -0.19509032201612764 -0.9807852804032307 0
    outer loop
      vertex 6.221894526774087 7.685456264335477 34
      vertex 6.221894526774087 7.685456264335477 12
      vertex 6.439992376674285 7.642073904691416 34
    endloop
  endfacet
  facet normal -0.3214394653031609 -0.9469301294951059 0
    outer loop
      vertex 6.439992376674285 7.642073904691416 34
      vertex 6.439992376674285 7.642073904691416 12
      vertex 6.650561835020652 7.570595205269187 34
    endloop
  endfacet
  facet normal -0.5555702330196033 -0.8314696123025445 0
    outer loop
      vertex 6.85 7.472243186433546 34
      vertex 6.85 7.472243186433546 12
      vertex 7.034894429314825 7.348700678495099 34
    endloop
  endfacet
  facet normal -0.8968727415326883 -0.44228869021900113 2.796554313263469e-19
    outer loop
      vertex 7.570595205269187 6.650561835020652 34
      vertex 7.472243186433546 6.85 34
      vertex 7.472243186433546 6.85 12
    endloop
  endfacet
  facet normal -0.7518398074789799 -0.6593458151000658 0
    outer loop
      vertex 7.202081528017131 7.202081528017131 34
      vertex 7.202081528017131 7.202081528017131 12
      vertex 7.348700678495099 7.034894429314825 34
    endloop
  endfacet
  facet normal -0.6593458151000658 -0.7518398074789799 0
    outer loop
      vertex 7.034894429314825 7.348700678495099 34
      vertex 7.034894429314825 7.348700678495099 12
      vertex 7.202081528017131 7.202081528017131 34
    endloop
  endfacet
  facet normal -0.8314696123025445 -0.5555702330196033 8.357385333320755e-20
    outer loop
      vertex 7.472243186433546 6.85 34
      vertex 7.348700678495099 7.034894429314825 34
      vertex 7.348700678495099 7.034894429314825 12
    endloop
  endfacet
  facet normal -0.44228869021900113 -0.8968727415326883 2.796554313263469e-19
    outer loop
      vertex 6.85 7.472243186433546 34
      vertex 6.650561835020652 7.570595205269187 34
      vertex 6.650561835020652 7.570595205269187 12
    endloop
  endfacet
  facet normal -0.9469301294951059 -0.3214394653031609 0
    outer loop
      vertex 7.570595205269187 6.650561835020652 34
      vertex 7.570595205269187 6.650561835020652 12
      vertex 7.642073904691416 6.439992376674285 34
    endloop
  endfacet
  facet normal -0.19509032201613716 0.9807852804032287 0
    outer loop
      vertex 118.3 4.330079880249196 17.4
      vertex 118.43999237667428 4.357926095308584 12
      vertex 118.3 4.330079880249196 12
    endloop
  endfacet
  facet normal -0.19509032201613716 -0.9807852804032287 0
    outer loop
      vertex 118.3 7.669920119750804 17.4
      vertex 118.3 7.669920119750804 12
      vertex 118.43999237667428 7.642073904691416 12
    endloop
  endfacet
  facet normal -0.1950903220161388 0.9807852804032283 -4.394657543759775e-17
    outer loop
      vertex 118.3 4.330079880249196 17.4
      vertex 118.2218945267741 4.314543735664523 34
      vertex 118.43999237667428 4.357926095308584 12
    endloop
  endfacet
  facet normal -0.19509032201613713 -0.9807852804032287 5.023073010481574e-20
    outer loop
      vertex 118.3 7.669920119750804 17.4
      vertex 118.43999237667428 7.642073904691416 12
      vertex 118.43999237667428 7.642073904691416 34
    endloop
  endfacet
  facet normal -0.32143946530315726 0.9469301294951072 0
    outer loop
      vertex 118.43999237667428 4.357926095308584 34
      vertex 118.65056183502065 4.429404794730813 12
      vertex 118.43999237667428 4.357926095308584 12
    endloop
  endfacet
  facet normal -0.4422886902190123 0.8968727415326829 0
    outer loop
      vertex 118.65056183502065 4.429404794730813 34
      vertex 118.85 4.527756813566454 12
      vertex 118.65056183502065 4.429404794730813 12
    endloop
  endfacet
  facet normal -0.555570233019607 0.831469612302542 0
    outer loop
      vertex 118.85 4.527756813566454 34
      vertex 119.03489442931482 4.651299321504901 12
      vertex 118.85 4.527756813566454 12
    endloop
  endfacet
  facet normal -0.659345815100048 0.7518398074789956 0
    outer loop
      vertex 119.03489442931482 4.651299321504901 34
      vertex 119.20208152801713 4.797918471982869 12
      vertex 119.03489442931482 4.651299321504901 12
    endloop
  endfacet
  facet normal -0.7518398074789662 0.6593458151000817 0
    outer loop
      vertex 119.20208152801713 4.797918471982869 34
      vertex 119.3487006784951 4.965105570685175 12
      vertex 119.20208152801713 4.797918471982869 12
    endloop
  endfacet
  facet normal -0.8314696123025612 0.5555702330195785 0
    outer loop
      vertex 119.3487006784951 4.965105570685175 34
      vertex 119.47224318643354 5.15 12
      vertex 119.3487006784951 4.965105570685175 12
    endloop
  endfacet
  facet normal -0.8968727415326899 0.4422886902189979 0
    outer loop
      vertex 119.47224318643354 5.15 34
      vertex 119.57059520526919 5.349438164979348 12
      vertex 119.47224318643354 5.15 12
    endloop
  endfacet
  facet normal -0.9469301294951047 0.3214394653031645 0
    outer loop
      vertex 119.57059520526919 5.349438164979348 34
      vertex 119.64207390469142 5.560007623325715 12
      vertex 119.57059520526919 5.349438164979348 12
    endloop
  endfacet
  facet normal -0.9807852804032351 0.19509032201610457 0
    outer loop
      vertex 119.64207390469142 5.560007623325715 34
      vertex 119.68545626433547 5.778105473225913 12
      vertex 119.64207390469142 5.560007623325715 12
    endloop
  endfacet
  facet normal -0.9978589232386007 0.06540312923018532 0
    outer loop
      vertex 119.68545626433547 5.778105473225913 34
      vertex 119.7 6 12
      vertex 119.68545626433547 5.778105473225913 12
    endloop
  endfacet
  facet normal -0.9978589232386007 -0.06540312923018532 0
    outer loop
      vertex 119.7 6 34
      vertex 119.68545626433547 6.221894526774087 12
      vertex 119.7 6 12
    endloop
  endfacet
  facet normal -0.9807852804032351 -0.19509032201610457 0
    outer loop
      vertex 119.68545626433547 6.221894526774087 34
      vertex 119.64207390469142 6.439992376674285 12
      vertex 119.68545626433547 6.221894526774087 12
    endloop
  endfacet
  facet normal -0.8314696123025612 -0.5555702330195785 0
    outer loop
      vertex 119.47224318643354 6.85 34
      vertex 119.3487006784951 7.034894429314825 12
      vertex 119.47224318643354 6.85 12
    endloop
  endfacet
  facet normal -0.555570233019607 -0.831469612302542 0
    outer loop
      vertex 119.03489442931482 7.348700678495099 34
      vertex 118.85 7.472243186433546 12
      vertex 119.03489442931482 7.348700678495099 12
    endloop
  endfacet
  facet normal -0.659345815100048 -0.7518398074789956 0
    outer loop
      vertex 119.20208152801713 7.202081528017131 34
      vertex 119.03489442931482 7.348700678495099 12
      vertex 119.20208152801713 7.202081528017131 12
    endloop
  endfacet
  facet normal -0.7518398074789662 -0.6593458151000817 0
    outer loop
      vertex 119.3487006784951 7.034894429314825 34
      vertex 119.20208152801713 7.202081528017131 12
      vertex 119.3487006784951 7.034894429314825 12
    endloop
  endfacet
  facet normal -0.32143946530315726 -0.9469301294951072 0
    outer loop
      vertex 118.65056183502065 7.570595205269187 34
      vertex 118.43999237667428 7.642073904691416 12
      vertex 118.65056183502065 7.570595205269187 12
    endloop
  endfacet
  facet normal -0.4422886902190123 -0.8968727415326829 0
    outer loop
      vertex 118.85 7.472243186433546 34
      vertex 118.65056183502065 7.570595205269187 12
      vertex 118.85 7.472243186433546 12
    endloop
  endfacet
  facet normal -0.9469301294951047 -0.3214394653031645 0
    outer loop
      vertex 119.64207390469142 6.439992376674285 34
      vertex 119.57059520526919 6.650561835020652 12
      vertex 119.64207390469142 6.439992376674285 12
    endloop
  endfacet
  facet normal -0.8968727415326899 -0.4422886902189979 0
    outer loop
      vertex 119.57059520526919 6.650561835020652 34
      vertex 119.47224318643354 6.85 12
      vertex 119.57059520526919 6.650561835020652 12
    endloop
  endfacet
  facet normal 0.9469301294951047 0.3214394653031645 1.2392134199665714e-19
    outer loop
      vertex 116.35792609530858 5.560007623325715 17.4
      vertex 116.42940479473081 5.349438164979348 34
      vertex 116.42940479473081 5.349438164979348 17.4
    endloop
  endfacet
  facet normal 0.9807852804032352 0.19509032201610457 0
    outer loop
      vertex 116.35792609530858 5.560007623325715 17.4
      vertex 116.31454373566453 5.778105473225913 17.4
      vertex 116.35792609530858 5.560007623325715 34
    endloop
  endfacet
  facet normal 0.9978589232386008 0.06540312923018533 0
    outer loop
      vertex 116.31454373566453 5.778105473225913 17.4
      vertex 116.3 6 17.4
      vertex 116.31454373566453 5.778105473225913 34
    endloop
  endfacet
  facet normal 0.9978589232386008 -0.06540312923018533 0
    outer loop
      vertex 116.3 6 17.4
      vertex 116.31454373566453 6.221894526774087 17.4
      vertex 116.3 6 34
    endloop
  endfacet
  facet normal 0.9807852804032352 -0.19509032201610457 0
    outer loop
      vertex 116.31454373566453 6.221894526774087 17.4
      vertex 116.35792609530858 6.439992376674285 17.4
      vertex 116.31454373566453 6.221894526774087 34
    endloop
  endfacet
  facet normal 0.659345815100048 0.7518398074789956 -9.998898925310739e-20
    outer loop
      vertex 116.79791847198287 4.797918471982869 17.4
      vertex 116.96510557068518 4.651299321504901 34
      vertex 116.96510557068518 4.651299321504901 17.4
    endloop
  endfacet
  facet normal 0.8968727415326899 0.4422886902189979 0
    outer loop
      vertex 116.52775681356646 5.15 17.4
      vertex 116.42940479473081 5.349438164979348 17.4
      vertex 116.52775681356646 5.15 34
    endloop
  endfacet
  facet normal 0.8314696123025611 0.5555702330195785 0
    outer loop
      vertex 116.6512993215049 4.965105570685175 17.4
      vertex 116.52775681356646 5.15 17.4
      vertex 116.6512993215049 4.965105570685175 34
    endloop
  endfacet
  facet normal 0.7518398074789662 0.6593458151000817 9.855403507373548e-20
    outer loop
      vertex 116.6512993215049 4.965105570685175 17.4
      vertex 116.79791847198287 4.797918471982869 34
      vertex 116.79791847198287 4.797918471982869 17.4
    endloop
  endfacet
  facet normal 0.555570233019607 0.831469612302542 3.492695663018495e-19
    outer loop
      vertex 116.96510557068518 4.651299321504901 17.4
      vertex 117.15 4.527756813566454 34
      vertex 117.15 4.527756813566454 17.4
    endloop
  endfacet
  facet normal 0.4422886902190123 0.8968727415326829 -3.3727701582716935e-19
    outer loop
      vertex 117.15 4.527756813566454 17.4
      vertex 117.34943816497935 4.429404794730813 34
      vertex 117.34943816497935 4.429404794730813 17.4
    endloop
  endfacet
  facet normal 0.32143946530315726 0.9469301294951071 1.3345194545218089e-19
    outer loop
      vertex 117.34943816497935 4.429404794730813 17.4
      vertex 117.56000762332572 4.357926095308584 34
      vertex 117.56000762332572 4.357926095308584 17.4
    endloop
  endfacet
  facet normal 0.1950903220161345 0.9807852804032292 3.178358285914081e-20
    outer loop
      vertex 117.56000762332572 4.357926095308584 17.4
      vertex 117.7781054732259 4.314543735664523 34
      vertex 117.7781054732259 4.314543735664523 17.4
    endloop
  endfacet
  facet normal 0.06540312923014373 0.9978589232386035 2.539238696447657e-20
    outer loop
      vertex 117.7781054732259 4.314543735664523 17.4
      vertex 118 4.3 34
      vertex 118 4.3 17.4
    endloop
  endfacet
  facet normal -0.06540312923014373 0.9978589232386035 -2.539238696447657e-20
    outer loop
      vertex 118 4.3 17.4
      vertex 118.2218945267741 4.314543735664523 34
      vertex 118.2218945267741 4.314543735664523 17.4
    endloop
  endfacet
  facet normal -0.1950903220161298 0.9807852804032301 0
    outer loop
      vertex 118.2218945267741 4.314543735664523 17.4
      vertex 118.2218945267741 4.314543735664523 34
      vertex 118.3 4.330079880249196 17.4
    endloop
  endfacet
  facet normal 0.9469301294951047 -0.3214394653031645 0
    outer loop
      vertex 116.35792609530858 6.439992376674285 17.4
      vertex 116.42940479473081 6.650561835020652 17.4
      vertex 116.35792609530858 6.439992376674285 34
    endloop
  endfacet
  facet normal 0.8968727415326899 -0.4422886902189979 0
    outer loop
      vertex 116.42940479473081 6.650561835020652 17.4
      vertex 116.52775681356646 6.85 17.4
      vertex 116.42940479473081 6.650561835020652 34
    endloop
  endfacet
  facet normal 0.8314696123025611 -0.5555702330195785 0
    outer loop
      vertex 116.52775681356646 6.85 17.4
      vertex 116.6512993215049 7.034894429314825 17.4
      vertex 116.52775681356646 6.85 34
    endloop
  endfacet
  facet normal 0.7518398074789662 -0.6593458151000817 0
    outer loop
      vertex 116.6512993215049 7.034894429314825 17.4
      vertex 116.79791847198287 7.202081528017131 17.4
      vertex 116.6512993215049 7.034894429314825 34
    endloop
  endfacet
  facet normal 0.659345815100048 -0.7518398074789956 0
    outer loop
      vertex 116.79791847198287 7.202081528017131 17.4
      vertex 116.96510557068518 7.348700678495099 17.4
      vertex 116.79791847198287 7.202081528017131 34
    endloop
  endfacet
  facet normal 0.555570233019607 -0.831469612302542 0
    outer loop
      vertex 116.96510557068518 7.348700678495099 17.4
      vertex 117.15 7.472243186433546 17.4
      vertex 116.96510557068518 7.348700678495099 34
    endloop
  endfacet
  facet normal 0.4422886902190123 -0.8968727415326829 0
    outer loop
      vertex 117.15 7.472243186433546 17.4
      vertex 117.34943816497935 7.570595205269187 17.4
      vertex 117.15 7.472243186433546 34
    endloop
  endfacet
  facet normal 0.32143946530315726 -0.9469301294951071 0
    outer loop
      vertex 117.34943816497935 7.570595205269187 17.4
      vertex 117.56000762332572 7.642073904691416 17.4
      vertex 117.34943816497935 7.570595205269187 34
    endloop
  endfacet
  facet normal 0.1950903220161345 -0.9807852804032292 0
    outer loop
      vertex 117.56000762332572 7.642073904691416 17.4
      vertex 117.7781054732259 7.685456264335477 17.4
      vertex 117.56000762332572 7.642073904691416 34
    endloop
  endfacet
  facet normal 0.06540312923014373 -0.9978589232386035 0
    outer loop
      vertex 117.7781054732259 7.685456264335477 17.4
      vertex 118 7.7 17.4
      vertex 117.7781054732259 7.685456264335477 34
    endloop
  endfacet
  facet normal -0.06540312923014373 -0.9978589232386035 0
    outer loop
      vertex 118 7.7 17.4
      vertex 118.2218945267741 7.685456264335477 17.4
      vertex 118 7.7 34
    endloop
  endfacet
  facet normal -0.1950903220161298 -0.9807852804032301 0
    outer loop
      vertex 118.2218945267741 7.685456264335477 17.4
      vertex 118.3 7.669920119750804 17.4
      vertex 118.2218945267741 7.685456264335477 34
    endloop
  endfacet
  facet normal -0.19509032201613452 0.9807852804032292 -2.3982157975533523e-20
    outer loop
      vertex 118.2218945267741 4.314543735664523 34
      vertex 118.43999237667428 4.357926095308584 34
      vertex 118.43999237667428 4.357926095308584 12
    endloop
  endfacet
  facet normal -0.32143946530315726 0.9469301294951072 -1.0069555884119106e-19
    outer loop
      vertex 118.43999237667428 4.357926095308584 34
      vertex 118.65056183502065 4.429404794730813 34
      vertex 118.65056183502065 4.429404794730813 12
    endloop
  endfacet
  facet normal -0.4422886902190123 0.8968727415326829 2.5449083921504595e-19
    outer loop
      vertex 118.65056183502065 4.429404794730813 34
      vertex 118.85 4.527756813566454 34
      vertex 118.85 4.527756813566454 12
    endloop
  endfacet
  facet normal -0.555570233019607 0.831469612302542 -2.635397636641228e-19
    outer loop
      vertex 118.85 4.527756813566454 34
      vertex 119.03489442931482 4.651299321504901 34
      vertex 119.03489442931482 4.651299321504901 12
    endloop
  endfacet
  facet normal -0.659345815100048 0.7518398074789956 7.544623734552648e-20
    outer loop
      vertex 119.03489442931482 4.651299321504901 34
      vertex 119.20208152801713 4.797918471982869 34
      vertex 119.20208152801713 4.797918471982869 12
    endloop
  endfacet
  facet normal -0.7518398074789662 0.6593458151000817 -7.436349919200043e-20
    outer loop
      vertex 119.20208152801713 4.797918471982869 34
      vertex 119.3487006784951 4.965105570685175 34
      vertex 119.3487006784951 4.965105570685175 12
    endloop
  endfacet
  facet normal -0.8314696123025612 0.5555702330195785 -8.127973701871536e-20
    outer loop
      vertex 119.3487006784951 4.965105570685175 34
      vertex 119.47224318643354 5.15 34
      vertex 119.47224318643354 5.15 12
    endloop
  endfacet
  facet normal -0.8968727415326899 0.4422886902189979 -3.194905728549217e-19
    outer loop
      vertex 119.47224318643354 5.15 34
      vertex 119.57059520526919 5.349438164979348 34
      vertex 119.57059520526919 5.349438164979348 12
    endloop
  endfacet
  facet normal -0.9469301294951047 0.3214394653031645 -9.350428532475039e-20
    outer loop
      vertex 119.57059520526919 5.349438164979348 34
      vertex 119.64207390469142 5.560007623325715 34
      vertex 119.64207390469142 5.560007623325715 12
    endloop
  endfacet
  facet normal -0.9807852804032351 0.19509032201610457 -5.61372355048978e-20
    outer loop
      vertex 119.64207390469142 5.560007623325715 34
      vertex 119.68545626433547 5.778105473225913 34
      vertex 119.68545626433547 5.778105473225913 12
    endloop
  endfacet
  facet normal -0.9978589232386007 0.06540312923018532 -2.7943523691139644e-20
    outer loop
      vertex 119.68545626433547 5.778105473225913 34
      vertex 119.7 6 34
      vertex 119.7 6 12
    endloop
  endfacet
  facet normal -0.9978589232386007 -0.06540312923018532 0
    outer loop
      vertex 119.68545626433547 6.221894526774087 34
      vertex 119.68545626433547 6.221894526774087 12
      vertex 119.7 6 34
    endloop
  endfacet
  facet normal -0.9807852804032351 -0.19509032201610457 5.61372355048978e-20
    outer loop
      vertex 119.68545626433547 6.221894526774087 34
      vertex 119.64207390469142 6.439992376674285 34
      vertex 119.64207390469142 6.439992376674285 12
    endloop
  endfacet
  facet normal -0.555570233019607 -0.831469612302542 0
    outer loop
      vertex 118.85 7.472243186433546 34
      vertex 118.85 7.472243186433546 12
      vertex 119.03489442931482 7.348700678495099 34
    endloop
  endfacet
  facet normal -0.659345815100048 -0.7518398074789956 0
    outer loop
      vertex 119.03489442931482 7.348700678495099 34
      vertex 119.03489442931482 7.348700678495099 12
      vertex 119.20208152801713 7.202081528017131 34
    endloop
  endfacet
  facet normal -0.7518398074789662 -0.6593458151000817 0
    outer loop
      vertex 119.20208152801713 7.202081528017131 34
      vertex 119.20208152801713 7.202081528017131 12
      vertex 119.3487006784951 7.034894429314825 34
    endloop
  endfacet
  facet normal -0.8314696123025612 -0.5555702330195785 0
    outer loop
      vertex 119.3487006784951 7.034894429314825 34
      vertex 119.3487006784951 7.034894429314825 12
      vertex 119.47224318643354 6.85 34
    endloop
  endfacet
  facet normal -0.32143946530315726 -0.9469301294951072 0
    outer loop
      vertex 118.43999237667428 7.642073904691416 34
      vertex 118.43999237667428 7.642073904691416 12
      vertex 118.65056183502065 7.570595205269187 34
    endloop
  endfacet
  facet normal -0.4422886902190123 -0.8968727415326829 -2.5449083921504595e-19
    outer loop
      vertex 118.85 7.472243186433546 34
      vertex 118.65056183502065 7.570595205269187 34
      vertex 118.65056183502065 7.570595205269187 12
    endloop
  endfacet
  facet normal -0.9469301294951047 -0.3214394653031645 0
    outer loop
      vertex 119.57059520526919 6.650561835020652 34
      vertex 119.57059520526919 6.650561835020652 12
      vertex 119.64207390469142 6.439992376674285 34
    endloop
  endfacet
  facet normal -0.8968727415326899 -0.4422886902189979 3.194905728549217e-19
    outer loop
      vertex 119.57059520526919 6.650561835020652 34
      vertex 119.47224318643354 6.85 34
      vertex 119.47224318643354 6.85 12
    endloop
  endfacet
  facet normal 0.9469301294951047 0.3214394653031645 0
    outer loop
      vertex 116.35792609530858 5.560007623325715 17.4
      vertex 116.35792609530858 5.560007623325715 34
      vertex 116.42940479473081 5.349438164979348 34
    endloop
  endfacet
  facet normal 0.9807852804032352 0.19509032201610457 0
    outer loop
      vertex 116.31454373566453 5.778105473225913 17.4
      vertex 116.31454373566453 5.778105473225913 34
      vertex 116.35792609530858 5.560007623325715 34
    endloop
  endfacet
  facet normal 0.9978589232386008 0.06540312923018533 0
    outer loop
      vertex 116.3 6 17.4
      vertex 116.3 6 34
      vertex 116.31454373566453 5.778105473225913 34
    endloop
  endfacet
  facet normal 0.9978589232386008 -0.06540312923018533 0
    outer loop
      vertex 116.31454373566453 6.221894526774087 17.4
      vertex 116.31454373566453 6.221894526774087 34
      vertex 116.3 6 34
    endloop
  endfacet
  facet normal 0.9807852804032352 -0.19509032201610457 0
    outer loop
      vertex 116.35792609530858 6.439992376674285 17.4
      vertex 116.35792609530858 6.439992376674285 34
      vertex 116.31454373566453 6.221894526774087 34
    endloop
  endfacet
  facet normal 0.8314696123025611 0.5555702330195785 0
    outer loop
      vertex 116.52775681356646 5.15 17.4
      vertex 116.52775681356646 5.15 34
      vertex 116.6512993215049 4.965105570685175 34
    endloop
  endfacet
  facet normal 0.7518398074789662 0.6593458151000817 0
    outer loop
      vertex 116.6512993215049 4.965105570685175 17.4
      vertex 116.6512993215049 4.965105570685175 34
      vertex 116.79791847198287 4.797918471982869 34
    endloop
  endfacet
  facet normal 0.659345815100048 0.7518398074789956 0
    outer loop
      vertex 116.79791847198287 4.797918471982869 17.4
      vertex 116.79791847198287 4.797918471982869 34
      vertex 116.96510557068518 4.651299321504901 34
    endloop
  endfacet
  facet normal 0.555570233019607 0.831469612302542 0
    outer loop
      vertex 116.96510557068518 4.651299321504901 17.4
      vertex 116.96510557068518 4.651299321504901 34
      vertex 117.15 4.527756813566454 34
    endloop
  endfacet
  facet normal 0.32143946530315726 0.9469301294951071 0
    outer loop
      vertex 117.34943816497935 4.429404794730813 17.4
      vertex 117.34943816497935 4.429404794730813 34
      vertex 117.56000762332572 4.357926095308584 34
    endloop
  endfacet
  facet normal 0.4422886902190123 0.8968727415326829 0
    outer loop
      vertex 117.15 4.527756813566454 17.4
      vertex 117.15 4.527756813566454 34
      vertex 117.34943816497935 4.429404794730813 34
    endloop
  endfacet
  facet normal 0.8968727415326899 0.4422886902189979 0
    outer loop
      vertex 116.42940479473081 5.349438164979348 17.4
      vertex 116.42940479473081 5.349438164979348 34
      vertex 116.52775681356646 5.15 34
    endloop
  endfacet
  facet normal 0.1950903220161345 0.9807852804032292 0
    outer loop
      vertex 117.56000762332572 4.357926095308584 17.4
      vertex 117.56000762332572 4.357926095308584 34
      vertex 117.7781054732259 4.314543735664523 34
    endloop
  endfacet
  facet normal 0.06540312923014373 0.9978589232386035 0
    outer loop
      vertex 117.7781054732259 4.314543735664523 17.4
      vertex 117.7781054732259 4.314543735664523 34
      vertex 118 4.3 34
    endloop
  endfacet
  facet normal -0.06540312923014373 0.9978589232386035 0
    outer loop
      vertex 118 4.3 17.4
      vertex 118 4.3 34
      vertex 118.2218945267741 4.314543735664523 34
    endloop
  endfacet
  facet normal 0.9469301294951047 -0.3214394653031645 0
    outer loop
      vertex 116.42940479473081 6.650561835020652 17.4
      vertex 116.42940479473081 6.650561835020652 34
      vertex 116.35792609530858 6.439992376674285 34
    endloop
  endfacet
  facet normal 0.8968727415326899 -0.4422886902189979 0
    outer loop
      vertex 116.52775681356646 6.85 17.4
      vertex 116.52775681356646 6.85 34
      vertex 116.42940479473081 6.650561835020652 34
    endloop
  endfacet
  facet normal 0.8314696123025611 -0.5555702330195785 0
    outer loop
      vertex 116.6512993215049 7.034894429314825 17.4
      vertex 116.6512993215049 7.034894429314825 34
      vertex 116.52775681356646 6.85 34
    endloop
  endfacet
  facet normal 0.7518398074789662 -0.6593458151000817 0
    outer loop
      vertex 116.79791847198287 7.202081528017131 17.4
      vertex 116.79791847198287 7.202081528017131 34
      vertex 116.6512993215049 7.034894429314825 34
    endloop
  endfacet
  facet normal 0.659345815100048 -0.7518398074789956 0
    outer loop
      vertex 116.96510557068518 7.348700678495099 17.4
      vertex 116.96510557068518 7.348700678495099 34
      vertex 116.79791847198287 7.202081528017131 34
    endloop
  endfacet
  facet normal 0.555570233019607 -0.831469612302542 0
    outer loop
      vertex 117.15 7.472243186433546 17.4
      vertex 117.15 7.472243186433546 34
      vertex 116.96510557068518 7.348700678495099 34
    endloop
  endfacet
  facet normal 0.4422886902190123 -0.8968727415326829 0
    outer loop
      vertex 117.34943816497935 7.570595205269187 17.4
      vertex 117.34943816497935 7.570595205269187 34
      vertex 117.15 7.472243186433546 34
    endloop
  endfacet
  facet normal 0.32143946530315726 -0.9469301294951071 0
    outer loop
      vertex 117.56000762332572 7.642073904691416 17.4
      vertex 117.56000762332572 7.642073904691416 34
      vertex 117.34943816497935 7.570595205269187 34
    endloop
  endfacet
  facet normal 0.1950903220161345 -0.9807852804032292 0
    outer loop
      vertex 117.7781054732259 7.685456264335477 17.4
      vertex 117.7781054732259 7.685456264335477 34
      vertex 117.56000762332572 7.642073904691416 34
    endloop
  endfacet
  facet normal 0.06540312923014373 -0.9978589232386035 0
    outer loop
      vertex 118 7.7 17.4
      vertex 118 7.7 34
      vertex 117.7781054732259 7.685456264335477 34
    endloop
  endfacet
  facet normal -0.06540312923014373 -0.9978589232386035 0
    outer loop
      vertex 118.2218945267741 7.685456264335477 17.4
      vertex 118.2218945267741 7.685456264335477 34
      vertex 118 7.7 34
    endloop
  endfacet
  facet normal -0.1950903220161345 -0.9807852804032292 -2.316057338586438e-17
    outer loop
      vertex 118.3 7.669920119750804 17.4
      vertex 118.43999237667428 7.642073904691416 34
      vertex 118.2218945267741 7.685456264335477 34
    endloop
  endfacet
  facet normal 1 0 0
    outer loop
      vertex 106.05 124 12
      vertex 106.05 139.5 12
      vertex 106.05 124 15.05
    endloop
  endfacet
  facet normal 0 1 0
    outer loop
      vertex 106.05 124 12
      vertex 107.95 124 15.05
      vertex 107.95 124 12
    endloop
  endfacet
  facet normal 0 1 0
    outer loop
      vertex 106.05 124 12
      vertex 106.05 124 15.05
      vertex 107.95 124 15.05
    endloop
  endfacet
  facet normal 0 0 -1
    outer loop
      vertex 106.05 124 15.05
      vertex 106.05 139.5 15.05
      vertex 107.95 124 15.05
    endloop
  endfacet
  facet normal 0 0 -1
    outer loop
      vertex 107.95 124 15.05
      vertex 106.05 139.5 15.05
      vertex 114.05 124 15.05
    endloop
  endfacet
  facet normal 1 0 0
    outer loop
      vertex 106.05 124 15.05
      vertex 106.05 139.5 12
      vertex 106.05 139.5 15.05
    endloop
  endfacet
  facet normal 0 1 0
    outer loop
      vertex 114.05 124 12
      vertex 115.95 124 15.05
      vertex 115.95 124 12
    endloop
  endfacet
  facet normal 0 0 -1
    outer loop
      vertex 114.05 124 15.05
      vertex 106.05 139.5 15.05
      vertex 115.95 124 15.05
    endloop
  endfacet
  facet normal 0 1 0
    outer loop
      vertex 114.05 124 12
      vertex 114.05 124 15.05
      vertex 115.95 124 15.05
    endloop
  endfacet
  facet normal -1 0 0
    outer loop
      vertex 115.95 124 12
      vertex 115.95 124 15.05
      vertex 115.95 139.5 15.05
    endloop
  endfacet
  facet normal -1 0 0
    outer loop
      vertex 115.95 124 12
      vertex 115.95 139.5 15.05
      vertex 115.95 139.5 12
    endloop
  endfacet
  facet normal 0 0 -1
    outer loop
      vertex 115.95 124 15.05
      vertex 106.05 139.5 15.05
      vertex 115.95 139.5 15.05
    endloop
  endfacet
  facet normal 1 0 0
    outer loop
      vertex 106.05 13 12
      vertex 106.05 -2.5 15.05
      vertex 106.05 -2.5 12
    endloop
  endfacet
  facet normal 0 0 -1
    outer loop
      vertex 106.05 13 15.05
      vertex 115.95 -2.5 15.05
      vertex 106.05 -2.5 15.05
    endloop
  endfacet
  facet normal 0 -1 0
    outer loop
      vertex 106.05 13 12
      vertex 107.95 13 12
      vertex 106.05 13 15.05
    endloop
  endfacet
  facet normal 1 0 0
    outer loop
      vertex 106.05 13 12
      vertex 106.05 13 15.05
      vertex 106.05 -2.5 15.05
    endloop
  endfacet
  facet normal 0 0 -1
    outer loop
      vertex 106.05 13 15.05
      vertex 107.95 13 15.05
      vertex 115.95 -2.5 15.05
    endloop
  endfacet
  facet normal 0 -1 0
    outer loop
      vertex 106.05 13 15.05
      vertex 107.95 13 12
      vertex 107.95 13 15.05
    endloop
  endfacet
  facet normal -1 0 0
    outer loop
      vertex 115.95 13 15.05
      vertex 115.95 -2.5 12
      vertex 115.95 -2.5 15.05
    endloop
  endfacet
  facet normal -1 0 0
    outer loop
      vertex 115.95 13 12
      vertex 115.95 -2.5 12
      vertex 115.95 13 15.05
    endloop
  endfacet
  facet normal 0 -1 0
    outer loop
      vertex 114.05 13 12
      vertex 115.95 13 12
      vertex 114.05 13 15.05
    endloop
  endfacet
  facet normal 0 0 -1
    outer loop
      vertex 107.95 13 15.05
      vertex 114.05 13 15.05
      vertex 115.95 -2.5 15.05
    endloop
  endfacet
  facet normal 0 0 -1
    outer loop
      vertex 114.05 13 15.05
      vertex 115.95 13 15.05
      vertex 115.95 -2.5 15.05
    endloop
  endfacet
  facet normal 0 -1 0
    outer loop
      vertex 115.95 13 12
      vertex 115.95 13 15.05
      vertex 114.05 13 15.05
    endloop
  endfacet
  facet normal 1 0 0
    outer loop
      vertex 94.05 124 12
      vertex 94.05 139.5 12
      vertex 94.05 124 15.05
    endloop
  endfacet
  facet normal 1 0 0
    outer loop
      vertex 94.05 124 15.05
      vertex 94.05 139.5 12
      vertex 94.05 139.5 15.05
    endloop
  endfacet
  facet normal 0 1 0
    outer loop
      vertex 94.05 124 12
      vertex 95.95 124 15.05
      vertex 95.95 124 12
    endloop
  endfacet
  facet normal 0 1 0
    outer loop
      vertex 94.05 124 12
      vertex 94.05 124 15.05
      vertex 95.95 124 15.05
    endloop
  endfacet
  facet normal 0 0 -1
    outer loop
      vertex 94.05 124 15.05
      vertex 94.05 139.5 15.05
      vertex 95.95 124 15.05
    endloop
  endfacet
  facet normal 0 0 -1
    outer loop
      vertex 95.95 124 15.05
      vertex 94.05 139.5 15.05
      vertex 102.05 124 15.05
    endloop
  endfacet
  facet normal 0 0 -1
    outer loop
      vertex 102.05 124 15.05
      vertex 94.05 139.5 15.05
      vertex 103.95 124 15.05
    endloop
  endfacet
  facet normal 0 0 -1
    outer loop
      vertex 103.95 124 15.05
      vertex 94.05 139.5 15.05
      vertex 103.95 139.5 15.05
    endloop
  endfacet
  facet normal 0 1 0
    outer loop
      vertex 102.05 124 12
      vertex 103.95 124 15.05
      vertex 103.95 124 12
    endloop
  endfacet
  facet normal 0 1 0
    outer loop
      vertex 102.05 124 12
      vertex 102.05 124 15.05
      vertex 103.95 124 15.05
    endloop
  endfacet
  facet normal -1 0 0
    outer loop
      vertex 103.95 124 12
      vertex 103.95 124 15.05
      vertex 103.95 139.5 15.05
    endloop
  endfacet
  facet normal -1 0 0
    outer loop
      vertex 103.95 124 12
      vertex 103.95 139.5 15.05
      vertex 103.95 139.5 12
    endloop
  endfacet
  facet normal 1 0 0
    outer loop
      vertex 94.05 13 12
      vertex 94.05 -2.5 15.05
      vertex 94.05 -2.5 12
    endloop
  endfacet
  facet normal 1 0 0
    outer loop
      vertex 94.05 13 12
      vertex 94.05 13 15.05
      vertex 94.05 -2.5 15.05
    endloop
  endfacet
  facet normal 0 0 -1
    outer loop
      vertex 94.05 13 15.05
      vertex 103.95 -2.5 15.05
      vertex 94.05 -2.5 15.05
    endloop
  endfacet
  facet normal 0 -1 0
    outer loop
      vertex 94.05 13 12
      vertex 95.95 13 12
      vertex 94.05 13 15.05
    endloop
  endfacet
  facet normal 0 0 -1
    outer loop
      vertex 94.05 13 15.05
      vertex 95.95 13 15.05
      vertex 103.95 -2.5 15.05
    endloop
  endfacet
  facet normal 0 -1 0
    outer loop
      vertex 94.05 13 15.05
      vertex 95.95 13 12
      vertex 95.95 13 15.05
    endloop
  endfacet
  facet normal 0 0 -1
    outer loop
      vertex 95.95 13 15.05
      vertex 102.05 13 15.05
      vertex 103.95 -2.5 15.05
    endloop
  endfacet
  facet normal -1 0 0
    outer loop
      vertex 103.95 13 15.05
      vertex 103.95 -2.5 12
      vertex 103.95 -2.5 15.05
    endloop
  endfacet
  facet normal -1 0 0
    outer loop
      vertex 103.95 13 12
      vertex 103.95 -2.5 12
      vertex 103.95 13 15.05
    endloop
  endfacet
  facet normal 0 -1 0
    outer loop
      vertex 102.05 13 12
      vertex 103.95 13 12
      vertex 102.05 13 15.05
    endloop
  endfacet
  facet normal 0 0 -1
    outer loop
      vertex 102.05 13 15.05
      vertex 103.95 13 15.05
      vertex 103.95 -2.5 15.05
    endloop
  endfacet
  facet normal 0 -1 0
    outer loop
      vertex 103.95 13 12
      vertex 103.95 13 15.05
      vertex 102.05 13 15.05
    endloop
  endfacet
  facet normal 1 0 0
    outer loop
      vertex 82.05 124 12
      vertex 82.05 139.5 12
      vertex 82.05 124 15.05
    endloop
  endfacet
  facet normal 0 1 0
    outer loop
      vertex 82.05 124 12
      vertex 83.95 124 15.05
      vertex 83.95 124 12
    endloop
  endfacet
  facet normal 0 1 0
    outer loop
      vertex 82.05 124 12
      vertex 82.05 124 15.05
      vertex 83.95 124 15.05
    endloop
  endfacet
  facet normal 0 0 -1
    outer loop
      vertex 82.05 124 15.05
      vertex 82.05 139.5 15.05
      vertex 83.95 124 15.05
    endloop
  endfacet
  facet normal 0 0 -1
    outer loop
      vertex 83.95 124 15.05
      vertex 82.05 139.5 15.05
      vertex 90.05 124 15.05
    endloop
  endfacet
  facet normal 1 0 0
    outer loop
      vertex 82.05 124 15.05
      vertex 82.05 139.5 12
      vertex 82.05 139.5 15.05
    endloop
  endfacet
  facet normal 0 1 0
    outer loop
      vertex 90.05 124 12
      vertex 91.95 124 15.05
      vertex 91.95 124 12
    endloop
  endfacet
  facet normal 0 0 -1
    outer loop
      vertex 90.05 124 15.05
      vertex 82.05 139.5 15.05
      vertex 91.95 124 15.05
    endloop
  endfacet
  facet normal 0 1 0
    outer loop
      vertex 90.05 124 12
      vertex 90.05 124 15.05
      vertex 91.95 124 15.05
    endloop
  endfacet
  facet normal -1 0 0
    outer loop
      vertex 91.95 124 12
      vertex 91.95 124 15.05
      vertex 91.95 139.5 15.05
    endloop
  endfacet
  facet normal -1 0 0
    outer loop
      vertex 91.95 124 12
      vertex 91.95 139.5 15.05
      vertex 91.95 139.5 12
    endloop
  endfacet
  facet normal 0 0 -1
    outer loop
      vertex 91.95 124 15.05
      vertex 82.05 139.5 15.05
      vertex 91.95 139.5 15.05
    endloop
  endfacet
  facet normal 1 0 0
    outer loop
      vertex 82.05 13 12
      vertex 82.05 -2.5 15.05
      vertex 82.05 -2.5 12
    endloop
  endfacet
  facet normal 0 0 -1
    outer loop
      vertex 82.05 13 15.05
      vertex 91.95 -2.5 15.05
      vertex 82.05 -2.5 15.05
    endloop
  endfacet
  facet normal 0 -1 0
    outer loop
      vertex 82.05 13 12
      vertex 83.95 13 12
      vertex 82.05 13 15.05
    endloop
  endfacet
  facet normal 1 0 0
    outer loop
      vertex 82.05 13 12
      vertex 82.05 13 15.05
      vertex 82.05 -2.5 15.05
    endloop
  endfacet
  facet normal 0 0 -1
    outer loop
      vertex 82.05 13 15.05
      vertex 83.95 13 15.05
      vertex 91.95 -2.5 15.05
    endloop
  endfacet
  facet normal 0 -1 0
    outer loop
      vertex 82.05 13 15.05
      vertex 83.95 13 12
      vertex 83.95 13 15.05
    endloop
  endfacet
  facet normal -1 0 0
    outer loop
      vertex 91.95 13 15.05
      vertex 91.95 -2.5 12
      vertex 91.95 -2.5 15.05
    endloop
  endfacet
  facet normal -1 0 0
    outer loop
      vertex 91.95 13 12
      vertex 91.95 -2.5 12
      vertex 91.95 13 15.05
    endloop
  endfacet
  facet normal 0 -1 0
    outer loop
      vertex 90.05 13 12
      vertex 91.95 13 12
      vertex 90.05 13 15.05
    endloop
  endfacet
  facet normal 0 0 -1
    outer loop
      vertex 83.95 13 15.05
      vertex 90.05 13 15.05
      vertex 91.95 -2.5 15.05
    endloop
  endfacet
  facet normal 0 0 -1
    outer loop
      vertex 90.05 13 15.05
      vertex 91.95 13 15.05
      vertex 91.95 -2.5 15.05
    endloop
  endfacet
  facet normal 0 -1 0
    outer loop
      vertex 91.95 13 12
      vertex 91.95 13 15.05
      vertex 90.05 13 15.05
    endloop
  endfacet
  facet normal 1 0 0
    outer loop
      vertex 70.05 124 12
      vertex 70.05 139.5 12
      vertex 70.05 124 15.05
    endloop
  endfacet
  facet normal 1 0 0
    outer loop
      vertex 70.05 124 15.05
      vertex 70.05 139.5 12
      vertex 70.05 139.5 15.05
    endloop
  endfacet
  facet normal 0 1 0
    outer loop
      vertex 70.05 124 12
      vertex 71.95 124 15.05
      vertex 71.95 124 12
    endloop
  endfacet
  facet normal 0 1 0
    outer loop
      vertex 70.05 124 12
      vertex 70.05 124 15.05
      vertex 71.95 124 15.05
    endloop
  endfacet
  facet normal 0 0 -1
    outer loop
      vertex 70.05 124 15.05
      vertex 70.05 139.5 15.05
      vertex 71.95 124 15.05
    endloop
  endfacet
  facet normal 0 0 -1
    outer loop
      vertex 71.95 124 15.05
      vertex 70.05 139.5 15.05
      vertex 78.05 124 15.05
    endloop
  endfacet
  facet normal 0 0 -1
    outer loop
      vertex 78.05 124 15.05
      vertex 70.05 139.5 15.05
      vertex 79.95 124 15.05
    endloop
  endfacet
  facet normal 0 0 -1
    outer loop
      vertex 79.95 124 15.05
      vertex 70.05 139.5 15.05
      vertex 79.95 139.5 15.05
    endloop
  endfacet
  facet normal 0 1 0
    outer loop
      vertex 78.05 124 12
      vertex 79.95 124 15.05
      vertex 79.95 124 12
    endloop
  endfacet
  facet normal 0 1 0
    outer loop
      vertex 78.05 124 12
      vertex 78.05 124 15.05
      vertex 79.95 124 15.05
    endloop
  endfacet
  facet normal -1 0 0
    outer loop
      vertex 79.95 124 12
      vertex 79.95 124 15.05
      vertex 79.95 139.5 15.05
    endloop
  endfacet
  facet normal -1 0 0
    outer loop
      vertex 79.95 124 12
      vertex 79.95 139.5 15.05
      vertex 79.95 139.5 12
    endloop
  endfacet
  facet normal 1 0 0
    outer loop
      vertex 70.05 13 12
      vertex 70.05 -2.5 15.05
      vertex 70.05 -2.5 12
    endloop
  endfacet
  facet normal 1 0 0
    outer loop
      vertex 70.05 13 12
      vertex 70.05 13 15.05
      vertex 70.05 -2.5 15.05
    endloop
  endfacet
  facet normal 0 0 -1
    outer loop
      vertex 70.05 13 15.05
      vertex 79.95 -2.5 15.05
      vertex 70.05 -2.5 15.05
    endloop
  endfacet
  facet normal 0 -1 0
    outer loop
      vertex 70.05 13 12
      vertex 71.95 13 12
      vertex 70.05 13 15.05
    endloop
  endfacet
  facet normal 0 0 -1
    outer loop
      vertex 70.05 13 15.05
      vertex 71.95 13 15.05
      vertex 79.95 -2.5 15.05
    endloop
  endfacet
  facet normal 0 -1 0
    outer loop
      vertex 70.05 13 15.05
      vertex 71.95 13 12
      vertex 71.95 13 15.05
    endloop
  endfacet
  facet normal 0 0 -1
    outer loop
      vertex 71.95 13 15.05
      vertex 78.05 13 15.05
      vertex 79.95 -2.5 15.05
    endloop
  endfacet
  facet normal -1 0 0
    outer loop
      vertex 79.95 13 15.05
      vertex 79.95 -2.5 12
      vertex 79.95 -2.5 15.05
    endloop
  endfacet
  facet normal -1 0 0
    outer loop
      vertex 79.95 13 12
      vertex 79.95 -2.5 12
      vertex 79.95 13 15.05
    endloop
  endfacet
  facet normal 0 -1 0
    outer loop
      vertex 78.05 13 12
      vertex 79.95 13 12
      vertex 78.05 13 15.05
    endloop
  endfacet
  facet normal 0 0 -1
    outer loop
      vertex 78.05 13 15.05
      vertex 79.95 13 15.05
      vertex 79.95 -2.5 15.05
    endloop
  endfacet
  facet normal 0 -1 0
    outer loop
      vertex 79.95 13 12
      vertex 79.95 13 15.05
      vertex 78.05 13 15.05
    endloop
  endfacet
  facet normal 0 1 0
    outer loop
      vertex 58.05 124 12
      vertex 59.95 124 15.05
      vertex 59.95 124 12
    endloop
  endfacet
  facet normal 1 0 0
    outer loop
      vertex 58.05 124 12
      vertex 58.05 139.5 12
      vertex 58.05 124 15.05
    endloop
  endfacet
  facet normal 0 1 0
    outer loop
      vertex 58.05 124 12
      vertex 58.05 124 15.05
      vertex 59.95 124 15.05
    endloop
  endfacet
  facet normal 0 0 -1
    outer loop
      vertex 58.05 124 15.05
      vertex 58.05 139.5 15.05
      vertex 59.95 124 15.05
    endloop
  endfacet
  facet normal 0 0 -1
    outer loop
      vertex 59.95 124 15.05
      vertex 58.05 139.5 15.05
      vertex 66.05 124 15.05
    endloop
  endfacet
  facet normal 1 0 0
    outer loop
      vertex 58.05 124 15.05
      vertex 58.05 139.5 12
      vertex 58.05 139.5 15.05
    endloop
  endfacet
  facet normal 0 1 0
    outer loop
      vertex 66.05 124 12
      vertex 67.95 124 15.05
      vertex 67.95 124 12
    endloop
  endfacet
  facet normal 0 0 -1
    outer loop
      vertex 66.05 124 15.05
      vertex 58.05 139.5 15.05
      vertex 67.95 124 15.05
    endloop
  endfacet
  facet normal 0 1 0
    outer loop
      vertex 66.05 124 12
      vertex 66.05 124 15.05
      vertex 67.95 124 15.05
    endloop
  endfacet
  facet normal -1 0 0
    outer loop
      vertex 67.95 124 12
      vertex 67.95 124 15.05
      vertex 67.95 139.5 15.05
    endloop
  endfacet
  facet normal -1 0 0
    outer loop
      vertex 67.95 124 12
      vertex 67.95 139.5 15.05
      vertex 67.95 139.5 12
    endloop
  endfacet
  facet normal 0 0 -1
    outer loop
      vertex 67.95 124 15.05
      vertex 58.05 139.5 15.05
      vertex 67.95 139.5 15.05
    endloop
  endfacet
  facet normal 1 0 0
    outer loop
      vertex 58.05 13 12
      vertex 58.05 -2.5 15.05
      vertex 58.05 -2.5 12
    endloop
  endfacet
  facet normal 0 0 -1
    outer loop
      vertex 58.05 13 15.05
      vertex 67.95 -2.5 15.05
      vertex 58.05 -2.5 15.05
    endloop
  endfacet
  facet normal 0 -1 0
    outer loop
      vertex 58.05 13 12
      vertex 59.95 13 12
      vertex 58.05 13 15.05
    endloop
  endfacet
  facet normal 1 0 0
    outer loop
      vertex 58.05 13 12
      vertex 58.05 13 15.05
      vertex 58.05 -2.5 15.05
    endloop
  endfacet
  facet normal 0 0 -1
    outer loop
      vertex 58.05 13 15.05
      vertex 59.95 13 15.05
      vertex 67.95 -2.5 15.05
    endloop
  endfacet
  facet normal 0 -1 0
    outer loop
      vertex 58.05 13 15.05
      vertex 59.95 13 12
      vertex 59.95 13 15.05
    endloop
  endfacet
  facet normal -1 0 0
    outer loop
      vertex 67.95 13 15.05
      vertex 67.95 -2.5 12
      vertex 67.95 -2.5 15.05
    endloop
  endfacet
  facet normal -1 0 0
    outer loop
      vertex 67.95 13 12
      vertex 67.95 -2.5 12
      vertex 67.95 13 15.05
    endloop
  endfacet
  facet normal 0 -1 0
    outer loop
      vertex 66.05 13 12
      vertex 67.95 13 12
      vertex 66.05 13 15.05
    endloop
  endfacet
  facet normal 0 0 -1
    outer loop
      vertex 59.95 13 15.05
      vertex 66.05 13 15.05
      vertex 67.95 -2.5 15.05
    endloop
  endfacet
  facet normal 0 0 -1
    outer loop
      vertex 66.05 13 15.05
      vertex 67.95 13 15.05
      vertex 67.95 -2.5 15.05
    endloop
  endfacet
  facet normal 0 -1 0
    outer loop
      vertex 67.95 13 12
      vertex 67.95 13 15.05
      vertex 66.05 13 15.05
    endloop
  endfacet
  facet normal 1 0 0
    outer loop
      vertex 46.05 13 12
      vertex 46.05 -2.5 15.05
      vertex 46.05 -2.5 12
    endloop
  endfacet
  facet normal 0 0 -1
    outer loop
      vertex 46.05 13 15.05
      vertex 55.95 -2.5 15.05
      vertex 46.05 -2.5 15.05
    endloop
  endfacet
  facet normal 0 -1 0
    outer loop
      vertex 46.05 13 12
      vertex 47.95 13 12
      vertex 46.05 13 15.05
    endloop
  endfacet
  facet normal 1 0 0
    outer loop
      vertex 46.05 13 12
      vertex 46.05 13 15.05
      vertex 46.05 -2.5 15.05
    endloop
  endfacet
  facet normal 0 -1 0
    outer loop
      vertex 46.05 13 15.05
      vertex 47.95 13 12
      vertex 47.95 13 15.05
    endloop
  endfacet
  facet normal 0 0 -1
    outer loop
      vertex 46.05 13 15.05
      vertex 47.95 13 15.05
      vertex 55.95 -2.5 15.05
    endloop
  endfacet
  facet normal 0 0 -1
    outer loop
      vertex 47.95 13 15.05
      vertex 54.05 13 15.05
      vertex 55.95 -2.5 15.05
    endloop
  endfacet
  facet normal -1 0 0
    outer loop
      vertex 55.95 13 15.05
      vertex 55.95 -2.5 12
      vertex 55.95 -2.5 15.05
    endloop
  endfacet
  facet normal -1 0 0
    outer loop
      vertex 55.95 13 12
      vertex 55.95 -2.5 12
      vertex 55.95 13 15.05
    endloop
  endfacet
  facet normal 0 -1 0
    outer loop
      vertex 54.05 13 12
      vertex 55.95 13 12
      vertex 54.05 13 15.05
    endloop
  endfacet
  facet normal 0 0 -1
    outer loop
      vertex 54.05 13 15.05
      vertex 55.95 13 15.05
      vertex 55.95 -2.5 15.05
    endloop
  endfacet
  facet normal 0 -1 0
    outer loop
      vertex 55.95 13 12
      vertex 55.95 13 15.05
      vertex 54.05 13 15.05
    endloop
  endfacet
  facet normal 0 1 0
    outer loop
      vertex 46.05 124 12
      vertex 47.95 124 15.05
      vertex 47.95 124 12
    endloop
  endfacet
  facet normal 1 0 0
    outer loop
      vertex 46.05 124 12
      vertex 46.05 139.5 12
      vertex 46.05 124 15.05
    endloop
  endfacet
  facet normal 0 1 0
    outer loop
      vertex 46.05 124 12
      vertex 46.05 124 15.05
      vertex 47.95 124 15.05
    endloop
  endfacet
  facet normal 0 0 -1
    outer loop
      vertex 46.05 124 15.05
      vertex 46.05 139.5 15.05
      vertex 47.95 124 15.05
    endloop
  endfacet
  facet normal 0 0 -1
    outer loop
      vertex 47.95 124 15.05
      vertex 46.05 139.5 15.05
      vertex 54.05 124 15.05
    endloop
  endfacet
  facet normal 0 0 -1
    outer loop
      vertex 54.05 124 15.05
      vertex 46.05 139.5 15.05
      vertex 55.95 124 15.05
    endloop
  endfacet
  facet normal 1 0 0
    outer loop
      vertex 46.05 124 15.05
      vertex 46.05 139.5 12
      vertex 46.05 139.5 15.05
    endloop
  endfacet
  facet normal 0 0 -1
    outer loop
      vertex 55.95 124 15.05
      vertex 46.05 139.5 15.05
      vertex 55.95 139.5 15.05
    endloop
  endfacet
  facet normal 0 1 0
    outer loop
      vertex 54.05 124 12
      vertex 55.95 124 15.05
      vertex 55.95 124 12
    endloop
  endfacet
  facet normal 0 1 0
    outer loop
      vertex 54.05 124 12
      vertex 54.05 124 15.05
      vertex 55.95 124 15.05
    endloop
  endfacet
  facet normal -1 0 0
    outer loop
      vertex 55.95 124 12
      vertex 55.95 124 15.05
      vertex 55.95 139.5 15.05
    endloop
  endfacet
  facet normal -1 0 0
    outer loop
      vertex 55.95 124 12
      vertex 55.95 139.5 15.05
      vertex 55.95 139.5 12
    endloop
  endfacet
  facet normal 1 0 0
    outer loop
      vertex 107.95 124 12
      vertex 107.95 121 15.05
      vertex 107.95 121 12
    endloop
  endfacet
  facet normal 1 0 0
    outer loop
      vertex 107.95 124 12
      vertex 107.95 124 15.05
      vertex 107.95 121 15.05
    endloop
  endfacet
  facet normal 0 0 -1
    outer loop
      vertex 107.95 124 15.05
      vertex 114.05 121 15.05
      vertex 107.95 121 15.05
    endloop
  endfacet
  facet normal -1 0 0
    outer loop
      vertex 114.05 124 12
      vertex 114.05 121 12
      vertex 114.05 124 15.05
    endloop
  endfacet
  facet normal -1 0 0
    outer loop
      vertex 114.05 124 15.05
      vertex 114.05 121 12
      vertex 114.05 121 15.05
    endloop
  endfacet
  facet normal 0 0 -1
    outer loop
      vertex 107.95 124 15.05
      vertex 114.05 124 15.05
      vertex 114.05 121 15.05
    endloop
  endfacet
  facet normal 1 0 0
    outer loop
      vertex 107.95 13 12
      vertex 107.95 16 12
      vertex 107.95 13 15.05
    endloop
  endfacet
  facet normal 1 0 0
    outer loop
      vertex 107.95 13 15.05
      vertex 107.95 16 12
      vertex 107.95 16 15.05
    endloop
  endfacet
  facet normal 0 0 -1
    outer loop
      vertex 107.95 13 15.05
      vertex 107.95 16 15.05
      vertex 114.05 13 15.05
    endloop
  endfacet
  facet normal -1 0 0
    outer loop
      vertex 114.05 13 12
      vertex 114.05 16 15.05
      vertex 114.05 16 12
    endloop
  endfacet
  facet normal -1 0 0
    outer loop
      vertex 114.05 13 12
      vertex 114.05 13 15.05
      vertex 114.05 16 15.05
    endloop
  endfacet
  facet normal 0 0 -1
    outer loop
      vertex 114.05 13 15.05
      vertex 107.95 16 15.05
      vertex 114.05 16 15.05
    endloop
  endfacet
  facet normal 1 0 0
    outer loop
      vertex 95.95 124 12
      vertex 95.95 121 15.05
      vertex 95.95 121 12
    endloop
  endfacet
  facet normal -1 0 0
    outer loop
      vertex 102.05 124 12
      vertex 102.05 121 12
      vertex 102.05 124 15.05
    endloop
  endfacet
  facet normal 1 0 0
    outer loop
      vertex 95.95 124 12
      vertex 95.95 124 15.05
      vertex 95.95 121 15.05
    endloop
  endfacet
  facet normal 0 0 -1
    outer loop
      vertex 95.95 124 15.05
      vertex 102.05 121 15.05
      vertex 95.95 121 15.05
    endloop
  endfacet
  facet normal -1 0 0
    outer loop
      vertex 102.05 124 15.05
      vertex 102.05 121 12
      vertex 102.05 121 15.05
    endloop
  endfacet
  facet normal 0 0 -1
    outer loop
      vertex 95.95 124 15.05
      vertex 102.05 124 15.05
      vertex 102.05 121 15.05
    endloop
  endfacet
  facet normal 1 0 0
    outer loop
      vertex 95.95 13 12
      vertex 95.95 16 12
      vertex 95.95 13 15.05
    endloop
  endfacet
  facet normal -1 0 0
    outer loop
      vertex 102.05 13 12
      vertex 102.05 16 15.05
      vertex 102.05 16 12
    endloop
  endfacet
  facet normal 1 0 0
    outer loop
      vertex 95.95 13 15.05
      vertex 95.95 16 12
      vertex 95.95 16 15.05
    endloop
  endfacet
  facet normal 0 0 -1
    outer loop
      vertex 95.95 13 15.05
      vertex 95.95 16 15.05
      vertex 102.05 13 15.05
    endloop
  endfacet
  facet normal -1 0 0
    outer loop
      vertex 102.05 13 12
      vertex 102.05 13 15.05
      vertex 102.05 16 15.05
    endloop
  endfacet
  facet normal 0 0 -1
    outer loop
      vertex 102.05 13 15.05
      vertex 95.95 16 15.05
      vertex 102.05 16 15.05
    endloop
  endfacet
  facet normal 1 0 0
    outer loop
      vertex 83.95 124 12
      vertex 83.95 121 15.05
      vertex 83.95 121 12
    endloop
  endfacet
  facet normal 1 0 0
    outer loop
      vertex 83.95 124 12
      vertex 83.95 124 15.05
      vertex 83.95 121 15.05
    endloop
  endfacet
  facet normal 0 0 -1
    outer loop
      vertex 83.95 124 15.05
      vertex 90.05 121 15.05
      vertex 83.95 121 15.05
    endloop
  endfacet
  facet normal -1 0 0
    outer loop
      vertex 90.05 124 12
      vertex 90.05 121 12
      vertex 90.05 124 15.05
    endloop
  endfacet
  facet normal -1 0 0
    outer loop
      vertex 90.05 124 15.05
      vertex 90.05 121 12
      vertex 90.05 121 15.05
    endloop
  endfacet
  facet normal 0 0 -1
    outer loop
      vertex 83.95 124 15.05
      vertex 90.05 124 15.05
      vertex 90.05 121 15.05
    endloop
  endfacet
  facet normal 1 0 0
    outer loop
      vertex 83.95 13 12
      vertex 83.95 16 12
      vertex 83.95 13 15.05
    endloop
  endfacet
  facet normal 1 0 0
    outer loop
      vertex 83.95 13 15.05
      vertex 83.95 16 12
      vertex 83.95 16 15.05
    endloop
  endfacet
  facet normal 0 0 -1
    outer loop
      vertex 83.95 13 15.05
      vertex 83.95 16 15.05
      vertex 90.05 13 15.05
    endloop
  endfacet
  facet normal -1 0 0
    outer loop
      vertex 90.05 13 12
      vertex 90.05 16 15.05
      vertex 90.05 16 12
    endloop
  endfacet
  facet normal -1 0 0
    outer loop
      vertex 90.05 13 12
      vertex 90.05 13 15.05
      vertex 90.05 16 15.05
    endloop
  endfacet
  facet normal 0 0 -1
    outer loop
      vertex 90.05 13 15.05
      vertex 83.95 16 15.05
      vertex 90.05 16 15.05
    endloop
  endfacet
  facet normal 1 0 0
    outer loop
      vertex 71.95 124 12
      vertex 71.95 121 15.05
      vertex 71.95 121 12
    endloop
  endfacet
  facet normal -1 0 0
    outer loop
      vertex 78.05 124 12
      vertex 78.05 121 12
      vertex 78.05 124 15.05
    endloop
  endfacet
  facet normal 1 0 0
    outer loop
      vertex 71.95 124 12
      vertex 71.95 124 15.05
      vertex 71.95 121 15.05
    endloop
  endfacet
  facet normal 0 0 -1
    outer loop
      vertex 71.95 124 15.05
      vertex 78.05 121 15.05
      vertex 71.95 121 15.05
    endloop
  endfacet
  facet normal -1 0 0
    outer loop
      vertex 78.05 124 15.05
      vertex 78.05 121 12
      vertex 78.05 121 15.05
    endloop
  endfacet
  facet normal 0 0 -1
    outer loop
      vertex 71.95 124 15.05
      vertex 78.05 124 15.05
      vertex 78.05 121 15.05
    endloop
  endfacet
  facet normal 1 0 0
    outer loop
      vertex 71.95 13 12
      vertex 71.95 16 12
      vertex 71.95 13 15.05
    endloop
  endfacet
  facet normal -1 0 0
    outer loop
      vertex 78.05 13 12
      vertex 78.05 16 15.05
      vertex 78.05 16 12
    endloop
  endfacet
  facet normal 1 0 0
    outer loop
      vertex 71.95 13 15.05
      vertex 71.95 16 12
      vertex 71.95 16 15.05
    endloop
  endfacet
  facet normal 0 0 -1
    outer loop
      vertex 71.95 13 15.05
      vertex 71.95 16 15.05
      vertex 78.05 13 15.05
    endloop
  endfacet
  facet normal -1 0 0
    outer loop
      vertex 78.05 13 12
      vertex 78.05 13 15.05
      vertex 78.05 16 15.05
    endloop
  endfacet
  facet normal 0 0 -1
    outer loop
      vertex 78.05 13 15.05
      vertex 71.95 16 15.05
      vertex 78.05 16 15.05
    endloop
  endfacet
  facet normal 1 0 0
    outer loop
      vertex 59.95 124 12
      vertex 59.95 121 15.05
      vertex 59.95 121 12
    endloop
  endfacet
  facet normal 1 0 0
    outer loop
      vertex 59.95 124 12
      vertex 59.95 124 15.05
      vertex 59.95 121 15.05
    endloop
  endfacet
  facet normal 0 0 -1
    outer loop
      vertex 59.95 124 15.05
      vertex 66.05 121 15.05
      vertex 59.95 121 15.05
    endloop
  endfacet
  facet normal -1 0 0
    outer loop
      vertex 66.05 124 12
      vertex 66.05 121 12
      vertex 66.05 124 15.05
    endloop
  endfacet
  facet normal 0 0 -1
    outer loop
      vertex 59.95 124 15.05
      vertex 66.05 124 15.05
      vertex 66.05 121 15.05
    endloop
  endfacet
  facet normal -1 0 0
    outer loop
      vertex 66.05 124 15.05
      vertex 66.05 121 12
      vertex 66.05 121 15.05
    endloop
  endfacet
  facet normal 1 0 0
    outer loop
      vertex 59.95 13 12
      vertex 59.95 16 12
      vertex 59.95 13 15.05
    endloop
  endfacet
  facet normal 1 0 0
    outer loop
      vertex 59.95 13 15.05
      vertex 59.95 16 12
      vertex 59.95 16 15.05
    endloop
  endfacet
  facet normal 0 0 -1
    outer loop
      vertex 59.95 13 15.05
      vertex 59.95 16 15.05
      vertex 66.05 13 15.05
    endloop
  endfacet
  facet normal -1 0 0
    outer loop
      vertex 66.05 13 12
      vertex 66.05 16 15.05
      vertex 66.05 16 12
    endloop
  endfacet
  facet normal 0 0 -1
    outer loop
      vertex 66.05 13 15.05
      vertex 59.95 16 15.05
      vertex 66.05 16 15.05
    endloop
  endfacet
  facet normal -1 0 0
    outer loop
      vertex 66.05 13 12
      vertex 66.05 13 15.05
      vertex 66.05 16 15.05
    endloop
  endfacet
  facet normal 1 0 0
    outer loop
      vertex 47.95 13 12
      vertex 47.95 16 12
      vertex 47.95 13 15.05
    endloop
  endfacet
  facet normal 1 0 0
    outer loop
      vertex 47.95 13 15.05
      vertex 47.95 16 12
      vertex 47.95 16 15.05
    endloop
  endfacet
  facet normal 0 0 -1
    outer loop
      vertex 47.95 13 15.05
      vertex 47.95 16 15.05
      vertex 54.05 13 15.05
    endloop
  endfacet
  facet normal 0 0 -1
    outer loop
      vertex 54.05 13 15.05
      vertex 47.95 16 15.05
      vertex 54.05 16 15.05
    endloop
  endfacet
  facet normal -1 0 0
    outer loop
      vertex 54.05 13 12
      vertex 54.05 16 15.05
      vertex 54.05 16 12
    endloop
  endfacet
  facet normal -1 0 0
    outer loop
      vertex 54.05 13 12
      vertex 54.05 13 15.05
      vertex 54.05 16 15.05
    endloop
  endfacet
  facet normal 1 0 0
    outer loop
      vertex 47.95 124 12
      vertex 47.95 121 15.05
      vertex 47.95 121 12
    endloop
  endfacet
  facet normal 1 0 0
    outer loop
      vertex 47.95 124 12
      vertex 47.95 124 15.05
      vertex 47.95 121 15.05
    endloop
  endfacet
  facet normal 0 0 -1
    outer loop
      vertex 47.95 124 15.05
      vertex 54.05 121 15.05
      vertex 47.95 121 15.05
    endloop
  endfacet
  facet normal 0 0 -1
    outer loop
      vertex 47.95 124 15.05
      vertex 54.05 124 15.05
      vertex 54.05 121 15.05
    endloop
  endfacet
  facet normal -1 0 0
    outer loop
      vertex 54.05 124 12
      vertex 54.05 121 12
      vertex 54.05 124 15.05
    endloop
  endfacet
  facet normal -1 0 0
    outer loop
      vertex 54.05 124 15.05
      vertex 54.05 121 12
      vertex 54.05 121 15.05
    endloop
  endfacet
  facet normal 0 0 1
    outer loop
      vertex 125.25 36.5 17
      vertex 124 40.5 17
      vertex 124 36.5 17
    endloop
  endfacet
  facet normal 0 0 1
    outer loop
      vertex 125.25 36.5 17
      vertex 125.25 40.5 17
      vertex 124 40.5 17
    endloop
  endfacet
  facet normal 0 1 0
    outer loop
      vertex 125.25 36.5 17
      vertex 124 36.5 17
      vertex 125.25 36.5 31
    endloop
  endfacet
  facet normal 0 -1 0
    outer loop
      vertex 125.25 40.5 17
      vertex 124 40.5 31
      vertex 124 40.5 17
    endloop
  endfacet
  facet normal -1 0 0
    outer loop
      vertex 125.25 36.5 17
      vertex 125.25 36.5 31
      vertex 125.25 40.5 17
    endloop
  endfacet
  facet normal 0 1 0
    outer loop
      vertex 125.25 36.5 31
      vertex 124 36.5 17
      vertex 124 36.5 31
    endloop
  endfacet
  facet normal -1 0 0
    outer loop
      vertex 125.25 40.5 17
      vertex 125.25 36.5 31
      vertex 125.25 40.5 31
    endloop
  endfacet
  facet normal 0 -1 0
    outer loop
      vertex 125.25 40.5 17
      vertex 125.25 40.5 31
      vertex 124 40.5 31
    endloop
  endfacet
  facet normal 0 0 -1
    outer loop
      vertex 125.25 40.5 31
      vertex 124 36.5 31
      vertex 124 40.5 31
    endloop
  endfacet
  facet normal 0 0 -1
    outer loop
      vertex 125.25 36.5 31
      vertex 124 36.5 31
      vertex 125.25 40.5 31
    endloop
  endfacet
  facet normal 0 0 1
    outer loop
      vertex 125.25 48.5 17
      vertex 124 52.5 17
      vertex 124 48.5 17
    endloop
  endfacet
  facet normal 0 0 1
    outer loop
      vertex 125.25 48.5 17
      vertex 125.25 52.5 17
      vertex 124 52.5 17
    endloop
  endfacet
  facet normal 0 1 0
    outer loop
      vertex 125.25 48.5 17
      vertex 124 48.5 17
      vertex 125.25 48.5 31
    endloop
  endfacet
  facet normal -1 0 0
    outer loop
      vertex 125.25 48.5 17
      vertex 125.25 48.5 31
      vertex 125.25 52.5 17
    endloop
  endfacet
  facet normal 0 -1 0
    outer loop
      vertex 125.25 52.5 17
      vertex 124 52.5 31
      vertex 124 52.5 17
    endloop
  endfacet
  facet normal 0 1 0
    outer loop
      vertex 125.25 48.5 31
      vertex 124 48.5 17
      vertex 124 48.5 31
    endloop
  endfacet
  facet normal -1 0 0
    outer loop
      vertex 125.25 52.5 17
      vertex 125.25 48.5 31
      vertex 125.25 52.5 31
    endloop
  endfacet
  facet normal 0 -1 0
    outer loop
      vertex 125.25 52.5 17
      vertex 125.25 52.5 31
      vertex 124 52.5 31
    endloop
  endfacet
  facet normal 0 0 -1
    outer loop
      vertex 125.25 48.5 31
      vertex 124 48.5 31
      vertex 125.25 52.5 31
    endloop
  endfacet
  facet normal 0 0 -1
    outer loop
      vertex 125.25 52.5 31
      vertex 124 48.5 31
      vertex 124 52.5 31
    endloop
  endfacet
  facet normal 0 0 1
    outer loop
      vertex 125.25 60.5 17
      vertex 124 64.5 17
      vertex 124 60.5 17
    endloop
  endfacet
  facet normal 0 0 1
    outer loop
      vertex 125.25 60.5 17
      vertex 125.25 64.5 17
      vertex 124 64.5 17
    endloop
  endfacet
  facet normal 0 1 0
    outer loop
      vertex 125.25 60.5 17
      vertex 124 60.5 17
      vertex 125.25 60.5 31
    endloop
  endfacet
  facet normal -1 0 0
    outer loop
      vertex 125.25 60.5 17
      vertex 125.25 60.5 31
      vertex 125.25 64.5 17
    endloop
  endfacet
  facet normal 0 -1 0
    outer loop
      vertex 125.25 64.5 17
      vertex 124 64.5 31
      vertex 124 64.5 17
    endloop
  endfacet
  facet normal 0 1 0
    outer loop
      vertex 125.25 60.5 31
      vertex 124 60.5 17
      vertex 124 60.5 31
    endloop
  endfacet
  facet normal -1 0 0
    outer loop
      vertex 125.25 64.5 17
      vertex 125.25 60.5 31
      vertex 125.25 64.5 31
    endloop
  endfacet
  facet normal 0 -1 0
    outer loop
      vertex 125.25 64.5 17
      vertex 125.25 64.5 31
      vertex 124 64.5 31
    endloop
  endfacet
  facet normal 0 0 -1
    outer loop
      vertex 125.25 64.5 31
      vertex 124 60.5 31
      vertex 124 64.5 31
    endloop
  endfacet
  facet normal 0 0 -1
    outer loop
      vertex 125.25 60.5 31
      vertex 124 60.5 31
      vertex 125.25 64.5 31
    endloop
  endfacet
  facet normal 0 0 1
    outer loop
      vertex 125.25 72.5 17
      vertex 124 76.5 17
      vertex 124 72.5 17
    endloop
  endfacet
  facet normal 0 0 1
    outer loop
      vertex 125.25 72.5 17
      vertex 125.25 76.5 17
      vertex 124 76.5 17
    endloop
  endfacet
  facet normal 0 1 0
    outer loop
      vertex 125.25 72.5 17
      vertex 124 72.5 17
      vertex 125.25 72.5 31
    endloop
  endfacet
  facet normal 0 -1 0
    outer loop
      vertex 125.25 76.5 17
      vertex 124 76.5 31
      vertex 124 76.5 17
    endloop
  endfacet
  facet normal -1 0 0
    outer loop
      vertex 125.25 72.5 17
      vertex 125.25 72.5 31
      vertex 125.25 76.5 17
    endloop
  endfacet
  facet normal 0 1 0
    outer loop
      vertex 125.25 72.5 31
      vertex 124 72.5 17
      vertex 124 72.5 31
    endloop
  endfacet
  facet normal -1 0 0
    outer loop
      vertex 125.25 76.5 17
      vertex 125.25 72.5 31
      vertex 125.25 76.5 31
    endloop
  endfacet
  facet normal 0 -1 0
    outer loop
      vertex 125.25 76.5 17
      vertex 125.25 76.5 31
      vertex 124 76.5 31
    endloop
  endfacet
  facet normal 0 0 -1
    outer loop
      vertex 125.25 76.5 31
      vertex 124 72.5 31
      vertex 124 76.5 31
    endloop
  endfacet
  facet normal 0 0 -1
    outer loop
      vertex 125.25 72.5 31
      vertex 124 72.5 31
      vertex 125.25 76.5 31
    endloop
  endfacet
  facet normal 0 0 1
    outer loop
      vertex 125.25 84.5 17
      vertex 124 88.5 17
      vertex 124 84.5 17
    endloop
  endfacet
  facet normal 0 0 1
    outer loop
      vertex 125.25 84.5 17
      vertex 125.25 88.5 17
      vertex 124 88.5 17
    endloop
  endfacet
  facet normal 0 1 0
    outer loop
      vertex 125.25 84.5 17
      vertex 124 84.5 17
      vertex 125.25 84.5 31
    endloop
  endfacet
  facet normal -1 0 0
    outer loop
      vertex 125.25 84.5 17
      vertex 125.25 84.5 31
      vertex 125.25 88.5 17
    endloop
  endfacet
  facet normal 0 -1 0
    outer loop
      vertex 125.25 88.5 17
      vertex 124 88.5 31
      vertex 124 88.5 17
    endloop
  endfacet
  facet normal 0 1 0
    outer loop
      vertex 125.25 84.5 31
      vertex 124 84.5 17
      vertex 124 84.5 31
    endloop
  endfacet
  facet normal -1 0 0
    outer loop
      vertex 125.25 88.5 17
      vertex 125.25 84.5 31
      vertex 125.25 88.5 31
    endloop
  endfacet
  facet normal 0 -1 0
    outer loop
      vertex 125.25 88.5 17
      vertex 125.25 88.5 31
      vertex 124 88.5 31
    endloop
  endfacet
  facet normal 0 0 -1
    outer loop
      vertex 125.25 84.5 31
      vertex 124 84.5 31
      vertex 125.25 88.5 31
    endloop
  endfacet
  facet normal 0 0 -1
    outer loop
      vertex 125.25 88.5 31
      vertex 124 84.5 31
      vertex 124 88.5 31
    endloop
  endfacet
  facet normal 0 0 1
    outer loop
      vertex 125.25 96.5 17
      vertex 124 100.5 17
      vertex 124 96.5 17
    endloop
  endfacet
  facet normal 0 0 1
    outer loop
      vertex 125.25 96.5 17
      vertex 125.25 100.5 17
      vertex 124 100.5 17
    endloop
  endfacet
  facet normal 0 1 0
    outer loop
      vertex 125.25 96.5 17
      vertex 124 96.5 17
      vertex 125.25 96.5 31
    endloop
  endfacet
  facet normal -1 0 0
    outer loop
      vertex 125.25 96.5 17
      vertex 125.25 96.5 31
      vertex 125.25 100.5 17
    endloop
  endfacet
  facet normal 0 -1 0
    outer loop
      vertex 125.25 100.5 17
      vertex 124 100.5 31
      vertex 124 100.5 17
    endloop
  endfacet
  facet normal 0 1 0
    outer loop
      vertex 125.25 96.5 31
      vertex 124 96.5 17
      vertex 124 96.5 31
    endloop
  endfacet
  facet normal -1 0 0
    outer loop
      vertex 125.25 96.5 31
      vertex 125.25 100.5 31
      vertex 125.25 100.5 17
    endloop
  endfacet
  facet normal 0 -1 0
    outer loop
      vertex 125.25 100.5 17
      vertex 125.25 100.5 31
      vertex 124 100.5 31
    endloop
  endfacet
  facet normal 0 0 -1
    outer loop
      vertex 125.25 100.5 31
      vertex 124 96.5 31
      vertex 124 100.5 31
    endloop
  endfacet
  facet normal 0 0 -1
    outer loop
      vertex 125.25 96.5 31
      vertex 124 96.5 31
      vertex 125.25 100.5 31
    endloop
  endfacet
  facet normal 1 0 0
    outer loop
      vertex 24 -1.25 13.850000000000001
      vertex 24 -2.5 29.85
      vertex 24 -2.5 13.850000000000001
    endloop
  endfacet
  facet normal 0 0 1
    outer loop
      vertex 24 -1.25 13.850000000000001
      vertex 24 -2.5 13.850000000000001
      vertex 42 -1.25 13.850000000000001
    endloop
  endfacet
  facet normal 0 0 1
    outer loop
      vertex 42 -1.25 13.850000000000001
      vertex 24 -2.5 13.850000000000001
      vertex 42 -2.5 13.850000000000001
    endloop
  endfacet
  facet normal 0 -1 0
    outer loop
      vertex 24 -1.25 13.850000000000001
      vertex 42 -1.25 13.850000000000001
      vertex 24 -1.25 29.85
    endloop
  endfacet
  facet normal -1 0 0
    outer loop
      vertex 42 -1.25 13.850000000000001
      vertex 42 -2.5 13.850000000000001
      vertex 42 -2.5 29.85
    endloop
  endfacet
  facet normal 1 0 0
    outer loop
      vertex 24 -1.25 13.850000000000001
      vertex 24 -1.25 29.85
      vertex 24 -2.5 29.85
    endloop
  endfacet
  facet normal 0 -1 0
    outer loop
      vertex 24 -1.25 29.85
      vertex 42 -1.25 13.850000000000001
      vertex 42 -1.25 29.85
    endloop
  endfacet
  facet normal -1 0 0
    outer loop
      vertex 42 -1.25 13.850000000000001
      vertex 42 -2.5 29.85
      vertex 42 -1.25 29.85
    endloop
  endfacet
  facet normal 0 0 -1
    outer loop
      vertex 24 -1.25 29.85
      vertex 42 -2.5 29.85
      vertex 24 -2.5 29.85
    endloop
  endfacet
  facet normal 0 0 -1
    outer loop
      vertex 24 -1.25 29.85
      vertex 42 -1.25 29.85
      vertex 42 -2.5 29.85
    endloop
  endfacet
  facet normal 0 0.44228869021900374 0.8968727415326871
    outer loop
      vertex 0 61.6 16.535898384862247
      vertex -2.5 62.06926627053964 16.304481869954852
      vertex -2.5 61.6 16.535898384862247
    endloop
  endfacet
  facet normal 0 0.195090322016121 0.9807852804032318
    outer loop
      vertex 0 62.564723819589915 16.136296694843725
      vertex -2.5 63.0778952311198 16.03422055450476
      vertex -2.5 62.564723819589915 16.136296694843725
    endloop
  endfacet
  facet normal 0 -0.06540312923014606 0.9978589232386034
    outer loop
      vertex 0 63.6 16
      vertex -2.5 64.1221047688802 16.03422055450476
      vertex -2.5 63.6 16
    endloop
  endfacet
  facet normal 0 0.06540312923014606 0.9978589232386034
    outer loop
      vertex 0 63.0778952311198 16.03422055450476
      vertex -2.5 63.6 16
      vertex -2.5 63.0778952311198 16.03422055450476
    endloop
  endfacet
  facet normal 0 0.195090322016121 0.9807852804032318
    outer loop
      vertex 0 63.0778952311198 16.03422055450476
      vertex -2.5 63.0778952311198 16.03422055450476
      vertex 0 62.564723819589915 16.136296694843725
    endloop
  endfacet
  facet normal 0 0.32143946530316503 0.9469301294951045
    outer loop
      vertex 0 62.564723819589915 16.136296694843725
      vertex -2.5 62.564723819589915 16.136296694843725
      vertex 0 62.06926627053964 16.304481869954852
    endloop
  endfacet
  facet normal 0 0.06540312923014606 0.9978589232386034
    outer loop
      vertex 0 63.6 16
      vertex -2.5 63.6 16
      vertex 0 63.0778952311198 16.03422055450476
    endloop
  endfacet
  facet normal 0 -0.06540312923014606 0.9978589232386034
    outer loop
      vertex 0 64.1221047688802 16.03422055450476
      vertex -2.5 64.1221047688802 16.03422055450476
      vertex 0 63.6 16
    endloop
  endfacet
  facet normal -3.750086849854332e-18 0.32143946530316503 0.9469301294951045
    outer loop
      vertex -2.5 62.564723819589915 16.136296694843725
      vertex -2.5 62.06926627053964 16.304481869954852
      vertex 0 62.06926627053964 16.304481869954852
    endloop
  endfacet
  facet normal 0 0.44228869021900374 0.8968727415326871
    outer loop
      vertex 0 62.06926627053964 16.304481869954852
      vertex -2.5 62.06926627053964 16.304481869954852
      vertex 0 61.6 16.535898384862247
    endloop
  endfacet
  facet normal 0 -0.195090322016121 0.9807852804032318
    outer loop
      vertex 0 64.1221047688802 16.03422055450476
      vertex -2.5 64.63527618041009 16.136296694843725
      vertex -2.5 64.1221047688802 16.03422055450476
    endloop
  endfacet
  facet normal 0 -0.32143946530316503 0.9469301294951045
    outer loop
      vertex 0 64.63527618041009 16.136296694843725
      vertex -2.5 65.13073372946036 16.304481869954852
      vertex -2.5 64.63527618041009 16.136296694843725
    endloop
  endfacet
  facet normal 2.1443403794227617e-18 -0.195090322016121 0.9807852804032318
    outer loop
      vertex 0 64.1221047688802 16.03422055450476
      vertex 0 64.63527618041009 16.136296694843725
      vertex -2.5 64.63527618041009 16.136296694843725
    endloop
  endfacet
  facet normal 0 -0.44228869021900913 0.8968727415326845
    outer loop
      vertex 0 65.13073372946036 16.304481869954852
      vertex -2.5 65.6 16.535898384862247
      vertex -2.5 65.13073372946036 16.304481869954852
    endloop
  endfacet
  facet normal 0 -0.32143946530316503 0.9469301294951045
    outer loop
      vertex 0 65.13073372946036 16.304481869954852
      vertex -2.5 65.13073372946036 16.304481869954852
      vertex 0 64.63527618041009 16.136296694843725
    endloop
  endfacet
  facet normal 0 -0.44228869021900913 0.8968727415326845
    outer loop
      vertex 0 65.6 16.535898384862247
      vertex -2.5 65.6 16.535898384862247
      vertex 0 65.13073372946036 16.304481869954852
    endloop
  endfacet
  facet normal 0 0.5555702330195995 0.831469612302547
    outer loop
      vertex 0 61.164954283965116 16.82658663883506
      vertex -2.5 61.6 16.535898384862247
      vertex -2.5 61.164954283965116 16.82658663883506
    endloop
  endfacet
  facet normal 0 0.5555702330195995 0.831469612302547
    outer loop
      vertex 0 61.6 16.535898384862247
      vertex -2.5 61.6 16.535898384862247
      vertex 0 61.164954283965116 16.82658663883506
    endloop
  endfacet
  facet normal 2.255811211762085e-18 0.6593458151000674 0.7518398074789787
    outer loop
      vertex 0 60.77157287525381 17.17157287525381
      vertex 0 61.164954283965116 16.82658663883506
      vertex -2.5 61.164954283965116 16.82658663883506
    endloop
  endfacet
  facet normal 2.255811211762085e-18 0.6593458151000674 0.7518398074789787
    outer loop
      vertex -2.5 61.164954283965116 16.82658663883506
      vertex -2.5 60.77157287525381 17.17157287525381
      vertex 0 60.77157287525381 17.17157287525381
    endloop
  endfacet
  facet normal -1.1018217385384943e-18 0.7518398074789816 0.6593458151000641
    outer loop
      vertex 0 60.42658663883506 17.56495428396512
      vertex 0 60.77157287525381 17.17157287525381
      vertex -2.5 60.77157287525381 17.17157287525381
    endloop
  endfacet
  facet normal 0 0.7518398074789816 0.6593458151000641
    outer loop
      vertex 0 60.42658663883506 17.56495428396512
      vertex -2.5 60.77157287525381 17.17157287525381
      vertex -2.5 60.42658663883506 17.56495428396512
    endloop
  endfacet
  facet normal 1.1554840258129947e-18 0.8314696123025419 0.5555702330196074
    outer loop
      vertex 0 60.135898384862244 18
      vertex 0 60.42658663883506 17.56495428396512
      vertex -2.5 60.42658663883506 17.56495428396512
    endloop
  endfacet
  facet normal 0 0.8314696123025419 0.5555702330196074
    outer loop
      vertex 0 60.135898384862244 18
      vertex -2.5 60.42658663883506 17.56495428396512
      vertex -2.5 60.135898384862244 18
    endloop
  endfacet
  facet normal 0 -0.5555702330195933 0.8314696123025512
    outer loop
      vertex 0 65.6 16.535898384862247
      vertex -2.5 66.03504571603489 16.82658663883506
      vertex -2.5 65.6 16.535898384862247
    endloop
  endfacet
  facet normal 0 -0.6593458151000674 0.7518398074789787
    outer loop
      vertex 0 66.03504571603489 16.82658663883506
      vertex -2.5 66.4284271247462 17.17157287525381
      vertex -2.5 66.03504571603489 16.82658663883506
    endloop
  endfacet
  facet normal 0 -0.5555702330195933 0.8314696123025512
    outer loop
      vertex 0 66.03504571603489 16.82658663883506
      vertex -2.5 66.03504571603489 16.82658663883506
      vertex 0 65.6 16.535898384862247
    endloop
  endfacet
  facet normal 0 -0.7518398074789816 0.6593458151000641
    outer loop
      vertex -2.5 66.4284271247462 17.17157287525381
      vertex 0 66.4284271247462 17.17157287525381
      vertex -2.5 66.77341336116494 17.56495428396512
    endloop
  endfacet
  facet normal 0 -0.6593458151000674 0.7518398074789787
    outer loop
      vertex 0 66.4284271247462 17.17157287525381
      vertex -2.5 66.4284271247462 17.17157287525381
      vertex 0 66.03504571603489 16.82658663883506
    endloop
  endfacet
  facet normal 0 -0.8314696123025419 0.5555702330196074
    outer loop
      vertex 0 66.77341336116494 17.56495428396512
      vertex -2.5 67.06410161513776 18
      vertex -2.5 66.77341336116494 17.56495428396512
    endloop
  endfacet
  facet normal 1.1018217385384943e-18 -0.7518398074789816 0.6593458151000641
    outer loop
      vertex 0 66.4284271247462 17.17157287525381
      vertex 0 66.77341336116494 17.56495428396512
      vertex -2.5 66.77341336116494 17.56495428396512
    endloop
  endfacet
  facet normal -1.1554840258129947e-18 -0.8314696123025419 0.5555702330196074
    outer loop
      vertex 0 66.77341336116494 17.56495428396512
      vertex 0 67.06410161513776 18
      vertex -2.5 67.06410161513776 18
    endloop
  endfacet
  facet normal -4.8935611684083417e-20 0.9978589232386037 0.06540312923013929
    outer loop
      vertex 0 59.6 20
      vertex 0 59.63422055450476 19.477895231119795
      vertex -2.5 59.63422055450476 19.477895231119795
    endloop
  endfacet
  facet normal 0 0.9978589232386037 0.06540312923013929
    outer loop
      vertex 0 59.6 20
      vertex -2.5 59.63422055450476 19.477895231119795
      vertex -2.5 59.6 20
    endloop
  endfacet
  facet normal 0 0.9978589232386037 -0.06540312923013929
    outer loop
      vertex 0 59.63422055450476 20.522104768880205
      vertex -2.5 59.6 20
      vertex -2.5 59.63422055450476 20.522104768880205
    endloop
  endfacet
  facet normal 4.8935611684083417e-20 0.9978589232386037 -0.06540312923013929
    outer loop
      vertex 0 59.63422055450476 20.522104768880205
      vertex 0 59.6 20
      vertex -2.5 59.6 20
    endloop
  endfacet
  facet normal 0 0.8968727415326925 0.4422886902189928
    outer loop
      vertex 0 59.90448186995486 18.46926627053964
      vertex -2.5 60.135898384862244 18
      vertex -2.5 59.90448186995486 18.46926627053964
    endloop
  endfacet
  facet normal 5.798006866437371e-21 0.8968727415326925 0.4422886902189928
    outer loop
      vertex 0 59.90448186995486 18.46926627053964
      vertex 0 60.135898384862244 18
      vertex -2.5 60.135898384862244 18
    endloop
  endfacet
  facet normal 0 0.9469301294951054 0.321439465303163
    outer loop
      vertex 0 59.73629669484373 18.964723819589917
      vertex -2.5 59.90448186995486 18.46926627053964
      vertex -2.5 59.73629669484373 18.964723819589917
    endloop
  endfacet
  facet normal -4.3379000491511364e-18 0.9469301294951054 0.321439465303163
    outer loop
      vertex 0 59.73629669484373 18.964723819589917
      vertex 0 59.90448186995486 18.46926627053964
      vertex -2.5 59.90448186995486 18.46926627053964
    endloop
  endfacet
  facet normal 1.9692425283416645e-18 0.980785280403229 0.19509032201613538
    outer loop
      vertex 0 59.63422055450476 19.477895231119795
      vertex 0 59.73629669484373 18.964723819589917
      vertex -2.5 59.73629669484373 18.964723819589917
    endloop
  endfacet
  facet normal 0 0.980785280403229 0.19509032201613538
    outer loop
      vertex 0 59.63422055450476 19.477895231119795
      vertex -2.5 59.73629669484373 18.964723819589917
      vertex -2.5 59.63422055450476 19.477895231119795
    endloop
  endfacet
  facet normal 0 -0.8968727415326871 0.44228869021900374
    outer loop
      vertex -2.5 67.06410161513776 18
      vertex 0 67.06410161513776 18
      vertex -2.5 67.29551813004515 18.46926627053964
    endloop
  endfacet
  facet normal 2.7985959567497205e-18 -0.8968727415326871 0.44228869021900374
    outer loop
      vertex 0 67.06410161513776 18
      vertex 0 67.29551813004515 18.46926627053964
      vertex -2.5 67.29551813004515 18.46926627053964
    endloop
  endfacet
  facet normal 0 -0.9469301294951094 0.32143946530315076
    outer loop
      vertex 0 67.29551813004515 18.46926627053964
      vertex -2.5 67.46370330515627 18.964723819589917
      vertex -2.5 67.29551813004515 18.46926627053964
    endloop
  endfacet
  facet normal -2.8156630026895796e-18 -0.9469301294951094 0.32143946530315076
    outer loop
      vertex 0 67.29551813004515 18.46926627053964
      vertex 0 67.46370330515627 18.964723819589917
      vertex -2.5 67.46370330515627 18.964723819589917
    endloop
  endfacet
  facet normal 0 -0.9807852804032317 0.19509032201612234
    outer loop
      vertex 0 67.46370330515627 18.964723819589917
      vertex -2.5 67.56577944549524 19.477895231119795
      vertex -2.5 67.46370330515627 18.964723819589917
    endloop
  endfacet
  facet normal 0 -0.9978589232386037 0.06540312923013929
    outer loop
      vertex 0 67.56577944549524 19.477895231119795
      vertex -2.5 67.6 20
      vertex -2.5 67.56577944549524 19.477895231119795
    endloop
  endfacet
  facet normal 7.492870542174742e-19 -0.9807852804032317 0.19509032201612234
    outer loop
      vertex 0 67.46370330515627 18.964723819589917
      vertex 0 67.56577944549524 19.477895231119795
      vertex -2.5 67.56577944549524 19.477895231119795
    endloop
  endfacet
  facet normal -1.9692425283416645e-18 0.980785280403229 -0.19509032201613538
    outer loop
      vertex 0 59.73629669484373 21.035276180410083
      vertex 0 59.63422055450476 20.522104768880205
      vertex -2.5 59.63422055450476 20.522104768880205
    endloop
  endfacet
  facet normal 0 0.980785280403229 -0.19509032201613538
    outer loop
      vertex 0 59.73629669484373 21.035276180410083
      vertex -2.5 59.63422055450476 20.522104768880205
      vertex -2.5 59.73629669484373 21.035276180410083
    endloop
  endfacet
  facet normal 4.8935611684083417e-20 -0.9978589232386037 0.06540312923013929
    outer loop
      vertex 0 67.56577944549524 19.477895231119795
      vertex 0 67.6 20
      vertex -2.5 67.6 20
    endloop
  endfacet
  facet normal 0 -0.9978589232386037 -0.06540312923013929
    outer loop
      vertex -2.5 67.6 20
      vertex 0 67.6 20
      vertex -2.5 67.56577944549524 20.522104768880205
    endloop
  endfacet
  facet normal -4.8935611684083417e-20 -0.9978589232386037 -0.06540312923013929
    outer loop
      vertex 0 67.6 20
      vertex 0 67.56577944549524 20.522104768880205
      vertex -2.5 67.56577944549524 20.522104768880205
    endloop
  endfacet
  facet normal 0 -0.9807852804032317 -0.19509032201612234
    outer loop
      vertex 0 67.56577944549524 20.522104768880205
      vertex -2.5 67.46370330515627 21.035276180410083
      vertex -2.5 67.56577944549524 20.522104768880205
    endloop
  endfacet
  facet normal -7.492870542174742e-19 -0.9807852804032317 -0.19509032201612234
    outer loop
      vertex 0 67.56577944549524 20.522104768880205
      vertex 0 67.46370330515627 21.035276180410083
      vertex -2.5 67.46370330515627 21.035276180410083
    endloop
  endfacet
  facet normal 0 0.9469301294951054 -0.321439465303163
    outer loop
      vertex 0 59.90448186995486 21.53073372946036
      vertex -2.5 59.73629669484373 21.035276180410083
      vertex -2.5 59.90448186995486 21.53073372946036
    endloop
  endfacet
  facet normal 4.3379000491511364e-18 0.9469301294951054 -0.321439465303163
    outer loop
      vertex 0 59.90448186995486 21.53073372946036
      vertex 0 59.73629669484373 21.035276180410083
      vertex -2.5 59.73629669484373 21.035276180410083
    endloop
  endfacet
  facet normal 0 0.8968727415326925 -0.4422886902189928
    outer loop
      vertex 0 60.135898384862244 22
      vertex -2.5 59.90448186995486 21.53073372946036
      vertex -2.5 60.135898384862244 22
    endloop
  endfacet
  facet normal -5.798006866437371e-21 0.8968727415326925 -0.4422886902189928
    outer loop
      vertex 0 60.135898384862244 22
      vertex 0 59.90448186995486 21.53073372946036
      vertex -2.5 59.90448186995486 21.53073372946036
    endloop
  endfacet
  facet normal 0 0.8314696123025419 -0.5555702330196074
    outer loop
      vertex 0 60.42658663883506 22.43504571603488
      vertex -2.5 60.135898384862244 22
      vertex -2.5 60.42658663883506 22.43504571603488
    endloop
  endfacet
  facet normal -1.1554840258129947e-18 0.8314696123025419 -0.5555702330196074
    outer loop
      vertex 0 60.42658663883506 22.43504571603488
      vertex 0 60.135898384862244 22
      vertex -2.5 60.135898384862244 22
    endloop
  endfacet
  facet normal 0 0.7518398074789816 -0.6593458151000641
    outer loop
      vertex 0 60.77157287525381 22.82842712474619
      vertex -2.5 60.42658663883506 22.43504571603488
      vertex -2.5 60.77157287525381 22.82842712474619
    endloop
  endfacet
  facet normal 1.1018217385384943e-18 0.7518398074789816 -0.6593458151000641
    outer loop
      vertex 0 60.77157287525381 22.82842712474619
      vertex 0 60.42658663883506 22.43504571603488
      vertex -2.5 60.42658663883506 22.43504571603488
    endloop
  endfacet
  facet normal 0 -0.9469301294951094 -0.32143946530315076
    outer loop
      vertex 0 67.46370330515627 21.035276180410083
      vertex -2.5 67.29551813004515 21.53073372946036
      vertex -2.5 67.46370330515627 21.035276180410083
    endloop
  endfacet
  facet normal 2.8156630026895796e-18 -0.9469301294951094 -0.32143946530315076
    outer loop
      vertex 0 67.46370330515627 21.035276180410083
      vertex 0 67.29551813004515 21.53073372946036
      vertex -2.5 67.29551813004515 21.53073372946036
    endloop
  endfacet
  facet normal 0 -0.8968727415326871 -0.44228869021900374
    outer loop
      vertex -2.5 67.29551813004515 21.53073372946036
      vertex 0 67.29551813004515 21.53073372946036
      vertex -2.5 67.06410161513776 22
    endloop
  endfacet
  facet normal -2.7985959567497205e-18 -0.8968727415326871 -0.44228869021900374
    outer loop
      vertex 0 67.29551813004515 21.53073372946036
      vertex 0 67.06410161513776 22
      vertex -2.5 67.06410161513776 22
    endloop
  endfacet
  facet normal 0 -0.8314696123025419 -0.5555702330196074
    outer loop
      vertex 0 67.06410161513776 22
      vertex -2.5 66.77341336116494 22.43504571603488
      vertex -2.5 67.06410161513776 22
    endloop
  endfacet
  facet normal 1.1554840258129947e-18 -0.8314696123025419 -0.5555702330196074
    outer loop
      vertex 0 67.06410161513776 22
      vertex 0 66.77341336116494 22.43504571603488
      vertex -2.5 66.77341336116494 22.43504571603488
    endloop
  endfacet
  facet normal 0 -0.7518398074789816 -0.6593458151000641
    outer loop
      vertex 0 66.77341336116494 22.43504571603488
      vertex -2.5 66.4284271247462 22.82842712474619
      vertex -2.5 66.77341336116494 22.43504571603488
    endloop
  endfacet
  facet normal -1.1018217385384943e-18 -0.7518398074789816 -0.6593458151000641
    outer loop
      vertex 0 66.77341336116494 22.43504571603488
      vertex 0 66.4284271247462 22.82842712474619
      vertex -2.5 66.4284271247462 22.82842712474619
    endloop
  endfacet
  facet normal 0 0.6593458151000674 -0.7518398074789787
    outer loop
      vertex 0 61.164954283965116 23.17341336116494
      vertex -2.5 60.77157287525381 22.82842712474619
      vertex -2.5 61.164954283965116 23.17341336116494
    endloop
  endfacet
  facet normal 0 0.6593458151000674 -0.7518398074789787
    outer loop
      vertex -2.5 60.77157287525381 22.82842712474619
      vertex 0 61.164954283965116 23.17341336116494
      vertex 0 60.77157287525381 22.82842712474619
    endloop
  endfacet
  facet normal 9.925947981140082e-18 0.5555702330195995 -0.831469612302547
    outer loop
      vertex -2.5 61.164954283965116 23.17341336116494
      vertex -2.5 61.6 23.464101615137753
      vertex 0 61.6 23.464101615137753
    endloop
  endfacet
  facet normal 0 0.5555702330195995 -0.831469612302547
    outer loop
      vertex 0 61.164954283965116 23.17341336116494
      vertex -2.5 61.164954283965116 23.17341336116494
      vertex 0 61.6 23.464101615137753
    endloop
  endfacet
  facet normal 0 0.44228869021900374 -0.8968727415326871
    outer loop
      vertex 0 61.6 23.464101615137753
      vertex -2.5 61.6 23.464101615137753
      vertex 0 62.06926627053964 23.695518130045148
    endloop
  endfacet
  facet normal 0 0.44228869021900374 -0.8968727415326871
    outer loop
      vertex 0 62.06926627053964 23.695518130045148
      vertex -2.5 61.6 23.464101615137753
      vertex -2.5 62.06926627053964 23.695518130045148
    endloop
  endfacet
  facet normal 0 0.32143946530316503 -0.9469301294951045
    outer loop
      vertex 0 62.564723819589915 23.863703305156275
      vertex -2.5 62.06926627053964 23.695518130045148
      vertex -2.5 62.564723819589915 23.863703305156275
    endloop
  endfacet
  facet normal 0 0.32143946530316503 -0.9469301294951045
    outer loop
      vertex 0 62.06926627053964 23.695518130045148
      vertex -2.5 62.06926627053964 23.695518130045148
      vertex 0 62.564723819589915 23.863703305156275
    endloop
  endfacet
  facet normal 0 0.195090322016121 -0.9807852804032318
    outer loop
      vertex 0 63.0778952311198 23.96577944549524
      vertex -2.5 62.564723819589915 23.863703305156275
      vertex -2.5 63.0778952311198 23.96577944549524
    endloop
  endfacet
  facet normal 0 0.06540312923014606 -0.9978589232386034
    outer loop
      vertex 0 63.6 24
      vertex -2.5 63.0778952311198 23.96577944549524
      vertex -2.5 63.6 24
    endloop
  endfacet
  facet normal 0 -0.06540312923014606 -0.9978589232386034
    outer loop
      vertex 0 64.1221047688802 23.96577944549524
      vertex -2.5 63.6 24
      vertex -2.5 64.1221047688802 23.96577944549524
    endloop
  endfacet
  facet normal 0 0.195090322016121 -0.9807852804032318
    outer loop
      vertex 0 62.564723819589915 23.863703305156275
      vertex -2.5 62.564723819589915 23.863703305156275
      vertex 0 63.0778952311198 23.96577944549524
    endloop
  endfacet
  facet normal 0 0.06540312923014606 -0.9978589232386034
    outer loop
      vertex 0 63.0778952311198 23.96577944549524
      vertex -2.5 63.0778952311198 23.96577944549524
      vertex 0 63.6 24
    endloop
  endfacet
  facet normal 0 -0.06540312923014606 -0.9978589232386034
    outer loop
      vertex 0 63.6 24
      vertex -2.5 63.6 24
      vertex 0 64.1221047688802 23.96577944549524
    endloop
  endfacet
  facet normal 0 -0.6593458151000674 -0.7518398074789787
    outer loop
      vertex 0 66.03504571603489 23.17341336116494
      vertex -2.5 66.03504571603489 23.17341336116494
      vertex 0 66.4284271247462 22.82842712474619
    endloop
  endfacet
  facet normal 0 -0.5555702330195933 -0.8314696123025512
    outer loop
      vertex 0 66.03504571603489 23.17341336116494
      vertex -2.5 65.6 23.464101615137753
      vertex -2.5 66.03504571603489 23.17341336116494
    endloop
  endfacet
  facet normal 0 -0.5555702330195933 -0.8314696123025512
    outer loop
      vertex 0 65.6 23.464101615137753
      vertex -2.5 65.6 23.464101615137753
      vertex 0 66.03504571603489 23.17341336116494
    endloop
  endfacet
  facet normal 2.255811211762085e-18 -0.6593458151000674 -0.7518398074789787
    outer loop
      vertex -2.5 66.03504571603489 23.17341336116494
      vertex -2.5 66.4284271247462 22.82842712474619
      vertex 0 66.4284271247462 22.82842712474619
    endloop
  endfacet
  facet normal 0 -0.32143946530316503 -0.9469301294951045
    outer loop
      vertex 0 65.13073372946036 23.695518130045148
      vertex -2.5 64.63527618041009 23.863703305156275
      vertex -2.5 65.13073372946036 23.695518130045148
    endloop
  endfacet
  facet normal 0 -0.44228869021900913 -0.8968727415326845
    outer loop
      vertex 0 65.6 23.464101615137753
      vertex -2.5 65.13073372946036 23.695518130045148
      vertex -2.5 65.6 23.464101615137753
    endloop
  endfacet
  facet normal 0 -0.32143946530316503 -0.9469301294951045
    outer loop
      vertex 0 64.63527618041009 23.863703305156275
      vertex -2.5 64.63527618041009 23.863703305156275
      vertex 0 65.13073372946036 23.695518130045148
    endloop
  endfacet
  facet normal 0 -0.44228869021900913 -0.8968727415326845
    outer loop
      vertex -2.5 65.13073372946036 23.695518130045148
      vertex 0 65.6 23.464101615137753
      vertex 0 65.13073372946036 23.695518130045148
    endloop
  endfacet
  facet normal 0 -0.195090322016121 -0.9807852804032318
    outer loop
      vertex 0 64.63527618041009 23.863703305156275
      vertex -2.5 64.1221047688802 23.96577944549524
      vertex -2.5 64.63527618041009 23.863703305156275
    endloop
  endfacet
  facet normal 0 -0.195090322016121 -0.9807852804032318
    outer loop
      vertex 0 64.1221047688802 23.96577944549524
      vertex -2.5 64.1221047688802 23.96577944549524
      vertex 0 64.63527618041009 23.863703305156275
    endloop
  endfacet
  facet normal 0 1 0
    outer loop
      vertex 40 48.5 34
      vertex 36 48.5 34
      vertex 36 48.5 36.5
    endloop
  endfacet
  facet normal 0 1 0
    outer loop
      vertex 40 48.5 34
      vertex 36 48.5 36.5
      vertex 40 48.5 36.5
    endloop
  endfacet
  facet normal 1 0 0
    outer loop
      vertex 36 48.5 36.5
      vertex 36 48.5 34
      vertex 36 88.5 36.5
    endloop
  endfacet
  facet normal -1 0 0
    outer loop
      vertex 40 48.5 34
      vertex 40 48.5 36.5
      vertex 40 88.5 34
    endloop
  endfacet
  facet normal 1 0 0
    outer loop
      vertex 36 48.5 34
      vertex 36 88.5 34
      vertex 36 88.5 36.5
    endloop
  endfacet
  facet normal -1 0 0
    outer loop
      vertex 40 88.5 34
      vertex 40 48.5 36.5
      vertex 40 88.5 36.5
    endloop
  endfacet
  facet normal 0 -1 0
    outer loop
      vertex 36 88.5 34
      vertex 40 88.5 36.5
      vertex 36 88.5 36.5
    endloop
  endfacet
  facet normal 0 -1 0
    outer loop
      vertex 36 88.5 34
      vertex 40 88.5 34
      vertex 40 88.5 36.5
    endloop
  endfacet
  facet normal 0 1 0
    outer loop
      vertex 52 48.5 34
      vertex 48 48.5 34
      vertex 48 48.5 36.5
    endloop
  endfacet
  facet normal 0 1 0
    outer loop
      vertex 48 48.5 36.5
      vertex 52 48.5 36.5
      vertex 52 48.5 34
    endloop
  endfacet
  facet normal -1 0 0
    outer loop
      vertex 52 88.5 34
      vertex 52 48.5 34
      vertex 52 48.5 36.5
    endloop
  endfacet
  facet normal 1 0 0
    outer loop
      vertex 48 48.5 36.5
      vertex 48 48.5 34
      vertex 48 88.5 36.5
    endloop
  endfacet
  facet normal 1 0 0
    outer loop
      vertex 48 88.5 34
      vertex 48 88.5 36.5
      vertex 48 48.5 34
    endloop
  endfacet
  facet normal -1 0 0
    outer loop
      vertex 52 88.5 34
      vertex 52 48.5 36.5
      vertex 52 88.5 36.5
    endloop
  endfacet
  facet normal 0 -1 0
    outer loop
      vertex 52 88.5 36.5
      vertex 48 88.5 34
      vertex 52 88.5 34
    endloop
  endfacet
  facet normal 0 -1 0
    outer loop
      vertex 48 88.5 36.5
      vertex 48 88.5 34
      vertex 52 88.5 36.5
    endloop
  endfacet
  facet normal 0 1 0
    outer loop
      vertex 64 48.5 34
      vertex 60 48.5 34
      vertex 60 48.5 36.5
    endloop
  endfacet
  facet normal 1 0 0
    outer loop
      vertex 60 88.5 36.5
      vertex 60 48.5 36.5
      vertex 60 48.5 34
    endloop
  endfacet
  facet normal 1 0 0
    outer loop
      vertex 60 48.5 34
      vertex 60 88.5 34
      vertex 60 88.5 36.5
    endloop
  endfacet
  facet normal 0 -1 0
    outer loop
      vertex 60 88.5 36.5
      vertex 60 88.5 34
      vertex 64 88.5 36.5
    endloop
  endfacet
  facet normal 0 1 0
    outer loop
      vertex 60 48.5 36.5
      vertex 64 48.5 36.5
      vertex 64 48.5 34
    endloop
  endfacet
  facet normal -1 0 0
    outer loop
      vertex 64 88.5 34
      vertex 64 48.5 34
      vertex 64 48.5 36.5
    endloop
  endfacet
  facet normal -1 0 0
    outer loop
      vertex 64 48.5 36.5
      vertex 64 88.5 36.5
      vertex 64 88.5 34
    endloop
  endfacet
  facet normal 0 -1 0
    outer loop
      vertex 64 88.5 36.5
      vertex 60 88.5 34
      vertex 64 88.5 34
    endloop
  endfacet
  facet normal 0 1 0
    outer loop
      vertex 76 48.5 34
      vertex 72 48.5 34
      vertex 72 48.5 36.5
    endloop
  endfacet
  facet normal 0 1 0
    outer loop
      vertex 76 48.5 34
      vertex 72 48.5 36.5
      vertex 76 48.5 36.5
    endloop
  endfacet
  facet normal -1 0 0
    outer loop
      vertex 76 48.5 34
      vertex 76 48.5 36.5
      vertex 76 88.5 34
    endloop
  endfacet
  facet normal 1 0 0
    outer loop
      vertex 72 88.5 36.5
      vertex 72 48.5 36.5
      vertex 72 48.5 34
    endloop
  endfacet
  facet normal 1 0 0
    outer loop
      vertex 72 48.5 34
      vertex 72 88.5 34
      vertex 72 88.5 36.5
    endloop
  endfacet
  facet normal -1 0 0
    outer loop
      vertex 76 88.5 36.5
      vertex 76 88.5 34
      vertex 76 48.5 36.5
    endloop
  endfacet
  facet normal 0 -1 0
    outer loop
      vertex 76 88.5 36.5
      vertex 72 88.5 34
      vertex 76 88.5 34
    endloop
  endfacet
  facet normal 0 -1 0
    outer loop
      vertex 72 88.5 36.5
      vertex 72 88.5 34
      vertex 76 88.5 36.5
    endloop
  endfacet
  facet normal 0 1 0
    outer loop
      vertex 88 48.5 34
      vertex 84 48.5 34
      vertex 84 48.5 36.5
    endloop
  endfacet
  facet normal 0 1 0
    outer loop
      vertex 84 48.5 36.5
      vertex 88 48.5 36.5
      vertex 88 48.5 34
    endloop
  endfacet
  facet normal 1 0 0
    outer loop
      vertex 84 48.5 36.5
      vertex 84 48.5 34
      vertex 84 88.5 36.5
    endloop
  endfacet
  facet normal -1 0 0
    outer loop
      vertex 88 48.5 34
      vertex 88 48.5 36.5
      vertex 88 88.5 34
    endloop
  endfacet
  facet normal 1 0 0
    outer loop
      vertex 84 88.5 36.5
      vertex 84 48.5 34
      vertex 84 88.5 34
    endloop
  endfacet
  facet normal -1 0 0
    outer loop
      vertex 88 48.5 36.5
      vertex 88 88.5 36.5
      vertex 88 88.5 34
    endloop
  endfacet
  facet normal 0 -1 0
    outer loop
      vertex 84 88.5 36.5
      vertex 84 88.5 34
      vertex 88 88.5 36.5
    endloop
  endfacet
  facet normal 0 -1 0
    outer loop
      vertex 88 88.5 36.5
      vertex 84 88.5 34
      vertex 88 88.5 34
    endloop
  endfacet
  facet normal 0 0 -1
    outer loop
      vertex 0 0 12
      vertex -2.27163859753386 -0.6480502970952693 12
      vertex -2.397777478867205 -0.2764571353075622 12
    endloop
  endfacet
  facet normal 0 0 -1
    outer loop
      vertex 0 0 12
      vertex -0.6480502970952693 -2.27163859753386 12
      vertex -1 -2.098076211353316 12
    endloop
  endfacet
  facet normal 0 0 -1
    outer loop
      vertex 0 0 12
      vertex -1.6213203435596428 -1.6213203435596428 12
      vertex -1.8800600208737057 -1.326284287026162 12
    endloop
  endfacet
  facet normal 0 0 -1
    outer loop
      vertex 0 0 12
      vertex -1.8800600208737057 -1.326284287026162 12
      vertex -2.098076211353316 -1 12
    endloop
  endfacet
  facet normal 0 0 -1
    outer loop
      vertex 0 0 12
      vertex -2.098076211353316 -1 12
      vertex -2.27163859753386 -0.6480502970952693 12
    endloop
  endfacet
  facet normal 0 0 -1
    outer loop
      vertex 0 0 12
      vertex -1.326284287026162 -1.8800600208737057 12
      vertex -1.6213203435596428 -1.6213203435596428 12
    endloop
  endfacet
  facet normal 0 0 -1
    outer loop
      vertex 0 0 12
      vertex -1 -2.098076211353316 12
      vertex -1.326284287026162 -1.8800600208737057 12
    endloop
  endfacet
  facet normal 0 0 -1
    outer loop
      vertex 0 0 12
      vertex -2.397777478867205 -0.2764571353075622 12
      vertex -2.474334584121431 0.10842142333984528 12
    endloop
  endfacet
  facet normal 0 0 -1
    outer loop
      vertex 0 0 12
      vertex -2.474334584121431 0.10842142333984528 12
      vertex -2.5 0.5 12
    endloop
  endfacet
  facet normal 0 0 -1
    outer loop
      vertex 0 0 12
      vertex -0.2764571353075622 -2.397777478867205 12
      vertex -0.6480502970952693 -2.27163859753386 12
    endloop
  endfacet
  facet normal 0 0 -1
    outer loop
      vertex 0 0 12
      vertex 0.10842142333984528 -2.474334584121431 12
      vertex -0.2764571353075622 -2.397777478867205 12
    endloop
  endfacet
  facet normal 0 0 -1
    outer loop
      vertex 0 0 12
      vertex 0.5 -2.5 12
      vertex 0.10842142333984528 -2.474334584121431 12
    endloop
  endfacet
  facet normal 0 0 -1
    outer loop
      vertex 1.6698729810778072 3.5 12
      vertex 4.527756813566454 5.15 12
      vertex 2.0332332985438244 2.956192854956397 12
    endloop
  endfacet
  facet normal 0 0 -1
    outer loop
      vertex 2.4644660940672622 2.4644660940672622 12
      vertex 2.0332332985438244 2.956192854956397 12
      vertex 4.651299321504901 4.965105570685175 12
    endloop
  endfacet
  facet normal 0 0 -1
    outer loop
      vertex 2.4644660940672622 2.4644660940672622 12
      vertex 4.797918471982869 4.797918471982869 12
      vertex 2.956192854956397 2.0332332985438244 12
    endloop
  endfacet
  facet normal 0 0 -1
    outer loop
      vertex 1.6698729810778072 3.5 12
      vertex 1.380602337443566 4.086582838174551 12
      vertex 4.429404794730813 5.349438164979348 12
    endloop
  endfacet
  facet normal 0 0 -1
    outer loop
      vertex 1.380602337443566 4.086582838174551 12
      vertex 1.1703708685546585 4.705904774487396 12
      vertex 4.357926095308584 5.560007623325715 12
    endloop
  endfacet
  facet normal 0 0 -1
    outer loop
      vertex 1.1703708685546585 4.705904774487396 12
      vertex 1.042775693130948 5.347369038899743 12
      vertex 4.314543735664523 5.778105473225913 12
    endloop
  endfacet
  facet normal 0 0 -1
    outer loop
      vertex 1.042775693130948 5.347369038899743 12
      vertex 1 6 12
      vertex 4.3 6 12
    endloop
  endfacet
  facet normal 0 0 -1
    outer loop
      vertex 4.3 6 12
      vertex 1 6 12
      vertex 1.042775693130948 6.652630961100257 12
    endloop
  endfacet
  facet normal 0 0 -1
    outer loop
      vertex 1.6698729810778072 3.5 12
      vertex 4.429404794730813 5.349438164979348 12
      vertex 4.527756813566454 5.15 12
    endloop
  endfacet
  facet normal 0 0 -1
    outer loop
      vertex 1.380602337443566 4.086582838174551 12
      vertex 4.357926095308584 5.560007623325715 12
      vertex 4.429404794730813 5.349438164979348 12
    endloop
  endfacet
  facet normal 0 0 -1
    outer loop
      vertex 1.1703708685546585 4.705904774487396 12
      vertex 4.314543735664523 5.778105473225913 12
      vertex 4.357926095308584 5.560007623325715 12
    endloop
  endfacet
  facet normal 0 0 -1
    outer loop
      vertex 1.042775693130948 5.347369038899743 12
      vertex 4.3 6 12
      vertex 4.314543735664523 5.778105473225913 12
    endloop
  endfacet
  facet normal 0 0 -1
    outer loop
      vertex 4.3 6 12
      vertex 1.042775693130948 6.652630961100257 12
      vertex 4.314543735664523 6.221894526774087 12
    endloop
  endfacet
  facet normal 0 0 -1
    outer loop
      vertex 3.5 1.6698729810778072 12
      vertex 2.956192854956397 2.0332332985438244 12
      vertex 4.965105570685175 4.651299321504901 12
    endloop
  endfacet
  facet normal 0 0 -1
    outer loop
      vertex 3.5 1.6698729810778072 12
      vertex 5.15 4.527756813566454 12
      vertex 4.086582838174551 1.380602337443566 12
    endloop
  endfacet
  facet normal 0 0 -1
    outer loop
      vertex 2.4644660940672622 2.4644660940672622 12
      vertex 4.651299321504901 4.965105570685175 12
      vertex 4.797918471982869 4.797918471982869 12
    endloop
  endfacet
  facet normal 0 0 -1
    outer loop
      vertex 2.956192854956397 2.0332332985438244 12
      vertex 4.797918471982869 4.797918471982869 12
      vertex 4.965105570685175 4.651299321504901 12
    endloop
  endfacet
  facet normal 0 0 -1
    outer loop
      vertex 3.5 1.6698729810778072 12
      vertex 4.965105570685175 4.651299321504901 12
      vertex 5.15 4.527756813566454 12
    endloop
  endfacet
  facet normal 0 0 -1
    outer loop
      vertex 4.086582838174551 1.380602337443566 12
      vertex 5.349438164979348 4.429404794730813 12
      vertex 4.705904774487396 1.1703708685546585 12
    endloop
  endfacet
  facet normal 0 0 -1
    outer loop
      vertex 4.705904774487396 1.1703708685546585 12
      vertex 5.560007623325715 4.357926095308584 12
      vertex 5.347369038899743 1.042775693130948 12
    endloop
  endfacet
  facet normal 0 0 -1
    outer loop
      vertex 4.086582838174551 1.380602337443566 12
      vertex 5.15 4.527756813566454 12
      vertex 5.349438164979348 4.429404794730813 12
    endloop
  endfacet
  facet normal 0 0 -1
    outer loop
      vertex 4.705904774487396 1.1703708685546585 12
      vertex 5.349438164979348 4.429404794730813 12
      vertex 5.560007623325715 4.357926095308584 12
    endloop
  endfacet
  facet normal 0 0 -1
    outer loop
      vertex 5.347369038899743 1.042775693130948 12
      vertex 5.560007623325715 4.357926095308584 12
      vertex 5.778105473225913 4.314543735664523 12
    endloop
  endfacet
  facet normal 0 0 -1
    outer loop
      vertex 2.0332332985438244 2.956192854956397 12
      vertex 4.527756813566454 5.15 12
      vertex 4.651299321504901 4.965105570685175 12
    endloop
  endfacet
  facet normal 0 0 -1
    outer loop
      vertex 4.314543735664523 6.221894526774087 12
      vertex 1.042775693130948 6.652630961100257 12
      vertex 1.1703708685546585 7.294095225512604 12
    endloop
  endfacet
  facet normal 0 0 -1
    outer loop
      vertex 4.357926095308584 6.439992376674285 12
      vertex 1.1703708685546585 7.294095225512604 12
      vertex 1.380602337443566 7.913417161825449 12
    endloop
  endfacet
  facet normal 0 0 -1
    outer loop
      vertex 1.380602337443566 7.913417161825449 12
      vertex 1.6698729810778072 8.5 12
      vertex 4.429404794730813 6.650561835020652 12
    endloop
  endfacet
  facet normal 0 0 -1
    outer loop
      vertex 4.314543735664523 6.221894526774087 12
      vertex 1.1703708685546585 7.294095225512604 12
      vertex 4.357926095308584 6.439992376674285 12
    endloop
  endfacet
  facet normal 0 0 -1
    outer loop
      vertex 4.357926095308584 6.439992376674285 12
      vertex 1.380602337443566 7.913417161825449 12
      vertex 4.429404794730813 6.650561835020652 12
    endloop
  endfacet
  facet normal 0 0 -1
    outer loop
      vertex 1.6698729810778072 8.5 12
      vertex 4.527756813566454 6.85 12
      vertex 4.429404794730813 6.650561835020652 12
    endloop
  endfacet
  facet normal 0 0 -1
    outer loop
      vertex 1.6698729810778072 8.5 12
      vertex 2.0332332985438244 9.043807145043603 12
      vertex 4.527756813566454 6.85 12
    endloop
  endfacet
  facet normal 0 0 -1
    outer loop
      vertex 2.0332332985438244 9.043807145043603 12
      vertex 2.4644660940672622 9.535533905932738 12
      vertex 4.651299321504901 7.034894429314825 12
    endloop
  endfacet
  facet normal 0 0 -1
    outer loop
      vertex 2.4644660940672622 9.535533905932738 12
      vertex 2.956192854956397 9.966766701456176 12
      vertex 4.797918471982869 7.202081528017131 12
    endloop
  endfacet
  facet normal 0 0 -1
    outer loop
      vertex 2.0332332985438244 9.043807145043603 12
      vertex 4.651299321504901 7.034894429314825 12
      vertex 4.527756813566454 6.85 12
    endloop
  endfacet
  facet normal 0 0 -1
    outer loop
      vertex 2.4644660940672622 9.535533905932738 12
      vertex 4.797918471982869 7.202081528017131 12
      vertex 4.651299321504901 7.034894429314825 12
    endloop
  endfacet
  facet normal 0 0 -1
    outer loop
      vertex 2.956192854956397 9.966766701456176 12
      vertex 4.965105570685175 7.348700678495099 12
      vertex 4.797918471982869 7.202081528017131 12
    endloop
  endfacet
  facet normal 0 0 -1
    outer loop
      vertex 4.965105570685175 7.348700678495099 12
      vertex 3.5 10.330127018922193 12
      vertex 5.15 7.472243186433546 12
    endloop
  endfacet
  facet normal 0 0 -1
    outer loop
      vertex 5.15 7.472243186433546 12
      vertex 4.086582838174551 10.619397662556434 12
      vertex 5.349438164979348 7.570595205269187 12
    endloop
  endfacet
  facet normal 0 0 -1
    outer loop
      vertex 2.956192854956397 9.966766701456176 12
      vertex 3.5 10.330127018922193 12
      vertex 4.965105570685175 7.348700678495099 12
    endloop
  endfacet
  facet normal 0 0 -1
    outer loop
      vertex 5.15 7.472243186433546 12
      vertex 3.5 10.330127018922193 12
      vertex 4.086582838174551 10.619397662556434 12
    endloop
  endfacet
  facet normal 0 0 -1
    outer loop
      vertex 5.349438164979348 7.570595205269187 12
      vertex 4.086582838174551 10.619397662556434 12
      vertex 4.705904774487396 10.82962913144534 12
    endloop
  endfacet
  facet normal 0 0 -1
    outer loop
      vertex 5.349438164979348 7.570595205269187 12
      vertex 4.705904774487396 10.82962913144534 12
      vertex 5.560007623325715 7.642073904691416 12
    endloop
  endfacet
  facet normal 0 0 -1
    outer loop
      vertex 5.560007623325715 7.642073904691416 12
      vertex 5.347369038899743 10.957224306869051 12
      vertex 5.778105473225913 7.685456264335477 12
    endloop
  endfacet
  facet normal 0 0 -1
    outer loop
      vertex 5.560007623325715 7.642073904691416 12
      vertex 4.705904774487396 10.82962913144534 12
      vertex 5.347369038899743 10.957224306869051 12
    endloop
  endfacet
  facet normal 0 0 -1
    outer loop
      vertex 25.466477669721154 -1.456892315201439 12
      vertex 0.5 -2.5 12
      vertex 0 0 12
    endloop
  endfacet
  facet normal 0 0 -1
    outer loop
      vertex 5.347369038899743 1.042775693130948 12
      vertex 5.778105473225913 4.314543735664523 12
      vertex 6 1 12
    endloop
  endfacet
  facet normal 0 0 -1
    outer loop
      vertex 6 1 12
      vertex 6 4.3 12
      vertex 6.652630961100257 1.042775693130948 12
    endloop
  endfacet
  facet normal 0 0 -1
    outer loop
      vertex 6 1 12
      vertex 5.778105473225913 4.314543735664523 12
      vertex 6 4.3 12
    endloop
  endfacet
  facet normal 0 0 -1
    outer loop
      vertex 6.652630961100257 1.042775693130948 12
      vertex 6 4.3 12
      vertex 6.221894526774087 4.314543735664523 12
    endloop
  endfacet
  facet normal 0 0 -1
    outer loop
      vertex 6.652630961100257 1.042775693130948 12
      vertex 6.221894526774087 4.314543735664523 12
      vertex 7.294095225512604 1.1703708685546585 12
    endloop
  endfacet
  facet normal 0 0 -1
    outer loop
      vertex 7.294095225512604 1.1703708685546585 12
      vertex 6.439992376674285 4.357926095308584 12
      vertex 7.913417161825449 1.380602337443566 12
    endloop
  endfacet
  facet normal 0 0 -1
    outer loop
      vertex 7.294095225512604 1.1703708685546585 12
      vertex 6.221894526774087 4.314543735664523 12
      vertex 6.439992376674285 4.357926095308584 12
    endloop
  endfacet
  facet normal 0 0 -1
    outer loop
      vertex 7.913417161825449 1.380602337443566 12
      vertex 6.439992376674285 4.357926095308584 12
      vertex 6.650561835020652 4.429404794730813 12
    endloop
  endfacet
  facet normal 0 0 -1
    outer loop
      vertex 8.5 1.6698729810778072 12
      vertex 6.650561835020652 4.429404794730813 12
      vertex 6.85 4.527756813566454 12
    endloop
  endfacet
  facet normal 0 0 -1
    outer loop
      vertex 7.913417161825449 1.380602337443566 12
      vertex 6.650561835020652 4.429404794730813 12
      vertex 8.5 1.6698729810778072 12
    endloop
  endfacet
  facet normal 0 0 -1
    outer loop
      vertex 8.5 1.6698729810778072 12
      vertex 6.85 4.527756813566454 12
      vertex 9.043807145043603 2.0332332985438244 12
    endloop
  endfacet
  facet normal 0 0 -1
    outer loop
      vertex 9.043807145043603 2.0332332985438244 12
      vertex 6.85 4.527756813566454 12
      vertex 7.034894429314825 4.651299321504901 12
    endloop
  endfacet
  facet normal 0 0 -1
    outer loop
      vertex 7.034894429314825 4.651299321504901 12
      vertex 7.202081528017131 4.797918471982869 12
      vertex 9.535533905932738 2.4644660940672622 12
    endloop
  endfacet
  facet normal 0 0 -1
    outer loop
      vertex 9.043807145043603 2.0332332985438244 12
      vertex 7.034894429314825 4.651299321504901 12
      vertex 9.535533905932738 2.4644660940672622 12
    endloop
  endfacet
  facet normal 0 0 -1
    outer loop
      vertex 7.202081528017131 4.797918471982869 12
      vertex 9.966766701456176 2.956192854956397 12
      vertex 9.535533905932738 2.4644660940672622 12
    endloop
  endfacet
  facet normal 0 0 -1
    outer loop
      vertex 7.348700678495099 4.965105570685175 12
      vertex 10.330127018922193 3.5 12
      vertex 9.966766701456176 2.956192854956397 12
    endloop
  endfacet
  facet normal 0 0 -1
    outer loop
      vertex 7.202081528017131 4.797918471982869 12
      vertex 7.348700678495099 4.965105570685175 12
      vertex 9.966766701456176 2.956192854956397 12
    endloop
  endfacet
  facet normal 0 0 -1
    outer loop
      vertex 7.348700678495099 4.965105570685175 12
      vertex 7.472243186433546 5.15 12
      vertex 10.330127018922193 3.5 12
    endloop
  endfacet
  facet normal 0 0 -1
    outer loop
      vertex 7.472243186433546 5.15 12
      vertex 7.570595205269187 5.349438164979348 12
      vertex 10.619397662556434 4.086582838174551 12
    endloop
  endfacet
  facet normal 0 0 -1
    outer loop
      vertex 7.570595205269187 5.349438164979348 12
      vertex 7.642073904691416 5.560007623325715 12
      vertex 10.82962913144534 4.705904774487396 12
    endloop
  endfacet
  facet normal 0 0 -1
    outer loop
      vertex 7.472243186433546 5.15 12
      vertex 10.619397662556434 4.086582838174551 12
      vertex 10.330127018922193 3.5 12
    endloop
  endfacet
  facet normal 0 0 -1
    outer loop
      vertex 7.642073904691416 5.560007623325715 12
      vertex 7.685456264335477 5.778105473225913 12
      vertex 10.957224306869051 5.347369038899743 12
    endloop
  endfacet
  facet normal 0 0 -1
    outer loop
      vertex 7.685456264335477 5.778105473225913 12
      vertex 7.7 6 12
      vertex 11 6 12
    endloop
  endfacet
  facet normal 0 0 -1
    outer loop
      vertex 7.7 6 12
      vertex 7.685456264335477 6.221894526774087 12
      vertex 10.957224306869051 6.652630961100257 12
    endloop
  endfacet
  facet normal 0 0 -1
    outer loop
      vertex 7.570595205269187 5.349438164979348 12
      vertex 10.82962913144534 4.705904774487396 12
      vertex 10.619397662556434 4.086582838174551 12
    endloop
  endfacet
  facet normal 0 0 -1
    outer loop
      vertex 7.642073904691416 5.560007623325715 12
      vertex 10.957224306869051 5.347369038899743 12
      vertex 10.82962913144534 4.705904774487396 12
    endloop
  endfacet
  facet normal 0 0 -1
    outer loop
      vertex 7.685456264335477 5.778105473225913 12
      vertex 11 6 12
      vertex 10.957224306869051 5.347369038899743 12
    endloop
  endfacet
  facet normal 0 0 -1
    outer loop
      vertex 7.7 6 12
      vertex 10.957224306869051 6.652630961100257 12
      vertex 11 6 12
    endloop
  endfacet
  facet normal 0 0 -1
    outer loop
      vertex 6.650561835020652 7.570595205269187 12
      vertex 8.5 10.330127018922193 12
      vertex 6.85 7.472243186433546 12
    endloop
  endfacet
  facet normal 0 0 -1
    outer loop
      vertex 5.778105473225913 7.685456264335477 12
      vertex 6 11 12
      vertex 6 7.7 12
    endloop
  endfacet
  facet normal 0 0 -1
    outer loop
      vertex 6 7.7 12
      vertex 6.652630961100257 10.957224306869051 12
      vertex 6.221894526774087 7.685456264335477 12
    endloop
  endfacet
  facet normal 0 0 -1
    outer loop
      vertex 5.778105473225913 7.685456264335477 12
      vertex 5.347369038899743 10.957224306869051 12
      vertex 6 11 12
    endloop
  endfacet
  facet normal 0 0 -1
    outer loop
      vertex 6 7.7 12
      vertex 6 11 12
      vertex 6.652630961100257 10.957224306869051 12
    endloop
  endfacet
  facet normal 0 0 -1
    outer loop
      vertex 6.221894526774087 7.685456264335477 12
      vertex 7.294095225512604 10.82962913144534 12
      vertex 6.439992376674285 7.642073904691416 12
    endloop
  endfacet
  facet normal 0 0 -1
    outer loop
      vertex 6.439992376674285 7.642073904691416 12
      vertex 7.913417161825449 10.619397662556434 12
      vertex 6.650561835020652 7.570595205269187 12
    endloop
  endfacet
  facet normal 0 0 -1
    outer loop
      vertex 6.439992376674285 7.642073904691416 12
      vertex 7.294095225512604 10.82962913144534 12
      vertex 7.913417161825449 10.619397662556434 12
    endloop
  endfacet
  facet normal 0 0 -1
    outer loop
      vertex 6.221894526774087 7.685456264335477 12
      vertex 6.652630961100257 10.957224306869051 12
      vertex 7.294095225512604 10.82962913144534 12
    endloop
  endfacet
  facet normal 0 0 -1
    outer loop
      vertex 7.472243186433546 6.85 12
      vertex 10.330127018922193 8.5 12
      vertex 7.570595205269187 6.650561835020652 12
    endloop
  endfacet
  facet normal 0 0 -1
    outer loop
      vertex 7.034894429314825 7.348700678495099 12
      vertex 9.535533905932738 9.535533905932738 12
      vertex 7.202081528017131 7.202081528017131 12
    endloop
  endfacet
  facet normal 0 0 -1
    outer loop
      vertex 7.034894429314825 7.348700678495099 12
      vertex 6.85 7.472243186433546 12
      vertex 9.043807145043603 9.966766701456176 12
    endloop
  endfacet
  facet normal 0 0 -1
    outer loop
      vertex 7.348700678495099 7.034894429314825 12
      vertex 7.202081528017131 7.202081528017131 12
      vertex 9.966766701456176 9.043807145043603 12
    endloop
  endfacet
  facet normal 0 0 -1
    outer loop
      vertex 7.472243186433546 6.85 12
      vertex 7.348700678495099 7.034894429314825 12
      vertex 9.966766701456176 9.043807145043603 12
    endloop
  endfacet
  facet normal 0 0 -1
    outer loop
      vertex 7.685456264335477 6.221894526774087 12
      vertex 7.642073904691416 6.439992376674285 12
      vertex 10.82962913144534 7.294095225512604 12
    endloop
  endfacet
  facet normal 0 0 -1
    outer loop
      vertex 7.570595205269187 6.650561835020652 12
      vertex 10.619397662556434 7.913417161825449 12
      vertex 7.642073904691416 6.439992376674285 12
    endloop
  endfacet
  facet normal 0 0 -1
    outer loop
      vertex 7.570595205269187 6.650561835020652 12
      vertex 10.330127018922193 8.5 12
      vertex 10.619397662556434 7.913417161825449 12
    endloop
  endfacet
  facet normal 0 0 -1
    outer loop
      vertex 7.472243186433546 6.85 12
      vertex 9.966766701456176 9.043807145043603 12
      vertex 10.330127018922193 8.5 12
    endloop
  endfacet
  facet normal 0 0 -1
    outer loop
      vertex 6.650561835020652 7.570595205269187 12
      vertex 7.913417161825449 10.619397662556434 12
      vertex 8.5 10.330127018922193 12
    endloop
  endfacet
  facet normal 0 0 -1
    outer loop
      vertex 7.034894429314825 7.348700678495099 12
      vertex 9.043807145043603 9.966766701456176 12
      vertex 9.535533905932738 9.535533905932738 12
    endloop
  endfacet
  facet normal 0 0 -1
    outer loop
      vertex 6.85 7.472243186433546 12
      vertex 8.5 10.330127018922193 12
      vertex 9.043807145043603 9.966766701456176 12
    endloop
  endfacet
  facet normal 0 0 -1
    outer loop
      vertex 7.202081528017131 7.202081528017131 12
      vertex 9.535533905932738 9.535533905932738 12
      vertex 9.966766701456176 9.043807145043603 12
    endloop
  endfacet
  facet normal 0 0 -1
    outer loop
      vertex 7.685456264335477 6.221894526774087 12
      vertex 10.82962913144534 7.294095225512604 12
      vertex 10.957224306869051 6.652630961100257 12
    endloop
  endfacet
  facet normal 0 0 -1
    outer loop
      vertex 7.642073904691416 6.439992376674285 12
      vertex 10.619397662556434 7.913417161825449 12
      vertex 10.82962913144534 7.294095225512604 12
    endloop
  endfacet
  facet normal 0 0 -1
    outer loop
      vertex 0 0 12
      vertex -2.5 0.5 12
      vertex 0 90.80983328623907 12
    endloop
  endfacet
  facet normal 0 0 -1
    outer loop
      vertex 25.466477669721154 -1.456892315201439 12
      vertex 24.32003105590063 -2.5 12
      vertex 0.5 -2.5 12
    endloop
  endfacet
  facet normal 0 0 -1
    outer loop
      vertex 46.05 -2.5 12
      vertex 25.466477669721154 -1.456892315201439 12
      vertex 0 0 12
    endloop
  endfacet
  facet normal 0 0 -1
    outer loop
      vertex -2.2305863343782466 94.15035534676596 12
      vertex 0 90.80983328623907 12
      vertex -2.5 0.5 12
    endloop
  endfacet
  facet normal 0 0 -1
    outer loop
      vertex -2.2305863343782466 94.15035534676596 12
      vertex -2.5 0.5 12
      vertex -2.5 94.55382876518792 12
    endloop
  endfacet
  facet normal 0 0 -1
    outer loop
      vertex 46.05 -2.5 12
      vertex 0 0 12
      vertex 43.7 0 12
    endloop
  endfacet
  facet normal 0 0 -1
    outer loop
      vertex 25.466477669721154 -1.456892315201439 12
      vertex 46.05 -2.5 12
      vertex 29.464718750541696 -1.6856246424795018 12
    endloop
  endfacet
  facet normal 0 0 -1
    outer loop
      vertex 28.544999999999995 -2.5 12
      vertex 29.464718750541696 -1.6856246424795018 12
      vertex 46.05 -2.5 12
    endloop
  endfacet
  facet normal 0 0 -1
    outer loop
      vertex 46.05 13 12
      vertex 46.05 -2.5 12
      vertex 43.7 0 12
    endloop
  endfacet
  facet normal 0 0 -1
    outer loop
      vertex 46.05 13 12
      vertex 43.7 0 12
      vertex 43.7 16 12
    endloop
  endfacet
  facet normal 0 0 -1
    outer loop
      vertex 46.05 13 12
      vertex 43.7 16 12
      vertex 47.95 13 12
    endloop
  endfacet
  facet normal 0 0 -1
    outer loop
      vertex 47.95 13 12
      vertex 43.7 16 12
      vertex 47.95 16 12
    endloop
  endfacet
  facet normal 0 0 -1
    outer loop
      vertex 55.95 13 12
      vertex 58.05 -2.5 12
      vertex 55.95 -2.5 12
    endloop
  endfacet
  facet normal 0 0 -1
    outer loop
      vertex 55.95 13 12
      vertex 58.05 13 12
      vertex 58.05 -2.5 12
    endloop
  endfacet
  facet normal 0 0 -1
    outer loop
      vertex 54.05 13 12
      vertex 54.05 16 12
      vertex 55.95 13 12
    endloop
  endfacet
  facet normal 0 0 -1
    outer loop
      vertex 55.95 13 12
      vertex 54.05 16 12
      vertex 58.05 13 12
    endloop
  endfacet
  facet normal 0 0 -1
    outer loop
      vertex 58.05 13 12
      vertex 54.05 16 12
      vertex 58.3 16 12
    endloop
  endfacet
  facet normal 0 0 -1
    outer loop
      vertex 58.05 13 12
      vertex 58.3 16 12
      vertex 59.95 13 12
    endloop
  endfacet
  facet normal 0 0 -1
    outer loop
      vertex 59.95 13 12
      vertex 58.3 16 12
      vertex 59.95 16 12
    endloop
  endfacet
  facet normal 0 0 -1
    outer loop
      vertex -2.2305863343782466 94.15035534676596 12
      vertex -2.5 94.55382876518792 12
      vertex -2.4902444248610283 134.96650265653776 12
    endloop
  endfacet
  facet normal 0 0 -1
    outer loop
      vertex -2.5 94.55382876518792 12
      vertex -2.5 136.5 12
      vertex -2.4902444248610283 134.96650265653776 12
    endloop
  endfacet
  facet normal 0 0 -1
    outer loop
      vertex 1.6698729810778072 130.0657197600106 12
      vertex 1.380602337443566 129.08658283817456 12
      vertex 1.1703708685546585 129.7059047744874 12
    endloop
  endfacet
  facet normal 0 0 -1
    outer loop
      vertex 1.6698729810778072 130.0657197600106 12
      vertex 1.1703708685546585 129.7059047744874 12
      vertex 1.042775693130948 130.34736903889973 12
    endloop
  endfacet
  facet normal 0 0 -1
    outer loop
      vertex 1 131 12
      vertex 1.6698729810778072 130.0657197600106 12
      vertex 1.042775693130948 130.34736903889973 12
    endloop
  endfacet
  facet normal 0 0 -1
    outer loop
      vertex 4.123306276554309 127.17547826945149 12
      vertex 2.956192854956397 127.03323329854382 12
      vertex 2.4644660940672622 127.46446609406726 12
    endloop
  endfacet
  facet normal 0 0 -1
    outer loop
      vertex 4.123306276554309 127.17547826945149 12
      vertex 3.5 126.6698729810778 12
      vertex 2.956192854956397 127.03323329854382 12
    endloop
  endfacet
  facet normal 0 0 -1
    outer loop
      vertex 4.123306276554309 127.17547826945149 12
      vertex 2.4644660940672622 127.46446609406726 12
      vertex 1.6698729810778072 130.0657197600106 12
    endloop
  endfacet
  facet normal 0 0 -1
    outer loop
      vertex 1.6698729810778072 130.0657197600106 12
      vertex 2.0332332985438244 127.9561928549564 12
      vertex 1.6698729810778072 128.5 12
    endloop
  endfacet
  facet normal 0 0 -1
    outer loop
      vertex 1.6698729810778072 130.0657197600106 12
      vertex 1.6698729810778072 128.5 12
      vertex 1.380602337443566 129.08658283817456 12
    endloop
  endfacet
  facet normal 0 0 -1
    outer loop
      vertex 1.6698729810778072 130.0657197600106 12
      vertex 2.4644660940672622 127.46446609406726 12
      vertex 2.0332332985438244 127.9561928549564 12
    endloop
  endfacet
  facet normal 0 0 -1
    outer loop
      vertex 5.347369038899743 126.04277569313095 12
      vertex 4.086582838174551 126.38060233744356 12
      vertex 3.5 126.6698729810778 12
    endloop
  endfacet
  facet normal 0 0 -1
    outer loop
      vertex 5.347369038899743 126.04277569313095 12
      vertex 3.5 126.6698729810778 12
      vertex 4.123306276554309 127.17547826945149 12
    endloop
  endfacet
  facet normal 0 0 -1
    outer loop
      vertex 5.347369038899743 126.04277569313095 12
      vertex 4.705904774487396 126.17037086855466 12
      vertex 4.086582838174551 126.38060233744356 12
    endloop
  endfacet
  facet normal 0 0 -1
    outer loop
      vertex 4.123306276554309 127.17547826945149 12
      vertex 4.314543735664523 130.7781054732259 12
      vertex 4.357926095308584 130.5600076233257 12
    endloop
  endfacet
  facet normal 0 0 -1
    outer loop
      vertex 4.123306276554309 127.17547826945149 12
      vertex 4.429404794730813 130.34943816497935 12
      vertex 4.527756813566454 130.15 12
    endloop
  endfacet
  facet normal 0 0 -1
    outer loop
      vertex 4.123306276554309 127.17547826945149 12
      vertex 4.651299321504901 129.96510557068518 12
      vertex 4.797918471982869 129.79791847198288 12
    endloop
  endfacet
  facet normal 0 0 -1
    outer loop
      vertex 4.123306276554309 127.17547826945149 12
      vertex 4.527756813566454 130.15 12
      vertex 4.651299321504901 129.96510557068518 12
    endloop
  endfacet
  facet normal 0 0 -1
    outer loop
      vertex 4.123306276554309 127.17547826945149 12
      vertex 4.357926095308584 130.5600076233257 12
      vertex 4.429404794730813 130.34943816497935 12
    endloop
  endfacet
  facet normal 0 0 -1
    outer loop
      vertex 4.123306276554309 127.17547826945149 12
      vertex 4.3 131 12
      vertex 4.314543735664523 130.7781054732259 12
    endloop
  endfacet
  facet normal 0 0 -1
    outer loop
      vertex 4.123306276554309 127.17547826945149 12
      vertex 4.29447853168875 131.11951174681877 12
      vertex 4.3 131 12
    endloop
  endfacet
  facet normal 0 0 -1
    outer loop
      vertex 4.123306276554309 127.17547826945149 12
      vertex 4.797918471982869 129.79791847198288 12
      vertex 4.965105570685175 129.6512993215049 12
    endloop
  endfacet
  facet normal 0 0 -1
    outer loop
      vertex 4.123306276554309 127.17547826945149 12
      vertex 4.965105570685175 129.6512993215049 12
      vertex 5.15 129.52775681356644 12
    endloop
  endfacet
  facet normal 0 0 -1
    outer loop
      vertex 4.123306276554309 127.17547826945149 12
      vertex 5.349438164979348 129.4294047947308 12
      vertex 5.560007623325715 129.35792609530858 12
    endloop
  endfacet
  facet normal 0 0 -1
    outer loop
      vertex 4.123306276554309 127.17547826945149 12
      vertex 5.15 129.52775681356644 12
      vertex 5.349438164979348 129.4294047947308 12
    endloop
  endfacet
  facet normal 0 0 -1
    outer loop
      vertex 4.123306276554309 127.17547826945149 12
      vertex 5.560007623325715 129.35792609530858 12
      vertex 5.778105473225913 129.31454373566453 12
    endloop
  endfacet
  facet normal 0 0 -1
    outer loop
      vertex 0 132.03289619915537 12
      vertex -2.4902444248610283 134.96650265653776 12
      vertex 0 137 12
    endloop
  endfacet
  facet normal 0 0 -1
    outer loop
      vertex 1.6698729810778072 130.0657197600106 12
      vertex 1 131 12
      vertex 1.042775693130948 131.65263096110027 12
    endloop
  endfacet
  facet normal 0 0 -1
    outer loop
      vertex 1.6698729810778072 130.0657197600106 12
      vertex 1.042775693130948 131.65263096110027 12
      vertex 1.1703708685546585 132.2940952255126 12
    endloop
  endfacet
  facet normal 0 0 -1
    outer loop
      vertex 1.6698729810778072 130.0657197600106 12
      vertex 1.1703708685546585 132.2940952255126 12
      vertex 1.380602337443566 132.91341716182544 12
    endloop
  endfacet
  facet normal 0 0 -1
    outer loop
      vertex -0.7090067799878017 136.85819864400244 12
      vertex -2.4902444248610283 134.96650265653776 12
      vertex -2.5 136.5 12
    endloop
  endfacet
  facet normal 0 0 -1
    outer loop
      vertex -0.7090067799878017 136.85819864400244 12
      vertex -2.5 136.5 12
      vertex -2.474334584121431 136.89157857666015 12
    endloop
  endfacet
  facet normal 0 0 -1
    outer loop
      vertex -0.7090067799878017 136.85819864400244 12
      vertex -2.474334584121431 136.89157857666015 12
      vertex -2.397777478867205 137.27645713530757 12
    endloop
  endfacet
  facet normal 0 0 -1
    outer loop
      vertex -2.4902444248610283 134.96650265653776 12
      vertex -0.7090067799878017 136.85819864400244 12
      vertex 0 137 12
    endloop
  endfacet
  facet normal 0 0 -1
    outer loop
      vertex -1.8225908351512188 138.13541039305375 12
      vertex -2.397777478867205 137.27645713530757 12
      vertex -2.27163859753386 137.64805029709527 12
    endloop
  endfacet
  facet normal 0 0 -1
    outer loop
      vertex -1.8225908351512188 138.13541039305375 12
      vertex -2.27163859753386 137.64805029709527 12
      vertex -2.098076211353316 138 12
    endloop
  endfacet
  facet normal 0 0 -1
    outer loop
      vertex -0.7090067799878017 136.85819864400244 12
      vertex -2.397777478867205 137.27645713530757 12
      vertex -1.8225908351512188 138.13541039305375 12
    endloop
  endfacet
  facet normal 0 0 -1
    outer loop
      vertex -1.8800600208737057 138.32628428702617 12
      vertex -1.8225908351512188 138.13541039305375 12
      vertex -2.098076211353316 138 12
    endloop
  endfacet
  facet normal 0 0 -1
    outer loop
      vertex -1.8225908351512188 138.13541039305375 12
      vertex -1.8800600208737057 138.32628428702617 12
      vertex -1.6213203435596428 138.62132034355963 12
    endloop
  endfacet
  facet normal 0 0 -1
    outer loop
      vertex -1.8225908351512188 138.13541039305375 12
      vertex -1.6213203435596428 138.62132034355963 12
      vertex -1.326284287026162 138.8800600208737 12
    endloop
  endfacet
  facet normal 0 0 -1
    outer loop
      vertex -1.8225908351512188 138.13541039305375 12
      vertex -1.326284287026162 138.8800600208737 12
      vertex -0.2764571353075622 139.3977774788672 12
    endloop
  endfacet
  facet normal 0 0 -1
    outer loop
      vertex -1.326284287026162 138.8800600208737 12
      vertex -1 139.09807621135332 12
      vertex -0.2764571353075622 139.3977774788672 12
    endloop
  endfacet
  facet normal 0 0 -1
    outer loop
      vertex -1.8225908351512188 138.13541039305375 12
      vertex -0.2764571353075622 139.3977774788672 12
      vertex 0.28459189981932187 139.41077504346015 12
    endloop
  endfacet
  facet normal 0 0 -1
    outer loop
      vertex -1 139.09807621135332 12
      vertex -0.6480502970952693 139.27163859753387 12
      vertex -0.2764571353075622 139.3977774788672 12
    endloop
  endfacet
  facet normal 0 0 -1
    outer loop
      vertex -0.7090067799878017 136.85819864400244 12
      vertex 0.44604242110708814 139.23021210553543 12
      vertex 0 137 12
    endloop
  endfacet
  facet normal 0 0 -1
    outer loop
      vertex 0.28459189981932187 139.41077504346015 12
      vertex -0.2764571353075622 139.3977774788672 12
      vertex 0.10842142333984528 139.47433458412144 12
    endloop
  endfacet
  facet normal 0 0 -1
    outer loop
      vertex 0.5 139.5 12
      vertex 0.28459189981932187 139.41077504346015 12
      vertex 0.10842142333984528 139.47433458412144 12
    endloop
  endfacet
  facet normal 0 0 -1
    outer loop
      vertex 0.28459189981932187 139.41077504346015 12
      vertex 0.5 139.5 12
      vertex 0.44604242110708814 139.23021210553543 12
    endloop
  endfacet
  facet normal 0 0 -1
    outer loop
      vertex 1.6698729810778072 130.0657197600106 12
      vertex 1.380602337443566 132.91341716182544 12
      vertex 1.6698729810778072 133.5 12
    endloop
  endfacet
  facet normal 0 0 -1
    outer loop
      vertex 1.6698729810778072 130.0657197600106 12
      vertex 1.6698729810778072 133.5 12
      vertex 2.0130682310716286 133.73614766832296 12
    endloop
  endfacet
  facet normal 0 0 -1
    outer loop
      vertex 2.0332332985438244 134.04380714504362 12
      vertex 2.0130682310716286 133.73614766832296 12
      vertex 1.6698729810778072 133.5 12
    endloop
  endfacet
  facet normal 0 0 -1
    outer loop
      vertex 3.5 132.03072927937677 12
      vertex 2.0130682310716286 133.73614766832296 12
      vertex 2.0332332985438244 134.04380714504362 12
    endloop
  endfacet
  facet normal 0 0 -1
    outer loop
      vertex 3.5 132.03072927937677 12
      vertex 2.0332332985438244 134.04380714504362 12
      vertex 2.4644660940672622 134.53553390593274 12
    endloop
  endfacet
  facet normal 0 0 -1
    outer loop
      vertex 3.5 132.03072927937677 12
      vertex 2.4644660940672622 134.53553390593274 12
      vertex 2.956192854956397 134.96676670145618 12
    endloop
  endfacet
  facet normal 0 0 -1
    outer loop
      vertex 3.5 132.03072927937677 12
      vertex 2.956192854956397 134.96676670145618 12
      vertex 4.058449778367415 135.19017011492988 12
    endloop
  endfacet
  facet normal 0 0 -1
    outer loop
      vertex 4.29447853168875 131.11951174681877 12
      vertex 4.306899478022493 131.10526569281123 12
      vertex 4.3 131 12
    endloop
  endfacet
  facet normal 0 0 -1
    outer loop
      vertex 4.1119342204114036 135.1303542164633 12
      vertex 4.314543735664523 131.2218945267741 12
      vertex 4.306899478022493 131.10526569281123 12
    endloop
  endfacet
  facet normal 0 0 -1
    outer loop
      vertex 4.1119342204114036 135.1303542164633 12
      vertex 4.357926095308584 131.4399923766743 12
      vertex 4.314543735664523 131.2218945267741 12
    endloop
  endfacet
  facet normal 0 0 -1
    outer loop
      vertex 4.1119342204114036 135.1303542164633 12
      vertex 4.429404794730813 131.65056183502065 12
      vertex 4.357926095308584 131.4399923766743 12
    endloop
  endfacet
  facet normal 0 0 -1
    outer loop
      vertex 4.705904774487396 135.82962913144533 12
      vertex 4.527756813566454 131.85 12
      vertex 4.429404794730813 131.65056183502065 12
    endloop
  endfacet
  facet normal 0 0 -1
    outer loop
      vertex 4.1119342204114036 135.1303542164633 12
      vertex 4.705904774487396 135.82962913144533 12
      vertex 4.429404794730813 131.65056183502065 12
    endloop
  endfacet
  facet normal 0 0 -1
    outer loop
      vertex 4.705904774487396 135.82962913144533 12
      vertex 4.651299321504901 132.03489442931482 12
      vertex 4.527756813566454 131.85 12
    endloop
  endfacet
  facet normal 0 0 -1
    outer loop
      vertex 4.705904774487396 135.82962913144533 12
      vertex 4.797918471982869 132.20208152801712 12
      vertex 4.651299321504901 132.03489442931482 12
    endloop
  endfacet
  facet normal 0 0 -1
    outer loop
      vertex 4.705904774487396 135.82962913144533 12
      vertex 4.965105570685175 132.3487006784951 12
      vertex 4.797918471982869 132.20208152801712 12
    endloop
  endfacet
  facet normal 0 0 -1
    outer loop
      vertex 5.15 132.47224318643356 12
      vertex 4.965105570685175 132.3487006784951 12
      vertex 6 136 12
    endloop
  endfacet
  facet normal 0 0 -1
    outer loop
      vertex 4.705904774487396 135.82962913144533 12
      vertex 6 136 12
      vertex 4.965105570685175 132.3487006784951 12
    endloop
  endfacet
  facet normal 0 0 -1
    outer loop
      vertex 2.956192854956397 134.96676670145618 12
      vertex 3.5 135.33012701892218 12
      vertex 4.058449778367415 135.19017011492988 12
    endloop
  endfacet
  facet normal 0 0 -1
    outer loop
      vertex 0 137 12
      vertex 0.44604242110708814 139.23021210553543 12
      vertex 5.823962264150943 137 12
    endloop
  endfacet
  facet normal 0 0 -1
    outer loop
      vertex 0.44604242110708814 139.23021210553543 12
      vertex 0.5 139.5 12
      vertex 3.7009335470405644 139.31476079010181 12
    endloop
  endfacet
  facet normal 0 0 -1
    outer loop
      vertex 0.44604242110708814 139.23021210553543 12
      vertex 3.7009335470405644 139.31476079010181 12
      vertex 5.823962264150943 137 12
    endloop
  endfacet
  facet normal 0 0 -1
    outer loop
      vertex 4.086582838174551 135.61939766255642 12
      vertex 4.058449778367415 135.19017011492988 12
      vertex 3.5 135.33012701892218 12
    endloop
  endfacet
  facet normal 0 0 -1
    outer loop
      vertex 4.1119342204114036 135.1303542164633 12
      vertex 4.058449778367415 135.19017011492988 12
      vertex 4.705904774487396 135.82962913144533 12
    endloop
  endfacet
  facet normal 0 0 -1
    outer loop
      vertex 4.086582838174551 135.61939766255642 12
      vertex 4.705904774487396 135.82962913144533 12
      vertex 4.058449778367415 135.19017011492988 12
    endloop
  endfacet
  facet normal 0 0 -1
    outer loop
      vertex 4.705904774487396 135.82962913144533 12
      vertex 5.347369038899743 135.95722430686905 12
      vertex 6 136 12
    endloop
  endfacet
  facet normal 0 0 -1
    outer loop
      vertex 5.347369038899743 126.04277569313095 12
      vertex 4.123306276554309 127.17547826945149 12
      vertex 7.884721091858396 127.00172651225935 12
    endloop
  endfacet
  facet normal 0 0 -1
    outer loop
      vertex 7.884721091858396 127.00172651225935 12
      vertex 6 126 12
      vertex 5.347369038899743 126.04277569313095 12
    endloop
  endfacet
  facet normal 0 0 -1
    outer loop
      vertex 4.123306276554309 127.17547826945149 12
      vertex 5.778105473225913 129.31454373566453 12
      vertex 7.884721091858396 127.00172651225935 12
    endloop
  endfacet
  facet normal 0 0 -1
    outer loop
      vertex 7.884721091858396 127.00172651225935 12
      vertex 6.652630961100257 126.04277569313095 12
      vertex 6 126 12
    endloop
  endfacet
  facet normal 0 0 -1
    outer loop
      vertex 7.884721091858396 127.00172651225935 12
      vertex 7.294095225512604 126.17037086855466 12
      vertex 6.652630961100257 126.04277569313095 12
    endloop
  endfacet
  facet normal 0 0 -1
    outer loop
      vertex 6 129.3 12
      vertex 7.884721091858396 127.00172651225935 12
      vertex 5.778105473225913 129.31454373566453 12
    endloop
  endfacet
  facet normal 0 0 -1
    outer loop
      vertex 6 129.3 12
      vertex 6.221894526774087 129.31454373566453 12
      vertex 7.884721091858396 127.00172651225935 12
    endloop
  endfacet
  facet normal 0 0 -1
    outer loop
      vertex 7.884721091858396 127.00172651225935 12
      vertex 6.221894526774087 129.31454373566453 12
      vertex 6.439992376674285 129.35792609530858 12
    endloop
  endfacet
  facet normal 0 0 -1
    outer loop
      vertex 7.884721091858396 127.00172651225935 12
      vertex 6.439992376674285 129.35792609530858 12
      vertex 6.650561835020652 129.4294047947308 12
    endloop
  endfacet
  facet normal 0 0 -1
    outer loop
      vertex 7.884721091858396 127.00172651225935 12
      vertex 6.650561835020652 129.4294047947308 12
      vertex 6.85 129.52775681356644 12
    endloop
  endfacet
  facet normal 0 0 -1
    outer loop
      vertex 7.884721091858396 127.00172651225935 12
      vertex 6.85 129.52775681356644 12
      vertex 7.034894429314825 129.6512993215049 12
    endloop
  endfacet
  facet normal 0 0 -1
    outer loop
      vertex 7.884721091858396 127.00172651225935 12
      vertex 7.034894429314825 129.6512993215049 12
      vertex 7.202081528017131 129.79791847198288 12
    endloop
  endfacet
  facet normal 0 0 -1
    outer loop
      vertex 7.884721091858396 127.00172651225935 12
      vertex 7.202081528017131 129.79791847198288 12
      vertex 7.348700678495099 129.96510557068518 12
    endloop
  endfacet
  facet normal 0 0 -1
    outer loop
      vertex 7.884721091858396 127.00172651225935 12
      vertex 7.348700678495099 129.96510557068518 12
      vertex 7.472243186433546 130.15 12
    endloop
  endfacet
  facet normal 0 0 -1
    outer loop
      vertex 7.884721091858396 127.00172651225935 12
      vertex 7.913417161825449 126.38060233744356 12
      vertex 7.294095225512604 126.17037086855466 12
    endloop
  endfacet
  facet normal 0 0 -1
    outer loop
      vertex 7.884721091858396 127.00172651225935 12
      vertex 8.272064529469938 126.5574676463556 12
      vertex 7.913417161825449 126.38060233744356 12
    endloop
  endfacet
  facet normal 0 0 -1
    outer loop
      vertex 8.5 130.2228318210593 12
      vertex 8.5 126.6698729810778 12
      vertex 8.272064529469938 126.5574676463556 12
    endloop
  endfacet
  facet normal 0 0 -1
    outer loop
      vertex 8.5 130.2228318210593 12
      vertex 9.043807145043603 127.03323329854382 12
      vertex 8.5 126.6698729810778 12
    endloop
  endfacet
  facet normal 0 0 -1
    outer loop
      vertex 8.5 130.2228318210593 12
      vertex 9.535533905932738 127.46446609406726 12
      vertex 9.043807145043603 127.03323329854382 12
    endloop
  endfacet
  facet normal 0 0 -1
    outer loop
      vertex 7.884721091858396 127.00172651225935 12
      vertex 7.472243186433546 130.15 12
      vertex 7.570595205269187 130.34943816497935 12
    endloop
  endfacet
  facet normal 0 0 -1
    outer loop
      vertex 7.884721091858396 127.00172651225935 12
      vertex 7.570595205269187 130.34943816497935 12
      vertex 7.642073904691416 130.5600076233257 12
    endloop
  endfacet
  facet normal 0 0 -1
    outer loop
      vertex 7.884721091858396 127.00172651225935 12
      vertex 7.642073904691416 130.5600076233257 12
      vertex 7.685456264335477 130.7781054732259 12
    endloop
  endfacet
  facet normal 0 0 -1
    outer loop
      vertex 7.884721091858396 127.00172651225935 12
      vertex 7.685456264335477 130.7781054732259 12
      vertex 7.7 131 12
    endloop
  endfacet
  facet normal 0 0 -1
    outer loop
      vertex 7.884721091858396 127.00172651225935 12
      vertex 7.7 131 12
      vertex 7.705163370055873 131.11176073827895 12
    endloop
  endfacet
  facet normal 0 0 -1
    outer loop
      vertex 8.5 130.2228318210593 12
      vertex 9.966766701456176 127.9561928549564 12
      vertex 9.535533905932738 127.46446609406726 12
    endloop
  endfacet
  facet normal 0 0 -1
    outer loop
      vertex 8.5 130.2228318210593 12
      vertex 10.206246949032423 128.31460037352358 12
      vertex 9.966766701456176 127.9561928549564 12
    endloop
  endfacet
  facet normal 0 0 -1
    outer loop
      vertex 10.330127018922193 132.08688064178406 12
      vertex 10.330127018922193 128.5 12
      vertex 10.206246949032423 128.31460037352358 12
    endloop
  endfacet
  facet normal 0 0 -1
    outer loop
      vertex 10.330127018922193 132.08688064178406 12
      vertex 10.619397662556434 129.08658283817456 12
      vertex 10.330127018922193 128.5 12
    endloop
  endfacet
  facet normal 0 0 -1
    outer loop
      vertex 10.330127018922193 132.08688064178406 12
      vertex 10.82962913144534 129.7059047744874 12
      vertex 10.619397662556434 129.08658283817456 12
    endloop
  endfacet
  facet normal 0 0 -1
    outer loop
      vertex 5.15 132.47224318643356 12
      vertex 6.652630961100257 135.95722430686905 12
      vertex 5.349438164979348 132.5705952052692 12
    endloop
  endfacet
  facet normal 0 0 -1
    outer loop
      vertex 5.349438164979348 132.5705952052692 12
      vertex 6.652630961100257 135.95722430686905 12
      vertex 5.560007623325715 132.64207390469142 12
    endloop
  endfacet
  facet normal 0 0 -1
    outer loop
      vertex 5.560007623325715 132.64207390469142 12
      vertex 6.652630961100257 135.95722430686905 12
      vertex 5.778105473225913 132.68545626433547 12
    endloop
  endfacet
  facet normal 0 0 -1
    outer loop
      vertex 5.778105473225913 132.68545626433547 12
      vertex 6.652630961100257 135.95722430686905 12
      vertex 6 132.7 12
    endloop
  endfacet
  facet normal 0 0 -1
    outer loop
      vertex 5.15 132.47224318643356 12
      vertex 6 136 12
      vertex 6.652630961100257 135.95722430686905 12
    endloop
  endfacet
  facet normal 0 0 -1
    outer loop
      vertex 6 132.7 12
      vertex 7.869378283908477 134.7698611592851 12
      vertex 6.221894526774087 132.68545626433547 12
    endloop
  endfacet
  facet normal 0 0 -1
    outer loop
      vertex 6.221894526774087 132.68545626433547 12
      vertex 7.869378283908477 134.7698611592851 12
      vertex 6.439992376674285 132.64207390469142 12
    endloop
  endfacet
  facet normal 0 0 -1
    outer loop
      vertex 7.869378283908477 134.7698611592851 12
      vertex 6.650561835020652 132.5705952052692 12
      vertex 6.439992376674285 132.64207390469142 12
    endloop
  endfacet
  facet normal 0 0 -1
    outer loop
      vertex 7.869378283908477 134.7698611592851 12
      vertex 6.85 132.47224318643356 12
      vertex 6.650561835020652 132.5705952052692 12
    endloop
  endfacet
  facet normal 0 0 -1
    outer loop
      vertex 7.869378283908477 134.7698611592851 12
      vertex 7.034894429314825 132.3487006784951 12
      vertex 6.85 132.47224318643356 12
    endloop
  endfacet
  facet normal 0 0 -1
    outer loop
      vertex 7.869378283908477 134.7698611592851 12
      vertex 7.202081528017131 132.20208152801712 12
      vertex 7.034894429314825 132.3487006784951 12
    endloop
  endfacet
  facet normal 0 0 -1
    outer loop
      vertex 7.869378283908477 134.7698611592851 12
      vertex 7.472243186433546 131.85 12
      vertex 7.348700678495099 132.03489442931482 12
    endloop
  endfacet
  facet normal 0 0 -1
    outer loop
      vertex 7.869378283908477 134.7698611592851 12
      vertex 7.348700678495099 132.03489442931482 12
      vertex 7.202081528017131 132.20208152801712 12
    endloop
  endfacet
  facet normal 0 0 -1
    outer loop
      vertex 6 132.7 12
      vertex 6.652630961100257 135.95722430686905 12
      vertex 7.869378283908477 134.7698611592851 12
    endloop
  endfacet
  facet normal 0 0 -1
    outer loop
      vertex 7.869378283908477 134.7698611592851 12
      vertex 7.705163370055873 131.11176073827895 12
      vertex 7.7 131 12
    endloop
  endfacet
  facet normal 0 0 -1
    outer loop
      vertex 7.869378283908477 134.7698611592851 12
      vertex 7.7 131 12
      vertex 7.685456264335477 131.2218945267741 12
    endloop
  endfacet
  facet normal 0 0 -1
    outer loop
      vertex 7.869378283908477 134.7698611592851 12
      vertex 7.685456264335477 131.2218945267741 12
      vertex 7.642073904691416 131.4399923766743 12
    endloop
  endfacet
  facet normal 0 0 -1
    outer loop
      vertex 7.869378283908477 134.7698611592851 12
      vertex 7.642073904691416 131.4399923766743 12
      vertex 7.570595205269187 131.65056183502065 12
    endloop
  endfacet
  facet normal 0 0 -1
    outer loop
      vertex 7.869378283908477 134.7698611592851 12
      vertex 7.570595205269187 131.65056183502065 12
      vertex 7.472243186433546 131.85 12
    endloop
  endfacet
  facet normal 0 0 -1
    outer loop
      vertex 7.869378283908477 134.7698611592851 12
      vertex 8.5 135.33012701892218 12
      vertex 9.043807145043603 134.96676670145618 12
    endloop
  endfacet
  facet normal 0 0 -1
    outer loop
      vertex 10.330127018922193 132.08688064178406 12
      vertex 7.869378283908477 134.7698611592851 12
      vertex 9.966766701456176 134.04380714504362 12
    endloop
  endfacet
  facet normal 0 0 -1
    outer loop
      vertex 7.869378283908477 134.7698611592851 12
      vertex 9.043807145043603 134.96676670145618 12
      vertex 9.535533905932738 134.53553390593274 12
    endloop
  endfacet
  facet normal 0 0 -1
    outer loop
      vertex 7.869378283908477 134.7698611592851 12
      vertex 9.535533905932738 134.53553390593274 12
      vertex 9.966766701456176 134.04380714504362 12
    endloop
  endfacet
  facet normal 0 0 -1
    outer loop
      vertex 7.294095225512604 135.82962913144533 12
      vertex 7.913417161825449 135.61939766255642 12
      vertex 6.652630961100257 135.95722430686905 12
    endloop
  endfacet
  facet normal 0 0 -1
    outer loop
      vertex 7.869378283908477 134.7698611592851 12
      vertex 6.652630961100257 135.95722430686905 12
      vertex 8.5 135.33012701892218 12
    endloop
  endfacet
  facet normal 0 0 -1
    outer loop
      vertex 6.652630961100257 135.95722430686905 12
      vertex 7.913417161825449 135.61939766255642 12
      vertex 8.5 135.33012701892218 12
    endloop
  endfacet
  facet normal 0 0 -1
    outer loop
      vertex 10.330127018922193 132.08688064178406 12
      vertex 10.619397662556434 132.91341716182544 12
      vertex 10.82962913144534 132.2940952255126 12
    endloop
  endfacet
  facet normal 0 0 -1
    outer loop
      vertex 10.330127018922193 132.08688064178406 12
      vertex 10.330127018922193 133.5 12
      vertex 10.619397662556434 132.91341716182544 12
    endloop
  endfacet
  facet normal 0 0 -1
    outer loop
      vertex 10.330127018922193 132.08688064178406 12
      vertex 10.957224306869051 130.34736903889973 12
      vertex 10.82962913144534 129.7059047744874 12
    endloop
  endfacet
  facet normal 0 0 -1
    outer loop
      vertex 10.330127018922193 132.08688064178406 12
      vertex 11 131 12
      vertex 10.957224306869051 130.34736903889973 12
    endloop
  endfacet
  facet normal 0 0 -1
    outer loop
      vertex 10.330127018922193 132.08688064178406 12
      vertex 10.957224306869051 131.65263096110027 12
      vertex 11 131 12
    endloop
  endfacet
  facet normal 0 0 -1
    outer loop
      vertex 10.330127018922193 132.08688064178406 12
      vertex 10.82962913144534 132.2940952255126 12
      vertex 10.957224306869051 131.65263096110027 12
    endloop
  endfacet
  facet normal 0 0 -1
    outer loop
      vertex 10.330127018922193 132.08688064178406 12
      vertex 9.966766701456176 134.04380714504362 12
      vertex 10.330127018922193 133.5 12
    endloop
  endfacet
  facet normal 0 0 -1
    outer loop
      vertex 3.7009335470405644 139.31476079010181 12
      vertex 0.5 139.5 12
      vertex 29.09203124999999 139.5 12
    endloop
  endfacet
  facet normal 0 0 -1
    outer loop
      vertex 31.02466377063422 137.73352640216237 12
      vertex 3.7009335470405644 139.31476079010181 12
      vertex 29.09203124999999 139.5 12
    endloop
  endfacet
  facet normal 0 0 -1
    outer loop
      vertex 43.7 137 12
      vertex 31.827187499999994 137 12
      vertex 31.02466377063422 137.73352640216237 12
    endloop
  endfacet
  facet normal 0 0 -1
    outer loop
      vertex 43.7 137 12
      vertex 31.02466377063422 137.73352640216237 12
      vertex 29.09203124999999 139.5 12
    endloop
  endfacet
  facet normal 0 0 -1
    outer loop
      vertex 46.05 124 12
      vertex 43.7 121 12
      vertex 46.05 139.5 12
    endloop
  endfacet
  facet normal 0 0 -1
    outer loop
      vertex 43.7 137 12
      vertex 29.09203124999999 139.5 12
      vertex 46.05 139.5 12
    endloop
  endfacet
  facet normal 0 0 -1
    outer loop
      vertex 43.7 137 12
      vertex 46.05 139.5 12
      vertex 43.7 121 12
    endloop
  endfacet
  facet normal 0 0 -1
    outer loop
      vertex 46.05 124 12
      vertex 47.95 121 12
      vertex 43.7 121 12
    endloop
  endfacet
  facet normal 0 0 -1
    outer loop
      vertex 46.05 124 12
      vertex 47.95 124 12
      vertex 47.95 121 12
    endloop
  endfacet
  facet normal 0 0 -1
    outer loop
      vertex 54.05 124 12
      vertex 58.3 121 12
      vertex 54.05 121 12
    endloop
  endfacet
  facet normal 0 0 -1
    outer loop
      vertex 54.05 124 12
      vertex 55.95 124 12
      vertex 58.3 121 12
    endloop
  endfacet
  facet normal 0 0 -1
    outer loop
      vertex 55.95 124 12
      vertex 58.05 124 12
      vertex 58.3 121 12
    endloop
  endfacet
  facet normal 0 0 -1
    outer loop
      vertex 55.95 124 12
      vertex 55.95 139.5 12
      vertex 58.05 124 12
    endloop
  endfacet
  facet normal 0 0 -1
    outer loop
      vertex 58.05 124 12
      vertex 59.95 124 12
      vertex 58.3 121 12
    endloop
  endfacet
  facet normal 0 0 -1
    outer loop
      vertex 59.95 124 12
      vertex 59.95 121 12
      vertex 58.3 121 12
    endloop
  endfacet
  facet normal 0 0 -1
    outer loop
      vertex 58.05 124 12
      vertex 55.95 139.5 12
      vertex 58.05 139.5 12
    endloop
  endfacet
  facet normal 0 0 -1
    outer loop
      vertex 67.95 13 12
      vertex 70.05 -2.5 12
      vertex 67.95 -2.5 12
    endloop
  endfacet
  facet normal 0 0 -1
    outer loop
      vertex 67.95 13 12
      vertex 70.05 13 12
      vertex 70.05 -2.5 12
    endloop
  endfacet
  facet normal 0 0 -1
    outer loop
      vertex 66.05 13 12
      vertex 66.05 16 12
      vertex 67.7 16 12
    endloop
  endfacet
  facet normal 0 0 -1
    outer loop
      vertex 66.05 13 12
      vertex 67.7 16 12
      vertex 67.95 13 12
    endloop
  endfacet
  facet normal 0 0 -1
    outer loop
      vertex 67.95 13 12
      vertex 67.7 16 12
      vertex 70.05 13 12
    endloop
  endfacet
  facet normal 0 0 -1
    outer loop
      vertex 70.05 13 12
      vertex 67.7 16 12
      vertex 71.95 13 12
    endloop
  endfacet
  facet normal 0 0 -1
    outer loop
      vertex 71.95 13 12
      vertex 67.7 16 12
      vertex 71.95 16 12
    endloop
  endfacet
  facet normal 0 0 -1
    outer loop
      vertex 79.95 13 12
      vertex 82.05 -2.5 12
      vertex 79.95 -2.5 12
    endloop
  endfacet
  facet normal 0 0 -1
    outer loop
      vertex 79.95 13 12
      vertex 82.05 13 12
      vertex 82.05 -2.5 12
    endloop
  endfacet
  facet normal 0 0 -1
    outer loop
      vertex 78.05 13 12
      vertex 78.05 16 12
      vertex 79.95 13 12
    endloop
  endfacet
  facet normal 0 0 -1
    outer loop
      vertex 79.95 13 12
      vertex 78.05 16 12
      vertex 82.05 13 12
    endloop
  endfacet
  facet normal 0 0 -1
    outer loop
      vertex 82.05 13 12
      vertex 78.05 16 12
      vertex 82.3 16 12
    endloop
  endfacet
  facet normal 0 0 -1
    outer loop
      vertex 82.05 13 12
      vertex 82.3 16 12
      vertex 83.95 13 12
    endloop
  endfacet
  facet normal 0 0 -1
    outer loop
      vertex 83.95 13 12
      vertex 82.3 16 12
      vertex 83.95 16 12
    endloop
  endfacet
  facet normal 0 0 -1
    outer loop
      vertex 91.95 13 12
      vertex 94.05 -2.5 12
      vertex 91.95 -2.5 12
    endloop
  endfacet
  facet normal 0 0 -1
    outer loop
      vertex 91.95 13 12
      vertex 94.05 13 12
      vertex 94.05 -2.5 12
    endloop
  endfacet
  facet normal 0 0 -1
    outer loop
      vertex 90.05 13 12
      vertex 90.05 16 12
      vertex 91.7 16 12
    endloop
  endfacet
  facet normal 0 0 -1
    outer loop
      vertex 90.05 13 12
      vertex 91.7 16 12
      vertex 91.95 13 12
    endloop
  endfacet
  facet normal 0 0 -1
    outer loop
      vertex 91.95 13 12
      vertex 91.7 16 12
      vertex 94.05 13 12
    endloop
  endfacet
  facet normal 0 0 -1
    outer loop
      vertex 94.05 13 12
      vertex 91.7 16 12
      vertex 95.95 13 12
    endloop
  endfacet
  facet normal 0 0 -1
    outer loop
      vertex 95.95 13 12
      vertex 91.7 16 12
      vertex 95.95 16 12
    endloop
  endfacet
  facet normal 0 0 -1
    outer loop
      vertex 103.95 13 12
      vertex 106.05 -2.5 12
      vertex 103.95 -2.5 12
    endloop
  endfacet
  facet normal 0 0 -1
    outer loop
      vertex 103.95 13 12
      vertex 106.05 13 12
      vertex 106.05 -2.5 12
    endloop
  endfacet
  facet normal 0 0 -1
    outer loop
      vertex 102.05 13 12
      vertex 102.05 16 12
      vertex 103.95 13 12
    endloop
  endfacet
  facet normal 0 0 -1
    outer loop
      vertex 103.95 13 12
      vertex 102.05 16 12
      vertex 106.05 13 12
    endloop
  endfacet
  facet normal 0 0 -1
    outer loop
      vertex 106.05 13 12
      vertex 102.05 16 12
      vertex 106.3 16 12
    endloop
  endfacet
  facet normal 0 0 -1
    outer loop
      vertex 106.05 13 12
      vertex 106.3 16 12
      vertex 107.95 13 12
    endloop
  endfacet
  facet normal 0 0 -1
    outer loop
      vertex 107.95 13 12
      vertex 106.3 16 12
      vertex 107.95 16 12
    endloop
  endfacet
  facet normal 0 0 -1
    outer loop
      vertex 118.3 1.0196630388445713 12
      vertex 118.3 0 12
      vertex 115.95 -2.5 12
    endloop
  endfacet
  facet normal 0 0 -1
    outer loop
      vertex 118.3 1.0196630388445713 12
      vertex 115.95 -2.5 12
      vertex 118.3 4.330079880249196 12
    endloop
  endfacet
  facet normal 0 0 -1
    outer loop
      vertex 118.3 1.0196630388445713 12
      vertex 118.3 4.330079880249196 12
      vertex 118.65263096110026 1.042775693130948 12
    endloop
  endfacet
  facet normal 0 0 -1
    outer loop
      vertex 118.3 4.330079880249196 12
      vertex 115.95 -2.5 12
      vertex 118.3 7.669920119750804 12
    endloop
  endfacet
  facet normal 0 0 -1
    outer loop
      vertex 115.95 13 12
      vertex 118.3 7.669920119750804 12
      vertex 115.95 -2.5 12
    endloop
  endfacet
  facet normal 0 0 -1
    outer loop
      vertex 115.95 13 12
      vertex 118.43999237667428 7.642073904691416 12
      vertex 118.3 7.669920119750804 12
    endloop
  endfacet
  facet normal 0 0 -1
    outer loop
      vertex 115.95 13 12
      vertex 118.3 10.980336961155428 12
      vertex 118.43999237667428 7.642073904691416 12
    endloop
  endfacet
  facet normal 0 0 -1
    outer loop
      vertex 114.05 13 12
      vertex 114.05 16 12
      vertex 115.95 13 12
    endloop
  endfacet
  facet normal 0 0 -1
    outer loop
      vertex 115.95 13 12
      vertex 114.05 16 12
      vertex 118.3 16 12
    endloop
  endfacet
  facet normal 0 0 -1
    outer loop
      vertex 115.95 13 12
      vertex 118.3 16 12
      vertex 118.3 10.980336961155428 12
    endloop
  endfacet
  facet normal 0 0 -1
    outer loop
      vertex 123.5 -2.5 12
      vertex 115.95 -2.5 12
      vertex 118.3 0 12
    endloop
  endfacet
  facet normal 0 0 -1
    outer loop
      vertex 118.3 0 12
      vertex 124 0 12
      vertex 123.5 -2.5 12
    endloop
  endfacet
  facet normal 0 0 -1
    outer loop
      vertex 118.3 4.330079880249196 12
      vertex 119.2940952255126 1.1703708685546585 12
      vertex 118.65263096110026 1.042775693130948 12
    endloop
  endfacet
  facet normal 0 0 -1
    outer loop
      vertex 119.2940952255126 1.1703708685546585 12
      vertex 118.43999237667428 4.357926095308584 12
      vertex 119.91341716182545 1.380602337443566 12
    endloop
  endfacet
  facet normal 0 0 -1
    outer loop
      vertex 118.3 4.330079880249196 12
      vertex 118.43999237667428 4.357926095308584 12
      vertex 119.2940952255126 1.1703708685546585 12
    endloop
  endfacet
  facet normal 0 0 -1
    outer loop
      vertex 119.91341716182545 1.380602337443566 12
      vertex 118.43999237667428 4.357926095308584 12
      vertex 118.65056183502065 4.429404794730813 12
    endloop
  endfacet
  facet normal 0 0 -1
    outer loop
      vertex 120.5 1.6698729810778072 12
      vertex 118.65056183502065 4.429404794730813 12
      vertex 118.85 4.527756813566454 12
    endloop
  endfacet
  facet normal 0 0 -1
    outer loop
      vertex 119.91341716182545 1.380602337443566 12
      vertex 118.65056183502065 4.429404794730813 12
      vertex 120.5 1.6698729810778072 12
    endloop
  endfacet
  facet normal 0 0 -1
    outer loop
      vertex 120.5 1.6698729810778072 12
      vertex 118.85 4.527756813566454 12
      vertex 121.0438071450436 2.0332332985438244 12
    endloop
  endfacet
  facet normal 0 0 -1
    outer loop
      vertex 121.0438071450436 2.0332332985438244 12
      vertex 118.85 4.527756813566454 12
      vertex 119.03489442931482 4.651299321504901 12
    endloop
  endfacet
  facet normal 0 0 -1
    outer loop
      vertex 119.03489442931482 4.651299321504901 12
      vertex 119.20208152801713 4.797918471982869 12
      vertex 121.53553390593274 2.4644660940672622 12
    endloop
  endfacet
  facet normal 0 0 -1
    outer loop
      vertex 119.20208152801713 4.797918471982869 12
      vertex 119.3487006784951 4.965105570685175 12
      vertex 121.96676670145618 2.956192854956397 12
    endloop
  endfacet
  facet normal 0 0 -1
    outer loop
      vertex 119.3487006784951 4.965105570685175 12
      vertex 119.47224318643354 5.15 12
      vertex 122.3301270189222 3.5 12
    endloop
  endfacet
  facet normal 0 0 -1
    outer loop
      vertex 121.0438071450436 2.0332332985438244 12
      vertex 119.03489442931482 4.651299321504901 12
      vertex 121.53553390593274 2.4644660940672622 12
    endloop
  endfacet
  facet normal 0 0 -1
    outer loop
      vertex 119.20208152801713 4.797918471982869 12
      vertex 121.96676670145618 2.956192854956397 12
      vertex 121.53553390593274 2.4644660940672622 12
    endloop
  endfacet
  facet normal 0 0 -1
    outer loop
      vertex 119.3487006784951 4.965105570685175 12
      vertex 122.3301270189222 3.5 12
      vertex 121.96676670145618 2.956192854956397 12
    endloop
  endfacet
  facet normal 0 0 -1
    outer loop
      vertex 119.47224318643354 5.15 12
      vertex 119.57059520526919 5.349438164979348 12
      vertex 122.61939766255644 4.086582838174551 12
    endloop
  endfacet
  facet normal 0 0 -1
    outer loop
      vertex 119.57059520526919 5.349438164979348 12
      vertex 119.64207390469142 5.560007623325715 12
      vertex 122.61939766255644 4.086582838174551 12
    endloop
  endfacet
  facet normal 0 0 -1
    outer loop
      vertex 119.64207390469142 5.560007623325715 12
      vertex 119.68545626433547 5.778105473225913 12
      vertex 122.82962913144534 4.705904774487396 12
    endloop
  endfacet
  facet normal 0 0 -1
    outer loop
      vertex 119.68545626433547 5.778105473225913 12
      vertex 119.7 6 12
      vertex 122.82962913144534 4.705904774487396 12
    endloop
  endfacet
  facet normal 0 0 -1
    outer loop
      vertex 119.7 6 12
      vertex 119.68545626433547 6.221894526774087 12
      vertex 122.82962913144534 4.705904774487396 12
    endloop
  endfacet
  facet normal 0 0 -1
    outer loop
      vertex 119.68545626433547 6.221894526774087 12
      vertex 119.64207390469142 6.439992376674285 12
      vertex 122.82962913144534 4.705904774487396 12
    endloop
  endfacet
  facet normal 0 0 -1
    outer loop
      vertex 122.82962913144534 4.705904774487396 12
      vertex 119.64207390469142 6.439992376674285 12
      vertex 119.57059520526919 6.650561835020652 12
    endloop
  endfacet
  facet normal 0 0 -1
    outer loop
      vertex 122.82962913144534 4.705904774487396 12
      vertex 119.57059520526919 6.650561835020652 12
      vertex 119.47224318643354 6.85 12
    endloop
  endfacet
  facet normal 0 0 -1
    outer loop
      vertex 122.82962913144534 4.705904774487396 12
      vertex 119.47224318643354 6.85 12
      vertex 119.3487006784951 7.034894429314825 12
    endloop
  endfacet
  facet normal 0 0 -1
    outer loop
      vertex 122.82962913144534 4.705904774487396 12
      vertex 119.3487006784951 7.034894429314825 12
      vertex 119.20208152801713 7.202081528017131 12
    endloop
  endfacet
  facet normal 0 0 -1
    outer loop
      vertex 119.47224318643354 5.15 12
      vertex 122.61939766255644 4.086582838174551 12
      vertex 122.3301270189222 3.5 12
    endloop
  endfacet
  facet normal 0 0 -1
    outer loop
      vertex 119.64207390469142 5.560007623325715 12
      vertex 122.82962913144534 4.705904774487396 12
      vertex 122.61939766255644 4.086582838174551 12
    endloop
  endfacet
  facet normal 0 0 -1
    outer loop
      vertex 123.89157857666015 -2.474334584121431 12
      vertex 123.5 -2.5 12
      vertex 124 0 12
    endloop
  endfacet
  facet normal 0 0 -1
    outer loop
      vertex 123.89157857666015 -2.474334584121431 12
      vertex 124 0 12
      vertex 124.27645713530757 -2.397777478867205 12
    endloop
  endfacet
  facet normal 0 0 -1
    outer loop
      vertex 124.27645713530757 -2.397777478867205 12
      vertex 124 0 12
      vertex 124.64805029709527 -2.27163859753386 12
    endloop
  endfacet
  facet normal 0 0 -1
    outer loop
      vertex 124.64805029709527 -2.27163859753386 12
      vertex 124 0 12
      vertex 125 -2.098076211353316 12
    endloop
  endfacet
  facet normal 0 0 -1
    outer loop
      vertex 125 -2.098076211353316 12
      vertex 124 0 12
      vertex 125.32628428702616 -1.8800600208737057 12
    endloop
  endfacet
  facet normal 0 0 -1
    outer loop
      vertex 125.32628428702616 -1.8800600208737057 12
      vertex 124 0 12
      vertex 125.62132034355963 -1.6213203435596428 12
    endloop
  endfacet
  facet normal 0 0 -1
    outer loop
      vertex 125.62132034355963 -1.6213203435596428 12
      vertex 124 0 12
      vertex 125.88006002087371 -1.326284287026162 12
    endloop
  endfacet
  facet normal 0 0 -1
    outer loop
      vertex 125.88006002087371 -1.326284287026162 12
      vertex 124 0 12
      vertex 126.09807621135332 -1 12
    endloop
  endfacet
  facet normal 0 0 -1
    outer loop
      vertex 126.09807621135332 -1 12
      vertex 124 0 12
      vertex 126.27163859753387 -0.6480502970952693 12
    endloop
  endfacet
  facet normal 0 0 -1
    outer loop
      vertex 126.27163859753387 -0.6480502970952693 12
      vertex 124 0 12
      vertex 126.3977774788672 -0.2764571353075622 12
    endloop
  endfacet
  facet normal 0 0 -1
    outer loop
      vertex 126.3977774788672 -0.2764571353075622 12
      vertex 124 0 12
      vertex 126.47433458412144 0.10842142333984528 12
    endloop
  endfacet
  facet normal 0 0 -1
    outer loop
      vertex 126.47433458412144 0.10842142333984528 12
      vertex 124 0 12
      vertex 126.5 0.5 12
    endloop
  endfacet
  facet normal 0 0 -1
    outer loop
      vertex 126.5 0.5 12
      vertex 124 0 12
      vertex 126.5 1.4882083773319295 12
    endloop
  endfacet
  facet normal 0 0 -1
    outer loop
      vertex 124 0 12
      vertex 126.48153186517966 1.5083601611908057 12
      vertex 126.5 1.4882083773319295 12
    endloop
  endfacet
  facet normal 0 0 -1
    outer loop
      vertex 123 6 12
      vertex 122.95722430686905 5.347369038899743 12
      vertex 122.82962913144534 4.705904774487396 12
    endloop
  endfacet
  facet normal 0 0 -1
    outer loop
      vertex 122.82962913144534 4.705904774487396 12
      vertex 122.95722430686905 6.652630961100257 12
      vertex 123 6 12
    endloop
  endfacet
  facet normal 0 0 -1
    outer loop
      vertex 122.82962913144534 4.705904774487396 12
      vertex 122.82962913144534 7.294095225512604 12
      vertex 122.95722430686905 6.652630961100257 12
    endloop
  endfacet
  facet normal 0 0 -1
    outer loop
      vertex 118.65056183502065 7.570595205269187 12
      vertex 118.43999237667428 7.642073904691416 12
      vertex 120.5 10.330127018922193 12
    endloop
  endfacet
  facet normal 0 0 -1
    outer loop
      vertex 122.82962913144534 4.705904774487396 12
      vertex 119.20208152801713 7.202081528017131 12
      vertex 119.03489442931482 7.348700678495099 12
    endloop
  endfacet
  facet normal 0 0 -1
    outer loop
      vertex 119.03489442931482 7.348700678495099 12
      vertex 118.85 7.472243186433546 12
      vertex 121.0438071450436 9.966766701456176 12
    endloop
  endfacet
  facet normal 0 0 -1
    outer loop
      vertex 118.65056183502065 7.570595205269187 12
      vertex 121.0438071450436 9.966766701456176 12
      vertex 118.85 7.472243186433546 12
    endloop
  endfacet
  facet normal 0 0 -1
    outer loop
      vertex 118.43999237667428 7.642073904691416 12
      vertex 119.2940952255126 10.82962913144534 12
      vertex 119.91341716182545 10.619397662556434 12
    endloop
  endfacet
  facet normal 0 0 -1
    outer loop
      vertex 118.3 10.980336961155428 12
      vertex 118.65263096110026 10.957224306869051 12
      vertex 118.43999237667428 7.642073904691416 12
    endloop
  endfacet
  facet normal 0 0 -1
    outer loop
      vertex 118.43999237667428 7.642073904691416 12
      vertex 118.65263096110026 10.957224306869051 12
      vertex 119.2940952255126 10.82962913144534 12
    endloop
  endfacet
  facet normal 0 0 -1
    outer loop
      vertex 118.43999237667428 7.642073904691416 12
      vertex 119.91341716182545 10.619397662556434 12
      vertex 120.5 10.330127018922193 12
    endloop
  endfacet
  facet normal 0 0 -1
    outer loop
      vertex 118.65056183502065 7.570595205269187 12
      vertex 120.5 10.330127018922193 12
      vertex 121.0438071450436 9.966766701456176 12
    endloop
  endfacet
  facet normal 0 0 -1
    outer loop
      vertex 122.82962913144534 4.705904774487396 12
      vertex 119.03489442931482 7.348700678495099 12
      vertex 121.53553390593274 9.535533905932738 12
    endloop
  endfacet
  facet normal 0 0 -1
    outer loop
      vertex 122.82962913144534 4.705904774487396 12
      vertex 121.96676670145618 9.043807145043603 12
      vertex 122.3301270189222 8.5 12
    endloop
  endfacet
  facet normal 0 0 -1
    outer loop
      vertex 122.82962913144534 4.705904774487396 12
      vertex 121.53553390593274 9.535533905932738 12
      vertex 121.96676670145618 9.043807145043603 12
    endloop
  endfacet
  facet normal 0 0 -1
    outer loop
      vertex 119.03489442931482 7.348700678495099 12
      vertex 121.0438071450436 9.966766701456176 12
      vertex 121.53553390593274 9.535533905932738 12
    endloop
  endfacet
  facet normal 0 0 -1
    outer loop
      vertex 122.82962913144534 4.705904774487396 12
      vertex 122.61939766255644 7.913417161825449 12
      vertex 122.82962913144534 7.294095225512604 12
    endloop
  endfacet
  facet normal 0 0 -1
    outer loop
      vertex 122.82962913144534 4.705904774487396 12
      vertex 122.3301270189222 8.5 12
      vertex 122.61939766255644 7.913417161825449 12
    endloop
  endfacet
  facet normal 0 0 -1
    outer loop
      vertex 126.48153186517966 1.5083601611908057 12
      vertex 124 0 12
      vertex 124.07057288278193 133.14672060010636 12
    endloop
  endfacet
  facet normal 0 0 -1
    outer loop
      vertex 66.05 124 12
      vertex 67.7 121 12
      vertex 66.05 121 12
    endloop
  endfacet
  facet normal 0 0 -1
    outer loop
      vertex 66.05 124 12
      vertex 67.95 124 12
      vertex 67.7 121 12
    endloop
  endfacet
  facet normal 0 0 -1
    outer loop
      vertex 67.95 124 12
      vertex 71.95 121 12
      vertex 67.7 121 12
    endloop
  endfacet
  facet normal 0 0 -1
    outer loop
      vertex 67.95 124 12
      vertex 70.05 124 12
      vertex 71.95 121 12
    endloop
  endfacet
  facet normal 0 0 -1
    outer loop
      vertex 67.95 124 12
      vertex 67.95 139.5 12
      vertex 70.05 124 12
    endloop
  endfacet
  facet normal 0 0 -1
    outer loop
      vertex 70.05 124 12
      vertex 67.95 139.5 12
      vertex 70.05 139.5 12
    endloop
  endfacet
  facet normal 0 0 -1
    outer loop
      vertex 70.05 124 12
      vertex 71.95 124 12
      vertex 71.95 121 12
    endloop
  endfacet
  facet normal 0 0 -1
    outer loop
      vertex 78.05 124 12
      vertex 82.3 121 12
      vertex 78.05 121 12
    endloop
  endfacet
  facet normal 0 0 -1
    outer loop
      vertex 78.05 124 12
      vertex 79.95 124 12
      vertex 82.3 121 12
    endloop
  endfacet
  facet normal 0 0 -1
    outer loop
      vertex 79.95 124 12
      vertex 82.05 124 12
      vertex 82.3 121 12
    endloop
  endfacet
  facet normal 0 0 -1
    outer loop
      vertex 79.95 124 12
      vertex 79.95 139.5 12
      vertex 82.05 124 12
    endloop
  endfacet
  facet normal 0 0 -1
    outer loop
      vertex 82.05 124 12
      vertex 83.95 124 12
      vertex 82.3 121 12
    endloop
  endfacet
  facet normal 0 0 -1
    outer loop
      vertex 83.95 124 12
      vertex 83.95 121 12
      vertex 82.3 121 12
    endloop
  endfacet
  facet normal 0 0 -1
    outer loop
      vertex 82.05 124 12
      vertex 79.95 139.5 12
      vertex 82.05 139.5 12
    endloop
  endfacet
  facet normal 0 0 -1
    outer loop
      vertex 90.05 124 12
      vertex 91.7 121 12
      vertex 90.05 121 12
    endloop
  endfacet
  facet normal 0 0 -1
    outer loop
      vertex 90.05 124 12
      vertex 91.95 124 12
      vertex 91.7 121 12
    endloop
  endfacet
  facet normal 0 0 -1
    outer loop
      vertex 91.95 124 12
      vertex 95.95 121 12
      vertex 91.7 121 12
    endloop
  endfacet
  facet normal 0 0 -1
    outer loop
      vertex 91.95 124 12
      vertex 94.05 124 12
      vertex 95.95 121 12
    endloop
  endfacet
  facet normal 0 0 -1
    outer loop
      vertex 91.95 124 12
      vertex 91.95 139.5 12
      vertex 94.05 124 12
    endloop
  endfacet
  facet normal 0 0 -1
    outer loop
      vertex 94.05 124 12
      vertex 91.95 139.5 12
      vertex 94.05 139.5 12
    endloop
  endfacet
  facet normal 0 0 -1
    outer loop
      vertex 124 137 12
      vertex 124.07057288278193 133.14672060010636 12
      vertex 124 0 12
    endloop
  endfacet
  facet normal 0 0 -1
    outer loop
      vertex 94.05 124 12
      vertex 95.95 124 12
      vertex 95.95 121 12
    endloop
  endfacet
  facet normal 0 0 -1
    outer loop
      vertex 102.05 124 12
      vertex 106.3 121 12
      vertex 102.05 121 12
    endloop
  endfacet
  facet normal 0 0 -1
    outer loop
      vertex 102.05 124 12
      vertex 103.95 124 12
      vertex 106.3 121 12
    endloop
  endfacet
  facet normal 0 0 -1
    outer loop
      vertex 103.95 124 12
      vertex 106.05 124 12
      vertex 106.3 121 12
    endloop
  endfacet
  facet normal 0 0 -1
    outer loop
      vertex 103.95 124 12
      vertex 103.95 139.5 12
      vertex 106.05 124 12
    endloop
  endfacet
  facet normal 0 0 -1
    outer loop
      vertex 106.05 124 12
      vertex 107.95 124 12
      vertex 106.3 121 12
    endloop
  endfacet
  facet normal 0 0 -1
    outer loop
      vertex 107.95 124 12
      vertex 107.95 121 12
      vertex 106.3 121 12
    endloop
  endfacet
  facet normal 0 0 -1
    outer loop
      vertex 106.05 124 12
      vertex 103.95 139.5 12
      vertex 106.05 139.5 12
    endloop
  endfacet
  facet normal 0 0 -1
    outer loop
      vertex 114.05 124 12
      vertex 118.3 121 12
      vertex 114.05 121 12
    endloop
  endfacet
  facet normal 0 0 -1
    outer loop
      vertex 114.05 124 12
      vertex 115.95 124 12
      vertex 118.3 121 12
    endloop
  endfacet
  facet normal 0 0 -1
    outer loop
      vertex 115.95 124 12
      vertex 118.3 126.01966303884457 12
      vertex 118.3 121 12
    endloop
  endfacet
  facet normal 0 0 -1
    outer loop
      vertex 115.95 124 12
      vertex 118.3 129.3300798802492 12
      vertex 118.3 126.01966303884457 12
    endloop
  endfacet
  facet normal 0 0 -1
    outer loop
      vertex 118.3 129.3300798802492 12
      vertex 118.43999237667428 129.35792609530858 12
      vertex 118.3 126.01966303884457 12
    endloop
  endfacet
  facet normal 0 0 -1
    outer loop
      vertex 115.95 124 12
      vertex 115.95 139.5 12
      vertex 118.3 129.3300798802492 12
    endloop
  endfacet
  facet normal 0 0 -1
    outer loop
      vertex 118.3 129.3300798802492 12
      vertex 115.95 139.5 12
      vertex 118.3 132.6699201197508 12
    endloop
  endfacet
  facet normal 0 0 -1
    outer loop
      vertex 118.3 132.6699201197508 12
      vertex 118.3 135.98033696115542 12
      vertex 118.65263096110026 135.95722430686905 12
    endloop
  endfacet
  facet normal 0 0 -1
    outer loop
      vertex 118.3 132.6699201197508 12
      vertex 115.95 139.5 12
      vertex 118.3 135.98033696115542 12
    endloop
  endfacet
  facet normal 0 0 -1
    outer loop
      vertex 118.3 135.98033696115542 12
      vertex 115.95 139.5 12
      vertex 118.3 137 12
    endloop
  endfacet
  facet normal 0 0 -1
    outer loop
      vertex 118.3 126.01966303884457 12
      vertex 119.2940952255126 126.17037086855466 12
      vertex 118.65263096110026 126.04277569313095 12
    endloop
  endfacet
  facet normal 0 0 -1
    outer loop
      vertex 118.3 126.01966303884457 12
      vertex 119.91341716182545 126.38060233744356 12
      vertex 119.2940952255126 126.17037086855466 12
    endloop
  endfacet
  facet normal 0 0 -1
    outer loop
      vertex 120.5 126.6698729810778 12
      vertex 118.3 126.01966303884457 12
      vertex 118.43999237667428 129.35792609530858 12
    endloop
  endfacet
  facet normal 0 0 -1
    outer loop
      vertex 118.3 126.01966303884457 12
      vertex 120.5 126.6698729810778 12
      vertex 119.91341716182545 126.38060233744356 12
    endloop
  endfacet
  facet normal 0 0 -1
    outer loop
      vertex 121.53553390593274 127.46446609406726 12
      vertex 120.5 126.6698729810778 12
      vertex 119.03489442931482 129.6512993215049 12
    endloop
  endfacet
  facet normal 0 0 -1
    outer loop
      vertex 120.5 126.6698729810778 12
      vertex 118.43999237667428 129.35792609530858 12
      vertex 118.65056183502065 129.4294047947308 12
    endloop
  endfacet
  facet normal 0 0 -1
    outer loop
      vertex 120.5 126.6698729810778 12
      vertex 118.65056183502065 129.4294047947308 12
      vertex 118.85 129.52775681356644 12
    endloop
  endfacet
  facet normal 0 0 -1
    outer loop
      vertex 120.5 126.6698729810778 12
      vertex 118.85 129.52775681356644 12
      vertex 119.03489442931482 129.6512993215049 12
    endloop
  endfacet
  facet normal 0 0 -1
    outer loop
      vertex 121.53553390593274 127.46446609406726 12
      vertex 119.03489442931482 129.6512993215049 12
      vertex 119.20208152801713 129.79791847198288 12
    endloop
  endfacet
  facet normal 0 0 -1
    outer loop
      vertex 121.96676670145618 127.9561928549564 12
      vertex 119.20208152801713 129.79791847198288 12
      vertex 119.3487006784951 129.96510557068518 12
    endloop
  endfacet
  facet normal 0 0 -1
    outer loop
      vertex 121.96676670145618 127.9561928549564 12
      vertex 119.3487006784951 129.96510557068518 12
      vertex 119.47224318643354 130.15 12
    endloop
  endfacet
  facet normal 0 0 -1
    outer loop
      vertex 120.5 126.6698729810778 12
      vertex 121.53553390593274 127.46446609406726 12
      vertex 121.0438071450436 127.03323329854382 12
    endloop
  endfacet
  facet normal 0 0 -1
    outer loop
      vertex 121.53553390593274 127.46446609406726 12
      vertex 119.20208152801713 129.79791847198288 12
      vertex 121.96676670145618 127.9561928549564 12
    endloop
  endfacet
  facet normal 0 0 -1
    outer loop
      vertex 122.3301270189222 128.5 12
      vertex 121.96676670145618 127.9561928549564 12
      vertex 119.47224318643354 130.15 12
    endloop
  endfacet
  facet normal 0 0 -1
    outer loop
      vertex 122.61939766255644 129.08658283817456 12
      vertex 119.47224318643354 130.15 12
      vertex 119.57059520526919 130.34943816497935 12
    endloop
  endfacet
  facet normal 0 0 -1
    outer loop
      vertex 122.61939766255644 129.08658283817456 12
      vertex 119.57059520526919 130.34943816497935 12
      vertex 119.64207390469142 130.5600076233257 12
    endloop
  endfacet
  facet normal 0 0 -1
    outer loop
      vertex 122.82962913144534 129.7059047744874 12
      vertex 119.64207390469142 130.5600076233257 12
      vertex 119.68545626433547 130.7781054732259 12
    endloop
  endfacet
  facet normal 0 0 -1
    outer loop
      vertex 122.82962913144534 129.7059047744874 12
      vertex 119.68545626433547 130.7781054732259 12
      vertex 119.7 131 12
    endloop
  endfacet
  facet normal 0 0 -1
    outer loop
      vertex 122.3301270189222 128.5 12
      vertex 119.47224318643354 130.15 12
      vertex 122.61939766255644 129.08658283817456 12
    endloop
  endfacet
  facet normal 0 0 -1
    outer loop
      vertex 122.82962913144534 129.7059047744874 12
      vertex 122.61939766255644 129.08658283817456 12
      vertex 119.64207390469142 130.5600076233257 12
    endloop
  endfacet
  facet normal 0 0 -1
    outer loop
      vertex 122.95722430686905 130.34736903889973 12
      vertex 122.82962913144534 129.7059047744874 12
      vertex 119.7 131 12
    endloop
  endfacet
  facet normal 0 0 -1
    outer loop
      vertex 118.3 132.6699201197508 12
      vertex 118.65263096110026 135.95722430686905 12
      vertex 118.43999237667428 132.64207390469142 12
    endloop
  endfacet
  facet normal 0 0 -1
    outer loop
      vertex 118.43999237667428 132.64207390469142 12
      vertex 119.2940952255126 135.82962913144533 12
      vertex 118.65056183502065 132.5705952052692 12
    endloop
  endfacet
  facet normal 0 0 -1
    outer loop
      vertex 118.65056183502065 132.5705952052692 12
      vertex 119.91341716182545 135.61939766255642 12
      vertex 118.85 132.47224318643356 12
    endloop
  endfacet
  facet normal 0 0 -1
    outer loop
      vertex 118.43999237667428 132.64207390469142 12
      vertex 118.65263096110026 135.95722430686905 12
      vertex 119.2940952255126 135.82962913144533 12
    endloop
  endfacet
  facet normal 0 0 -1
    outer loop
      vertex 118.65056183502065 132.5705952052692 12
      vertex 119.2940952255126 135.82962913144533 12
      vertex 119.91341716182545 135.61939766255642 12
    endloop
  endfacet
  facet normal 0 0 -1
    outer loop
      vertex 118.85 132.47224318643356 12
      vertex 120.5 135.33012701892218 12
      vertex 119.03489442931482 132.3487006784951 12
    endloop
  endfacet
  facet normal 0 0 -1
    outer loop
      vertex 119.20208152801713 132.20208152801712 12
      vertex 119.03489442931482 132.3487006784951 12
      vertex 121.0438071450436 134.96676670145618 12
    endloop
  endfacet
  facet normal 0 0 -1
    outer loop
      vertex 119.20208152801713 132.20208152801712 12
      vertex 121.53553390593274 134.53553390593274 12
      vertex 119.3487006784951 132.03489442931482 12
    endloop
  endfacet
  facet normal 0 0 -1
    outer loop
      vertex 118.85 132.47224318643356 12
      vertex 119.91341716182545 135.61939766255642 12
      vertex 120.5 135.33012701892218 12
    endloop
  endfacet
  facet normal 0 0 -1
    outer loop
      vertex 119.03489442931482 132.3487006784951 12
      vertex 120.5 135.33012701892218 12
      vertex 121.0438071450436 134.96676670145618 12
    endloop
  endfacet
  facet normal 0 0 -1
    outer loop
      vertex 122.95722430686905 130.34736903889973 12
      vertex 119.7 131 12
      vertex 119.68545626433547 131.2218945267741 12
    endloop
  endfacet
  facet normal 0 0 -1
    outer loop
      vertex 123 131 12
      vertex 119.68545626433547 131.2218945267741 12
      vertex 119.64207390469142 131.4399923766743 12
    endloop
  endfacet
  facet normal 0 0 -1
    outer loop
      vertex 123 131 12
      vertex 119.64207390469142 131.4399923766743 12
      vertex 119.57059520526919 131.65056183502065 12
    endloop
  endfacet
  facet normal 0 0 -1
    outer loop
      vertex 122.82962913144534 132.2940952255126 12
      vertex 119.57059520526919 131.65056183502065 12
      vertex 119.47224318643354 131.85 12
    endloop
  endfacet
  facet normal 0 0 -1
    outer loop
      vertex 122.82962913144534 132.2940952255126 12
      vertex 119.47224318643354 131.85 12
      vertex 119.3487006784951 132.03489442931482 12
    endloop
  endfacet
  facet normal 0 0 -1
    outer loop
      vertex 119.3487006784951 132.03489442931482 12
      vertex 122.3301270189222 133.5 12
      vertex 122.61939766255644 132.91341716182544 12
    endloop
  endfacet
  facet normal 0 0 -1
    outer loop
      vertex 122.95722430686905 130.34736903889973 12
      vertex 119.68545626433547 131.2218945267741 12
      vertex 123 131 12
    endloop
  endfacet
  facet normal 0 0 -1
    outer loop
      vertex 122.82962913144534 132.2940952255126 12
      vertex 123 131 12
      vertex 119.57059520526919 131.65056183502065 12
    endloop
  endfacet
  facet normal 0 0 -1
    outer loop
      vertex 119.3487006784951 132.03489442931482 12
      vertex 122.61939766255644 132.91341716182544 12
      vertex 122.82962913144534 132.2940952255126 12
    endloop
  endfacet
  facet normal 0 0 -1
    outer loop
      vertex 119.20208152801713 132.20208152801712 12
      vertex 121.0438071450436 134.96676670145618 12
      vertex 121.53553390593274 134.53553390593274 12
    endloop
  endfacet
  facet normal 0 0 -1
    outer loop
      vertex 119.3487006784951 132.03489442931482 12
      vertex 121.53553390593274 134.53553390593274 12
      vertex 121.96676670145618 134.04380714504362 12
    endloop
  endfacet
  facet normal 0 0 -1
    outer loop
      vertex 119.3487006784951 132.03489442931482 12
      vertex 121.96676670145618 134.04380714504362 12
      vertex 122.3301270189222 133.5 12
    endloop
  endfacet
  facet normal 0 0 -1
    outer loop
      vertex 118.3 137 12
      vertex 115.95 139.5 12
      vertex 123.5 139.5 12
    endloop
  endfacet
  facet normal 0 0 -1
    outer loop
      vertex 118.3 137 12
      vertex 123.5 139.5 12
      vertex 124 137 12
    endloop
  endfacet
  facet normal 0 0 -1
    outer loop
      vertex 122.82962913144534 132.2940952255126 12
      vertex 122.95722430686905 131.65263096110027 12
      vertex 123 131 12
    endloop
  endfacet
  facet normal 0 0 -1
    outer loop
      vertex 124 137 12
      vertex 123.5 139.5 12
      vertex 123.89157857666015 139.47433458412144 12
    endloop
  endfacet
  facet normal 0 0 -1
    outer loop
      vertex 124 137 12
      vertex 123.89157857666015 139.47433458412144 12
      vertex 124.27645713530757 139.3977774788672 12
    endloop
  endfacet
  facet normal 0 0 -1
    outer loop
      vertex 124 137 12
      vertex 124.27645713530757 139.3977774788672 12
      vertex 124.64805029709527 139.27163859753387 12
    endloop
  endfacet
  facet normal 0 0 -1
    outer loop
      vertex 126.5 135.88313973952833 12
      vertex 124.07057288278193 133.14672060010636 12
      vertex 124 137 12
    endloop
  endfacet
  facet normal 0 0 -1
    outer loop
      vertex 124 137 12
      vertex 126.5 136.5 12
      vertex 126.5 135.88313973952833 12
    endloop
  endfacet
  facet normal 0 0 -1
    outer loop
      vertex 124 137 12
      vertex 126.47433458412144 136.89157857666015 12
      vertex 126.5 136.5 12
    endloop
  endfacet
  facet normal 0 0 -1
    outer loop
      vertex 124 137 12
      vertex 126.3977774788672 137.27645713530757 12
      vertex 126.47433458412144 136.89157857666015 12
    endloop
  endfacet
  facet normal 0 0 -1
    outer loop
      vertex 124 137 12
      vertex 125 139.09807621135332 12
      vertex 125.32628428702616 138.8800600208737 12
    endloop
  endfacet
  facet normal 0 0 -1
    outer loop
      vertex 124 137 12
      vertex 125.32628428702616 138.8800600208737 12
      vertex 125.62132034355963 138.62132034355963 12
    endloop
  endfacet
  facet normal 0 0 -1
    outer loop
      vertex 124 137 12
      vertex 126.09807621135332 138 12
      vertex 126.27163859753387 137.64805029709527 12
    endloop
  endfacet
  facet normal 0 0 -1
    outer loop
      vertex 124 137 12
      vertex 125.88006002087371 138.32628428702617 12
      vertex 126.09807621135332 138 12
    endloop
  endfacet
  facet normal 0 0 -1
    outer loop
      vertex 124 137 12
      vertex 125.62132034355963 138.62132034355963 12
      vertex 125.88006002087371 138.32628428702617 12
    endloop
  endfacet
  facet normal 0 0 -1
    outer loop
      vertex 124 137 12
      vertex 124.64805029709527 139.27163859753387 12
      vertex 125 139.09807621135332 12
    endloop
  endfacet
  facet normal 0 0 -1
    outer loop
      vertex 124 137 12
      vertex 126.27163859753387 137.64805029709527 12
      vertex 126.3977774788672 137.27645713530757 12
    endloop
  endfacet
endsolid OpenSCAD_Model
