solid OpenSCAD_Model
  facet normal 0 0 -1
    outer loop
      vertex -2.27163859753386 -0.6480502970952693 -2.5
      vertex -1.6213203435596428 -1.6213203435596428 -2.5
      vertex -2.098076211353316 -1 -2.5
    endloop
  endfacet
  facet normal 0 0 -1
    outer loop
      vertex -2.098076211353316 -1 -2.5
      vertex -1.6213203435596428 -1.6213203435596428 -2.5
      vertex -1.8800600208737057 -1.326284287026162 -2.5
    endloop
  endfacet
  facet normal 0 0 -1
    outer loop
      vertex -1.6213203435596428 -1.6213203435596428 -2.5
      vertex -1 -2.098076211353316 -2.5
      vertex -1.326284287026162 -1.8800600208737057 -2.5
    endloop
  endfacet
  facet normal 0 0 -1
    outer loop
      vertex -1.6213203435596428 -1.6213203435596428 -2.5
      vertex -0.6480502970952693 -2.27163859753386 -2.5
      vertex -1 -2.098076211353316 -2.5
    endloop
  endfacet
  facet normal 0 0 -1
    outer loop
      vertex -1.6213203435596428 -1.6213203435596428 -2.5
      vertex 0.5 -2.5 -2.5
      vertex -0.6480502970952693 -2.27163859753386 -2.5
    endloop
  endfacet
  facet normal 0 0 -1
    outer loop
      vertex -2.27163859753386 -0.6480502970952693 -2.5
      vertex -2.397777478867205 -0.2764571353075622 -2.5
      vertex -2.5 0.5 -2.5
    endloop
  endfacet
  facet normal 0 0 -1
    outer loop
      vertex -2.27163859753386 -0.6480502970952693 -2.5
      vertex -2.5 0.5 -2.5
      vertex -1.6213203435596428 -1.6213203435596428 -2.5
    endloop
  endfacet
  facet normal 0 0 -1
    outer loop
      vertex -2.397777478867205 -0.2764571353075622 -2.5
      vertex -2.474334584121431 0.10842142333984528 -2.5
      vertex -2.5 0.5 -2.5
    endloop
  endfacet
  facet normal 0 0 -1
    outer loop
      vertex -0.6480502970952693 -2.27163859753386 -2.5
      vertex 0.5 -2.5 -2.5
      vertex -0.2764571353075622 -2.397777478867205 -2.5
    endloop
  endfacet
  facet normal 0 0 -1
    outer loop
      vertex -0.2764571353075622 -2.397777478867205 -2.5
      vertex 0.5 -2.5 -2.5
      vertex 0.10842142333984528 -2.474334584121431 -2.5
    endloop
  endfacet
  facet normal -0.8314696123025453 -0.5555702330196018 0
    outer loop
      vertex -2.098076211353316 -1 -2.5
      vertex -1.8800600208737057 -1.326284287026162 -2.5
      vertex -2.098076211353316 -1 12
    endloop
  endfacet
  facet normal -0.8968727415326887 -0.4422886902190006 0
    outer loop
      vertex -2.27163859753386 -0.6480502970952693 -2.5
      vertex -2.098076211353316 -1 -2.5
      vertex -2.27163859753386 -0.6480502970952693 12
    endloop
  endfacet
  facet normal -0.7518398074789776 -0.6593458151000685 -5.345899067147222e-19
    outer loop
      vertex -1.8800600208737057 -1.326284287026162 -2.5
      vertex -1.6213203435596428 -1.6213203435596428 -2.5
      vertex -1.6213203435596428 -1.6213203435596428 12
    endloop
  endfacet
  facet normal -0.5555702330196018 -0.8314696123025453 0
    outer loop
      vertex -1.326284287026162 -1.8800600208737057 -2.5
      vertex -1 -2.098076211353316 -2.5
      vertex -1.326284287026162 -1.8800600208737057 12
    endloop
  endfacet
  facet normal -0.4422886902190006 -0.8968727415326887 0
    outer loop
      vertex -1 -2.098076211353316 -2.5
      vertex -0.6480502970952693 -2.27163859753386 -2.5
      vertex -1 -2.098076211353316 12
    endloop
  endfacet
  facet normal -0.6593458151000685 -0.7518398074789776 -5.345899067147222e-19
    outer loop
      vertex -1.6213203435596428 -1.6213203435596428 -2.5
      vertex -1.326284287026162 -1.8800600208737057 -2.5
      vertex -1.326284287026162 -1.8800600208737057 12
    endloop
  endfacet
  facet normal -0.9469301294951052 -0.3214394653031626 0
    outer loop
      vertex -2.27163859753386 -0.6480502970952693 -2.5
      vertex -2.27163859753386 -0.6480502970952693 12
      vertex -2.397777478867205 -0.2764571353075622 -2.5
    endloop
  endfacet
  facet normal -0.9807852804032307 -0.19509032201612733 0
    outer loop
      vertex -2.397777478867205 -0.2764571353075622 -2.5
      vertex -2.397777478867205 -0.2764571353075622 12
      vertex -2.474334584121431 0.10842142333984528 -2.5
    endloop
  endfacet
  facet normal -0.9978589232386035 -0.06540312923014358 8.894293055748863e-20
    outer loop
      vertex -2.474334584121431 0.10842142333984528 -2.5
      vertex -2.5 0.5 12
      vertex -2.5 0.5 -2.5
    endloop
  endfacet
  facet normal -0.19509032201612733 -0.9807852804032307 -1.1816648849837464e-19
    outer loop
      vertex -0.2764571353075622 -2.397777478867205 -2.5
      vertex 0.10842142333984528 -2.474334584121431 -2.5
      vertex 0.10842142333984528 -2.474334584121431 12
    endloop
  endfacet
  facet normal -0.3214394653031626 -0.9469301294951052 5.696529291953138e-19
    outer loop
      vertex -0.6480502970952693 -2.27163859753386 -2.5
      vertex -0.2764571353075622 -2.397777478867205 -2.5
      vertex -0.2764571353075622 -2.397777478867205 12
    endloop
  endfacet
  facet normal -0.06540312923014358 -0.9978589232386035 0
    outer loop
      vertex 0.10842142333984528 -2.474334584121431 -2.5
      vertex 0.5 -2.5 -2.5
      vertex 0.10842142333984528 -2.474334584121431 12
    endloop
  endfacet
  facet normal 0 -1 0
    outer loop
      vertex 0.5 -2.5 -2.5
      vertex 20 -2.5 -2.5
      vertex 0.5 -2.5 12
    endloop
  endfacet
  facet normal 0 0 -1
    outer loop
      vertex -1.6213203435596428 -1.6213203435596428 -2.5
      vertex -2.5 0.5 -2.5
      vertex -2.5 136.5 -2.5
    endloop
  endfacet
  facet normal 0 0 -1
    outer loop
      vertex -1.6213203435596428 -1.6213203435596428 -2.5
      vertex 125.62132034355963 -1.6213203435596428 -2.5
      vertex 0.5 -2.5 -2.5
    endloop
  endfacet
  facet normal 0 0 -1
    outer loop
      vertex 0.5 -2.5 -2.5
      vertex 125.62132034355963 -1.6213203435596428 -2.5
      vertex 20 -2.5 -2.5
    endloop
  endfacet
  facet normal 0 0 -1
    outer loop
      vertex 20 -2.5 -2.5
      vertex 125.62132034355963 -1.6213203435596428 -2.5
      vertex 21.268499619729603 -2.5 -2.5
    endloop
  endfacet
  facet normal 0 0 -1
    outer loop
      vertex -1.6213203435596428 -1.6213203435596428 -2.5
      vertex 0.5 139.5 -2.5
      vertex 126.5 0.5 -2.5
    endloop
  endfacet
  facet normal 0 -1 0
    outer loop
      vertex 20 -2.5 -2.5
      vertex 20 -2.5 6
      vertex 0.5 -2.5 12
    endloop
  endfacet
  facet normal -0.8968727415326887 -0.4422886902190006 0
    outer loop
      vertex -2.098076211353316 -1 -2.5
      vertex -2.098076211353316 -1 12
      vertex -2.27163859753386 -0.6480502970952693 12
    endloop
  endfacet
  facet normal -0.7518398074789776 -0.6593458151000685 0
    outer loop
      vertex -1.8800600208737057 -1.326284287026162 -2.5
      vertex -1.6213203435596428 -1.6213203435596428 12
      vertex -1.8800600208737057 -1.326284287026162 12
    endloop
  endfacet
  facet normal -0.6593458151000685 -0.7518398074789776 0
    outer loop
      vertex -1.6213203435596428 -1.6213203435596428 -2.5
      vertex -1.326284287026162 -1.8800600208737057 12
      vertex -1.6213203435596428 -1.6213203435596428 12
    endloop
  endfacet
  facet normal -0.8314696123025453 -0.5555702330196018 0
    outer loop
      vertex -1.8800600208737057 -1.326284287026162 -2.5
      vertex -1.8800600208737057 -1.326284287026162 12
      vertex -2.098076211353316 -1 12
    endloop
  endfacet
  facet normal -0.5555702330196018 -0.8314696123025453 0
    outer loop
      vertex -1 -2.098076211353316 -2.5
      vertex -1 -2.098076211353316 12
      vertex -1.326284287026162 -1.8800600208737057 12
    endloop
  endfacet
  facet normal -0.4422886902190006 -0.8968727415326887 0
    outer loop
      vertex -0.6480502970952693 -2.27163859753386 -2.5
      vertex -0.6480502970952693 -2.27163859753386 12
      vertex -1 -2.098076211353316 12
    endloop
  endfacet
  facet normal -0.3214394653031626 -0.9469301294951052 0
    outer loop
      vertex -0.6480502970952693 -2.27163859753386 -2.5
      vertex -0.2764571353075622 -2.397777478867205 12
      vertex -0.6480502970952693 -2.27163859753386 12
    endloop
  endfacet
  facet normal -0.9469301294951052 -0.3214394653031626 0
    outer loop
      vertex -2.397777478867205 -0.2764571353075622 -2.5
      vertex -2.27163859753386 -0.6480502970952693 12
      vertex -2.397777478867205 -0.2764571353075622 12
    endloop
  endfacet
  facet normal -0.9807852804032307 -0.19509032201612733 0
    outer loop
      vertex -2.474334584121431 0.10842142333984528 -2.5
      vertex -2.397777478867205 -0.2764571353075622 12
      vertex -2.474334584121431 0.10842142333984528 12
    endloop
  endfacet
  facet normal -0.9978589232386035 -0.06540312923014358 0
    outer loop
      vertex -2.474334584121431 0.10842142333984528 -2.5
      vertex -2.474334584121431 0.10842142333984528 12
      vertex -2.5 0.5 12
    endloop
  endfacet
  facet normal -0.19509032201612733 -0.9807852804032307 0
    outer loop
      vertex -0.2764571353075622 -2.397777478867205 -2.5
      vertex 0.10842142333984528 -2.474334584121431 12
      vertex -0.2764571353075622 -2.397777478867205 12
    endloop
  endfacet
  facet normal -0.06540312923014358 -0.9978589232386035 0
    outer loop
      vertex 0.5 -2.5 -2.5
      vertex 0.5 -2.5 12
      vertex 0.10842142333984528 -2.474334584121431 12
    endloop
  endfacet
  facet normal 0 -1 0
    outer loop
      vertex 20 -2.5 6
      vertex 46.05 -2.5 12
      vertex 0.5 -2.5 12
    endloop
  endfacet
  facet normal -1 0 0
    outer loop
      vertex -2.5 0.5 -2.5
      vertex -2.5 0.5 12
      vertex -2.5 136.5 12
    endloop
  endfacet
  facet normal 0 -1 0
    outer loop
      vertex 20 -2.5 6
      vertex 29.212056149556886 -2.5 6
      vertex 70.05 -2.5 8.95
    endloop
  endfacet
  facet normal 0 -1 0
    outer loop
      vertex 20 -2.5 6
      vertex 55.95 -2.5 8.95
      vertex 46.05 -2.5 8.95
    endloop
  endfacet
  facet normal 0 -1 0
    outer loop
      vertex 20 -2.5 6
      vertex 58.05 -2.5 8.95
      vertex 55.95 -2.5 8.95
    endloop
  endfacet
  facet normal 0 -1 0
    outer loop
      vertex 29.212056149556886 -2.5 6
      vertex 46 -2.5 6
      vertex 70.05 -2.5 8.95
    endloop
  endfacet
  facet normal 0 -1 0
    outer loop
      vertex 20 -2.5 6
      vertex 67.95 -2.5 8.95
      vertex 58.05 -2.5 8.95
    endloop
  endfacet
  facet normal 0 -1 0
    outer loop
      vertex 20 -2.5 6
      vertex 70.05 -2.5 8.95
      vertex 67.95 -2.5 8.95
    endloop
  endfacet
  facet normal 0 -1 0
    outer loop
      vertex 20 -2.5 6
      vertex 46.05 -2.5 8.95
      vertex 46.05 -2.5 12
    endloop
  endfacet
  facet normal 0 -1 0
    outer loop
      vertex 58.05 -2.5 12
      vertex 55.95 -2.5 8.95
      vertex 58.05 -2.5 8.95
    endloop
  endfacet
  facet normal 0 -1 0
    outer loop
      vertex 55.95 -2.5 8.95
      vertex 58.05 -2.5 12
      vertex 55.95 -2.5 12
    endloop
  endfacet
  facet normal 0 0 -1
    outer loop
      vertex -1.6213203435596428 -1.6213203435596428 -2.5
      vertex -2.5 136.5 -2.5
      vertex 0.5 139.5 -2.5
    endloop
  endfacet
  facet normal -1 0 0
    outer loop
      vertex -2.5 0.5 -2.5
      vertex -2.5 136.5 12
      vertex -2.5 136.5 -2.5
    endloop
  endfacet
  facet normal 0 0 -1
    outer loop
      vertex -2.5 136.5 -2.5
      vertex -2.474334584121431 136.89157857666015 -2.5
      vertex -2.27163859753386 137.64805029709527 -2.5
    endloop
  endfacet
  facet normal 0 0 -1
    outer loop
      vertex -2.474334584121431 136.89157857666015 -2.5
      vertex -2.397777478867205 137.27645713530757 -2.5
      vertex -2.27163859753386 137.64805029709527 -2.5
    endloop
  endfacet
  facet normal 0 0 -1
    outer loop
      vertex -2.5 136.5 -2.5
      vertex -2.27163859753386 137.64805029709527 -2.5
      vertex -1.6213203435596428 138.62132034355963 -2.5
    endloop
  endfacet
  facet normal 0 0 -1
    outer loop
      vertex -2.27163859753386 137.64805029709527 -2.5
      vertex -2.098076211353316 138 -2.5
      vertex -1.6213203435596428 138.62132034355963 -2.5
    endloop
  endfacet
  facet normal 0 0 -1
    outer loop
      vertex -2.098076211353316 138 -2.5
      vertex -1.8800600208737057 138.32628428702617 -2.5
      vertex -1.6213203435596428 138.62132034355963 -2.5
    endloop
  endfacet
  facet normal 0 0 -1
    outer loop
      vertex -2.5 136.5 -2.5
      vertex -1.6213203435596428 138.62132034355963 -2.5
      vertex 0.5 139.5 -2.5
    endloop
  endfacet
  facet normal 0 0 -1
    outer loop
      vertex -1.6213203435596428 138.62132034355963 -2.5
      vertex -1.326284287026162 138.8800600208737 -2.5
      vertex -0.6480502970952693 139.27163859753387 -2.5
    endloop
  endfacet
  facet normal 0 0 -1
    outer loop
      vertex -1.326284287026162 138.8800600208737 -2.5
      vertex -1 139.09807621135332 -2.5
      vertex -0.6480502970952693 139.27163859753387 -2.5
    endloop
  endfacet
  facet normal 0 0 -1
    outer loop
      vertex -1.6213203435596428 138.62132034355963 -2.5
      vertex -0.6480502970952693 139.27163859753387 -2.5
      vertex 0.5 139.5 -2.5
    endloop
  endfacet
  facet normal 0 0 -1
    outer loop
      vertex -0.6480502970952693 139.27163859753387 -2.5
      vertex -0.2764571353075622 139.3977774788672 -2.5
      vertex 0.5 139.5 -2.5
    endloop
  endfacet
  facet normal 0 0 -1
    outer loop
      vertex -0.2764571353075622 139.3977774788672 -2.5
      vertex 0.10842142333984528 139.47433458412144 -2.5
      vertex 0.5 139.5 -2.5
    endloop
  endfacet
  facet normal -0.9978589232386035 0.0654031292301441 0
    outer loop
      vertex -2.5 136.5 -2.5
      vertex -2.5 136.5 12
      vertex -2.474334584121431 136.89157857666015 -2.5
    endloop
  endfacet
  facet normal -0.9807852804032313 0.19509032201612364 0
    outer loop
      vertex -2.474334584121431 136.89157857666015 -2.5
      vertex -2.474334584121431 136.89157857666015 12
      vertex -2.397777478867205 137.27645713530757 -2.5
    endloop
  endfacet
  facet normal -0.9469301294951035 0.32143946530316775 5.360121428002967e-19
    outer loop
      vertex -2.397777478867205 137.27645713530757 -2.5
      vertex -2.27163859753386 137.64805029709527 12
      vertex -2.27163859753386 137.64805029709527 -2.5
    endloop
  endfacet
  facet normal -0.8968727415326897 0.4422886902189983 0
    outer loop
      vertex -2.27163859753386 137.64805029709527 -2.5
      vertex -2.27163859753386 137.64805029709527 12
      vertex -2.098076211353316 138 -2.5
    endloop
  endfacet
  facet normal -0.8314696123025511 0.5555702330195932 0
    outer loop
      vertex -2.098076211353316 138 -2.5
      vertex -2.098076211353316 138 12
      vertex -1.8800600208737057 138.32628428702617 -2.5
    endloop
  endfacet
  facet normal -0.7518398074789567 0.6593458151000924 8.127246885673365e-19
    outer loop
      vertex -1.8800600208737057 138.32628428702617 -2.5
      vertex -1.6213203435596428 138.62132034355963 12
      vertex -1.6213203435596428 138.62132034355963 -2.5
    endloop
  endfacet
  facet normal -0.6593458151000967 0.751839807478953 0
    outer loop
      vertex -1.6213203435596428 138.62132034355963 -2.5
      vertex -1.6213203435596428 138.62132034355963 12
      vertex -1.326284287026162 138.8800600208737 -2.5
    endloop
  endfacet
  facet normal -0.5555702330195879 0.8314696123025548 -7.507514680216097e-19
    outer loop
      vertex -1.326284287026162 138.8800600208737 -2.5
      vertex -1 139.09807621135332 12
      vertex -1 139.09807621135332 -2.5
    endloop
  endfacet
  facet normal -0.44228869021901146 0.8968727415326833 0
    outer loop
      vertex -1 139.09807621135332 -2.5
      vertex -1 139.09807621135332 12
      vertex -0.6480502970952693 139.27163859753387 -2.5
    endloop
  endfacet
  facet normal -0.32143946530313416 0.9469301294951149 0
    outer loop
      vertex -0.6480502970952693 139.27163859753387 -2.5
      vertex -0.6480502970952693 139.27163859753387 12
      vertex -0.2764571353075622 139.3977774788672 -2.5
    endloop
  endfacet
  facet normal -0.1950903220161578 0.9807852804032245 0
    outer loop
      vertex -0.2764571353075622 139.3977774788672 -2.5
      vertex -0.2764571353075622 139.3977774788672 12
      vertex 0.10842142333984528 139.47433458412144 -2.5
    endloop
  endfacet
  facet normal -0.06540312923013004 0.9978589232386043 -6.741540749206995e-20
    outer loop
      vertex 0.10842142333984528 139.47433458412144 -2.5
      vertex 0.5 139.5 12
      vertex 0.5 139.5 -2.5
    endloop
  endfacet
  facet normal 0 1 0
    outer loop
      vertex 0.5 139.5 -2.5
      vertex 0.5 139.5 12
      vertex 123.5 139.5 -2.5
    endloop
  endfacet
  facet normal -0.9978589232386035 0.0654031292301441 0
    outer loop
      vertex -2.474334584121431 136.89157857666015 -2.5
      vertex -2.5 136.5 12
      vertex -2.474334584121431 136.89157857666015 12
    endloop
  endfacet
  facet normal -0.9807852804032313 0.19509032201612364 0
    outer loop
      vertex -2.397777478867205 137.27645713530757 -2.5
      vertex -2.474334584121431 136.89157857666015 12
      vertex -2.397777478867205 137.27645713530757 12
    endloop
  endfacet
  facet normal -0.9469301294951035 0.32143946530316775 0
    outer loop
      vertex -2.397777478867205 137.27645713530757 -2.5
      vertex -2.397777478867205 137.27645713530757 12
      vertex -2.27163859753386 137.64805029709527 12
    endloop
  endfacet
  facet normal -0.8968727415326897 0.4422886902189983 0
    outer loop
      vertex -2.098076211353316 138 -2.5
      vertex -2.27163859753386 137.64805029709527 12
      vertex -2.098076211353316 138 12
    endloop
  endfacet
  facet normal -0.8314696123025511 0.5555702330195932 0
    outer loop
      vertex -1.8800600208737057 138.32628428702617 -2.5
      vertex -2.098076211353316 138 12
      vertex -1.8800600208737057 138.32628428702617 12
    endloop
  endfacet
  facet normal -0.7518398074789567 0.6593458151000924 0
    outer loop
      vertex -1.8800600208737057 138.32628428702617 -2.5
      vertex -1.8800600208737057 138.32628428702617 12
      vertex -1.6213203435596428 138.62132034355963 12
    endloop
  endfacet
  facet normal -0.6593458151000967 0.751839807478953 0
    outer loop
      vertex -1.326284287026162 138.8800600208737 -2.5
      vertex -1.6213203435596428 138.62132034355963 12
      vertex -1.326284287026162 138.8800600208737 12
    endloop
  endfacet
  facet normal -0.5555702330195879 0.8314696123025548 0
    outer loop
      vertex -1.326284287026162 138.8800600208737 -2.5
      vertex -1.326284287026162 138.8800600208737 12
      vertex -1 139.09807621135332 12
    endloop
  endfacet
  facet normal -0.44228869021901146 0.8968727415326833 0
    outer loop
      vertex -0.6480502970952693 139.27163859753387 -2.5
      vertex -1 139.09807621135332 12
      vertex -0.6480502970952693 139.27163859753387 12
    endloop
  endfacet
  facet normal -0.32143946530313416 0.9469301294951149 0
    outer loop
      vertex -0.2764571353075622 139.3977774788672 -2.5
      vertex -0.6480502970952693 139.27163859753387 12
      vertex -0.2764571353075622 139.3977774788672 12
    endloop
  endfacet
  facet normal -0.1950903220161578 0.9807852804032245 0
    outer loop
      vertex 0.10842142333984528 139.47433458412144 -2.5
      vertex -0.2764571353075622 139.3977774788672 12
      vertex 0.10842142333984528 139.47433458412144 12
    endloop
  endfacet
  facet normal -0.06540312923013004 0.9978589232386043 0
    outer loop
      vertex 0.10842142333984528 139.47433458412144 -2.5
      vertex 0.10842142333984528 139.47433458412144 12
      vertex 0.5 139.5 12
    endloop
  endfacet
  facet normal 0 1 0
    outer loop
      vertex 123.5 139.5 -2.5
      vertex 0.5 139.5 12
      vertex 46.05 139.5 8.95
    endloop
  endfacet
  facet normal 0 1 0
    outer loop
      vertex 0.5 139.5 12
      vertex 46.05 139.5 12
      vertex 46.05 139.5 8.95
    endloop
  endfacet
  facet normal 0 1 0
    outer loop
      vertex 55.95 139.5 12
      vertex 58.05 139.5 8.95
      vertex 55.95 139.5 8.95
    endloop
  endfacet
  facet normal 0 1 0
    outer loop
      vertex 58.05 139.5 8.95
      vertex 55.95 139.5 12
      vertex 58.05 139.5 12
    endloop
  endfacet
  facet normal 0 0 -1
    outer loop
      vertex 21.268499619729603 -2.5 -2.5
      vertex 125.62132034355963 -1.6213203435596428 -2.5
      vertex 40.78759783250047 -2.5 -2.5
    endloop
  endfacet
  facet normal 0 0 -1
    outer loop
      vertex 40.78759783250047 -2.5 -2.5
      vertex 125.62132034355963 -1.6213203435596428 -2.5
      vertex 46 -2.5 -2.5
    endloop
  endfacet
  facet normal 0 -1 0
    outer loop
      vertex 46 -2.5 -2.5
      vertex 123.5 -2.5 -2.5
      vertex 46 -2.5 6
    endloop
  endfacet
  facet normal 0 0 -1
    outer loop
      vertex -1.6213203435596428 -1.6213203435596428 -2.5
      vertex 126.5 0.5 -2.5
      vertex 125.62132034355963 -1.6213203435596428 -2.5
    endloop
  endfacet
  facet normal 0 -1 0
    outer loop
      vertex 46 -2.5 6
      vertex 123.5 -2.5 -2.5
      vertex 94.05 -2.5 8.95
    endloop
  endfacet
  facet normal 0 0 -1
    outer loop
      vertex 46 -2.5 -2.5
      vertex 125.62132034355963 -1.6213203435596428 -2.5
      vertex 123.5 -2.5 -2.5
    endloop
  endfacet
  facet normal 0 0 -1
    outer loop
      vertex 123.5 -2.5 -2.5
      vertex 124.64805029709527 -2.27163859753386 -2.5
      vertex 123.89157857666015 -2.474334584121431 -2.5
    endloop
  endfacet
  facet normal 0 0 -1
    outer loop
      vertex 123.89157857666015 -2.474334584121431 -2.5
      vertex 124.64805029709527 -2.27163859753386 -2.5
      vertex 124.27645713530757 -2.397777478867205 -2.5
    endloop
  endfacet
  facet normal 0 0 -1
    outer loop
      vertex 123.5 -2.5 -2.5
      vertex 125.62132034355963 -1.6213203435596428 -2.5
      vertex 124.64805029709527 -2.27163859753386 -2.5
    endloop
  endfacet
  facet normal 0 0 -1
    outer loop
      vertex 124.64805029709527 -2.27163859753386 -2.5
      vertex 125.62132034355963 -1.6213203435596428 -2.5
      vertex 125 -2.098076211353316 -2.5
    endloop
  endfacet
  facet normal 0 0 -1
    outer loop
      vertex 125 -2.098076211353316 -2.5
      vertex 125.62132034355963 -1.6213203435596428 -2.5
      vertex 125.32628428702616 -1.8800600208737057 -2.5
    endloop
  endfacet
  facet normal 0 0 -1
    outer loop
      vertex 125.62132034355963 -1.6213203435596428 -2.5
      vertex 126.27163859753387 -0.6480502970952693 -2.5
      vertex 125.88006002087371 -1.326284287026162 -2.5
    endloop
  endfacet
  facet normal 0 0 -1
    outer loop
      vertex 125.88006002087371 -1.326284287026162 -2.5
      vertex 126.27163859753387 -0.6480502970952693 -2.5
      vertex 126.09807621135332 -1 -2.5
    endloop
  endfacet
  facet normal 0 0 -1
    outer loop
      vertex 125.62132034355963 -1.6213203435596428 -2.5
      vertex 126.5 0.5 -2.5
      vertex 126.27163859753387 -0.6480502970952693 -2.5
    endloop
  endfacet
  facet normal 0 0 -1
    outer loop
      vertex 126.27163859753387 -0.6480502970952693 -2.5
      vertex 126.5 0.5 -2.5
      vertex 126.3977774788672 -0.2764571353075622 -2.5
    endloop
  endfacet
  facet normal 0 0 -1
    outer loop
      vertex 126.3977774788672 -0.2764571353075622 -2.5
      vertex 126.5 0.5 -2.5
      vertex 126.47433458412144 0.10842142333984528 -2.5
    endloop
  endfacet
  facet normal 0.0654031292301441 -0.9978589232386035 -8.66336296447206e-20
    outer loop
      vertex 123.5 -2.5 -2.5
      vertex 123.89157857666015 -2.474334584121431 -2.5
      vertex 123.89157857666015 -2.474334584121431 12
    endloop
  endfacet
  facet normal 0.19509032201612364 -0.9807852804032313 -1.3288594851264142e-19
    outer loop
      vertex 123.89157857666015 -2.474334584121431 -2.5
      vertex 124.27645713530757 -2.397777478867205 -2.5
      vertex 124.27645713530757 -2.397777478867205 12
    endloop
  endfacet
  facet normal 0.32143946530316775 -0.9469301294951035 0
    outer loop
      vertex 124.27645713530757 -2.397777478867205 -2.5
      vertex 124.64805029709527 -2.27163859753386 -2.5
      vertex 124.27645713530757 -2.397777478867205 12
    endloop
  endfacet
  facet normal 0.4422886902189983 -0.8968727415326897 -2.9925405903985376e-19
    outer loop
      vertex 124.64805029709527 -2.27163859753386 -2.5
      vertex 125 -2.098076211353316 -2.5
      vertex 125 -2.098076211353316 12
    endloop
  endfacet
  facet normal 0.5555702330196101 -0.8314696123025401 1.2094766573373474e-18
    outer loop
      vertex 125 -2.098076211353316 -2.5
      vertex 125.32628428702616 -1.8800600208737057 -2.5
      vertex 125.32628428702616 -1.8800600208737057 12
    endloop
  endfacet
  facet normal 0.6593458151000744 -0.7518398074789724 0
    outer loop
      vertex 125.32628428702616 -1.8800600208737057 -2.5
      vertex 125.62132034355963 -1.6213203435596428 -2.5
      vertex 125.32628428702616 -1.8800600208737057 12
    endloop
  endfacet
  facet normal 0.751839807478953 -0.6593458151000967 0
    outer loop
      vertex 125.62132034355963 -1.6213203435596428 -2.5
      vertex 125.88006002087371 -1.326284287026162 -2.5
      vertex 125.62132034355963 -1.6213203435596428 12
    endloop
  endfacet
  facet normal 0.8314696123025548 -0.5555702330195879 0
    outer loop
      vertex 125.88006002087371 -1.326284287026162 -2.5
      vertex 126.09807621135332 -1 -2.5
      vertex 125.88006002087371 -1.326284287026162 12
    endloop
  endfacet
  facet normal 0.8968727415326833 -0.44228869021901146 -5.950883335608014e-19
    outer loop
      vertex 126.09807621135332 -1 -2.5
      vertex 126.27163859753387 -0.6480502970952693 -2.5
      vertex 126.27163859753387 -0.6480502970952693 12
    endloop
  endfacet
  facet normal 0.9469301294951149 -0.32143946530313416 0
    outer loop
      vertex 126.27163859753387 -0.6480502970952693 -2.5
      vertex 126.3977774788672 -0.2764571353075622 -2.5
      vertex 126.27163859753387 -0.6480502970952693 12
    endloop
  endfacet
  facet normal 0.9807852804032245 -0.1950903220161578 -2.447768389243978e-19
    outer loop
      vertex 126.3977774788672 -0.2764571353075622 -2.5
      vertex 126.47433458412144 0.10842142333984528 -2.5
      vertex 126.47433458412144 0.10842142333984528 12
    endloop
  endfacet
  facet normal 0.9978589232386043 -0.06540312923013004 -6.741540749206995e-20
    outer loop
      vertex 126.47433458412144 0.10842142333984528 -2.5
      vertex 126.5 0.5 -2.5
      vertex 126.5 0.5 12
    endloop
  endfacet
  facet normal 1 0 0
    outer loop
      vertex 126.5 0.5 -2.5
      vertex 126.5 136.5 -2.5
      vertex 126.5 0.5 12
    endloop
  endfacet
  facet normal 0 -1 0
    outer loop
      vertex 46 -2.5 6
      vertex 79.95 -2.5 8.95
      vertex 70.05 -2.5 8.95
    endloop
  endfacet
  facet normal 0 -1 0
    outer loop
      vertex 46 -2.5 6
      vertex 82.05 -2.5 8.95
      vertex 79.95 -2.5 8.95
    endloop
  endfacet
  facet normal 0 -1 0
    outer loop
      vertex 46 -2.5 6
      vertex 91.95 -2.5 8.95
      vertex 82.05 -2.5 8.95
    endloop
  endfacet
  facet normal 0 -1 0
    outer loop
      vertex 46 -2.5 6
      vertex 94.05 -2.5 8.95
      vertex 91.95 -2.5 8.95
    endloop
  endfacet
  facet normal 0 -1 0
    outer loop
      vertex 70.05 -2.5 12
      vertex 67.95 -2.5 8.95
      vertex 70.05 -2.5 8.95
    endloop
  endfacet
  facet normal 0 -1 0
    outer loop
      vertex 67.95 -2.5 8.95
      vertex 70.05 -2.5 12
      vertex 67.95 -2.5 12
    endloop
  endfacet
  facet normal 0 -1 0
    outer loop
      vertex 82.05 -2.5 12
      vertex 79.95 -2.5 8.95
      vertex 82.05 -2.5 8.95
    endloop
  endfacet
  facet normal 0 -1 0
    outer loop
      vertex 94.05 -2.5 12
      vertex 91.95 -2.5 8.95
      vertex 94.05 -2.5 8.95
    endloop
  endfacet
  facet normal 0 -1 0
    outer loop
      vertex 79.95 -2.5 8.95
      vertex 82.05 -2.5 12
      vertex 79.95 -2.5 12
    endloop
  endfacet
  facet normal 0 -1 0
    outer loop
      vertex 91.95 -2.5 8.95
      vertex 94.05 -2.5 12
      vertex 91.95 -2.5 12
    endloop
  endfacet
  facet normal 0 -1 0
    outer loop
      vertex 123.5 -2.5 -2.5
      vertex 103.95 -2.5 8.95
      vertex 94.05 -2.5 8.95
    endloop
  endfacet
  facet normal 0 -1 0
    outer loop
      vertex 123.5 -2.5 -2.5
      vertex 106.05 -2.5 8.95
      vertex 103.95 -2.5 8.95
    endloop
  endfacet
  facet normal 0 -1 0
    outer loop
      vertex 123.5 -2.5 -2.5
      vertex 115.95 -2.5 8.95
      vertex 106.05 -2.5 8.95
    endloop
  endfacet
  facet normal 0 -1 0
    outer loop
      vertex 123.5 -2.5 -2.5
      vertex 123.5 -2.5 12
      vertex 115.95 -2.5 8.95
    endloop
  endfacet
  facet normal 0.0654031292301441 -0.9978589232386035 0
    outer loop
      vertex 123.5 -2.5 -2.5
      vertex 123.89157857666015 -2.474334584121431 12
      vertex 123.5 -2.5 12
    endloop
  endfacet
  facet normal 0.19509032201612364 -0.9807852804032313 0
    outer loop
      vertex 123.89157857666015 -2.474334584121431 -2.5
      vertex 124.27645713530757 -2.397777478867205 12
      vertex 123.89157857666015 -2.474334584121431 12
    endloop
  endfacet
  facet normal 0.32143946530316775 -0.9469301294951035 0
    outer loop
      vertex 124.64805029709527 -2.27163859753386 -2.5
      vertex 124.64805029709527 -2.27163859753386 12
      vertex 124.27645713530757 -2.397777478867205 12
    endloop
  endfacet
  facet normal 0.4422886902189983 -0.8968727415326897 0
    outer loop
      vertex 124.64805029709527 -2.27163859753386 -2.5
      vertex 125 -2.098076211353316 12
      vertex 124.64805029709527 -2.27163859753386 12
    endloop
  endfacet
  facet normal 0.5555702330196101 -0.8314696123025401 0
    outer loop
      vertex 125 -2.098076211353316 -2.5
      vertex 125.32628428702616 -1.8800600208737057 12
      vertex 125 -2.098076211353316 12
    endloop
  endfacet
  facet normal 0.6593458151000744 -0.7518398074789724 0
    outer loop
      vertex 125.62132034355963 -1.6213203435596428 -2.5
      vertex 125.62132034355963 -1.6213203435596428 12
      vertex 125.32628428702616 -1.8800600208737057 12
    endloop
  endfacet
  facet normal 0.751839807478953 -0.6593458151000967 0
    outer loop
      vertex 125.88006002087371 -1.326284287026162 -2.5
      vertex 125.88006002087371 -1.326284287026162 12
      vertex 125.62132034355963 -1.6213203435596428 12
    endloop
  endfacet
  facet normal 0.8314696123025548 -0.5555702330195879 0
    outer loop
      vertex 126.09807621135332 -1 -2.5
      vertex 126.09807621135332 -1 12
      vertex 125.88006002087371 -1.326284287026162 12
    endloop
  endfacet
  facet normal 0.8968727415326833 -0.44228869021901146 0
    outer loop
      vertex 126.09807621135332 -1 -2.5
      vertex 126.27163859753387 -0.6480502970952693 12
      vertex 126.09807621135332 -1 12
    endloop
  endfacet
  facet normal 0.9469301294951149 -0.32143946530313416 0
    outer loop
      vertex 126.3977774788672 -0.2764571353075622 -2.5
      vertex 126.3977774788672 -0.2764571353075622 12
      vertex 126.27163859753387 -0.6480502970952693 12
    endloop
  endfacet
  facet normal 0.9807852804032245 -0.1950903220161578 0
    outer loop
      vertex 126.3977774788672 -0.2764571353075622 -2.5
      vertex 126.47433458412144 0.10842142333984528 12
      vertex 126.3977774788672 -0.2764571353075622 12
    endloop
  endfacet
  facet normal 0.9978589232386043 -0.06540312923013004 0
    outer loop
      vertex 126.47433458412144 0.10842142333984528 -2.5
      vertex 126.5 0.5 12
      vertex 126.47433458412144 0.10842142333984528 12
    endloop
  endfacet
  facet normal 0 -1 0
    outer loop
      vertex 106.05 -2.5 12
      vertex 103.95 -2.5 8.95
      vertex 106.05 -2.5 8.95
    endloop
  endfacet
  facet normal 0 -1 0
    outer loop
      vertex 103.95 -2.5 8.95
      vertex 106.05 -2.5 12
      vertex 103.95 -2.5 12
    endloop
  endfacet
  facet normal 0 -1 0
    outer loop
      vertex 115.95 -2.5 12
      vertex 115.95 -2.5 8.95
      vertex 123.5 -2.5 12
    endloop
  endfacet
  facet normal 0 0 -1
    outer loop
      vertex 0.5 139.5 -2.5
      vertex 125.62132034355963 138.62132034355963 -2.5
      vertex 126.5 0.5 -2.5
    endloop
  endfacet
  facet normal 0 0 -1
    outer loop
      vertex 0.5 139.5 -2.5
      vertex 123.5 139.5 -2.5
      vertex 125.62132034355963 138.62132034355963 -2.5
    endloop
  endfacet
  facet normal 0 0 -1
    outer loop
      vertex 126.5 0.5 -2.5
      vertex 125.62132034355963 138.62132034355963 -2.5
      vertex 126.5 136.5 -2.5
    endloop
  endfacet
  facet normal 0 0 -1
    outer loop
      vertex 123.5 139.5 -2.5
      vertex 123.89157857666015 139.47433458412144 -2.5
      vertex 124.64805029709527 139.27163859753387 -2.5
    endloop
  endfacet
  facet normal 0 0 -1
    outer loop
      vertex 123.89157857666015 139.47433458412144 -2.5
      vertex 124.27645713530757 139.3977774788672 -2.5
      vertex 124.64805029709527 139.27163859753387 -2.5
    endloop
  endfacet
  facet normal 0 0 -1
    outer loop
      vertex 126.5 136.5 -2.5
      vertex 126.27163859753387 137.64805029709527 -2.5
      vertex 126.47433458412144 136.89157857666015 -2.5
    endloop
  endfacet
  facet normal 0 0 -1
    outer loop
      vertex 123.5 139.5 -2.5
      vertex 124.64805029709527 139.27163859753387 -2.5
      vertex 125.62132034355963 138.62132034355963 -2.5
    endloop
  endfacet
  facet normal 0 0 -1
    outer loop
      vertex 124.64805029709527 139.27163859753387 -2.5
      vertex 125 139.09807621135332 -2.5
      vertex 125.32628428702616 138.8800600208737 -2.5
    endloop
  endfacet
  facet normal 0 0 -1
    outer loop
      vertex 124.64805029709527 139.27163859753387 -2.5
      vertex 125.32628428702616 138.8800600208737 -2.5
      vertex 125.62132034355963 138.62132034355963 -2.5
    endloop
  endfacet
  facet normal 0 0 -1
    outer loop
      vertex 126.27163859753387 137.64805029709527 -2.5
      vertex 125.62132034355963 138.62132034355963 -2.5
      vertex 125.88006002087371 138.32628428702617 -2.5
    endloop
  endfacet
  facet normal 0 0 -1
    outer loop
      vertex 126.5 136.5 -2.5
      vertex 125.62132034355963 138.62132034355963 -2.5
      vertex 126.27163859753387 137.64805029709527 -2.5
    endloop
  endfacet
  facet normal 0 0 -1
    outer loop
      vertex 126.47433458412144 136.89157857666015 -2.5
      vertex 126.27163859753387 137.64805029709527 -2.5
      vertex 126.3977774788672 137.27645713530757 -2.5
    endloop
  endfacet
  facet normal 0 0 -1
    outer loop
      vertex 126.27163859753387 137.64805029709527 -2.5
      vertex 125.88006002087371 138.32628428702617 -2.5
      vertex 126.09807621135332 138 -2.5
    endloop
  endfacet
  facet normal 0.06540312923013057 0.9978589232386043 0
    outer loop
      vertex 123.5 139.5 -2.5
      vertex 123.5 139.5 12
      vertex 123.89157857666015 139.47433458412144 -2.5
    endloop
  endfacet
  facet normal 0.19509032201615414 0.9807852804032254 0
    outer loop
      vertex 123.89157857666015 139.47433458412144 -2.5
      vertex 123.89157857666015 139.47433458412144 12
      vertex 124.27645713530757 139.3977774788672 -2.5
    endloop
  endfacet
  facet normal 0.9978589232386043 0.06540312923013057 6.510610657639034e-20
    outer loop
      vertex 126.5 136.5 -2.5
      vertex 126.47433458412144 136.89157857666015 -2.5
      vertex 126.47433458412144 136.89157857666015 12
    endloop
  endfacet
  facet normal 0.9807852804032254 0.19509032201615414 0
    outer loop
      vertex 126.47433458412144 136.89157857666015 -2.5
      vertex 126.3977774788672 137.27645713530757 -2.5
      vertex 126.47433458412144 136.89157857666015 12
    endloop
  endfacet
  facet normal 0.3214394653031394 0.9469301294951132 5.553509450631795e-19
    outer loop
      vertex 124.27645713530757 139.3977774788672 -2.5
      vertex 124.64805029709527 139.27163859753387 12
      vertex 124.64805029709527 139.27163859753387 -2.5
    endloop
  endfacet
  facet normal 0.44228869021900924 0.8968727415326845 0
    outer loop
      vertex 124.64805029709527 139.27163859753387 -2.5
      vertex 124.64805029709527 139.27163859753387 12
      vertex 125 139.09807621135332 -2.5
    endloop
  endfacet
  facet normal 0.5555702330195958 0.8314696123025495 0
    outer loop
      vertex 125.32628428702616 138.8800600208737 -2.5
      vertex 125 139.09807621135332 -2.5
      vertex 125.32628428702616 138.8800600208737 12
    endloop
  endfacet
  facet normal 0.8314696123025607 0.5555702330195793 4.76251400070133e-19
    outer loop
      vertex 126.09807621135332 138 -2.5
      vertex 125.88006002087371 138.32628428702617 -2.5
      vertex 125.88006002087371 138.32628428702617 12
    endloop
  endfacet
  facet normal 0.9469301294951132 0.3214394653031394 5.553509450631795e-19
    outer loop
      vertex 126.3977774788672 137.27645713530757 -2.5
      vertex 126.27163859753387 137.64805029709527 -2.5
      vertex 126.27163859753387 137.64805029709527 12
    endloop
  endfacet
  facet normal 0.8968727415326845 0.44228869021900924 0
    outer loop
      vertex 126.27163859753387 137.64805029709527 -2.5
      vertex 126.09807621135332 138 -2.5
      vertex 126.27163859753387 137.64805029709527 12
    endloop
  endfacet
  facet normal 0.7518398074789321 0.6593458151001206 0
    outer loop
      vertex 125.62132034355963 138.62132034355963 -2.5
      vertex 125.62132034355963 138.62132034355963 12
      vertex 125.88006002087371 138.32628428702617 -2.5
    endloop
  endfacet
  facet normal 0.6593458151001026 0.7518398074789477 7.477208650061416e-19
    outer loop
      vertex 125.32628428702616 138.8800600208737 -2.5
      vertex 125.62132034355963 138.62132034355963 12
      vertex 125.62132034355963 138.62132034355963 -2.5
    endloop
  endfacet
  facet normal 0 1 0
    outer loop
      vertex 123.5 139.5 -2.5
      vertex 46.05 139.5 8.95
      vertex 55.95 139.5 8.95
    endloop
  endfacet
  facet normal 0 1 0
    outer loop
      vertex 123.5 139.5 -2.5
      vertex 55.95 139.5 8.95
      vertex 58.05 139.5 8.95
    endloop
  endfacet
  facet normal 0 1 0
    outer loop
      vertex 123.5 139.5 -2.5
      vertex 58.05 139.5 8.95
      vertex 67.95 139.5 8.95
    endloop
  endfacet
  facet normal 0 1 0
    outer loop
      vertex 123.5 139.5 -2.5
      vertex 67.95 139.5 8.95
      vertex 70.05 139.5 8.95
    endloop
  endfacet
  facet normal 0 1 0
    outer loop
      vertex 123.5 139.5 -2.5
      vertex 70.05 139.5 8.95
      vertex 79.95 139.5 8.95
    endloop
  endfacet
  facet normal 0 1 0
    outer loop
      vertex 67.95 139.5 12
      vertex 70.05 139.5 8.95
      vertex 67.95 139.5 8.95
    endloop
  endfacet
  facet normal 0 1 0
    outer loop
      vertex 67.95 139.5 12
      vertex 70.05 139.5 12
      vertex 70.05 139.5 8.95
    endloop
  endfacet
  facet normal 0 1 0
    outer loop
      vertex 82.05 139.5 8.95
      vertex 79.95 139.5 8.95
      vertex 79.95 139.5 12
    endloop
  endfacet
  facet normal 0 1 0
    outer loop
      vertex 94.05 139.5 8.95
      vertex 91.95 139.5 8.95
      vertex 91.95 139.5 12
    endloop
  endfacet
  facet normal 0 1 0
    outer loop
      vertex 82.05 139.5 8.95
      vertex 79.95 139.5 12
      vertex 82.05 139.5 12
    endloop
  endfacet
  facet normal 0 1 0
    outer loop
      vertex 91.95 139.5 12
      vertex 94.05 139.5 12
      vertex 94.05 139.5 8.95
    endloop
  endfacet
  facet normal 1 0 0
    outer loop
      vertex 126.5 136.5 -2.5
      vertex 126.5 136.5 12
      vertex 126.5 0.5 12
    endloop
  endfacet
  facet normal 0 1 0
    outer loop
      vertex 123.5 139.5 -2.5
      vertex 79.95 139.5 8.95
      vertex 82.05 139.5 8.95
    endloop
  endfacet
  facet normal 0 1 0
    outer loop
      vertex 123.5 139.5 -2.5
      vertex 82.05 139.5 8.95
      vertex 91.95 139.5 8.95
    endloop
  endfacet
  facet normal 0 1 0
    outer loop
      vertex 123.5 139.5 -2.5
      vertex 91.95 139.5 8.95
      vertex 94.05 139.5 8.95
    endloop
  endfacet
  facet normal 0 1 0
    outer loop
      vertex 123.5 139.5 -2.5
      vertex 94.05 139.5 8.95
      vertex 103.95 139.5 8.95
    endloop
  endfacet
  facet normal 0 1 0
    outer loop
      vertex 123.5 139.5 -2.5
      vertex 103.95 139.5 8.95
      vertex 106.05 139.5 8.95
    endloop
  endfacet
  facet normal 0 1 0
    outer loop
      vertex 123.5 139.5 -2.5
      vertex 106.05 139.5 8.95
      vertex 115.95 139.5 8.95
    endloop
  endfacet
  facet normal 0 1 0
    outer loop
      vertex 123.5 139.5 -2.5
      vertex 115.95 139.5 8.95
      vertex 123.5 139.5 12
    endloop
  endfacet
  facet normal 0.06540312923013057 0.9978589232386043 0
    outer loop
      vertex 123.89157857666015 139.47433458412144 -2.5
      vertex 123.5 139.5 12
      vertex 123.89157857666015 139.47433458412144 12
    endloop
  endfacet
  facet normal 0.19509032201615414 0.9807852804032254 0
    outer loop
      vertex 124.27645713530757 139.3977774788672 -2.5
      vertex 123.89157857666015 139.47433458412144 12
      vertex 124.27645713530757 139.3977774788672 12
    endloop
  endfacet
  facet normal 0.3214394653031394 0.9469301294951132 0
    outer loop
      vertex 124.27645713530757 139.3977774788672 -2.5
      vertex 124.27645713530757 139.3977774788672 12
      vertex 124.64805029709527 139.27163859753387 12
    endloop
  endfacet
  facet normal 0.9978589232386043 0.06540312923013057 0
    outer loop
      vertex 126.5 136.5 -2.5
      vertex 126.47433458412144 136.89157857666015 12
      vertex 126.5 136.5 12
    endloop
  endfacet
  facet normal 0.44228869021900924 0.8968727415326845 0
    outer loop
      vertex 125 139.09807621135332 -2.5
      vertex 124.64805029709527 139.27163859753387 12
      vertex 125 139.09807621135332 12
    endloop
  endfacet
  facet normal 0.6593458151001026 0.7518398074789477 0
    outer loop
      vertex 125.32628428702616 138.8800600208737 -2.5
      vertex 125.32628428702616 138.8800600208737 12
      vertex 125.62132034355963 138.62132034355963 12
    endloop
  endfacet
  facet normal 0.5555702330195958 0.8314696123025495 0
    outer loop
      vertex 125 139.09807621135332 -2.5
      vertex 125 139.09807621135332 12
      vertex 125.32628428702616 138.8800600208737 12
    endloop
  endfacet
  facet normal 0.9469301294951132 0.3214394653031394 0
    outer loop
      vertex 126.3977774788672 137.27645713530757 -2.5
      vertex 126.27163859753387 137.64805029709527 12
      vertex 126.3977774788672 137.27645713530757 12
    endloop
  endfacet
  facet normal 0.9807852804032254 0.19509032201615414 0
    outer loop
      vertex 126.3977774788672 137.27645713530757 -2.5
      vertex 126.3977774788672 137.27645713530757 12
      vertex 126.47433458412144 136.89157857666015 12
    endloop
  endfacet
  facet normal 0.8968727415326845 0.44228869021900924 0
    outer loop
      vertex 126.09807621135332 138 -2.5
      vertex 126.09807621135332 138 12
      vertex 126.27163859753387 137.64805029709527 12
    endloop
  endfacet
  facet normal 0.8314696123025607 0.5555702330195793 0
    outer loop
      vertex 126.09807621135332 138 -2.5
      vertex 125.88006002087371 138.32628428702617 12
      vertex 126.09807621135332 138 12
    endloop
  endfacet
  facet normal 0.7518398074789321 0.6593458151001206 0
    outer loop
      vertex 125.88006002087371 138.32628428702617 -2.5
      vertex 125.62132034355963 138.62132034355963 12
      vertex 125.88006002087371 138.32628428702617 12
    endloop
  endfacet
  facet normal 0 1 0
    outer loop
      vertex 106.05 139.5 8.95
      vertex 103.95 139.5 8.95
      vertex 103.95 139.5 12
    endloop
  endfacet
  facet normal 0 1 0
    outer loop
      vertex 106.05 139.5 8.95
      vertex 103.95 139.5 12
      vertex 106.05 139.5 12
    endloop
  endfacet
  facet normal 0 1 0
    outer loop
      vertex 123.5 139.5 12
      vertex 115.95 139.5 8.95
      vertex 115.95 139.5 12
    endloop
  endfacet
  facet normal 0 0 1
    outer loop
      vertex 0 0 0
      vertex 1.6698729810778072 3.5 0
      vertex 1.380602337443566 4.086582838174551 0
    endloop
  endfacet
  facet normal 0 0 1
    outer loop
      vertex 0 0 0
      vertex 1.380602337443566 4.086582838174551 0
      vertex 1.1703708685546585 4.705904774487396 0
    endloop
  endfacet
  facet normal 0 0 1
    outer loop
      vertex 0 0 0
      vertex 2.0332332985438244 2.956192854956397 0
      vertex 1.6698729810778072 3.5 0
    endloop
  endfacet
  facet normal 0 0 1
    outer loop
      vertex 0 0 0
      vertex 2.4644660940672622 2.4644660940672622 0
      vertex 2.0332332985438244 2.956192854956397 0
    endloop
  endfacet
  facet normal 0 0 1
    outer loop
      vertex 0 0 0
      vertex 1.1703708685546585 4.705904774487396 0
      vertex 1.042775693130948 5.347369038899743 0
    endloop
  endfacet
  facet normal 0 0 1
    outer loop
      vertex 0 0 0
      vertex 1.042775693130948 5.347369038899743 0
      vertex 1 6 0
    endloop
  endfacet
  facet normal 0 0 1
    outer loop
      vertex 0 0 0
      vertex 2.956192854956397 2.0332332985438244 0
      vertex 2.4644660940672622 2.4644660940672622 0
    endloop
  endfacet
  facet normal 0 0 1
    outer loop
      vertex 0 0 0
      vertex 4.086582838174551 1.380602337443566 0
      vertex 3.5 1.6698729810778072 0
    endloop
  endfacet
  facet normal 0 0 1
    outer loop
      vertex 0 0 0
      vertex 3.5 1.6698729810778072 0
      vertex 2.956192854956397 2.0332332985438244 0
    endloop
  endfacet
  facet normal 0 0 1
    outer loop
      vertex 0 0 0
      vertex 4.705904774487396 1.1703708685546585 0
      vertex 4.086582838174551 1.380602337443566 0
    endloop
  endfacet
  facet normal 0 0 1
    outer loop
      vertex 0 0 0
      vertex 5.347369038899743 1.042775693130948 0
      vertex 4.705904774487396 1.1703708685546585 0
    endloop
  endfacet
  facet normal 0 0 1
    outer loop
      vertex 0 0 0
      vertex 6 1 0
      vertex 5.347369038899743 1.042775693130948 0
    endloop
  endfacet
  facet normal 0 0 1
    outer loop
      vertex 4.017110277252379 5.738947615559897 0
      vertex 4.068148347421864 5.4823619097949585 0
      vertex 5.738947615559897 7.982889722747621 0
    endloop
  endfacet
  facet normal 0 0 1
    outer loop
      vertex 4.152240934977426 5.234633135269821 0
      vertex 6 8 0
      vertex 4.068148347421864 5.4823619097949585 0
    endloop
  endfacet
  facet normal 0 0 1
    outer loop
      vertex 4.267949192431123 5 0
      vertex 6 8 0
      vertex 4.152240934977426 5.234633135269821 0
    endloop
  endfacet
  facet normal 0 0 1
    outer loop
      vertex 4.267949192431123 5 0
      vertex 4.41329331941753 4.782477141982559 0
      vertex 7 7.732050807568877 0
    endloop
  endfacet
  facet normal 0 0 1
    outer loop
      vertex 4.782477141982559 4.41329331941753 0
      vertex 7 7.732050807568877 0
      vertex 4.585786437626905 4.585786437626905 0
    endloop
  endfacet
  facet normal 0 0 1
    outer loop
      vertex 4.41329331941753 4.782477141982559 0
      vertex 4.585786437626905 4.585786437626905 0
      vertex 7 7.732050807568877 0
    endloop
  endfacet
  facet normal 0 0 1
    outer loop
      vertex 5.4823619097949585 4.068148347421864 0
      vertex 7.217522858017441 7.58670668058247 0
      vertex 5.234633135269821 4.152240934977426 0
    endloop
  endfacet
  facet normal 0 0 1
    outer loop
      vertex 5.4823619097949585 4.068148347421864 0
      vertex 5.738947615559897 4.017110277252379 0
      vertex 7.217522858017441 7.58670668058247 0
    endloop
  endfacet
  facet normal 0 0 1
    outer loop
      vertex 5.738947615559897 4.017110277252379 0
      vertex 6 4 0
      vertex 7.217522858017441 7.58670668058247 0
    endloop
  endfacet
  facet normal 0 0 1
    outer loop
      vertex 6 4 0
      vertex 6.261052384440103 4.017110277252379 0
      vertex 7.414213562373095 7.414213562373095 0
    endloop
  endfacet
  facet normal 0 0 1
    outer loop
      vertex 4.782477141982559 4.41329331941753 0
      vertex 5 4.267949192431123 0
      vertex 7 7.732050807568877 0
    endloop
  endfacet
  facet normal 0 0 1
    outer loop
      vertex 5 4.267949192431123 0
      vertex 5.234633135269821 4.152240934977426 0
      vertex 7.217522858017441 7.58670668058247 0
    endloop
  endfacet
  facet normal 0 0 1
    outer loop
      vertex 6.261052384440103 4.017110277252379 0
      vertex 6.5176380902050415 4.068148347421864 0
      vertex 7.58670668058247 7.217522858017441 0
    endloop
  endfacet
  facet normal 0 0 1
    outer loop
      vertex 6.5176380902050415 4.068148347421864 0
      vertex 6.765366864730179 4.152240934977426 0
      vertex 7.732050807568877 7 0
    endloop
  endfacet
  facet normal 0 0 1
    outer loop
      vertex 6.765366864730179 4.152240934977426 0
      vertex 7 4.267949192431123 0
      vertex 7.732050807568877 7 0
    endloop
  endfacet
  facet normal 0 0 1
    outer loop
      vertex 7 4.267949192431123 0
      vertex 7.217522858017441 4.41329331941753 0
      vertex 7.732050807568877 7 0
    endloop
  endfacet
  facet normal 0 0 1
    outer loop
      vertex 6 4 0
      vertex 7.414213562373095 7.414213562373095 0
      vertex 7.217522858017441 7.58670668058247 0
    endloop
  endfacet
  facet normal 0 0 1
    outer loop
      vertex 7.217522858017441 4.41329331941753 0
      vertex 7.414213562373095 4.585786437626905 0
      vertex 7.732050807568877 7 0
    endloop
  endfacet
  facet normal 0 0 1
    outer loop
      vertex 7.414213562373095 4.585786437626905 0
      vertex 7.58670668058247 4.782477141982559 0
      vertex 7.732050807568877 7 0
    endloop
  endfacet
  facet normal 0 0 1
    outer loop
      vertex 6.5176380902050415 4.068148347421864 0
      vertex 7.732050807568877 7 0
      vertex 7.58670668058247 7.217522858017441 0
    endloop
  endfacet
  facet normal 0 0 1
    outer loop
      vertex 6.261052384440103 4.017110277252379 0
      vertex 7.58670668058247 7.217522858017441 0
      vertex 7.414213562373095 7.414213562373095 0
    endloop
  endfacet
  facet normal 0 0 1
    outer loop
      vertex 7.58670668058247 4.782477141982559 0
      vertex 7.732050807568877 5 0
      vertex 7.732050807568877 7 0
    endloop
  endfacet
  facet normal 0 0 1
    outer loop
      vertex 7.732050807568877 5 0
      vertex 7.847759065022574 5.234633135269821 0
      vertex 7.982889722747621 6.261052384440103 0
    endloop
  endfacet
  facet normal 0 0 1
    outer loop
      vertex 7.847759065022574 5.234633135269821 0
      vertex 7.931851652578136 5.4823619097949585 0
      vertex 8 6 0
    endloop
  endfacet
  facet normal 0 0 1
    outer loop
      vertex 7.847759065022574 5.234633135269821 0
      vertex 8 6 0
      vertex 7.982889722747621 6.261052384440103 0
    endloop
  endfacet
  facet normal 0 0 1
    outer loop
      vertex 7.931851652578136 5.4823619097949585 0
      vertex 7.982889722747621 5.738947615559897 0
      vertex 8 6 0
    endloop
  endfacet
  facet normal 0 0 1
    outer loop
      vertex 7.732050807568877 5 0
      vertex 7.847759065022574 6.765366864730179 0
      vertex 7.732050807568877 7 0
    endloop
  endfacet
  facet normal 0 0 1
    outer loop
      vertex 7.732050807568877 5 0
      vertex 7.982889722747621 6.261052384440103 0
      vertex 7.931851652578136 6.5176380902050415 0
    endloop
  endfacet
  facet normal 0 0 1
    outer loop
      vertex 7.732050807568877 5 0
      vertex 7.931851652578136 6.5176380902050415 0
      vertex 7.847759065022574 6.765366864730179 0
    endloop
  endfacet
  facet normal 0 0 1
    outer loop
      vertex 4.017110277252379 5.738947615559897 0
      vertex 5.4823619097949585 7.931851652578136 0
      vertex 4 6 0
    endloop
  endfacet
  facet normal 0 0 1
    outer loop
      vertex 4 6 0
      vertex 5.4823619097949585 7.931851652578136 0
      vertex 4.017110277252379 6.261052384440103 0
    endloop
  endfacet
  facet normal 0 0 1
    outer loop
      vertex 4.017110277252379 6.261052384440103 0
      vertex 5.4823619097949585 7.931851652578136 0
      vertex 4.068148347421864 6.5176380902050415 0
    endloop
  endfacet
  facet normal 0 0 1
    outer loop
      vertex 4.068148347421864 6.5176380902050415 0
      vertex 5.4823619097949585 7.931851652578136 0
      vertex 4.152240934977426 6.765366864730179 0
    endloop
  endfacet
  facet normal 0 0 1
    outer loop
      vertex 4.152240934977426 6.765366864730179 0
      vertex 5.4823619097949585 7.931851652578136 0
      vertex 4.267949192431123 7 0
    endloop
  endfacet
  facet normal 0 0 1
    outer loop
      vertex 4.267949192431123 7 0
      vertex 5 7.732050807568877 0
      vertex 4.41329331941753 7.217522858017441 0
    endloop
  endfacet
  facet normal 0 0 1
    outer loop
      vertex 4.41329331941753 7.217522858017441 0
      vertex 4.782477141982559 7.58670668058247 0
      vertex 4.585786437626905 7.414213562373095 0
    endloop
  endfacet
  facet normal 0 0 1
    outer loop
      vertex 4.41329331941753 7.217522858017441 0
      vertex 5 7.732050807568877 0
      vertex 4.782477141982559 7.58670668058247 0
    endloop
  endfacet
  facet normal 0 0 1
    outer loop
      vertex 4.267949192431123 7 0
      vertex 5.234633135269821 7.847759065022574 0
      vertex 5 7.732050807568877 0
    endloop
  endfacet
  facet normal 0 0 1
    outer loop
      vertex 4.267949192431123 7 0
      vertex 5.4823619097949585 7.931851652578136 0
      vertex 5.234633135269821 7.847759065022574 0
    endloop
  endfacet
  facet normal 0 0 1
    outer loop
      vertex 4.267949192431123 5 0
      vertex 6.261052384440103 7.982889722747621 0
      vertex 6 8 0
    endloop
  endfacet
  facet normal 0 0 1
    outer loop
      vertex 4.017110277252379 5.738947615559897 0
      vertex 5.738947615559897 7.982889722747621 0
      vertex 5.4823619097949585 7.931851652578136 0
    endloop
  endfacet
  facet normal 0 0 1
    outer loop
      vertex 4.068148347421864 5.4823619097949585 0
      vertex 6 8 0
      vertex 5.738947615559897 7.982889722747621 0
    endloop
  endfacet
  facet normal 0 0 1
    outer loop
      vertex 4.267949192431123 5 0
      vertex 6.5176380902050415 7.931851652578136 0
      vertex 6.261052384440103 7.982889722747621 0
    endloop
  endfacet
  facet normal 0 0 1
    outer loop
      vertex 4.267949192431123 5 0
      vertex 6.765366864730179 7.847759065022574 0
      vertex 6.5176380902050415 7.931851652578136 0
    endloop
  endfacet
  facet normal 0 0 1
    outer loop
      vertex 4.267949192431123 5 0
      vertex 7 7.732050807568877 0
      vertex 6.765366864730179 7.847759065022574 0
    endloop
  endfacet
  facet normal 0 0 1
    outer loop
      vertex 5 4.267949192431123 0
      vertex 7.217522858017441 7.58670668058247 0
      vertex 7 7.732050807568877 0
    endloop
  endfacet
  facet normal 0 0 1
    outer loop
      vertex 5.347369038899743 10.957224306869051 0
      vertex 6 11 0
      vertex 18.43422055450476 25.877895231119794 0
    endloop
  endfacet
  facet normal 0 0 1
    outer loop
      vertex 6 11 0
      vertex 6.652630961100257 10.957224306869051 0
      vertex 18.536296694843724 25.364723819589916 0
    endloop
  endfacet
  facet normal 0 0 1
    outer loop
      vertex 6.652630961100257 10.957224306869051 0
      vertex 7.294095225512604 10.82962913144534 0
      vertex 18.70448186995485 24.86926627053964 0
    endloop
  endfacet
  facet normal 0 0 1
    outer loop
      vertex 7.294095225512604 10.82962913144534 0
      vertex 7.913417161825449 10.619397662556434 0
      vertex 18.935898384862245 24.4 0
    endloop
  endfacet
  facet normal 0 0 1
    outer loop
      vertex 7.913417161825449 10.619397662556434 0
      vertex 8.5 10.330127018922193 0
      vertex 19.22658663883506 23.964954283965117 0
    endloop
  endfacet
  facet normal 0 0 1
    outer loop
      vertex 8.5 10.330127018922193 0
      vertex 9.043807145043603 9.966766701456176 0
      vertex 20.86926627053964 22.70448186995485 0
    endloop
  endfacet
  facet normal 0 0 1
    outer loop
      vertex 9.043807145043603 9.966766701456176 0
      vertex 9.535533905932738 9.535533905932738 0
      vertex 20.86926627053964 22.70448186995485 0
    endloop
  endfacet
  facet normal 0 0 1
    outer loop
      vertex 9.535533905932738 9.535533905932738 0
      vertex 9.966766701456176 9.043807145043603 0
      vertex 20.86926627053964 22.70448186995485 0
    endloop
  endfacet
  facet normal 0 0 1
    outer loop
      vertex 4.086582838174551 10.619397662556434 0
      vertex 4.705904774487396 10.82962913144534 0
      vertex 18.43422055450476 26.922104768880203 0
    endloop
  endfacet
  facet normal 0 0 1
    outer loop
      vertex 4.705904774487396 10.82962913144534 0
      vertex 5.347369038899743 10.957224306869051 0
      vertex 18.4 26.4 0
    endloop
  endfacet
  facet normal 0 0 1
    outer loop
      vertex 10.619397662556434 4.086582838174551 0
      vertex 24.83504571603488 23.22658663883506 0
      vertex 10.82962913144534 4.705904774487396 0
    endloop
  endfacet
  facet normal 0 0 1
    outer loop
      vertex 10.82962913144534 4.705904774487396 0
      vertex 24.4 22.935898384862245 0
      vertex 10.957224306869051 5.347369038899743 0
    endloop
  endfacet
  facet normal 0 0 1
    outer loop
      vertex 10.330127018922193 8.5 0
      vertex 10.619397662556434 7.913417161825449 0
      vertex 21.364723819589916 22.536296694843724 0
    endloop
  endfacet
  facet normal 0 0 1
    outer loop
      vertex 10.330127018922193 8.5 0
      vertex 20.86926627053964 22.70448186995485 0
      vertex 9.966766701456176 9.043807145043603 0
    endloop
  endfacet
  facet normal 0 0 1
    outer loop
      vertex 10.82962913144534 7.294095225512604 0
      vertex 21.877895231119794 22.43422055450476 0
      vertex 10.619397662556434 7.913417161825449 0
    endloop
  endfacet
  facet normal 0 0 1
    outer loop
      vertex 11 6 0
      vertex 23.43527618041008 22.536296694843724 0
      vertex 10.957224306869051 6.652630961100257 0
    endloop
  endfacet
  facet normal 0 0 1
    outer loop
      vertex 10.957224306869051 6.652630961100257 0
      vertex 22.922104768880203 22.43422055450476 0
      vertex 10.82962913144534 7.294095225512604 0
    endloop
  endfacet
  facet normal 0 0 1
    outer loop
      vertex 10.957224306869051 5.347369038899743 0
      vertex 23.930733729460357 22.70448186995485 0
      vertex 11 6 0
    endloop
  endfacet
  facet normal 0 0 1
    outer loop
      vertex 6 11 0
      vertex 18.536296694843724 25.364723819589916 0
      vertex 18.43422055450476 25.877895231119794 0
    endloop
  endfacet
  facet normal 0 0 1
    outer loop
      vertex 6.652630961100257 10.957224306869051 0
      vertex 18.70448186995485 24.86926627053964 0
      vertex 18.536296694843724 25.364723819589916 0
    endloop
  endfacet
  facet normal 0 0 1
    outer loop
      vertex 7.294095225512604 10.82962913144534 0
      vertex 18.935898384862245 24.4 0
      vertex 18.70448186995485 24.86926627053964 0
    endloop
  endfacet
  facet normal 0 0 1
    outer loop
      vertex 7.913417161825449 10.619397662556434 0
      vertex 19.22658663883506 23.964954283965117 0
      vertex 18.935898384862245 24.4 0
    endloop
  endfacet
  facet normal 0 0 1
    outer loop
      vertex 10.330127018922193 8.5 0
      vertex 21.364723819589916 22.536296694843724 0
      vertex 20.86926627053964 22.70448186995485 0
    endloop
  endfacet
  facet normal 0 0 1
    outer loop
      vertex 8.5 10.330127018922193 0
      vertex 19.571572875253807 23.571572875253807 0
      vertex 19.22658663883506 23.964954283965117 0
    endloop
  endfacet
  facet normal 0 0 1
    outer loop
      vertex 8.5 10.330127018922193 0
      vertex 19.964954283965117 23.22658663883506 0
      vertex 19.571572875253807 23.571572875253807 0
    endloop
  endfacet
  facet normal 0 0 1
    outer loop
      vertex 8.5 10.330127018922193 0
      vertex 20.4 22.935898384862245 0
      vertex 19.964954283965117 23.22658663883506 0
    endloop
  endfacet
  facet normal 0 0 1
    outer loop
      vertex 8.5 10.330127018922193 0
      vertex 20.86926627053964 22.70448186995485 0
      vertex 20.4 22.935898384862245 0
    endloop
  endfacet
  facet normal 0 0 1
    outer loop
      vertex 5.347369038899743 10.957224306869051 0
      vertex 18.43422055450476 25.877895231119794 0
      vertex 18.4 26.4 0
    endloop
  endfacet
  facet normal 0 0 1
    outer loop
      vertex 4.705904774487396 10.82962913144534 0
      vertex 18.4 26.4 0
      vertex 18.43422055450476 26.922104768880203 0
    endloop
  endfacet
  facet normal 0 0 1
    outer loop
      vertex 4.086582838174551 10.619397662556434 0
      vertex 18.43422055450476 26.922104768880203 0
      vertex 18.536296694843724 27.43527618041008 0
    endloop
  endfacet
  facet normal 0 0 1
    outer loop
      vertex 10.619397662556434 7.913417161825449 0
      vertex 21.877895231119794 22.43422055450476 0
      vertex 21.364723819589916 22.536296694843724 0
    endloop
  endfacet
  facet normal 0 0 1
    outer loop
      vertex 10.82962913144534 7.294095225512604 0
      vertex 22.4 22.4 0
      vertex 21.877895231119794 22.43422055450476 0
    endloop
  endfacet
  facet normal 0 0 1
    outer loop
      vertex 11 6 0
      vertex 23.930733729460357 22.70448186995485 0
      vertex 23.43527618041008 22.536296694843724 0
    endloop
  endfacet
  facet normal 0 0 1
    outer loop
      vertex 10.82962913144534 7.294095225512604 0
      vertex 22.922104768880203 22.43422055450476 0
      vertex 22.4 22.4 0
    endloop
  endfacet
  facet normal 0 0 1
    outer loop
      vertex 10.957224306869051 6.652630961100257 0
      vertex 23.43527618041008 22.536296694843724 0
      vertex 22.922104768880203 22.43422055450476 0
    endloop
  endfacet
  facet normal 0 0 1
    outer loop
      vertex 10.957224306869051 5.347369038899743 0
      vertex 24.4 22.935898384862245 0
      vertex 23.930733729460357 22.70448186995485 0
    endloop
  endfacet
  facet normal 0 0 1
    outer loop
      vertex 10.82962913144534 4.705904774487396 0
      vertex 24.83504571603488 23.22658663883506 0
      vertex 24.4 22.935898384862245 0
    endloop
  endfacet
  facet normal 0 0 1
    outer loop
      vertex 21.182477141982556 24.81329331941753 0
      vertex 24.38288972274762 26.6610523844401 0
      vertex 20.985786437626903 24.985786437626903 0
    endloop
  endfacet
  facet normal 0 0 1
    outer loop
      vertex 21.182477141982556 24.81329331941753 0
      vertex 21.4 24.66794919243112 0
      vertex 24.38288972274762 26.6610523844401 0
    endloop
  endfacet
  facet normal 0 0 1
    outer loop
      vertex 21.4 24.66794919243112 0
      vertex 21.63463313526982 24.552240934977426 0
      vertex 24.38288972274762 26.6610523844401 0
    endloop
  endfacet
  facet normal 0 0 1
    outer loop
      vertex 21.63463313526982 24.552240934977426 0
      vertex 21.88236190979496 24.468148347421863 0
      vertex 24.38288972274762 26.6610523844401 0
    endloop
  endfacet
  facet normal 0 0 1
    outer loop
      vertex 21.88236190979496 24.468148347421863 0
      vertex 22.138947615559896 24.417110277252377 0
      vertex 24.38288972274762 26.6610523844401 0
    endloop
  endfacet
  facet normal 0 0 1
    outer loop
      vertex 22.138947615559896 24.417110277252377 0
      vertex 22.4 24.4 0
      vertex 24.4 26.4 0
    endloop
  endfacet
  facet normal 0 0 1
    outer loop
      vertex 22.4 24.4 0
      vertex 22.6610523844401 24.417110277252377 0
      vertex 24.38288972274762 26.138947615559896 0
    endloop
  endfacet
  facet normal 0 0 1
    outer loop
      vertex 22.91763809020504 24.468148347421863 0
      vertex 23.165366864730178 24.552240934977426 0
      vertex 23.814213562373094 24.985786437626903 0
    endloop
  endfacet
  facet normal 0 0 1
    outer loop
      vertex 23.165366864730178 24.552240934977426 0
      vertex 23.4 24.66794919243112 0
      vertex 23.61752285801744 24.81329331941753 0
    endloop
  endfacet
  facet normal 0 0 1
    outer loop
      vertex 22.91763809020504 24.468148347421863 0
      vertex 23.814213562373094 24.985786437626903 0
      vertex 23.98670668058247 25.182477141982556 0
    endloop
  endfacet
  facet normal 0 0 1
    outer loop
      vertex 23.165366864730178 24.552240934977426 0
      vertex 23.61752285801744 24.81329331941753 0
      vertex 23.814213562373094 24.985786437626903 0
    endloop
  endfacet
  facet normal 0 0 1
    outer loop
      vertex 22.6610523844401 24.417110277252377 0
      vertex 22.91763809020504 24.468148347421863 0
      vertex 24.331851652578134 25.88236190979496 0
    endloop
  endfacet
  facet normal 0 0 1
    outer loop
      vertex 22.91763809020504 24.468148347421863 0
      vertex 23.98670668058247 25.182477141982556 0
      vertex 24.132050807568877 25.4 0
    endloop
  endfacet
  facet normal 0 0 1
    outer loop
      vertex 22.91763809020504 24.468148347421863 0
      vertex 24.132050807568877 25.4 0
      vertex 24.24775906502257 25.63463313526982 0
    endloop
  endfacet
  facet normal 0 0 1
    outer loop
      vertex 22.6610523844401 24.417110277252377 0
      vertex 24.331851652578134 25.88236190979496 0
      vertex 24.38288972274762 26.138947615559896 0
    endloop
  endfacet
  facet normal 0 0 1
    outer loop
      vertex 22.91763809020504 24.468148347421863 0
      vertex 24.24775906502257 25.63463313526982 0
      vertex 24.331851652578134 25.88236190979496 0
    endloop
  endfacet
  facet normal 0 0 1
    outer loop
      vertex 0 0 0
      vertex 1 6 0
      vertex 0 137 0
    endloop
  endfacet
  facet normal 0 0 1
    outer loop
      vertex 1.1703708685546585 7.294095225512604 0
      vertex 1.380602337443566 7.913417161825449 0
      vertex 1.1703708685546585 129.7059047744874 0
    endloop
  endfacet
  facet normal 0 0 1
    outer loop
      vertex 1 6 0
      vertex 1.042775693130948 6.652630961100257 0
      vertex 0 137 0
    endloop
  endfacet
  facet normal 0 0 1
    outer loop
      vertex 1.042775693130948 6.652630961100257 0
      vertex 1.1703708685546585 7.294095225512604 0
      vertex 0 137 0
    endloop
  endfacet
  facet normal 0 0 1
    outer loop
      vertex 1.380602337443566 7.913417161825449 0
      vertex 1.6698729810778072 8.5 0
      vertex 1.6698729810778072 128.5 0
    endloop
  endfacet
  facet normal 0 0 1
    outer loop
      vertex 1.6698729810778072 8.5 0
      vertex 2.0332332985438244 9.043807145043603 0
      vertex 1.6698729810778072 128.5 0
    endloop
  endfacet
  facet normal 0 0 1
    outer loop
      vertex 2.0332332985438244 9.043807145043603 0
      vertex 2.4644660940672622 9.535533905932738 0
      vertex 2.0332332985438244 127.9561928549564 0
    endloop
  endfacet
  facet normal 0 0 1
    outer loop
      vertex 2.4644660940672622 9.535533905932738 0
      vertex 2.956192854956397 9.966766701456176 0
      vertex 2.0332332985438244 127.9561928549564 0
    endloop
  endfacet
  facet normal 0 0 1
    outer loop
      vertex 2.956192854956397 9.966766701456176 0
      vertex 3.5 10.330127018922193 0
      vertex 2.0332332985438244 127.9561928549564 0
    endloop
  endfacet
  facet normal 0 0 1
    outer loop
      vertex 3.5 10.330127018922193 0
      vertex 4.086582838174551 10.619397662556434 0
      vertex 2.0332332985438244 127.9561928549564 0
    endloop
  endfacet
  facet normal 0 0 1
    outer loop
      vertex 4.086582838174551 10.619397662556434 0
      vertex 18.536296694843724 27.43527618041008 0
      vertex 2.0332332985438244 127.9561928549564 0
    endloop
  endfacet
  facet normal 0 0 1
    outer loop
      vertex 18.536296694843724 27.43527618041008 0
      vertex 18.70448186995485 27.930733729460357 0
      vertex 2.0332332985438244 127.9561928549564 0
    endloop
  endfacet
  facet normal 0 0 1
    outer loop
      vertex 20.552240934977426 25.63463313526982 0
      vertex 24.38288972274762 26.6610523844401 0
      vertex 20.468148347421863 25.88236190979496 0
    endloop
  endfacet
  facet normal 0 0 1
    outer loop
      vertex 20.66794919243112 25.4 0
      vertex 24.38288972274762 26.6610523844401 0
      vertex 20.552240934977426 25.63463313526982 0
    endloop
  endfacet
  facet normal 0 0 1
    outer loop
      vertex 20.81329331941753 25.182477141982556 0
      vertex 20.985786437626903 24.985786437626903 0
      vertex 24.38288972274762 26.6610523844401 0
    endloop
  endfacet
  facet normal 0 0 1
    outer loop
      vertex 20.66794919243112 25.4 0
      vertex 20.81329331941753 25.182477141982556 0
      vertex 24.38288972274762 26.6610523844401 0
    endloop
  endfacet
  facet normal 0 0 1
    outer loop
      vertex 20.468148347421863 25.88236190979496 0
      vertex 24.331851652578134 26.91763809020504 0
      vertex 20.417110277252377 26.138947615559896 0
    endloop
  endfacet
  facet normal 0 0 1
    outer loop
      vertex 20.417110277252377 26.138947615559896 0
      vertex 24.331851652578134 26.91763809020504 0
      vertex 20.4 26.4 0
    endloop
  endfacet
  facet normal 0 0 1
    outer loop
      vertex 20.4 26.4 0
      vertex 24.331851652578134 26.91763809020504 0
      vertex 20.417110277252377 26.6610523844401 0
    endloop
  endfacet
  facet normal 0 0 1
    outer loop
      vertex 20.417110277252377 26.6610523844401 0
      vertex 24.331851652578134 26.91763809020504 0
      vertex 20.468148347421863 26.91763809020504 0
    endloop
  endfacet
  facet normal 0 0 1
    outer loop
      vertex 20.468148347421863 26.91763809020504 0
      vertex 24.331851652578134 26.91763809020504 0
      vertex 20.552240934977426 27.165366864730178 0
    endloop
  endfacet
  facet normal 0 0 1
    outer loop
      vertex 20.552240934977426 27.165366864730178 0
      vertex 24.331851652578134 26.91763809020504 0
      vertex 20.66794919243112 27.4 0
    endloop
  endfacet
  facet normal 0 0 1
    outer loop
      vertex 20.66794919243112 27.4 0
      vertex 24.24775906502257 27.165366864730178 0
      vertex 20.81329331941753 27.61752285801744 0
    endloop
  endfacet
  facet normal 0 0 1
    outer loop
      vertex 20.81329331941753 27.61752285801744 0
      vertex 24.24775906502257 27.165366864730178 0
      vertex 20.985786437626903 27.814213562373094 0
    endloop
  endfacet
  facet normal 0 0 1
    outer loop
      vertex 20.985786437626903 27.814213562373094 0
      vertex 24.132050807568877 27.4 0
      vertex 21.182477141982556 27.98670668058247 0
    endloop
  endfacet
  facet normal 0 0 1
    outer loop
      vertex 20.468148347421863 25.88236190979496 0
      vertex 24.38288972274762 26.6610523844401 0
      vertex 24.331851652578134 26.91763809020504 0
    endloop
  endfacet
  facet normal 0 0 1
    outer loop
      vertex 22.138947615559896 24.417110277252377 0
      vertex 24.4 26.4 0
      vertex 24.38288972274762 26.6610523844401 0
    endloop
  endfacet
  facet normal 0 0 1
    outer loop
      vertex 20.66794919243112 27.4 0
      vertex 24.331851652578134 26.91763809020504 0
      vertex 24.24775906502257 27.165366864730178 0
    endloop
  endfacet
  facet normal 0 0 1
    outer loop
      vertex 20.985786437626903 27.814213562373094 0
      vertex 24.24775906502257 27.165366864730178 0
      vertex 24.132050807568877 27.4 0
    endloop
  endfacet
  facet normal 0 0 1
    outer loop
      vertex 21.182477141982556 27.98670668058247 0
      vertex 23.98670668058247 27.61752285801744 0
      vertex 23.814213562373094 27.814213562373094 0
    endloop
  endfacet
  facet normal 0 0 1
    outer loop
      vertex 21.182477141982556 27.98670668058247 0
      vertex 24.132050807568877 27.4 0
      vertex 23.98670668058247 27.61752285801744 0
    endloop
  endfacet
  facet normal 0 0 1
    outer loop
      vertex 21.182477141982556 27.98670668058247 0
      vertex 23.814213562373094 27.814213562373094 0
      vertex 21.4 28.132050807568877 0
    endloop
  endfacet
  facet normal 0 0 1
    outer loop
      vertex 21.4 28.132050807568877 0
      vertex 23.814213562373094 27.814213562373094 0
      vertex 21.63463313526982 28.24775906502257 0
    endloop
  endfacet
  facet normal 0 0 1
    outer loop
      vertex 21.63463313526982 28.24775906502257 0
      vertex 23.165366864730178 28.24775906502257 0
      vertex 21.88236190979496 28.331851652578134 0
    endloop
  endfacet
  facet normal 0 0 1
    outer loop
      vertex 21.88236190979496 28.331851652578134 0
      vertex 22.91763809020504 28.331851652578134 0
      vertex 22.138947615559896 28.38288972274762 0
    endloop
  endfacet
  facet normal 0 0 1
    outer loop
      vertex 22.138947615559896 28.38288972274762 0
      vertex 22.91763809020504 28.331851652578134 0
      vertex 22.4 28.4 0
    endloop
  endfacet
  facet normal 0 0 1
    outer loop
      vertex 21.88236190979496 28.331851652578134 0
      vertex 23.165366864730178 28.24775906502257 0
      vertex 22.91763809020504 28.331851652578134 0
    endloop
  endfacet
  facet normal 0 0 1
    outer loop
      vertex 22.4 28.4 0
      vertex 22.91763809020504 28.331851652578134 0
      vertex 22.6610523844401 28.38288972274762 0
    endloop
  endfacet
  facet normal 0 0 1
    outer loop
      vertex 21.63463313526982 28.24775906502257 0
      vertex 23.61752285801744 27.98670668058247 0
      vertex 23.4 28.132050807568877 0
    endloop
  endfacet
  facet normal 0 0 1
    outer loop
      vertex 21.63463313526982 28.24775906502257 0
      vertex 23.4 28.132050807568877 0
      vertex 23.165366864730178 28.24775906502257 0
    endloop
  endfacet
  facet normal 0 0 1
    outer loop
      vertex 21.63463313526982 28.24775906502257 0
      vertex 23.814213562373094 27.814213562373094 0
      vertex 23.61752285801744 27.98670668058247 0
    endloop
  endfacet
  facet normal 0 0 1
    outer loop
      vertex 22.4 24.4 0
      vertex 24.38288972274762 26.138947615559896 0
      vertex 24.4 26.4 0
    endloop
  endfacet
  facet normal 0 0 1
    outer loop
      vertex 18.70448186995485 27.930733729460357 0
      vertex 18.935898384862245 28.4 0
      vertex 18.70448186995485 111.06926627053963 0
    endloop
  endfacet
  facet normal 0 0 1
    outer loop
      vertex 18.935898384862245 28.4 0
      vertex 19.22658663883506 28.83504571603488 0
      vertex 18.935898384862245 110.6 0
    endloop
  endfacet
  facet normal 0 0 1
    outer loop
      vertex 19.22658663883506 28.83504571603488 0
      vertex 19.571572875253807 29.22842712474619 0
      vertex 19.22658663883506 110.16495428396512 0
    endloop
  endfacet
  facet normal 0 0 1
    outer loop
      vertex 19.571572875253807 29.22842712474619 0
      vertex 19.964954283965117 29.57341336116494 0
      vertex 19.964954283965117 109.42658663883505 0
    endloop
  endfacet
  facet normal 0 0 1
    outer loop
      vertex 19.964954283965117 29.57341336116494 0
      vertex 20.4 29.864101615137752 0
      vertex 19.964954283965117 109.42658663883505 0
    endloop
  endfacet
  facet normal 0 0 1
    outer loop
      vertex 20.4 29.864101615137752 0
      vertex 20.86926627053964 30.095518130045146 0
      vertex 20.86926627053964 108.90448186995485 0
    endloop
  endfacet
  facet normal 0 0 1
    outer loop
      vertex 20.86926627053964 30.095518130045146 0
      vertex 21.364723819589916 30.263703305156273 0
      vertex 21.364723819589916 108.73629669484372 0
    endloop
  endfacet
  facet normal 0 0 1
    outer loop
      vertex 23.930733729460357 30.095518130045146 0
      vertex 23.43527618041008 108.73629669484372 0
      vertex 23.43527618041008 30.263703305156273 0
    endloop
  endfacet
  facet normal 0 0 1
    outer loop
      vertex 21.364723819589916 30.263703305156273 0
      vertex 21.877895231119794 30.36577944549524 0
      vertex 21.877895231119794 108.63422055450475 0
    endloop
  endfacet
  facet normal 0 0 1
    outer loop
      vertex 21.877895231119794 30.36577944549524 0
      vertex 22.4 30.4 0
      vertex 21.877895231119794 108.63422055450475 0
    endloop
  endfacet
  facet normal 0 0 1
    outer loop
      vertex 22.4 30.4 0
      vertex 22.922104768880203 30.36577944549524 0
      vertex 22.922104768880203 108.63422055450475 0
    endloop
  endfacet
  facet normal 0 0 1
    outer loop
      vertex 22.922104768880203 30.36577944549524 0
      vertex 23.43527618041008 30.263703305156273 0
      vertex 22.922104768880203 108.63422055450475 0
    endloop
  endfacet
  facet normal 0 0 1
    outer loop
      vertex 23.930733729460357 30.095518130045146 0
      vertex 24.4 29.864101615137752 0
      vertex 24.4 109.13589838486224 0
    endloop
  endfacet
  facet normal 0 0 1
    outer loop
      vertex 24.4 29.864101615137752 0
      vertex 24.83504571603488 29.57341336116494 0
      vertex 24.83504571603488 109.42658663883505 0
    endloop
  endfacet
  facet normal 0 0 1
    outer loop
      vertex 24.83504571603488 29.57341336116494 0
      vertex 25.22842712474619 29.22842712474619 0
      vertex 24.83504571603488 109.42658663883505 0
    endloop
  endfacet
  facet normal 0 0 1
    outer loop
      vertex 25.57341336116494 28.83504571603488 0
      vertex 25.22842712474619 109.77157287525381 0
      vertex 25.22842712474619 29.22842712474619 0
    endloop
  endfacet
  facet normal 0 0 1
    outer loop
      vertex 0 0 0
      vertex 124 0 0
      vertex 6 1 0
    endloop
  endfacet
  facet normal 0 0 1
    outer loop
      vertex 6 1 0
      vertex 124 0 0
      vertex 6.652630961100257 1.042775693130948 0
    endloop
  endfacet
  facet normal 0 0 1
    outer loop
      vertex 6.652630961100257 1.042775693130948 0
      vertex 124 0 0
      vertex 7.294095225512604 1.1703708685546585 0
    endloop
  endfacet
  facet normal 0 0 1
    outer loop
      vertex 7.294095225512604 1.1703708685546585 0
      vertex 124 0 0
      vertex 7.913417161825449 1.380602337443566 0
    endloop
  endfacet
  facet normal 0 0 1
    outer loop
      vertex 7.913417161825449 1.380602337443566 0
      vertex 124 0 0
      vertex 8.5 1.6698729810778072 0
    endloop
  endfacet
  facet normal 0 0 1
    outer loop
      vertex 8.5 1.6698729810778072 0
      vertex 124 0 0
      vertex 9.043807145043603 2.0332332985438244 0
    endloop
  endfacet
  facet normal 0 0 1
    outer loop
      vertex 9.043807145043603 2.0332332985438244 0
      vertex 124 0 0
      vertex 9.535533905932738 2.4644660940672622 0
    endloop
  endfacet
  facet normal 0 0 1
    outer loop
      vertex 9.535533905932738 2.4644660940672622 0
      vertex 124 0 0
      vertex 9.966766701456176 2.956192854956397 0
    endloop
  endfacet
  facet normal 0 0 1
    outer loop
      vertex 9.966766701456176 2.956192854956397 0
      vertex 124 0 0
      vertex 10.330127018922193 3.5 0
    endloop
  endfacet
  facet normal 0 0 1
    outer loop
      vertex 10.330127018922193 3.5 0
      vertex 124 0 0
      vertex 10.619397662556434 4.086582838174551 0
    endloop
  endfacet
  facet normal 0 0 1
    outer loop
      vertex 10.619397662556434 4.086582838174551 0
      vertex 116.7059047744874 1.1703708685546585 0
      vertex 24.83504571603488 23.22658663883506 0
    endloop
  endfacet
  facet normal 0 0 1
    outer loop
      vertex 24.83504571603488 23.22658663883506 0
      vertex 109.90448186995485 24.86926627053964 0
      vertex 25.22842712474619 23.571572875253807 0
    endloop
  endfacet
  facet normal 0 0 1
    outer loop
      vertex 25.22842712474619 23.571572875253807 0
      vertex 109.90448186995485 24.86926627053964 0
      vertex 25.57341336116494 23.964954283965117 0
    endloop
  endfacet
  facet normal 0 0 1
    outer loop
      vertex 25.57341336116494 23.964954283965117 0
      vertex 109.90448186995485 24.86926627053964 0
      vertex 25.864101615137752 24.4 0
    endloop
  endfacet
  facet normal 0 1 0
    outer loop
      vertex 0 0 0
      vertex 43.7 0 6.6
      vertex 124 0 0
    endloop
  endfacet
  facet normal 0 0 1
    outer loop
      vertex 25.864101615137752 24.4 0
      vertex 115.13073372946036 108.90448186995485 0
      vertex 26.095518130045146 24.86926627053964 0
    endloop
  endfacet
  facet normal 0 0 1
    outer loop
      vertex 25.864101615137752 28.4 0
      vertex 26.095518130045146 27.930733729460357 0
      vertex 115.5 126.6698729810778 0
    endloop
  endfacet
  facet normal 0 0 1
    outer loop
      vertex 25.57341336116494 28.83504571603488 0
      vertex 25.864101615137752 28.4 0
      vertex 115.5 126.6698729810778 0
    endloop
  endfacet
  facet normal 0 0 1
    outer loop
      vertex 26.095518130045146 24.86926627053964 0
      vertex 117.34736903889974 126.04277569313095 0
      vertex 26.263703305156273 25.364723819589916 0
    endloop
  endfacet
  facet normal 0 0 1
    outer loop
      vertex 26.263703305156273 25.364723819589916 0
      vertex 117.34736903889974 126.04277569313095 0
      vertex 26.36577944549524 25.877895231119794 0
    endloop
  endfacet
  facet normal 0 0 1
    outer loop
      vertex 26.36577944549524 25.877895231119794 0
      vertex 117.34736903889974 126.04277569313095 0
      vertex 26.4 26.4 0
    endloop
  endfacet
  facet normal 0 0 1
    outer loop
      vertex 26.4 26.4 0
      vertex 117.34736903889974 126.04277569313095 0
      vertex 26.36577944549524 26.922104768880203 0
    endloop
  endfacet
  facet normal 0 0 1
    outer loop
      vertex 26.263703305156273 27.43527618041008 0
      vertex 116.7059047744874 126.17037086855466 0
      vertex 26.095518130045146 27.930733729460357 0
    endloop
  endfacet
  facet normal 0 0 1
    outer loop
      vertex 26.36577944549524 26.922104768880203 0
      vertex 117.34736903889974 126.04277569313095 0
      vertex 26.263703305156273 27.43527618041008 0
    endloop
  endfacet
  facet normal 0 1 0
    outer loop
      vertex 0 0 0
      vertex 43.7 0 12
      vertex 43.7 0 6.6
    endloop
  endfacet
  facet normal 0 1 0
    outer loop
      vertex 0 0 0
      vertex 0 0 12
      vertex 43.7 0 12
    endloop
  endfacet
  facet normal 1 0 0
    outer loop
      vertex 0 0 0
      vertex 0 137 12
      vertex 0 0 12
    endloop
  endfacet
  facet normal 0 0 1
    outer loop
      vertex 1.380602337443566 7.913417161825449 0
      vertex 1.6698729810778072 128.5 0
      vertex 1.380602337443566 129.08658283817456 0
    endloop
  endfacet
  facet normal 0 0 1
    outer loop
      vertex 1.380602337443566 7.913417161825449 0
      vertex 1.380602337443566 129.08658283817456 0
      vertex 1.1703708685546585 129.7059047744874 0
    endloop
  endfacet
  facet normal 0 0 1
    outer loop
      vertex 1.1703708685546585 7.294095225512604 0
      vertex 1.1703708685546585 129.7059047744874 0
      vertex 1.042775693130948 130.34736903889973 0
    endloop
  endfacet
  facet normal 0 0 1
    outer loop
      vertex 1.1703708685546585 7.294095225512604 0
      vertex 1.042775693130948 130.34736903889973 0
      vertex 1 131 0
    endloop
  endfacet
  facet normal 0 0 1
    outer loop
      vertex 1.1703708685546585 7.294095225512604 0
      vertex 1 131 0
      vertex 0 137 0
    endloop
  endfacet
  facet normal 0 0 1
    outer loop
      vertex 2.0332332985438244 9.043807145043603 0
      vertex 2.0332332985438244 127.9561928549564 0
      vertex 1.6698729810778072 128.5 0
    endloop
  endfacet
  facet normal 0 0 1
    outer loop
      vertex 18.70448186995485 27.930733729460357 0
      vertex 2.956192854956397 127.03323329854382 0
      vertex 2.4644660940672622 127.46446609406726 0
    endloop
  endfacet
  facet normal 0 0 1
    outer loop
      vertex 18.70448186995485 27.930733729460357 0
      vertex 3.5 126.6698729810778 0
      vertex 2.956192854956397 127.03323329854382 0
    endloop
  endfacet
  facet normal 0 0 1
    outer loop
      vertex 18.70448186995485 27.930733729460357 0
      vertex 4.086582838174551 126.38060233744356 0
      vertex 3.5 126.6698729810778 0
    endloop
  endfacet
  facet normal 0 0 1
    outer loop
      vertex 18.70448186995485 27.930733729460357 0
      vertex 2.4644660940672622 127.46446609406726 0
      vertex 2.0332332985438244 127.9561928549564 0
    endloop
  endfacet
  facet normal 0 0 1
    outer loop
      vertex 18.70448186995485 27.930733729460357 0
      vertex 18.70448186995485 111.06926627053963 0
      vertex 4.086582838174551 126.38060233744356 0
    endloop
  endfacet
  facet normal 0 0 1
    outer loop
      vertex 18.935898384862245 28.4 0
      vertex 18.935898384862245 110.6 0
      vertex 18.70448186995485 111.06926627053963 0
    endloop
  endfacet
  facet normal 0 0 1
    outer loop
      vertex 19.22658663883506 28.83504571603488 0
      vertex 19.22658663883506 110.16495428396512 0
      vertex 18.935898384862245 110.6 0
    endloop
  endfacet
  facet normal 0 0 1
    outer loop
      vertex 19.571572875253807 29.22842712474619 0
      vertex 19.571572875253807 109.77157287525381 0
      vertex 19.22658663883506 110.16495428396512 0
    endloop
  endfacet
  facet normal 0 0 1
    outer loop
      vertex 19.571572875253807 29.22842712474619 0
      vertex 19.964954283965117 109.42658663883505 0
      vertex 19.571572875253807 109.77157287525381 0
    endloop
  endfacet
  facet normal 0 0 1
    outer loop
      vertex 20.4 29.864101615137752 0
      vertex 20.4 109.13589838486224 0
      vertex 19.964954283965117 109.42658663883505 0
    endloop
  endfacet
  facet normal 0 0 1
    outer loop
      vertex 20.4 29.864101615137752 0
      vertex 20.86926627053964 108.90448186995485 0
      vertex 20.4 109.13589838486224 0
    endloop
  endfacet
  facet normal 0 0 1
    outer loop
      vertex 20.86926627053964 30.095518130045146 0
      vertex 21.364723819589916 108.73629669484372 0
      vertex 20.86926627053964 108.90448186995485 0
    endloop
  endfacet
  facet normal 0 0 1
    outer loop
      vertex 21.364723819589916 30.263703305156273 0
      vertex 21.877895231119794 108.63422055450475 0
      vertex 21.364723819589916 108.73629669484372 0
    endloop
  endfacet
  facet normal 0 0 1
    outer loop
      vertex 22.4 30.4 0
      vertex 22.4 108.6 0
      vertex 21.877895231119794 108.63422055450475 0
    endloop
  endfacet
  facet normal 0 0 1
    outer loop
      vertex 22.4 30.4 0
      vertex 22.922104768880203 108.63422055450475 0
      vertex 22.4 108.6 0
    endloop
  endfacet
  facet normal 0 0 1
    outer loop
      vertex 23.43527618041008 30.263703305156273 0
      vertex 23.43527618041008 108.73629669484372 0
      vertex 22.922104768880203 108.63422055450475 0
    endloop
  endfacet
  facet normal 0 0 1
    outer loop
      vertex 23.930733729460357 30.095518130045146 0
      vertex 23.930733729460357 108.90448186995485 0
      vertex 23.43527618041008 108.73629669484372 0
    endloop
  endfacet
  facet normal 0 0 1
    outer loop
      vertex 23.930733729460357 30.095518130045146 0
      vertex 24.4 109.13589838486224 0
      vertex 23.930733729460357 108.90448186995485 0
    endloop
  endfacet
  facet normal 0 0 1
    outer loop
      vertex 24.4 29.864101615137752 0
      vertex 24.83504571603488 109.42658663883505 0
      vertex 24.4 109.13589838486224 0
    endloop
  endfacet
  facet normal 0 0 1
    outer loop
      vertex 25.22842712474619 29.22842712474619 0
      vertex 25.22842712474619 109.77157287525381 0
      vertex 24.83504571603488 109.42658663883505 0
    endloop
  endfacet
  facet normal 0 0 1
    outer loop
      vertex 25.57341336116494 28.83504571603488 0
      vertex 25.57341336116494 110.16495428396512 0
      vertex 25.22842712474619 109.77157287525381 0
    endloop
  endfacet
  facet normal 0 0 1
    outer loop
      vertex 25.57341336116494 28.83504571603488 0
      vertex 25.864101615137752 110.6 0
      vertex 25.57341336116494 110.16495428396512 0
    endloop
  endfacet
  facet normal 0 0 1
    outer loop
      vertex 25.57341336116494 28.83504571603488 0
      vertex 26.095518130045146 111.06926627053963 0
      vertex 25.864101615137752 110.6 0
    endloop
  endfacet
  facet normal 0 0 1
    outer loop
      vertex 25.57341336116494 28.83504571603488 0
      vertex 26.263703305156273 111.56472381958991 0
      vertex 26.095518130045146 111.06926627053963 0
    endloop
  endfacet
  facet normal 0 0 1
    outer loop
      vertex 25.57341336116494 28.83504571603488 0
      vertex 26.36577944549524 112.07789523111978 0
      vertex 26.263703305156273 111.56472381958991 0
    endloop
  endfacet
  facet normal 0 0 1
    outer loop
      vertex 25.57341336116494 28.83504571603488 0
      vertex 26.4 112.6 0
      vertex 26.36577944549524 112.07789523111978 0
    endloop
  endfacet
  facet normal 1 0 0
    outer loop
      vertex 0 0 0
      vertex 0 137 0
      vertex 0 137 12
    endloop
  endfacet
  facet normal 0 0 1
    outer loop
      vertex 4.152240934977426 130.23463313526983 0
      vertex 6.5176380902050415 129.06814834742187 0
      vertex 4.068148347421864 130.48236190979495 0
    endloop
  endfacet
  facet normal 0 0 1
    outer loop
      vertex 4.152240934977426 130.23463313526983 0
      vertex 4.267949192431123 130 0
      vertex 6.5176380902050415 129.06814834742187 0
    endloop
  endfacet
  facet normal 0 0 1
    outer loop
      vertex 5 129.26794919243113 0
      vertex 5.234633135269821 129.1522409349774 0
      vertex 5.4823619097949585 129.06814834742187 0
    endloop
  endfacet
  facet normal 0 0 1
    outer loop
      vertex 4.585786437626905 129.5857864376269 0
      vertex 4.782477141982559 129.41329331941753 0
      vertex 6.5176380902050415 129.06814834742187 0
    endloop
  endfacet
  facet normal 0 0 1
    outer loop
      vertex 5 129.26794919243113 0
      vertex 5.4823619097949585 129.06814834742187 0
      vertex 5.738947615559897 129.01711027725239 0
    endloop
  endfacet
  facet normal 0 0 1
    outer loop
      vertex 5 129.26794919243113 0
      vertex 6.5176380902050415 129.06814834742187 0
      vertex 4.782477141982559 129.41329331941753 0
    endloop
  endfacet
  facet normal 0 0 1
    outer loop
      vertex 4.41329331941753 129.78247714198255 0
      vertex 4.585786437626905 129.5857864376269 0
      vertex 6.5176380902050415 129.06814834742187 0
    endloop
  endfacet
  facet normal 0 0 1
    outer loop
      vertex 4.41329331941753 129.78247714198255 0
      vertex 6.5176380902050415 129.06814834742187 0
      vertex 4.267949192431123 130 0
    endloop
  endfacet
  facet normal 0 0 1
    outer loop
      vertex 1 131 0
      vertex 1.042775693130948 131.65263096110027 0
      vertex 0 137 0
    endloop
  endfacet
  facet normal 0 0 1
    outer loop
      vertex 1.042775693130948 131.65263096110027 0
      vertex 1.1703708685546585 132.2940952255126 0
      vertex 0 137 0
    endloop
  endfacet
  facet normal 0 0 1
    outer loop
      vertex 1.1703708685546585 132.2940952255126 0
      vertex 1.380602337443566 132.91341716182544 0
      vertex 0 137 0
    endloop
  endfacet
  facet normal 0 0 1
    outer loop
      vertex 1.380602337443566 132.91341716182544 0
      vertex 1.6698729810778072 133.5 0
      vertex 0 137 0
    endloop
  endfacet
  facet normal 0 0 1
    outer loop
      vertex 0 137 0
      vertex 1.6698729810778072 133.5 0
      vertex 2.0332332985438244 134.04380714504362 0
    endloop
  endfacet
  facet normal 0 0 1
    outer loop
      vertex 0 137 0
      vertex 2.0332332985438244 134.04380714504362 0
      vertex 2.4644660940672622 134.53553390593274 0
    endloop
  endfacet
  facet normal 0 0 1
    outer loop
      vertex 4.017110277252379 130.7389476155599 0
      vertex 4.068148347421864 130.48236190979495 0
      vertex 6.5176380902050415 129.06814834742187 0
    endloop
  endfacet
  facet normal 0 0 1
    outer loop
      vertex 4.017110277252379 130.7389476155599 0
      vertex 6.5176380902050415 129.06814834742187 0
      vertex 4 131 0
    endloop
  endfacet
  facet normal 0 0 1
    outer loop
      vertex 4 131 0
      vertex 6.5176380902050415 129.06814834742187 0
      vertex 4.017110277252379 131.2610523844401 0
    endloop
  endfacet
  facet normal 0 0 1
    outer loop
      vertex 4.017110277252379 131.2610523844401 0
      vertex 6.5176380902050415 129.06814834742187 0
      vertex 4.068148347421864 131.51763809020505 0
    endloop
  endfacet
  facet normal 0 0 1
    outer loop
      vertex 4.068148347421864 131.51763809020505 0
      vertex 6.5176380902050415 129.06814834742187 0
      vertex 4.152240934977426 131.76536686473017 0
    endloop
  endfacet
  facet normal 0 0 1
    outer loop
      vertex 4.152240934977426 131.76536686473017 0
      vertex 6.5176380902050415 129.06814834742187 0
      vertex 4.267949192431123 132 0
    endloop
  endfacet
  facet normal 0 0 1
    outer loop
      vertex 4.267949192431123 132 0
      vertex 6.5176380902050415 129.06814834742187 0
      vertex 4.41329331941753 132.21752285801745 0
    endloop
  endfacet
  facet normal 0 0 1
    outer loop
      vertex 4.41329331941753 132.21752285801745 0
      vertex 6.5176380902050415 129.06814834742187 0
      vertex 4.585786437626905 132.4142135623731 0
    endloop
  endfacet
  facet normal 0 0 1
    outer loop
      vertex 4.585786437626905 132.4142135623731 0
      vertex 6.5176380902050415 129.06814834742187 0
      vertex 4.782477141982559 132.58670668058247 0
    endloop
  endfacet
  facet normal 0 0 1
    outer loop
      vertex 4.782477141982559 132.58670668058247 0
      vertex 6.5176380902050415 129.06814834742187 0
      vertex 5 132.73205080756887 0
    endloop
  endfacet
  facet normal 0 0 1
    outer loop
      vertex 0 137 0
      vertex 2.4644660940672622 134.53553390593274 0
      vertex 2.956192854956397 134.96676670145618 0
    endloop
  endfacet
  facet normal 0 0 1
    outer loop
      vertex 0 137 0
      vertex 2.956192854956397 134.96676670145618 0
      vertex 3.5 135.33012701892218 0
    endloop
  endfacet
  facet normal 0 0 1
    outer loop
      vertex 0 137 0
      vertex 3.5 135.33012701892218 0
      vertex 4.086582838174551 135.61939766255642 0
    endloop
  endfacet
  facet normal 0 0 1
    outer loop
      vertex 0 137 0
      vertex 4.086582838174551 135.61939766255642 0
      vertex 4.705904774487396 135.82962913144533 0
    endloop
  endfacet
  facet normal 0 0 1
    outer loop
      vertex 0 137 0
      vertex 4.705904774487396 135.82962913144533 0
      vertex 5.347369038899743 135.95722430686905 0
    endloop
  endfacet
  facet normal 0 0 1
    outer loop
      vertex 0 137 0
      vertex 5.347369038899743 135.95722430686905 0
      vertex 6 136 0
    endloop
  endfacet
  facet normal 0 0 1
    outer loop
      vertex 0 137 0
      vertex 6 136 0
      vertex 6.652630961100257 135.95722430686905 0
    endloop
  endfacet
  facet normal 0 0 1
    outer loop
      vertex 4.086582838174551 126.38060233744356 0
      vertex 18.536296694843724 111.56472381958991 0
      vertex 4.705904774487396 126.17037086855466 0
    endloop
  endfacet
  facet normal 0 0 1
    outer loop
      vertex 4.705904774487396 126.17037086855466 0
      vertex 18.43422055450476 112.07789523111978 0
      vertex 5.347369038899743 126.04277569313095 0
    endloop
  endfacet
  facet normal 0 0 1
    outer loop
      vertex 5 129.26794919243113 0
      vertex 5.738947615559897 129.01711027725239 0
      vertex 6 129 0
    endloop
  endfacet
  facet normal 0 0 1
    outer loop
      vertex 5 129.26794919243113 0
      vertex 6 129 0
      vertex 6.261052384440103 129.01711027725239 0
    endloop
  endfacet
  facet normal 0 0 1
    outer loop
      vertex 5 129.26794919243113 0
      vertex 6.261052384440103 129.01711027725239 0
      vertex 6.5176380902050415 129.06814834742187 0
    endloop
  endfacet
  facet normal 0 0 1
    outer loop
      vertex 5.347369038899743 126.04277569313095 0
      vertex 18.4 112.6 0
      vertex 6 126 0
    endloop
  endfacet
  facet normal 0 0 1
    outer loop
      vertex 6 126 0
      vertex 18.43422055450476 113.1221047688802 0
      vertex 6.652630961100257 126.04277569313095 0
    endloop
  endfacet
  facet normal 0 0 1
    outer loop
      vertex 6.652630961100257 126.04277569313095 0
      vertex 18.536296694843724 113.63527618041007 0
      vertex 7.294095225512604 126.17037086855466 0
    endloop
  endfacet
  facet normal 0 0 1
    outer loop
      vertex 7.294095225512604 126.17037086855466 0
      vertex 18.70448186995485 114.13073372946036 0
      vertex 7.913417161825449 126.38060233744356 0
    endloop
  endfacet
  facet normal 0 0 1
    outer loop
      vertex 7.913417161825449 126.38060233744356 0
      vertex 18.935898384862245 114.6 0
      vertex 8.5 126.6698729810778 0
    endloop
  endfacet
  facet normal 0 0 1
    outer loop
      vertex 8.5 126.6698729810778 0
      vertex 19.22658663883506 115.03504571603487 0
      vertex 9.043807145043603 127.03323329854382 0
    endloop
  endfacet
  facet normal 0 0 1
    outer loop
      vertex 9.043807145043603 127.03323329854382 0
      vertex 19.571572875253807 115.42842712474618 0
      vertex 9.535533905932738 127.46446609406726 0
    endloop
  endfacet
  facet normal 0 0 1
    outer loop
      vertex 9.535533905932738 127.46446609406726 0
      vertex 20.4 116.06410161513774 0
      vertex 9.966766701456176 127.9561928549564 0
    endloop
  endfacet
  facet normal 0 0 1
    outer loop
      vertex 5 132.73205080756887 0
      vertex 6.5176380902050415 129.06814834742187 0
      vertex 6.765366864730179 129.1522409349774 0
    endloop
  endfacet
  facet normal 0 0 1
    outer loop
      vertex 5 132.73205080756887 0
      vertex 6.765366864730179 129.1522409349774 0
      vertex 7 129.26794919243113 0
    endloop
  endfacet
  facet normal 0 0 1
    outer loop
      vertex 5 132.73205080756887 0
      vertex 7 129.26794919243113 0
      vertex 7.217522858017441 129.41329331941753 0
    endloop
  endfacet
  facet normal 0 0 1
    outer loop
      vertex 5 132.73205080756887 0
      vertex 7.217522858017441 129.41329331941753 0
      vertex 7.414213562373095 129.5857864376269 0
    endloop
  endfacet
  facet normal 0 0 1
    outer loop
      vertex 5 132.73205080756887 0
      vertex 7.414213562373095 129.5857864376269 0
      vertex 7.58670668058247 129.78247714198255 0
    endloop
  endfacet
  facet normal 0 0 1
    outer loop
      vertex 5 132.73205080756887 0
      vertex 7.58670668058247 129.78247714198255 0
      vertex 7.732050807568877 130 0
    endloop
  endfacet
  facet normal 0 0 1
    outer loop
      vertex 5 132.73205080756887 0
      vertex 7.732050807568877 130 0
      vertex 7.847759065022574 130.23463313526983 0
    endloop
  endfacet
  facet normal 0 0 1
    outer loop
      vertex 5 132.73205080756887 0
      vertex 7.847759065022574 130.23463313526983 0
      vertex 7.931851652578136 130.48236190979495 0
    endloop
  endfacet
  facet normal 0 0 1
    outer loop
      vertex 5 132.73205080756887 0
      vertex 7.931851652578136 130.48236190979495 0
      vertex 7.982889722747621 130.7389476155599 0
    endloop
  endfacet
  facet normal 0 0 1
    outer loop
      vertex 5 132.73205080756887 0
      vertex 7.982889722747621 130.7389476155599 0
      vertex 8 131 0
    endloop
  endfacet
  facet normal 0 0 1
    outer loop
      vertex 5 132.73205080756887 0
      vertex 8 131 0
      vertex 7.982889722747621 131.2610523844401 0
    endloop
  endfacet
  facet normal 0 0 1
    outer loop
      vertex 5 132.73205080756887 0
      vertex 7.732050807568877 132 0
      vertex 7.58670668058247 132.21752285801745 0
    endloop
  endfacet
  facet normal 0 0 1
    outer loop
      vertex 5 132.73205080756887 0
      vertex 7.931851652578136 131.51763809020505 0
      vertex 7.847759065022574 131.76536686473017 0
    endloop
  endfacet
  facet normal 0 0 1
    outer loop
      vertex 5 132.73205080756887 0
      vertex 7.982889722747621 131.2610523844401 0
      vertex 7.931851652578136 131.51763809020505 0
    endloop
  endfacet
  facet normal 0 0 1
    outer loop
      vertex 5 132.73205080756887 0
      vertex 7.847759065022574 131.76536686473017 0
      vertex 7.732050807568877 132 0
    endloop
  endfacet
  facet normal 0 0 1
    outer loop
      vertex 5 132.73205080756887 0
      vertex 7 132.73205080756887 0
      vertex 5.234633135269821 132.8477590650226 0
    endloop
  endfacet
  facet normal 0 0 1
    outer loop
      vertex 5.234633135269821 132.8477590650226 0
      vertex 6.765366864730179 132.8477590650226 0
      vertex 5.4823619097949585 132.93185165257813 0
    endloop
  endfacet
  facet normal 0 0 1
    outer loop
      vertex 5.4823619097949585 132.93185165257813 0
      vertex 6.5176380902050415 132.93185165257813 0
      vertex 5.738947615559897 132.98288972274761 0
    endloop
  endfacet
  facet normal 0 0 1
    outer loop
      vertex 5.738947615559897 132.98288972274761 0
      vertex 6.261052384440103 132.98288972274761 0
      vertex 6 133 0
    endloop
  endfacet
  facet normal 0 0 1
    outer loop
      vertex 5.738947615559897 132.98288972274761 0
      vertex 6.5176380902050415 132.93185165257813 0
      vertex 6.261052384440103 132.98288972274761 0
    endloop
  endfacet
  facet normal 0 0 1
    outer loop
      vertex 5.4823619097949585 132.93185165257813 0
      vertex 6.765366864730179 132.8477590650226 0
      vertex 6.5176380902050415 132.93185165257813 0
    endloop
  endfacet
  facet normal 0 0 1
    outer loop
      vertex 5 132.73205080756887 0
      vertex 7.414213562373095 132.4142135623731 0
      vertex 7.217522858017441 132.58670668058247 0
    endloop
  endfacet
  facet normal 0 0 1
    outer loop
      vertex 5 132.73205080756887 0
      vertex 7.217522858017441 132.58670668058247 0
      vertex 7 132.73205080756887 0
    endloop
  endfacet
  facet normal 0 0 1
    outer loop
      vertex 5.234633135269821 132.8477590650226 0
      vertex 7 132.73205080756887 0
      vertex 6.765366864730179 132.8477590650226 0
    endloop
  endfacet
  facet normal 0 0 1
    outer loop
      vertex 5 132.73205080756887 0
      vertex 7.58670668058247 132.21752285801745 0
      vertex 7.414213562373095 132.4142135623731 0
    endloop
  endfacet
  facet normal 0 0 1
    outer loop
      vertex 4.086582838174551 126.38060233744356 0
      vertex 18.70448186995485 111.06926627053963 0
      vertex 18.536296694843724 111.56472381958991 0
    endloop
  endfacet
  facet normal 0 0 1
    outer loop
      vertex 4.705904774487396 126.17037086855466 0
      vertex 18.536296694843724 111.56472381958991 0
      vertex 18.43422055450476 112.07789523111978 0
    endloop
  endfacet
  facet normal 0 0 1
    outer loop
      vertex 5.347369038899743 126.04277569313095 0
      vertex 18.43422055450476 112.07789523111978 0
      vertex 18.4 112.6 0
    endloop
  endfacet
  facet normal 0 0 1
    outer loop
      vertex 6 126 0
      vertex 18.4 112.6 0
      vertex 18.43422055450476 113.1221047688802 0
    endloop
  endfacet
  facet normal 0 0 1
    outer loop
      vertex 6.652630961100257 126.04277569313095 0
      vertex 18.43422055450476 113.1221047688802 0
      vertex 18.536296694843724 113.63527618041007 0
    endloop
  endfacet
  facet normal 0 0 1
    outer loop
      vertex 7.294095225512604 126.17037086855466 0
      vertex 18.536296694843724 113.63527618041007 0
      vertex 18.70448186995485 114.13073372946036 0
    endloop
  endfacet
  facet normal 0 0 1
    outer loop
      vertex 7.913417161825449 126.38060233744356 0
      vertex 18.70448186995485 114.13073372946036 0
      vertex 18.935898384862245 114.6 0
    endloop
  endfacet
  facet normal 0 0 1
    outer loop
      vertex 8.5 126.6698729810778 0
      vertex 18.935898384862245 114.6 0
      vertex 19.22658663883506 115.03504571603487 0
    endloop
  endfacet
  facet normal 0 0 1
    outer loop
      vertex 9.043807145043603 127.03323329854382 0
      vertex 19.22658663883506 115.03504571603487 0
      vertex 19.571572875253807 115.42842712474618 0
    endloop
  endfacet
  facet normal 0 0 1
    outer loop
      vertex 9.535533905932738 127.46446609406726 0
      vertex 19.571572875253807 115.42842712474618 0
      vertex 19.964954283965117 115.77341336116494 0
    endloop
  endfacet
  facet normal 0 0 1
    outer loop
      vertex 9.535533905932738 127.46446609406726 0
      vertex 19.964954283965117 115.77341336116494 0
      vertex 20.4 116.06410161513774 0
    endloop
  endfacet
  facet normal 0 0 1
    outer loop
      vertex 9.966766701456176 127.9561928549564 0
      vertex 20.4 116.06410161513774 0
      vertex 20.86926627053964 116.29551813004514 0
    endloop
  endfacet
  facet normal 0 0 1
    outer loop
      vertex 10.330127018922193 128.5 0
      vertex 20.86926627053964 116.29551813004514 0
      vertex 21.364723819589916 116.46370330515627 0
    endloop
  endfacet
  facet normal 0 0 1
    outer loop
      vertex 20.552240934977426 111.83463313526981 0
      vertex 23.165366864730178 110.75224093497742 0
      vertex 20.468148347421863 112.08236190979495 0
    endloop
  endfacet
  facet normal 0 0 1
    outer loop
      vertex 20.66794919243112 111.6 0
      vertex 20.81329331941753 111.38247714198255 0
      vertex 23.165366864730178 110.75224093497742 0
    endloop
  endfacet
  facet normal 0 0 1
    outer loop
      vertex 20.81329331941753 111.38247714198255 0
      vertex 20.985786437626903 111.1857864376269 0
      vertex 23.165366864730178 110.75224093497742 0
    endloop
  endfacet
  facet normal 0 0 1
    outer loop
      vertex 20.552240934977426 111.83463313526981 0
      vertex 20.66794919243112 111.6 0
      vertex 23.165366864730178 110.75224093497742 0
    endloop
  endfacet
  facet normal 0 0 1
    outer loop
      vertex 20.468148347421863 112.08236190979495 0
      vertex 23.165366864730178 110.75224093497742 0
      vertex 20.417110277252377 112.33894761555989 0
    endloop
  endfacet
  facet normal 0 0 1
    outer loop
      vertex 20.417110277252377 112.33894761555989 0
      vertex 23.165366864730178 110.75224093497742 0
      vertex 20.4 112.6 0
    endloop
  endfacet
  facet normal 0 0 1
    outer loop
      vertex 20.4 112.6 0
      vertex 23.165366864730178 110.75224093497742 0
      vertex 20.417110277252377 112.8610523844401 0
    endloop
  endfacet
  facet normal 0 0 1
    outer loop
      vertex 20.417110277252377 112.8610523844401 0
      vertex 23.165366864730178 110.75224093497742 0
      vertex 20.468148347421863 113.11763809020503 0
    endloop
  endfacet
  facet normal 0 0 1
    outer loop
      vertex 20.468148347421863 113.11763809020503 0
      vertex 23.165366864730178 110.75224093497742 0
      vertex 20.552240934977426 113.36536686473018 0
    endloop
  endfacet
  facet normal 0 0 1
    outer loop
      vertex 20.552240934977426 113.36536686473018 0
      vertex 23.165366864730178 110.75224093497742 0
      vertex 20.66794919243112 113.6 0
    endloop
  endfacet
  facet normal 0 0 1
    outer loop
      vertex 20.66794919243112 113.6 0
      vertex 23.165366864730178 110.75224093497742 0
      vertex 20.81329331941753 113.81752285801744 0
    endloop
  endfacet
  facet normal 0 0 1
    outer loop
      vertex 20.81329331941753 113.81752285801744 0
      vertex 23.165366864730178 110.75224093497742 0
      vertex 20.985786437626903 114.01421356237309 0
    endloop
  endfacet
  facet normal 0 0 1
    outer loop
      vertex 10.330127018922193 128.5 0
      vertex 23.43527618041008 116.46370330515627 0
      vertex 23.930733729460357 116.29551813004514 0
    endloop
  endfacet
  facet normal 0 0 1
    outer loop
      vertex 10.330127018922193 128.5 0
      vertex 23.930733729460357 116.29551813004514 0
      vertex 24.4 116.06410161513774 0
    endloop
  endfacet
  facet normal 0 0 1
    outer loop
      vertex 10.330127018922193 128.5 0
      vertex 24.83504571603488 115.77341336116494 0
      vertex 25.22842712474619 115.42842712474618 0
    endloop
  endfacet
  facet normal 0 0 1
    outer loop
      vertex 10.330127018922193 128.5 0
      vertex 24.4 116.06410161513774 0
      vertex 24.83504571603488 115.77341336116494 0
    endloop
  endfacet
  facet normal 0 0 1
    outer loop
      vertex 20.985786437626903 111.1857864376269 0
      vertex 21.182477141982556 111.01329331941753 0
      vertex 23.165366864730178 110.75224093497742 0
    endloop
  endfacet
  facet normal 0 0 1
    outer loop
      vertex 21.4 110.86794919243111 0
      vertex 23.165366864730178 110.75224093497742 0
      vertex 21.182477141982556 111.01329331941753 0
    endloop
  endfacet
  facet normal 0 0 1
    outer loop
      vertex 21.63463313526982 110.75224093497742 0
      vertex 21.88236190979496 110.66814834742186 0
      vertex 22.91763809020504 110.66814834742186 0
    endloop
  endfacet
  facet normal 0 0 1
    outer loop
      vertex 21.4 110.86794919243111 0
      vertex 21.63463313526982 110.75224093497742 0
      vertex 23.165366864730178 110.75224093497742 0
    endloop
  endfacet
  facet normal 0 0 1
    outer loop
      vertex 21.88236190979496 110.66814834742186 0
      vertex 22.138947615559896 110.61711027725238 0
      vertex 22.6610523844401 110.61711027725238 0
    endloop
  endfacet
  facet normal 0 0 1
    outer loop
      vertex 22.138947615559896 110.61711027725238 0
      vertex 22.4 110.6 0
      vertex 22.6610523844401 110.61711027725238 0
    endloop
  endfacet
  facet normal 0 0 1
    outer loop
      vertex 21.88236190979496 110.66814834742186 0
      vertex 22.6610523844401 110.61711027725238 0
      vertex 22.91763809020504 110.66814834742186 0
    endloop
  endfacet
  facet normal 0 0 1
    outer loop
      vertex 21.63463313526982 110.75224093497742 0
      vertex 22.91763809020504 110.66814834742186 0
      vertex 23.165366864730178 110.75224093497742 0
    endloop
  endfacet
  facet normal 0 0 1
    outer loop
      vertex 21.182477141982556 114.18670668058246 0
      vertex 23.165366864730178 110.75224093497742 0
      vertex 23.4 110.86794919243111 0
    endloop
  endfacet
  facet normal 0 0 1
    outer loop
      vertex 20.985786437626903 114.01421356237309 0
      vertex 23.165366864730178 110.75224093497742 0
      vertex 21.182477141982556 114.18670668058246 0
    endloop
  endfacet
  facet normal 0 0 1
    outer loop
      vertex 21.182477141982556 114.18670668058246 0
      vertex 23.61752285801744 111.01329331941753 0
      vertex 21.4 114.33205080756888 0
    endloop
  endfacet
  facet normal 0 0 1
    outer loop
      vertex 21.4 114.33205080756888 0
      vertex 23.814213562373094 111.1857864376269 0
      vertex 21.63463313526982 114.44775906502257 0
    endloop
  endfacet
  facet normal 0 0 1
    outer loop
      vertex 21.182477141982556 114.18670668058246 0
      vertex 23.4 110.86794919243111 0
      vertex 23.61752285801744 111.01329331941753 0
    endloop
  endfacet
  facet normal 0 0 1
    outer loop
      vertex 21.4 114.33205080756888 0
      vertex 23.61752285801744 111.01329331941753 0
      vertex 23.814213562373094 111.1857864376269 0
    endloop
  endfacet
  facet normal 0 0 1
    outer loop
      vertex 21.88236190979496 114.53185165257813 0
      vertex 23.814213562373094 111.1857864376269 0
      vertex 23.98670668058247 111.38247714198255 0
    endloop
  endfacet
  facet normal 0 0 1
    outer loop
      vertex 22.138947615559896 114.58288972274761 0
      vertex 23.98670668058247 111.38247714198255 0
      vertex 24.132050807568877 111.6 0
    endloop
  endfacet
  facet normal 0 0 1
    outer loop
      vertex 22.138947615559896 114.58288972274761 0
      vertex 24.132050807568877 111.6 0
      vertex 24.24775906502257 111.83463313526981 0
    endloop
  endfacet
  facet normal 0 0 1
    outer loop
      vertex 22.138947615559896 114.58288972274761 0
      vertex 24.24775906502257 111.83463313526981 0
      vertex 24.331851652578134 112.08236190979495 0
    endloop
  endfacet
  facet normal 0 0 1
    outer loop
      vertex 21.63463313526982 114.44775906502257 0
      vertex 23.814213562373094 111.1857864376269 0
      vertex 21.88236190979496 114.53185165257813 0
    endloop
  endfacet
  facet normal 0 0 1
    outer loop
      vertex 21.88236190979496 114.53185165257813 0
      vertex 23.98670668058247 111.38247714198255 0
      vertex 22.138947615559896 114.58288972274761 0
    endloop
  endfacet
  facet normal 0 0 1
    outer loop
      vertex 22.138947615559896 114.58288972274761 0
      vertex 24.331851652578134 112.08236190979495 0
      vertex 22.4 114.6 0
    endloop
  endfacet
  facet normal 0 0 1
    outer loop
      vertex 22.4 114.6 0
      vertex 24.331851652578134 112.08236190979495 0
      vertex 22.6610523844401 114.58288972274761 0
    endloop
  endfacet
  facet normal 0 0 1
    outer loop
      vertex 22.6610523844401 114.58288972274761 0
      vertex 24.38288972274762 112.33894761555989 0
      vertex 22.91763809020504 114.53185165257813 0
    endloop
  endfacet
  facet normal 0 0 1
    outer loop
      vertex 22.91763809020504 114.53185165257813 0
      vertex 24.4 112.6 0
      vertex 23.165366864730178 114.44775906502257 0
    endloop
  endfacet
  facet normal 0 0 1
    outer loop
      vertex 23.165366864730178 114.44775906502257 0
      vertex 24.38288972274762 112.8610523844401 0
      vertex 23.4 114.33205080756888 0
    endloop
  endfacet
  facet normal 0 0 1
    outer loop
      vertex 22.6610523844401 114.58288972274761 0
      vertex 24.331851652578134 112.08236190979495 0
      vertex 24.38288972274762 112.33894761555989 0
    endloop
  endfacet
  facet normal 0 0 1
    outer loop
      vertex 22.91763809020504 114.53185165257813 0
      vertex 24.38288972274762 112.33894761555989 0
      vertex 24.4 112.6 0
    endloop
  endfacet
  facet normal 0 0 1
    outer loop
      vertex 23.165366864730178 114.44775906502257 0
      vertex 24.4 112.6 0
      vertex 24.38288972274762 112.8610523844401 0
    endloop
  endfacet
  facet normal 0 0 1
    outer loop
      vertex 23.4 114.33205080756888 0
      vertex 24.38288972274762 112.8610523844401 0
      vertex 23.61752285801744 114.18670668058246 0
    endloop
  endfacet
  facet normal 0 0 1
    outer loop
      vertex 23.61752285801744 114.18670668058246 0
      vertex 24.24775906502257 113.36536686473018 0
      vertex 23.814213562373094 114.01421356237309 0
    endloop
  endfacet
  facet normal 0 0 1
    outer loop
      vertex 23.61752285801744 114.18670668058246 0
      vertex 24.331851652578134 113.11763809020503 0
      vertex 24.24775906502257 113.36536686473018 0
    endloop
  endfacet
  facet normal 0 0 1
    outer loop
      vertex 24.24775906502257 113.36536686473018 0
      vertex 24.132050807568877 113.6 0
      vertex 23.814213562373094 114.01421356237309 0
    endloop
  endfacet
  facet normal 0 0 1
    outer loop
      vertex 23.61752285801744 114.18670668058246 0
      vertex 24.38288972274762 112.8610523844401 0
      vertex 24.331851652578134 113.11763809020503 0
    endloop
  endfacet
  facet normal 0 0 1
    outer loop
      vertex 24.132050807568877 113.6 0
      vertex 23.98670668058247 113.81752285801744 0
      vertex 23.814213562373094 114.01421356237309 0
    endloop
  endfacet
  facet normal 0 0 1
    outer loop
      vertex 9.966766701456176 127.9561928549564 0
      vertex 20.86926627053964 116.29551813004514 0
      vertex 10.330127018922193 128.5 0
    endloop
  endfacet
  facet normal 0 0 1
    outer loop
      vertex 10.330127018922193 128.5 0
      vertex 21.364723819589916 116.46370330515627 0
      vertex 21.877895231119794 116.56577944549524 0
    endloop
  endfacet
  facet normal 0 0 1
    outer loop
      vertex 10.330127018922193 128.5 0
      vertex 21.877895231119794 116.56577944549524 0
      vertex 22.4 116.6 0
    endloop
  endfacet
  facet normal 0 0 1
    outer loop
      vertex 10.330127018922193 128.5 0
      vertex 22.4 116.6 0
      vertex 22.922104768880203 116.56577944549524 0
    endloop
  endfacet
  facet normal 0 0 1
    outer loop
      vertex 10.330127018922193 128.5 0
      vertex 22.922104768880203 116.56577944549524 0
      vertex 23.43527618041008 116.46370330515627 0
    endloop
  endfacet
  facet normal 0 0 1
    outer loop
      vertex 25.57341336116494 28.83504571603488 0
      vertex 115.5 126.6698729810778 0
      vertex 26.4 112.6 0
    endloop
  endfacet
  facet normal 0 0 1
    outer loop
      vertex 10.330127018922193 128.5 0
      vertex 113 131 0
      vertex 10.619397662556434 129.08658283817456 0
    endloop
  endfacet
  facet normal 0 0 1
    outer loop
      vertex 10.619397662556434 129.08658283817456 0
      vertex 113 131 0
      vertex 10.82962913144534 129.7059047744874 0
    endloop
  endfacet
  facet normal 0 0 1
    outer loop
      vertex 0 137 0
      vertex 6.652630961100257 135.95722430686905 0
      vertex 116.7059047744874 135.82962913144533 0
    endloop
  endfacet
  facet normal 0 0 1
    outer loop
      vertex 10.82962913144534 129.7059047744874 0
      vertex 113 131 0
      vertex 10.957224306869051 130.34736903889973 0
    endloop
  endfacet
  facet normal 0 0 1
    outer loop
      vertex 10.957224306869051 130.34736903889973 0
      vertex 113 131 0
      vertex 11 131 0
    endloop
  endfacet
  facet normal 0 0 1
    outer loop
      vertex 11 131 0
      vertex 113.38060233744356 132.91341716182544 0
      vertex 10.957224306869051 131.65263096110027 0
    endloop
  endfacet
  facet normal 0 0 1
    outer loop
      vertex 10.957224306869051 131.65263096110027 0
      vertex 113.38060233744356 132.91341716182544 0
      vertex 10.82962913144534 132.2940952255126 0
    endloop
  endfacet
  facet normal 0 0 1
    outer loop
      vertex 9.535533905932738 134.53553390593274 0
      vertex 114.46446609406726 134.53553390593274 0
      vertex 9.043807145043603 134.96676670145618 0
    endloop
  endfacet
  facet normal 0 0 1
    outer loop
      vertex 10.330127018922193 133.5 0
      vertex 113.6698729810778 133.5 0
      vertex 9.966766701456176 134.04380714504362 0
    endloop
  endfacet
  facet normal 0 0 1
    outer loop
      vertex 9.535533905932738 134.53553390593274 0
      vertex 9.966766701456176 134.04380714504362 0
      vertex 114.03323329854382 134.04380714504362 0
    endloop
  endfacet
  facet normal 0 0 1
    outer loop
      vertex 10.82962913144534 132.2940952255126 0
      vertex 113.38060233744356 132.91341716182544 0
      vertex 10.619397662556434 132.91341716182544 0
    endloop
  endfacet
  facet normal 0 0 1
    outer loop
      vertex 10.330127018922193 133.5 0
      vertex 10.619397662556434 132.91341716182544 0
      vertex 113.6698729810778 133.5 0
    endloop
  endfacet
  facet normal 0 0 1
    outer loop
      vertex 7.294095225512604 135.82962913144533 0
      vertex 116.7059047744874 135.82962913144533 0
      vertex 6.652630961100257 135.95722430686905 0
    endloop
  endfacet
  facet normal 0 0 1
    outer loop
      vertex 8.5 135.33012701892218 0
      vertex 9.043807145043603 134.96676670145618 0
      vertex 115.5 135.33012701892218 0
    endloop
  endfacet
  facet normal 0 0 1
    outer loop
      vertex 7.294095225512604 135.82962913144533 0
      vertex 7.913417161825449 135.61939766255642 0
      vertex 116.7059047744874 135.82962913144533 0
    endloop
  endfacet
  facet normal 0 0 1
    outer loop
      vertex 7.913417161825449 135.61939766255642 0
      vertex 8.5 135.33012701892218 0
      vertex 116.08658283817455 135.61939766255642 0
    endloop
  endfacet
  facet normal 0 0 1
    outer loop
      vertex 25.57341336116494 115.03504571603487 0
      vertex 113 131 0
      vertex 25.22842712474619 115.42842712474618 0
    endloop
  endfacet
  facet normal 0 0 1
    outer loop
      vertex 25.57341336116494 115.03504571603487 0
      vertex 25.864101615137752 114.6 0
      vertex 113 131 0
    endloop
  endfacet
  facet normal 0 0 1
    outer loop
      vertex 26.4 112.6 0
      vertex 113.17037086855466 129.7059047744874 0
      vertex 26.36577944549524 113.1221047688802 0
    endloop
  endfacet
  facet normal 0 0 1
    outer loop
      vertex 26.36577944549524 113.1221047688802 0
      vertex 113.04277569313095 130.34736903889973 0
      vertex 26.263703305156273 113.63527618041007 0
    endloop
  endfacet
  facet normal 0 0 1
    outer loop
      vertex 26.095518130045146 114.13073372946036 0
      vertex 26.263703305156273 113.63527618041007 0
      vertex 113 131 0
    endloop
  endfacet
  facet normal 0 0 1
    outer loop
      vertex 26.095518130045146 114.13073372946036 0
      vertex 113 131 0
      vertex 25.864101615137752 114.6 0
    endloop
  endfacet
  facet normal 0 0 1
    outer loop
      vertex 10.330127018922193 128.5 0
      vertex 25.22842712474619 115.42842712474618 0
      vertex 113 131 0
    endloop
  endfacet
  facet normal 0 -1 0
    outer loop
      vertex 0 137 0
      vertex 56.32702702702703 137 6.6
      vertex 43.7 137 6.6
    endloop
  endfacet
  facet normal 0 -1 0
    outer loop
      vertex 0 137 0
      vertex 67.7 137 6.6
      vertex 56.32702702702703 137 6.6
    endloop
  endfacet
  facet normal 0 -1 0
    outer loop
      vertex 0 137 0
      vertex 80.32702702702703 137 6.6
      vertex 67.7 137 6.6
    endloop
  endfacet
  facet normal 0 -1 0
    outer loop
      vertex 0 137 0
      vertex 91.7 137 6.6
      vertex 80.32702702702703 137 6.6
    endloop
  endfacet
  facet normal 0 -1 0
    outer loop
      vertex 0 137 0
      vertex 43.7 137 6.6
      vertex 0 137 12
    endloop
  endfacet
  facet normal 0 -1 0
    outer loop
      vertex 43.7 137 6.6
      vertex 43.7 137 12
      vertex 0 137 12
    endloop
  endfacet
  facet normal 0 0 1
    outer loop
      vertex 10.619397662556434 4.086582838174551 0
      vertex 117.34736903889974 1.042775693130948 0
      vertex 116.7059047744874 1.1703708685546585 0
    endloop
  endfacet
  facet normal 0 0 1
    outer loop
      vertex 10.619397662556434 4.086582838174551 0
      vertex 118 1 0
      vertex 117.34736903889974 1.042775693130948 0
    endloop
  endfacet
  facet normal 0 0 1
    outer loop
      vertex 10.619397662556434 4.086582838174551 0
      vertex 124 0 0
      vertex 118 1 0
    endloop
  endfacet
  facet normal 0 0 1
    outer loop
      vertex 24.83504571603488 23.22658663883506 0
      vertex 113.6698729810778 3.5 0
      vertex 113.38060233744356 4.086582838174551 0
    endloop
  endfacet
  facet normal 0 0 1
    outer loop
      vertex 24.83504571603488 23.22658663883506 0
      vertex 113.38060233744356 4.086582838174551 0
      vertex 113.17037086855466 4.705904774487396 0
    endloop
  endfacet
  facet normal 0 0 1
    outer loop
      vertex 24.83504571603488 23.22658663883506 0
      vertex 113.17037086855466 4.705904774487396 0
      vertex 113.04277569313095 5.347369038899743 0
    endloop
  endfacet
  facet normal 0 0 1
    outer loop
      vertex 24.83504571603488 23.22658663883506 0
      vertex 116.08658283817455 1.380602337443566 0
      vertex 115.5 1.6698729810778072 0
    endloop
  endfacet
  facet normal 0 0 1
    outer loop
      vertex 24.83504571603488 23.22658663883506 0
      vertex 116.7059047744874 1.1703708685546585 0
      vertex 116.08658283817455 1.380602337443566 0
    endloop
  endfacet
  facet normal 0 0 1
    outer loop
      vertex 24.83504571603488 23.22658663883506 0
      vertex 114.03323329854382 2.956192854956397 0
      vertex 113.6698729810778 3.5 0
    endloop
  endfacet
  facet normal 0 0 1
    outer loop
      vertex 24.83504571603488 23.22658663883506 0
      vertex 114.46446609406726 2.4644660940672622 0
      vertex 114.03323329854382 2.956192854956397 0
    endloop
  endfacet
  facet normal 0 0 1
    outer loop
      vertex 24.83504571603488 23.22658663883506 0
      vertex 114.9561928549564 2.0332332985438244 0
      vertex 114.46446609406726 2.4644660940672622 0
    endloop
  endfacet
  facet normal 0 0 1
    outer loop
      vertex 24.83504571603488 23.22658663883506 0
      vertex 115.5 1.6698729810778072 0
      vertex 114.9561928549564 2.0332332985438244 0
    endloop
  endfacet
  facet normal 0 0 1
    outer loop
      vertex 24.83504571603488 23.22658663883506 0
      vertex 113.04277569313095 5.347369038899743 0
      vertex 113 6 0
    endloop
  endfacet
  facet normal 0 0 1
    outer loop
      vertex 24.83504571603488 23.22658663883506 0
      vertex 113 6 0
      vertex 113.04277569313095 6.652630961100257 0
    endloop
  endfacet
  facet normal 0 0 1
    outer loop
      vertex 25.864101615137752 24.4 0
      vertex 109.90448186995485 24.86926627053964 0
      vertex 109.73629669484372 25.364723819589916 0
    endloop
  endfacet
  facet normal 0 0 1
    outer loop
      vertex 25.864101615137752 24.4 0
      vertex 109.73629669484372 25.364723819589916 0
      vertex 109.63422055450475 25.877895231119794 0
    endloop
  endfacet
  facet normal 0 0 1
    outer loop
      vertex 24.83504571603488 23.22658663883506 0
      vertex 113.04277569313095 6.652630961100257 0
      vertex 109.90448186995485 24.86926627053964 0
    endloop
  endfacet
  facet normal 0 1 0
    outer loop
      vertex 43.7 0 6.6
      vertex 58.3 0 6.6
      vertex 124 0 0
    endloop
  endfacet
  facet normal 0 1 0
    outer loop
      vertex 58.3 0 6.6
      vertex 69.67297297297297 0 6.6
      vertex 124 0 0
    endloop
  endfacet
  facet normal 0 1 0
    outer loop
      vertex 69.67297297297297 0 6.6
      vertex 82.3 0 6.6
      vertex 124 0 0
    endloop
  endfacet
  facet normal 0 0 1
    outer loop
      vertex 25.864101615137752 24.4 0
      vertex 109.63422055450475 25.877895231119794 0
      vertex 109.6 26.4 0
    endloop
  endfacet
  facet normal 0 0 1
    outer loop
      vertex 25.864101615137752 24.4 0
      vertex 109.6 26.4 0
      vertex 109.63422055450475 26.922104768880203 0
    endloop
  endfacet
  facet normal 0 0 1
    outer loop
      vertex 25.864101615137752 24.4 0
      vertex 109.63422055450475 26.922104768880203 0
      vertex 115.6 109.13589838486224 0
    endloop
  endfacet
  facet normal 0 0 1
    outer loop
      vertex 116.15224093497743 5.234633135269821 0
      vertex 116.26794919243112 5 0
      vertex 116.41329331941753 4.782477141982559 0
    endloop
  endfacet
  facet normal 0 0 1
    outer loop
      vertex 116.15224093497743 5.234633135269821 0
      vertex 116.41329331941753 4.782477141982559 0
      vertex 116.06814834742187 5.4823619097949585 0
    endloop
  endfacet
  facet normal 0 0 1
    outer loop
      vertex 116.41329331941753 4.782477141982559 0
      vertex 116.58578643762691 4.585786437626905 0
      vertex 116.01711027725239 5.738947615559897 0
    endloop
  endfacet
  facet normal 0 0 1
    outer loop
      vertex 116.41329331941753 4.782477141982559 0
      vertex 116.01711027725239 5.738947615559897 0
      vertex 116.06814834742187 5.4823619097949585 0
    endloop
  endfacet
  facet normal 0 0 1
    outer loop
      vertex 116.01711027725239 5.738947615559897 0
      vertex 117.23463313526982 4.152240934977426 0
      vertex 117.48236190979496 4.068148347421864 0
    endloop
  endfacet
  facet normal 0 0 1
    outer loop
      vertex 116.01711027725239 5.738947615559897 0
      vertex 116.58578643762691 4.585786437626905 0
      vertex 116.78247714198255 4.41329331941753 0
    endloop
  endfacet
  facet normal 0 0 1
    outer loop
      vertex 116.01711027725239 5.738947615559897 0
      vertex 116.78247714198255 4.41329331941753 0
      vertex 117 4.267949192431123 0
    endloop
  endfacet
  facet normal 0 0 1
    outer loop
      vertex 116.01711027725239 5.738947615559897 0
      vertex 117 4.267949192431123 0
      vertex 117.23463313526982 4.152240934977426 0
    endloop
  endfacet
  facet normal 0 0 1
    outer loop
      vertex 116.01711027725239 5.738947615559897 0
      vertex 117.48236190979496 4.068148347421864 0
      vertex 117.7389476155599 4.017110277252379 0
    endloop
  endfacet
  facet normal 0 0 1
    outer loop
      vertex 116.01711027725239 5.738947615559897 0
      vertex 117.7389476155599 4.017110277252379 0
      vertex 118 4 0
    endloop
  endfacet
  facet normal 0 0 1
    outer loop
      vertex 116.01711027725239 5.738947615559897 0
      vertex 118 4 0
      vertex 118.2610523844401 4.017110277252379 0
    endloop
  endfacet
  facet normal 0 0 1
    outer loop
      vertex 116.01711027725239 5.738947615559897 0
      vertex 119.58670668058247 4.782477141982559 0
      vertex 116 6 0
    endloop
  endfacet
  facet normal 0 0 1
    outer loop
      vertex 116 6 0
      vertex 119.58670668058247 4.782477141982559 0
      vertex 116.01711027725239 6.261052384440103 0
    endloop
  endfacet
  facet normal 0 0 1
    outer loop
      vertex 116.01711027725239 6.261052384440103 0
      vertex 119.58670668058247 4.782477141982559 0
      vertex 116.06814834742187 6.5176380902050415 0
    endloop
  endfacet
  facet normal 0 0 1
    outer loop
      vertex 119.58670668058247 4.782477141982559 0
      vertex 116.15224093497743 6.765366864730179 0
      vertex 116.06814834742187 6.5176380902050415 0
    endloop
  endfacet
  facet normal 0 0 1
    outer loop
      vertex 119.58670668058247 4.782477141982559 0
      vertex 116.26794919243112 7 0
      vertex 116.15224093497743 6.765366864730179 0
    endloop
  endfacet
  facet normal 0 0 1
    outer loop
      vertex 119.58670668058247 4.782477141982559 0
      vertex 116.41329331941753 7.217522858017441 0
      vertex 116.26794919243112 7 0
    endloop
  endfacet
  facet normal 0 0 1
    outer loop
      vertex 116.01711027725239 5.738947615559897 0
      vertex 118.2610523844401 4.017110277252379 0
      vertex 118.51763809020504 4.068148347421864 0
    endloop
  endfacet
  facet normal 0 0 1
    outer loop
      vertex 116.01711027725239 5.738947615559897 0
      vertex 118.51763809020504 4.068148347421864 0
      vertex 118.76536686473018 4.152240934977426 0
    endloop
  endfacet
  facet normal 0 0 1
    outer loop
      vertex 116.01711027725239 5.738947615559897 0
      vertex 118.76536686473018 4.152240934977426 0
      vertex 119 4.267949192431123 0
    endloop
  endfacet
  facet normal 0 0 1
    outer loop
      vertex 116.01711027725239 5.738947615559897 0
      vertex 119 4.267949192431123 0
      vertex 119.21752285801745 4.41329331941753 0
    endloop
  endfacet
  facet normal 0 0 1
    outer loop
      vertex 116.01711027725239 5.738947615559897 0
      vertex 119.21752285801745 4.41329331941753 0
      vertex 119.41421356237309 4.585786437626905 0
    endloop
  endfacet
  facet normal 0 0 1
    outer loop
      vertex 116.01711027725239 5.738947615559897 0
      vertex 119.41421356237309 4.585786437626905 0
      vertex 119.58670668058247 4.782477141982559 0
    endloop
  endfacet
  facet normal 0 0 1
    outer loop
      vertex 118 1 0
      vertex 124 0 0
      vertex 118.65263096110026 1.042775693130948 0
    endloop
  endfacet
  facet normal 0 0 1
    outer loop
      vertex 118.65263096110026 1.042775693130948 0
      vertex 124 0 0
      vertex 119.2940952255126 1.1703708685546585 0
    endloop
  endfacet
  facet normal 0 0 1
    outer loop
      vertex 119.2940952255126 1.1703708685546585 0
      vertex 124 0 0
      vertex 119.91341716182545 1.380602337443566 0
    endloop
  endfacet
  facet normal 0 0 1
    outer loop
      vertex 119.91341716182545 1.380602337443566 0
      vertex 124 0 0
      vertex 120.5 1.6698729810778072 0
    endloop
  endfacet
  facet normal 0 0 1
    outer loop
      vertex 120.5 1.6698729810778072 0
      vertex 124 0 0
      vertex 121.0438071450436 2.0332332985438244 0
    endloop
  endfacet
  facet normal 0 0 1
    outer loop
      vertex 121.0438071450436 2.0332332985438244 0
      vertex 124 0 0
      vertex 121.53553390593274 2.4644660940672622 0
    endloop
  endfacet
  facet normal 0 0 1
    outer loop
      vertex 119.58670668058247 4.782477141982559 0
      vertex 119.73205080756888 5 0
      vertex 116.41329331941753 7.217522858017441 0
    endloop
  endfacet
  facet normal 0 0 1
    outer loop
      vertex 119.73205080756888 5 0
      vertex 119.84775906502257 5.234633135269821 0
      vertex 116.58578643762691 7.414213562373095 0
    endloop
  endfacet
  facet normal 0 0 1
    outer loop
      vertex 119.84775906502257 5.234633135269821 0
      vertex 119.93185165257813 5.4823619097949585 0
      vertex 117 7.732050807568877 0
    endloop
  endfacet
  facet normal 0 0 1
    outer loop
      vertex 119.93185165257813 5.4823619097949585 0
      vertex 119.98288972274761 5.738947615559897 0
      vertex 117.23463313526982 7.847759065022574 0
    endloop
  endfacet
  facet normal 0 0 1
    outer loop
      vertex 121.53553390593274 2.4644660940672622 0
      vertex 124 0 0
      vertex 121.96676670145618 2.956192854956397 0
    endloop
  endfacet
  facet normal 0 0 1
    outer loop
      vertex 121.96676670145618 2.956192854956397 0
      vertex 124 0 0
      vertex 122.3301270189222 3.5 0
    endloop
  endfacet
  facet normal 0 0 1
    outer loop
      vertex 122.3301270189222 3.5 0
      vertex 124 0 0
      vertex 122.61939766255644 4.086582838174551 0
    endloop
  endfacet
  facet normal 0 0 1
    outer loop
      vertex 124 0 0
      vertex 122.82962913144534 4.705904774487396 0
      vertex 122.61939766255644 4.086582838174551 0
    endloop
  endfacet
  facet normal 0 0 1
    outer loop
      vertex 124 0 0
      vertex 122.95722430686905 5.347369038899743 0
      vertex 122.82962913144534 4.705904774487396 0
    endloop
  endfacet
  facet normal 0 0 1
    outer loop
      vertex 124 0 0
      vertex 123 6 0
      vertex 122.95722430686905 5.347369038899743 0
    endloop
  endfacet
  facet normal 0 0 1
    outer loop
      vertex 110.13589838486224 24.4 0
      vertex 113.04277569313095 6.652630961100257 0
      vertex 113.17037086855466 7.294095225512604 0
    endloop
  endfacet
  facet normal 0 0 1
    outer loop
      vertex 113.17037086855466 7.294095225512604 0
      vertex 113.38060233744356 7.913417161825449 0
      vertex 110.42658663883505 23.964954283965117 0
    endloop
  endfacet
  facet normal 0 0 1
    outer loop
      vertex 113.38060233744356 7.913417161825449 0
      vertex 113.6698729810778 8.5 0
      vertex 110.77157287525381 23.571572875253807 0
    endloop
  endfacet
  facet normal 0 0 1
    outer loop
      vertex 113.6698729810778 8.5 0
      vertex 114.03323329854382 9.043807145043603 0
      vertex 111.16495428396512 23.22658663883506 0
    endloop
  endfacet
  facet normal 0 0 1
    outer loop
      vertex 114.03323329854382 9.043807145043603 0
      vertex 114.46446609406726 9.535533905932738 0
      vertex 111.6 22.935898384862245 0
    endloop
  endfacet
  facet normal 0 0 1
    outer loop
      vertex 114.46446609406726 9.535533905932738 0
      vertex 114.9561928549564 9.966766701456176 0
      vertex 112.06926627053963 22.70448186995485 0
    endloop
  endfacet
  facet normal 0 0 1
    outer loop
      vertex 119.73205080756888 5 0
      vertex 116.58578643762691 7.414213562373095 0
      vertex 116.41329331941753 7.217522858017441 0
    endloop
  endfacet
  facet normal 0 0 1
    outer loop
      vertex 119.84775906502257 5.234633135269821 0
      vertex 116.78247714198255 7.58670668058247 0
      vertex 116.58578643762691 7.414213562373095 0
    endloop
  endfacet
  facet normal 0 0 1
    outer loop
      vertex 119.84775906502257 5.234633135269821 0
      vertex 117 7.732050807568877 0
      vertex 116.78247714198255 7.58670668058247 0
    endloop
  endfacet
  facet normal 0 0 1
    outer loop
      vertex 119.93185165257813 5.4823619097949585 0
      vertex 117.23463313526982 7.847759065022574 0
      vertex 117 7.732050807568877 0
    endloop
  endfacet
  facet normal 0 0 1
    outer loop
      vertex 119.98288972274761 5.738947615559897 0
      vertex 117.48236190979496 7.931851652578136 0
      vertex 117.23463313526982 7.847759065022574 0
    endloop
  endfacet
  facet normal 0 0 1
    outer loop
      vertex 119.98288972274761 6.261052384440103 0
      vertex 117.7389476155599 7.982889722747621 0
      vertex 117.48236190979496 7.931851652578136 0
    endloop
  endfacet
  facet normal 0 0 1
    outer loop
      vertex 114.9561928549564 9.966766701456176 0
      vertex 115.5 10.330127018922193 0
      vertex 113.07789523111978 22.43422055450476 0
    endloop
  endfacet
  facet normal 0 0 1
    outer loop
      vertex 115.5 10.330127018922193 0
      vertex 116.08658283817455 10.619397662556434 0
      vertex 113.6 22.4 0
    endloop
  endfacet
  facet normal 0 0 1
    outer loop
      vertex 116.08658283817455 10.619397662556434 0
      vertex 116.7059047744874 10.82962913144534 0
      vertex 114.1221047688802 22.43422055450476 0
    endloop
  endfacet
  facet normal 0 0 1
    outer loop
      vertex 116.7059047744874 10.82962913144534 0
      vertex 117.34736903889974 10.957224306869051 0
      vertex 114.63527618041007 22.536296694843724 0
    endloop
  endfacet
  facet normal 0 0 1
    outer loop
      vertex 117.34736903889974 10.957224306869051 0
      vertex 118 11 0
      vertex 115.13073372946036 22.70448186995485 0
    endloop
  endfacet
  facet normal 0 0 1
    outer loop
      vertex 118 11 0
      vertex 118.65263096110026 10.957224306869051 0
      vertex 115.6 22.935898384862245 0
    endloop
  endfacet
  facet normal 0 0 1
    outer loop
      vertex 116.03504571603487 23.22658663883506 0
      vertex 118.65263096110026 10.957224306869051 0
      vertex 119.2940952255126 10.82962913144534 0
    endloop
  endfacet
  facet normal 0 0 1
    outer loop
      vertex 109.90448186995485 24.86926627053964 0
      vertex 113.04277569313095 6.652630961100257 0
      vertex 110.13589838486224 24.4 0
    endloop
  endfacet
  facet normal 0 0 1
    outer loop
      vertex 110.13589838486224 24.4 0
      vertex 113.17037086855466 7.294095225512604 0
      vertex 110.42658663883505 23.964954283965117 0
    endloop
  endfacet
  facet normal 0 0 1
    outer loop
      vertex 113.38060233744356 7.913417161825449 0
      vertex 110.77157287525381 23.571572875253807 0
      vertex 110.42658663883505 23.964954283965117 0
    endloop
  endfacet
  facet normal 0 0 1
    outer loop
      vertex 113.6698729810778 8.5 0
      vertex 111.16495428396512 23.22658663883506 0
      vertex 110.77157287525381 23.571572875253807 0
    endloop
  endfacet
  facet normal 0 0 1
    outer loop
      vertex 114.03323329854382 9.043807145043603 0
      vertex 111.6 22.935898384862245 0
      vertex 111.16495428396512 23.22658663883506 0
    endloop
  endfacet
  facet normal 0 0 1
    outer loop
      vertex 114.9561928549564 9.966766701456176 0
      vertex 113.07789523111978 22.43422055450476 0
      vertex 112.56472381958991 22.536296694843724 0
    endloop
  endfacet
  facet normal 0 0 1
    outer loop
      vertex 114.46446609406726 9.535533905932738 0
      vertex 112.06926627053963 22.70448186995485 0
      vertex 111.6 22.935898384862245 0
    endloop
  endfacet
  facet normal 0 0 1
    outer loop
      vertex 114.9561928549564 9.966766701456176 0
      vertex 112.56472381958991 22.536296694843724 0
      vertex 112.06926627053963 22.70448186995485 0
    endloop
  endfacet
  facet normal 0 0 1
    outer loop
      vertex 115.5 10.330127018922193 0
      vertex 113.6 22.4 0
      vertex 113.07789523111978 22.43422055450476 0
    endloop
  endfacet
  facet normal 0 0 1
    outer loop
      vertex 112.6 24.66794919243112 0
      vertex 112.83463313526981 24.552240934977426 0
      vertex 115.44775906502257 27.165366864730178 0
    endloop
  endfacet
  facet normal 0 0 1
    outer loop
      vertex 112.83463313526981 24.552240934977426 0
      vertex 113.08236190979495 24.468148347421863 0
      vertex 115.44775906502257 27.165366864730178 0
    endloop
  endfacet
  facet normal 0 0 1
    outer loop
      vertex 113.08236190979495 24.468148347421863 0
      vertex 113.33894761555989 24.417110277252377 0
      vertex 115.44775906502257 27.165366864730178 0
    endloop
  endfacet
  facet normal 0 0 1
    outer loop
      vertex 113.33894761555989 24.417110277252377 0
      vertex 113.6 24.4 0
      vertex 115.44775906502257 27.165366864730178 0
    endloop
  endfacet
  facet normal 0 0 1
    outer loop
      vertex 113.6 24.4 0
      vertex 113.8610523844401 24.417110277252377 0
      vertex 115.44775906502257 27.165366864730178 0
    endloop
  endfacet
  facet normal 0 0 1
    outer loop
      vertex 116.08658283817455 10.619397662556434 0
      vertex 114.1221047688802 22.43422055450476 0
      vertex 113.6 22.4 0
    endloop
  endfacet
  facet normal 0 0 1
    outer loop
      vertex 116.7059047744874 10.82962913144534 0
      vertex 114.63527618041007 22.536296694843724 0
      vertex 114.1221047688802 22.43422055450476 0
    endloop
  endfacet
  facet normal 0 0 1
    outer loop
      vertex 117.34736903889974 10.957224306869051 0
      vertex 115.13073372946036 22.70448186995485 0
      vertex 114.63527618041007 22.536296694843724 0
    endloop
  endfacet
  facet normal 0 0 1
    outer loop
      vertex 118 11 0
      vertex 115.6 22.935898384862245 0
      vertex 115.13073372946036 22.70448186995485 0
    endloop
  endfacet
  facet normal 0 0 1
    outer loop
      vertex 115.6 22.935898384862245 0
      vertex 118.65263096110026 10.957224306869051 0
      vertex 116.03504571603487 23.22658663883506 0
    endloop
  endfacet
  facet normal 0 0 1
    outer loop
      vertex 116.03504571603487 23.22658663883506 0
      vertex 119.2940952255126 10.82962913144534 0
      vertex 116.42842712474618 23.571572875253807 0
    endloop
  endfacet
  facet normal 0 0 1
    outer loop
      vertex 116.42842712474618 23.571572875253807 0
      vertex 119.91341716182545 10.619397662556434 0
      vertex 116.77341336116494 23.964954283965117 0
    endloop
  endfacet
  facet normal 0 0 1
    outer loop
      vertex 116.77341336116494 23.964954283965117 0
      vertex 120.5 10.330127018922193 0
      vertex 117.06410161513774 24.4 0
    endloop
  endfacet
  facet normal 0 0 1
    outer loop
      vertex 117.06410161513774 24.4 0
      vertex 120.5 10.330127018922193 0
      vertex 117.29551813004514 24.86926627053964 0
    endloop
  endfacet
  facet normal 0 0 1
    outer loop
      vertex 113.8610523844401 24.417110277252377 0
      vertex 114.11763809020503 24.468148347421863 0
      vertex 115.44775906502257 27.165366864730178 0
    endloop
  endfacet
  facet normal 0 0 1
    outer loop
      vertex 114.11763809020503 24.468148347421863 0
      vertex 114.36536686473018 24.552240934977426 0
      vertex 115.44775906502257 27.165366864730178 0
    endloop
  endfacet
  facet normal 0 0 1
    outer loop
      vertex 114.36536686473018 24.552240934977426 0
      vertex 114.6 24.66794919243112 0
      vertex 115.44775906502257 27.165366864730178 0
    endloop
  endfacet
  facet normal 0 0 1
    outer loop
      vertex 117.7389476155599 7.982889722747621 0
      vertex 119.93185165257813 6.5176380902050415 0
      vertex 118 8 0
    endloop
  endfacet
  facet normal 0 0 1
    outer loop
      vertex 118 8 0
      vertex 119.84775906502257 6.765366864730179 0
      vertex 118.2610523844401 7.982889722747621 0
    endloop
  endfacet
  facet normal 0 0 1
    outer loop
      vertex 118.2610523844401 7.982889722747621 0
      vertex 119.84775906502257 6.765366864730179 0
      vertex 118.51763809020504 7.931851652578136 0
    endloop
  endfacet
  facet normal 0 0 1
    outer loop
      vertex 119.98288972274761 5.738947615559897 0
      vertex 120 6 0
      vertex 117.48236190979496 7.931851652578136 0
    endloop
  endfacet
  facet normal 0 0 1
    outer loop
      vertex 120 6 0
      vertex 119.98288972274761 6.261052384440103 0
      vertex 117.48236190979496 7.931851652578136 0
    endloop
  endfacet
  facet normal 0 0 1
    outer loop
      vertex 119.98288972274761 6.261052384440103 0
      vertex 119.93185165257813 6.5176380902050415 0
      vertex 117.7389476155599 7.982889722747621 0
    endloop
  endfacet
  facet normal 0 0 1
    outer loop
      vertex 118.51763809020504 7.931851652578136 0
      vertex 119.58670668058247 7.217522858017441 0
      vertex 118.76536686473018 7.847759065022574 0
    endloop
  endfacet
  facet normal 0 0 1
    outer loop
      vertex 119.41421356237309 7.414213562373095 0
      vertex 119 7.732050807568877 0
      vertex 118.76536686473018 7.847759065022574 0
    endloop
  endfacet
  facet normal 0 0 1
    outer loop
      vertex 118 8 0
      vertex 119.93185165257813 6.5176380902050415 0
      vertex 119.84775906502257 6.765366864730179 0
    endloop
  endfacet
  facet normal 0 0 1
    outer loop
      vertex 118.51763809020504 7.931851652578136 0
      vertex 119.73205080756888 7 0
      vertex 119.58670668058247 7.217522858017441 0
    endloop
  endfacet
  facet normal 0 0 1
    outer loop
      vertex 118.51763809020504 7.931851652578136 0
      vertex 119.84775906502257 6.765366864730179 0
      vertex 119.73205080756888 7 0
    endloop
  endfacet
  facet normal 0 0 1
    outer loop
      vertex 119.41421356237309 7.414213562373095 0
      vertex 118.76536686473018 7.847759065022574 0
      vertex 119.58670668058247 7.217522858017441 0
    endloop
  endfacet
  facet normal 0 0 1
    outer loop
      vertex 119.21752285801745 7.58670668058247 0
      vertex 119 7.732050807568877 0
      vertex 119.41421356237309 7.414213562373095 0
    endloop
  endfacet
  facet normal 0 0 1
    outer loop
      vertex 116.42842712474618 23.571572875253807 0
      vertex 119.2940952255126 10.82962913144534 0
      vertex 119.91341716182545 10.619397662556434 0
    endloop
  endfacet
  facet normal 0 0 1
    outer loop
      vertex 116.77341336116494 23.964954283965117 0
      vertex 119.91341716182545 10.619397662556434 0
      vertex 120.5 10.330127018922193 0
    endloop
  endfacet
  facet normal 0 0 1
    outer loop
      vertex 117.29551813004514 24.86926627053964 0
      vertex 120.5 10.330127018922193 0
      vertex 121.0438071450436 9.966766701456176 0
    endloop
  endfacet
  facet normal 0 0 1
    outer loop
      vertex 117.46370330515627 25.364723819589916 0
      vertex 121.0438071450436 9.966766701456176 0
      vertex 121.53553390593274 9.535533905932738 0
    endloop
  endfacet
  facet normal 0 0 1
    outer loop
      vertex 121.53553390593274 9.535533905932738 0
      vertex 121.96676670145618 9.043807145043603 0
      vertex 117.56577944549524 25.877895231119794 0
    endloop
  endfacet
  facet normal 0 0 1
    outer loop
      vertex 122.3301270189222 8.5 0
      vertex 117.6 26.4 0
      vertex 121.96676670145618 9.043807145043603 0
    endloop
  endfacet
  facet normal 0 0 1
    outer loop
      vertex 122.3301270189222 8.5 0
      vertex 122.61939766255644 7.913417161825449 0
      vertex 117.6 26.4 0
    endloop
  endfacet
  facet normal 0 0 1
    outer loop
      vertex 122.82962913144534 7.294095225512604 0
      vertex 117.6 26.4 0
      vertex 122.61939766255644 7.913417161825449 0
    endloop
  endfacet
  facet normal 0 0 1
    outer loop
      vertex 117.29551813004514 24.86926627053964 0
      vertex 121.0438071450436 9.966766701456176 0
      vertex 117.46370330515627 25.364723819589916 0
    endloop
  endfacet
  facet normal 0 0 1
    outer loop
      vertex 117.46370330515627 25.364723819589916 0
      vertex 121.53553390593274 9.535533905932738 0
      vertex 117.56577944549524 25.877895231119794 0
    endloop
  endfacet
  facet normal 0 0 1
    outer loop
      vertex 121.96676670145618 9.043807145043603 0
      vertex 117.6 26.4 0
      vertex 117.56577944549524 25.877895231119794 0
    endloop
  endfacet
  facet normal 0 1 0
    outer loop
      vertex 82.3 0 6.6
      vertex 93.67297297297297 0 6.6
      vertex 124 0 0
    endloop
  endfacet
  facet normal 0 1 0
    outer loop
      vertex 93.67297297297297 0 6.6
      vertex 106.3 0 6.6
      vertex 124 0 0
    endloop
  endfacet
  facet normal 0 1 0
    outer loop
      vertex 124 0 0
      vertex 106.3 0 6.6
      vertex 118.3 0 6.6
    endloop
  endfacet
  facet normal 0 0 1
    outer loop
      vertex 111.61711027725238 26.6610523844401 0
      vertex 113.8610523844401 28.38288972274762 0
      vertex 111.66814834742186 26.91763809020504 0
    endloop
  endfacet
  facet normal 0 0 1
    outer loop
      vertex 111.66814834742186 26.91763809020504 0
      vertex 113.6 28.4 0
      vertex 111.75224093497742 27.165366864730178 0
    endloop
  endfacet
  facet normal 0 0 1
    outer loop
      vertex 111.75224093497742 27.165366864730178 0
      vertex 113.33894761555989 28.38288972274762 0
      vertex 111.86794919243111 27.4 0
    endloop
  endfacet
  facet normal 0 0 1
    outer loop
      vertex 112.01329331941753 27.61752285801744 0
      vertex 112.83463313526981 28.24775906502257 0
      vertex 112.1857864376269 27.814213562373094 0
    endloop
  endfacet
  facet normal 0 0 1
    outer loop
      vertex 112.1857864376269 27.814213562373094 0
      vertex 112.6 28.132050807568877 0
      vertex 112.38247714198255 27.98670668058247 0
    endloop
  endfacet
  facet normal 0 0 1
    outer loop
      vertex 111.86794919243111 25.4 0
      vertex 115.01421356237309 27.814213562373094 0
      vertex 111.75224093497742 25.63463313526982 0
    endloop
  endfacet
  facet normal 0 0 1
    outer loop
      vertex 111.66814834742186 25.88236190979496 0
      vertex 114.81752285801744 27.98670668058247 0
      vertex 111.61711027725238 26.138947615559896 0
    endloop
  endfacet
  facet normal 0 0 1
    outer loop
      vertex 111.75224093497742 25.63463313526982 0
      vertex 115.01421356237309 27.814213562373094 0
      vertex 111.66814834742186 25.88236190979496 0
    endloop
  endfacet
  facet normal 0 0 1
    outer loop
      vertex 111.86794919243111 25.4 0
      vertex 112.01329331941753 25.182477141982556 0
      vertex 115.18670668058246 27.61752285801744 0
    endloop
  endfacet
  facet normal 0 0 1
    outer loop
      vertex 112.01329331941753 25.182477141982556 0
      vertex 112.1857864376269 24.985786437626903 0
      vertex 115.44775906502257 27.165366864730178 0
    endloop
  endfacet
  facet normal 0 0 1
    outer loop
      vertex 112.38247714198255 24.81329331941753 0
      vertex 115.44775906502257 27.165366864730178 0
      vertex 112.1857864376269 24.985786437626903 0
    endloop
  endfacet
  facet normal 0 0 1
    outer loop
      vertex 111.61711027725238 26.138947615559896 0
      vertex 114.11763809020503 28.331851652578134 0
      vertex 111.6 26.4 0
    endloop
  endfacet
  facet normal 0 0 1
    outer loop
      vertex 111.6 26.4 0
      vertex 114.11763809020503 28.331851652578134 0
      vertex 111.61711027725238 26.6610523844401 0
    endloop
  endfacet
  facet normal 0 0 1
    outer loop
      vertex 111.86794919243111 27.4 0
      vertex 113.33894761555989 28.38288972274762 0
      vertex 112.01329331941753 27.61752285801744 0
    endloop
  endfacet
  facet normal 0 0 1
    outer loop
      vertex 111.61711027725238 26.138947615559896 0
      vertex 114.36536686473018 28.24775906502257 0
      vertex 114.11763809020503 28.331851652578134 0
    endloop
  endfacet
  facet normal 0 0 1
    outer loop
      vertex 111.61711027725238 26.6610523844401 0
      vertex 114.11763809020503 28.331851652578134 0
      vertex 113.8610523844401 28.38288972274762 0
    endloop
  endfacet
  facet normal 0 0 1
    outer loop
      vertex 112.38247714198255 24.81329331941753 0
      vertex 112.6 24.66794919243112 0
      vertex 115.44775906502257 27.165366864730178 0
    endloop
  endfacet
  facet normal 0 0 1
    outer loop
      vertex 112.01329331941753 25.182477141982556 0
      vertex 115.44775906502257 27.165366864730178 0
      vertex 115.33205080756888 27.4 0
    endloop
  endfacet
  facet normal 0 0 1
    outer loop
      vertex 111.66814834742186 25.88236190979496 0
      vertex 115.01421356237309 27.814213562373094 0
      vertex 114.81752285801744 27.98670668058247 0
    endloop
  endfacet
  facet normal 0 0 1
    outer loop
      vertex 111.61711027725238 26.138947615559896 0
      vertex 114.6 28.132050807568877 0
      vertex 114.36536686473018 28.24775906502257 0
    endloop
  endfacet
  facet normal 0 0 1
    outer loop
      vertex 111.61711027725238 26.138947615559896 0
      vertex 114.81752285801744 27.98670668058247 0
      vertex 114.6 28.132050807568877 0
    endloop
  endfacet
  facet normal 0 0 1
    outer loop
      vertex 111.86794919243111 25.4 0
      vertex 115.18670668058246 27.61752285801744 0
      vertex 115.01421356237309 27.814213562373094 0
    endloop
  endfacet
  facet normal 0 0 1
    outer loop
      vertex 112.01329331941753 25.182477141982556 0
      vertex 115.33205080756888 27.4 0
      vertex 115.18670668058246 27.61752285801744 0
    endloop
  endfacet
  facet normal 0 0 1
    outer loop
      vertex 112.1857864376269 27.814213562373094 0
      vertex 112.83463313526981 28.24775906502257 0
      vertex 112.6 28.132050807568877 0
    endloop
  endfacet
  facet normal 0 0 1
    outer loop
      vertex 112.01329331941753 27.61752285801744 0
      vertex 113.08236190979495 28.331851652578134 0
      vertex 112.83463313526981 28.24775906502257 0
    endloop
  endfacet
  facet normal 0 0 1
    outer loop
      vertex 112.01329331941753 27.61752285801744 0
      vertex 113.33894761555989 28.38288972274762 0
      vertex 113.08236190979495 28.331851652578134 0
    endloop
  endfacet
  facet normal 0 0 1
    outer loop
      vertex 111.75224093497742 27.165366864730178 0
      vertex 113.6 28.4 0
      vertex 113.33894761555989 28.38288972274762 0
    endloop
  endfacet
  facet normal 0 0 1
    outer loop
      vertex 111.66814834742186 26.91763809020504 0
      vertex 113.8610523844401 28.38288972274762 0
      vertex 113.6 28.4 0
    endloop
  endfacet
  facet normal 0 0 1
    outer loop
      vertex 114.6 24.66794919243112 0
      vertex 114.81752285801744 24.81329331941753 0
      vertex 115.44775906502257 27.165366864730178 0
    endloop
  endfacet
  facet normal 0 0 1
    outer loop
      vertex 114.81752285801744 24.81329331941753 0
      vertex 115.01421356237309 24.985786437626903 0
      vertex 115.44775906502257 27.165366864730178 0
    endloop
  endfacet
  facet normal 0 0 1
    outer loop
      vertex 115.01421356237309 24.985786437626903 0
      vertex 115.18670668058246 25.182477141982556 0
      vertex 115.44775906502257 27.165366864730178 0
    endloop
  endfacet
  facet normal 0 0 1
    outer loop
      vertex 115.18670668058246 25.182477141982556 0
      vertex 115.33205080756888 25.4 0
      vertex 115.44775906502257 27.165366864730178 0
    endloop
  endfacet
  facet normal 0 0 1
    outer loop
      vertex 115.33205080756888 25.4 0
      vertex 115.44775906502257 25.63463313526982 0
      vertex 115.44775906502257 27.165366864730178 0
    endloop
  endfacet
  facet normal 0 0 1
    outer loop
      vertex 115.44775906502257 25.63463313526982 0
      vertex 115.53185165257813 25.88236190979496 0
      vertex 115.53185165257813 26.91763809020504 0
    endloop
  endfacet
  facet normal 0 0 1
    outer loop
      vertex 115.53185165257813 25.88236190979496 0
      vertex 115.58288972274761 26.138947615559896 0
      vertex 115.58288972274761 26.6610523844401 0
    endloop
  endfacet
  facet normal 0 0 1
    outer loop
      vertex 115.44775906502257 25.63463313526982 0
      vertex 115.53185165257813 26.91763809020504 0
      vertex 115.44775906502257 27.165366864730178 0
    endloop
  endfacet
  facet normal 0 0 1
    outer loop
      vertex 115.58288972274761 26.138947615559896 0
      vertex 115.6 26.4 0
      vertex 115.58288972274761 26.6610523844401 0
    endloop
  endfacet
  facet normal 0 0 1
    outer loop
      vertex 115.53185165257813 25.88236190979496 0
      vertex 115.58288972274761 26.6610523844401 0
      vertex 115.53185165257813 26.91763809020504 0
    endloop
  endfacet
  facet normal 0 0 1
    outer loop
      vertex 109.63422055450475 26.922104768880203 0
      vertex 109.73629669484372 27.43527618041008 0
      vertex 115.6 109.13589838486224 0
    endloop
  endfacet
  facet normal 0 0 1
    outer loop
      vertex 109.73629669484372 27.43527618041008 0
      vertex 109.90448186995485 27.930733729460357 0
      vertex 115.6 109.13589838486224 0
    endloop
  endfacet
  facet normal 0 0 1
    outer loop
      vertex 124 0 0
      vertex 124 137 0
      vertex 123 6 0
    endloop
  endfacet
  facet normal 0 0 1
    outer loop
      vertex 123 6 0
      vertex 124 137 0
      vertex 122.95722430686905 6.652630961100257 0
    endloop
  endfacet
  facet normal 0 0 1
    outer loop
      vertex 122.95722430686905 6.652630961100257 0
      vertex 124 137 0
      vertex 122.82962913144534 7.294095225512604 0
    endloop
  endfacet
  facet normal 0 0 1
    outer loop
      vertex 122.82962913144534 7.294095225512604 0
      vertex 124 137 0
      vertex 117.6 26.4 0
    endloop
  endfacet
  facet normal 0 0 1
    outer loop
      vertex 117.6 26.4 0
      vertex 124 137 0
      vertex 117.56577944549524 26.922104768880203 0
    endloop
  endfacet
  facet normal -1 0 0
    outer loop
      vertex 124 0 0
      vertex 124 0 12
      vertex 124 137 0
    endloop
  endfacet
  facet normal 0 1 0
    outer loop
      vertex 124 0 0
      vertex 118.3 0 6.6
      vertex 124 0 12
    endloop
  endfacet
  facet normal 0 1 0
    outer loop
      vertex 118.3 0 6.6
      vertex 118.3 0 12
      vertex 124 0 12
    endloop
  endfacet
  facet normal 0 0 1
    outer loop
      vertex 26.095518130045146 24.86926627053964 0
      vertex 110.13589838486224 110.6 0
      vertex 109.90448186995485 111.06926627053963 0
    endloop
  endfacet
  facet normal 0 0 1
    outer loop
      vertex 26.095518130045146 24.86926627053964 0
      vertex 111.6 109.13589838486224 0
      vertex 111.16495428396512 109.42658663883505 0
    endloop
  endfacet
  facet normal 0 0 1
    outer loop
      vertex 26.095518130045146 24.86926627053964 0
      vertex 110.42658663883505 110.16495428396512 0
      vertex 110.13589838486224 110.6 0
    endloop
  endfacet
  facet normal 0 0 1
    outer loop
      vertex 26.095518130045146 24.86926627053964 0
      vertex 110.77157287525381 109.77157287525381 0
      vertex 110.42658663883505 110.16495428396512 0
    endloop
  endfacet
  facet normal 0 0 1
    outer loop
      vertex 26.095518130045146 24.86926627053964 0
      vertex 111.16495428396512 109.42658663883505 0
      vertex 110.77157287525381 109.77157287525381 0
    endloop
  endfacet
  facet normal 0 0 1
    outer loop
      vertex 26.095518130045146 24.86926627053964 0
      vertex 112.06926627053963 108.90448186995485 0
      vertex 111.6 109.13589838486224 0
    endloop
  endfacet
  facet normal 0 0 1
    outer loop
      vertex 26.095518130045146 24.86926627053964 0
      vertex 112.56472381958991 108.73629669484372 0
      vertex 112.06926627053963 108.90448186995485 0
    endloop
  endfacet
  facet normal 0 0 1
    outer loop
      vertex 26.095518130045146 24.86926627053964 0
      vertex 113.07789523111978 108.63422055450475 0
      vertex 112.56472381958991 108.73629669484372 0
    endloop
  endfacet
  facet normal 0 0 1
    outer loop
      vertex 26.095518130045146 24.86926627053964 0
      vertex 113.6 108.6 0
      vertex 113.07789523111978 108.63422055450475 0
    endloop
  endfacet
  facet normal 0 0 1
    outer loop
      vertex 26.095518130045146 24.86926627053964 0
      vertex 114.1221047688802 108.63422055450475 0
      vertex 113.6 108.6 0
    endloop
  endfacet
  facet normal 0 0 1
    outer loop
      vertex 26.095518130045146 24.86926627053964 0
      vertex 114.63527618041007 108.73629669484372 0
      vertex 114.1221047688802 108.63422055450475 0
    endloop
  endfacet
  facet normal 0 0 1
    outer loop
      vertex 26.095518130045146 24.86926627053964 0
      vertex 115.13073372946036 108.90448186995485 0
      vertex 114.63527618041007 108.73629669484372 0
    endloop
  endfacet
  facet normal 0 0 1
    outer loop
      vertex 25.864101615137752 24.4 0
      vertex 115.6 109.13589838486224 0
      vertex 115.13073372946036 108.90448186995485 0
    endloop
  endfacet
  facet normal 0 0 1
    outer loop
      vertex 26.095518130045146 24.86926627053964 0
      vertex 109.73629669484372 111.56472381958991 0
      vertex 109.63422055450475 112.07789523111978 0
    endloop
  endfacet
  facet normal 0 0 1
    outer loop
      vertex 26.095518130045146 24.86926627053964 0
      vertex 109.90448186995485 111.06926627053963 0
      vertex 109.73629669484372 111.56472381958991 0
    endloop
  endfacet
  facet normal 0 0 1
    outer loop
      vertex 26.095518130045146 24.86926627053964 0
      vertex 109.63422055450475 112.07789523111978 0
      vertex 109.6 112.6 0
    endloop
  endfacet
  facet normal 0 0 1
    outer loop
      vertex 26.095518130045146 24.86926627053964 0
      vertex 109.6 112.6 0
      vertex 109.63422055450475 113.1221047688802 0
    endloop
  endfacet
  facet normal 0 0 1
    outer loop
      vertex 26.095518130045146 24.86926627053964 0
      vertex 109.63422055450475 113.1221047688802 0
      vertex 109.73629669484372 113.63527618041007 0
    endloop
  endfacet
  facet normal 0 0 1
    outer loop
      vertex 26.095518130045146 24.86926627053964 0
      vertex 109.73629669484372 113.63527618041007 0
      vertex 109.90448186995485 114.13073372946036 0
    endloop
  endfacet
  facet normal 0 0 1
    outer loop
      vertex 26.095518130045146 24.86926627053964 0
      vertex 109.90448186995485 114.13073372946036 0
      vertex 110.13589838486224 114.6 0
    endloop
  endfacet
  facet normal 0 0 1
    outer loop
      vertex 26.095518130045146 24.86926627053964 0
      vertex 110.13589838486224 114.6 0
      vertex 110.42658663883505 115.03504571603487 0
    endloop
  endfacet
  facet normal 0 0 1
    outer loop
      vertex 26.095518130045146 24.86926627053964 0
      vertex 110.42658663883505 115.03504571603487 0
      vertex 110.77157287525381 115.42842712474618 0
    endloop
  endfacet
  facet normal 0 0 1
    outer loop
      vertex 26.095518130045146 24.86926627053964 0
      vertex 110.77157287525381 115.42842712474618 0
      vertex 117.34736903889974 126.04277569313095 0
    endloop
  endfacet
  facet normal 0 0 1
    outer loop
      vertex 26.095518130045146 27.930733729460357 0
      vertex 116.08658283817455 126.38060233744356 0
      vertex 115.5 126.6698729810778 0
    endloop
  endfacet
  facet normal 0 0 1
    outer loop
      vertex 26.095518130045146 27.930733729460357 0
      vertex 116.7059047744874 126.17037086855466 0
      vertex 116.08658283817455 126.38060233744356 0
    endloop
  endfacet
  facet normal 0 0 1
    outer loop
      vertex 26.263703305156273 27.43527618041008 0
      vertex 117.34736903889974 126.04277569313095 0
      vertex 116.7059047744874 126.17037086855466 0
    endloop
  endfacet
  facet normal 0 0 1
    outer loop
      vertex 0 137 0
      vertex 116.7059047744874 135.82962913144533 0
      vertex 117.34736903889974 135.95722430686905 0
    endloop
  endfacet
  facet normal 0 0 1
    outer loop
      vertex 26.263703305156273 113.63527618041007 0
      vertex 113.04277569313095 130.34736903889973 0
      vertex 113 131 0
    endloop
  endfacet
  facet normal 0 0 1
    outer loop
      vertex 26.4 112.6 0
      vertex 114.46446609406726 127.46446609406726 0
      vertex 114.03323329854382 127.9561928549564 0
    endloop
  endfacet
  facet normal 0 0 1
    outer loop
      vertex 26.4 112.6 0
      vertex 115.5 126.6698729810778 0
      vertex 114.9561928549564 127.03323329854382 0
    endloop
  endfacet
  facet normal 0 0 1
    outer loop
      vertex 26.4 112.6 0
      vertex 114.9561928549564 127.03323329854382 0
      vertex 114.46446609406726 127.46446609406726 0
    endloop
  endfacet
  facet normal 0 0 1
    outer loop
      vertex 26.4 112.6 0
      vertex 113.6698729810778 128.5 0
      vertex 113.38060233744356 129.08658283817456 0
    endloop
  endfacet
  facet normal 0 0 1
    outer loop
      vertex 26.4 112.6 0
      vertex 113.38060233744356 129.08658283817456 0
      vertex 113.17037086855466 129.7059047744874 0
    endloop
  endfacet
  facet normal 0 0 1
    outer loop
      vertex 26.4 112.6 0
      vertex 114.03323329854382 127.9561928549564 0
      vertex 113.6698729810778 128.5 0
    endloop
  endfacet
  facet normal 0 0 1
    outer loop
      vertex 26.36577944549524 113.1221047688802 0
      vertex 113.17037086855466 129.7059047744874 0
      vertex 113.04277569313095 130.34736903889973 0
    endloop
  endfacet
  facet normal 0 0 1
    outer loop
      vertex 11 131 0
      vertex 113 131 0
      vertex 113.04277569313095 131.65263096110027 0
    endloop
  endfacet
  facet normal 0 0 1
    outer loop
      vertex 11 131 0
      vertex 113.04277569313095 131.65263096110027 0
      vertex 113.17037086855466 132.2940952255126 0
    endloop
  endfacet
  facet normal 0 0 1
    outer loop
      vertex 11 131 0
      vertex 113.17037086855466 132.2940952255126 0
      vertex 113.38060233744356 132.91341716182544 0
    endloop
  endfacet
  facet normal 0 0 1
    outer loop
      vertex 10.619397662556434 132.91341716182544 0
      vertex 113.38060233744356 132.91341716182544 0
      vertex 113.6698729810778 133.5 0
    endloop
  endfacet
  facet normal 0 0 1
    outer loop
      vertex 9.966766701456176 134.04380714504362 0
      vertex 113.6698729810778 133.5 0
      vertex 114.03323329854382 134.04380714504362 0
    endloop
  endfacet
  facet normal 0 0 1
    outer loop
      vertex 9.535533905932738 134.53553390593274 0
      vertex 114.03323329854382 134.04380714504362 0
      vertex 114.46446609406726 134.53553390593274 0
    endloop
  endfacet
  facet normal 0 0 1
    outer loop
      vertex 0 137 0
      vertex 117.34736903889974 135.95722430686905 0
      vertex 118 136 0
    endloop
  endfacet
  facet normal 0 0 1
    outer loop
      vertex 9.043807145043603 134.96676670145618 0
      vertex 114.46446609406726 134.53553390593274 0
      vertex 114.9561928549564 134.96676670145618 0
    endloop
  endfacet
  facet normal 0 0 1
    outer loop
      vertex 9.043807145043603 134.96676670145618 0
      vertex 114.9561928549564 134.96676670145618 0
      vertex 115.5 135.33012701892218 0
    endloop
  endfacet
  facet normal 0 0 1
    outer loop
      vertex 8.5 135.33012701892218 0
      vertex 115.5 135.33012701892218 0
      vertex 116.08658283817455 135.61939766255642 0
    endloop
  endfacet
  facet normal 0 0 1
    outer loop
      vertex 7.913417161825449 135.61939766255642 0
      vertex 116.08658283817455 135.61939766255642 0
      vertex 116.7059047744874 135.82962913144533 0
    endloop
  endfacet
  facet normal 0 0 1
    outer loop
      vertex 0 137 0
      vertex 118 136 0
      vertex 124 137 0
    endloop
  endfacet
  facet normal 0 -1 0
    outer loop
      vertex 0 137 0
      vertex 124 137 0
      vertex 104.32702702702703 137 6.6
    endloop
  endfacet
  facet normal 0 -1 0
    outer loop
      vertex 0 137 0
      vertex 104.32702702702703 137 6.6
      vertex 91.7 137 6.6
    endloop
  endfacet
  facet normal 0 0 1
    outer loop
      vertex 109.90448186995485 27.930733729460357 0
      vertex 110.13589838486224 28.4 0
      vertex 124 137 0
    endloop
  endfacet
  facet normal 0 0 1
    outer loop
      vertex 110.13589838486224 28.4 0
      vertex 110.42658663883505 28.83504571603488 0
      vertex 124 137 0
    endloop
  endfacet
  facet normal 0 0 1
    outer loop
      vertex 110.42658663883505 28.83504571603488 0
      vertex 110.77157287525381 29.22842712474619 0
      vertex 124 137 0
    endloop
  endfacet
  facet normal 0 0 1
    outer loop
      vertex 110.77157287525381 29.22842712474619 0
      vertex 111.16495428396512 29.57341336116494 0
      vertex 124 137 0
    endloop
  endfacet
  facet normal 0 0 1
    outer loop
      vertex 111.16495428396512 29.57341336116494 0
      vertex 111.6 29.864101615137752 0
      vertex 124 137 0
    endloop
  endfacet
  facet normal 0 0 1
    outer loop
      vertex 111.6 29.864101615137752 0
      vertex 112.06926627053963 30.095518130045146 0
      vertex 124 137 0
    endloop
  endfacet
  facet normal 0 0 1
    outer loop
      vertex 112.06926627053963 30.095518130045146 0
      vertex 112.56472381958991 30.263703305156273 0
      vertex 124 137 0
    endloop
  endfacet
  facet normal 0 0 1
    outer loop
      vertex 115.13073372946036 30.095518130045146 0
      vertex 124 137 0
      vertex 114.63527618041007 30.263703305156273 0
    endloop
  endfacet
  facet normal 0 0 1
    outer loop
      vertex 115.13073372946036 30.095518130045146 0
      vertex 115.6 29.864101615137752 0
      vertex 124 137 0
    endloop
  endfacet
  facet normal 0 0 1
    outer loop
      vertex 112.56472381958991 30.263703305156273 0
      vertex 113.07789523111978 30.36577944549524 0
      vertex 124 137 0
    endloop
  endfacet
  facet normal 0 0 1
    outer loop
      vertex 113.07789523111978 30.36577944549524 0
      vertex 113.6 30.4 0
      vertex 124 137 0
    endloop
  endfacet
  facet normal 0 0 1
    outer loop
      vertex 113.6 30.4 0
      vertex 114.1221047688802 30.36577944549524 0
      vertex 124 137 0
    endloop
  endfacet
  facet normal 0 0 1
    outer loop
      vertex 114.1221047688802 30.36577944549524 0
      vertex 114.63527618041007 30.263703305156273 0
      vertex 124 137 0
    endloop
  endfacet
  facet normal 0 0 1
    outer loop
      vertex 109.90448186995485 27.930733729460357 0
      vertex 116.03504571603487 109.42658663883505 0
      vertex 115.6 109.13589838486224 0
    endloop
  endfacet
  facet normal 0 0 1
    outer loop
      vertex 109.90448186995485 27.930733729460357 0
      vertex 116.42842712474618 109.77157287525381 0
      vertex 116.03504571603487 109.42658663883505 0
    endloop
  endfacet
  facet normal 0 0 1
    outer loop
      vertex 116.03504571603487 29.57341336116494 0
      vertex 116.42842712474618 29.22842712474619 0
      vertex 124 137 0
    endloop
  endfacet
  facet normal 0 0 1
    outer loop
      vertex 115.6 29.864101615137752 0
      vertex 116.03504571603487 29.57341336116494 0
      vertex 124 137 0
    endloop
  endfacet
  facet normal 0 0 1
    outer loop
      vertex 116.77341336116494 28.83504571603488 0
      vertex 124 137 0
      vertex 116.42842712474618 29.22842712474619 0
    endloop
  endfacet
  facet normal 0 0 1
    outer loop
      vertex 116.77341336116494 28.83504571603488 0
      vertex 117.06410161513774 28.4 0
      vertex 124 137 0
    endloop
  endfacet
  facet normal 0 0 1
    outer loop
      vertex 117.56577944549524 26.922104768880203 0
      vertex 124 137 0
      vertex 117.46370330515627 27.43527618041008 0
    endloop
  endfacet
  facet normal 0 0 1
    outer loop
      vertex 117.46370330515627 27.43527618041008 0
      vertex 124 137 0
      vertex 117.29551813004514 27.930733729460357 0
    endloop
  endfacet
  facet normal 0 0 1
    outer loop
      vertex 117.06410161513774 28.4 0
      vertex 117.29551813004514 27.930733729460357 0
      vertex 124 137 0
    endloop
  endfacet
  facet normal 0 0 1
    outer loop
      vertex 109.90448186995485 27.930733729460357 0
      vertex 116.77341336116494 110.16495428396512 0
      vertex 116.42842712474618 109.77157287525381 0
    endloop
  endfacet
  facet normal 0 0 1
    outer loop
      vertex 109.90448186995485 27.930733729460357 0
      vertex 117.06410161513774 110.6 0
      vertex 116.77341336116494 110.16495428396512 0
    endloop
  endfacet
  facet normal 0 0 1
    outer loop
      vertex 109.90448186995485 27.930733729460357 0
      vertex 117.29551813004514 111.06926627053963 0
      vertex 117.06410161513774 110.6 0
    endloop
  endfacet
  facet normal 0 0 1
    outer loop
      vertex 109.90448186995485 27.930733729460357 0
      vertex 117.46370330515627 111.56472381958991 0
      vertex 117.29551813004514 111.06926627053963 0
    endloop
  endfacet
  facet normal 0 0 1
    outer loop
      vertex 109.90448186995485 27.930733729460357 0
      vertex 117.56577944549524 112.07789523111978 0
      vertex 117.46370330515627 111.56472381958991 0
    endloop
  endfacet
  facet normal 0 0 1
    outer loop
      vertex 109.90448186995485 27.930733729460357 0
      vertex 122.82962913144534 129.7059047744874 0
      vertex 117.56577944549524 112.07789523111978 0
    endloop
  endfacet
  facet normal 0 0 1
    outer loop
      vertex 109.90448186995485 27.930733729460357 0
      vertex 122.95722430686905 130.34736903889973 0
      vertex 122.82962913144534 129.7059047744874 0
    endloop
  endfacet
  facet normal 0 0 1
    outer loop
      vertex 109.90448186995485 27.930733729460357 0
      vertex 124 137 0
      vertex 122.95722430686905 130.34736903889973 0
    endloop
  endfacet
  facet normal 0 0 1
    outer loop
      vertex 114.11763809020503 110.66814834742186 0
      vertex 112.1857864376269 111.1857864376269 0
      vertex 112.38247714198255 111.01329331941753 0
    endloop
  endfacet
  facet normal 0 0 1
    outer loop
      vertex 112.6 110.86794919243111 0
      vertex 114.11763809020503 110.66814834742186 0
      vertex 112.38247714198255 111.01329331941753 0
    endloop
  endfacet
  facet normal 0 0 1
    outer loop
      vertex 112.83463313526981 110.75224093497742 0
      vertex 113.08236190979495 110.66814834742186 0
      vertex 114.11763809020503 110.66814834742186 0
    endloop
  endfacet
  facet normal 0 0 1
    outer loop
      vertex 112.6 110.86794919243111 0
      vertex 112.83463313526981 110.75224093497742 0
      vertex 114.11763809020503 110.66814834742186 0
    endloop
  endfacet
  facet normal 0 0 1
    outer loop
      vertex 113.08236190979495 110.66814834742186 0
      vertex 113.33894761555989 110.61711027725238 0
      vertex 113.8610523844401 110.61711027725238 0
    endloop
  endfacet
  facet normal 0 0 1
    outer loop
      vertex 113.33894761555989 110.61711027725238 0
      vertex 113.6 110.6 0
      vertex 113.8610523844401 110.61711027725238 0
    endloop
  endfacet
  facet normal 0 0 1
    outer loop
      vertex 113.08236190979495 110.66814834742186 0
      vertex 113.8610523844401 110.61711027725238 0
      vertex 114.11763809020503 110.66814834742186 0
    endloop
  endfacet
  facet normal 0 0 1
    outer loop
      vertex 114.11763809020503 110.66814834742186 0
      vertex 111.66814834742186 112.08236190979495 0
      vertex 111.75224093497742 111.83463313526981 0
    endloop
  endfacet
  facet normal 0 0 1
    outer loop
      vertex 114.11763809020503 110.66814834742186 0
      vertex 111.75224093497742 111.83463313526981 0
      vertex 111.86794919243111 111.6 0
    endloop
  endfacet
  facet normal 0 0 1
    outer loop
      vertex 114.11763809020503 110.66814834742186 0
      vertex 111.86794919243111 111.6 0
      vertex 112.01329331941753 111.38247714198255 0
    endloop
  endfacet
  facet normal 0 0 1
    outer loop
      vertex 114.11763809020503 110.66814834742186 0
      vertex 112.01329331941753 111.38247714198255 0
      vertex 112.1857864376269 111.1857864376269 0
    endloop
  endfacet
  facet normal 0 0 1
    outer loop
      vertex 114.11763809020503 110.66814834742186 0
      vertex 111.61711027725238 112.33894761555989 0
      vertex 111.66814834742186 112.08236190979495 0
    endloop
  endfacet
  facet normal 0 0 1
    outer loop
      vertex 114.11763809020503 110.66814834742186 0
      vertex 114.36536686473018 110.75224093497742 0
      vertex 111.61711027725238 112.33894761555989 0
    endloop
  endfacet
  facet normal 0 0 1
    outer loop
      vertex 111.61711027725238 112.33894761555989 0
      vertex 115.58288972274761 112.33894761555989 0
      vertex 111.6 112.6 0
    endloop
  endfacet
  facet normal 0 0 1
    outer loop
      vertex 111.6 112.6 0
      vertex 115.58288972274761 112.33894761555989 0
      vertex 111.61711027725238 112.8610523844401 0
    endloop
  endfacet
  facet normal 0 0 1
    outer loop
      vertex 111.61711027725238 112.8610523844401 0
      vertex 115.58288972274761 112.33894761555989 0
      vertex 111.66814834742186 113.11763809020503 0
    endloop
  endfacet
  facet normal 0 0 1
    outer loop
      vertex 111.66814834742186 113.11763809020503 0
      vertex 115.53185165257813 113.11763809020503 0
      vertex 111.75224093497742 113.36536686473018 0
    endloop
  endfacet
  facet normal 0 0 1
    outer loop
      vertex 111.75224093497742 113.36536686473018 0
      vertex 115.53185165257813 113.11763809020503 0
      vertex 111.86794919243111 113.6 0
    endloop
  endfacet
  facet normal 0 0 1
    outer loop
      vertex 114.36536686473018 110.75224093497742 0
      vertex 114.6 110.86794919243111 0
      vertex 111.61711027725238 112.33894761555989 0
    endloop
  endfacet
  facet normal 0 0 1
    outer loop
      vertex 114.6 110.86794919243111 0
      vertex 114.81752285801744 111.01329331941753 0
      vertex 111.61711027725238 112.33894761555989 0
    endloop
  endfacet
  facet normal 0 0 1
    outer loop
      vertex 111.61711027725238 112.33894761555989 0
      vertex 114.81752285801744 111.01329331941753 0
      vertex 115.01421356237309 111.1857864376269 0
    endloop
  endfacet
  facet normal 0 0 1
    outer loop
      vertex 111.61711027725238 112.33894761555989 0
      vertex 115.01421356237309 111.1857864376269 0
      vertex 115.18670668058246 111.38247714198255 0
    endloop
  endfacet
  facet normal 0 0 1
    outer loop
      vertex 111.61711027725238 112.33894761555989 0
      vertex 115.18670668058246 111.38247714198255 0
      vertex 115.33205080756888 111.6 0
    endloop
  endfacet
  facet normal 0 0 1
    outer loop
      vertex 111.61711027725238 112.33894761555989 0
      vertex 115.33205080756888 111.6 0
      vertex 115.44775906502257 111.83463313526981 0
    endloop
  endfacet
  facet normal 0 0 1
    outer loop
      vertex 111.61711027725238 112.33894761555989 0
      vertex 115.44775906502257 111.83463313526981 0
      vertex 115.53185165257813 112.08236190979495 0
    endloop
  endfacet
  facet normal 0 0 1
    outer loop
      vertex 111.61711027725238 112.33894761555989 0
      vertex 115.53185165257813 112.08236190979495 0
      vertex 115.58288972274761 112.33894761555989 0
    endloop
  endfacet
  facet normal 0 0 1
    outer loop
      vertex 111.66814834742186 113.11763809020503 0
      vertex 115.58288972274761 112.33894761555989 0
      vertex 115.6 112.6 0
    endloop
  endfacet
  facet normal 0 0 1
    outer loop
      vertex 111.66814834742186 113.11763809020503 0
      vertex 115.58288972274761 112.8610523844401 0
      vertex 115.53185165257813 113.11763809020503 0
    endloop
  endfacet
  facet normal 0 0 1
    outer loop
      vertex 111.66814834742186 113.11763809020503 0
      vertex 115.6 112.6 0
      vertex 115.58288972274761 112.8610523844401 0
    endloop
  endfacet
  facet normal 0 0 1
    outer loop
      vertex 111.86794919243111 113.6 0
      vertex 115.53185165257813 113.11763809020503 0
      vertex 112.01329331941753 113.81752285801744 0
    endloop
  endfacet
  facet normal 0 0 1
    outer loop
      vertex 112.01329331941753 113.81752285801744 0
      vertex 115.53185165257813 113.11763809020503 0
      vertex 112.1857864376269 114.01421356237309 0
    endloop
  endfacet
  facet normal 0 0 1
    outer loop
      vertex 112.1857864376269 114.01421356237309 0
      vertex 115.44775906502257 113.36536686473018 0
      vertex 112.38247714198255 114.18670668058246 0
    endloop
  endfacet
  facet normal 0 0 1
    outer loop
      vertex 112.38247714198255 114.18670668058246 0
      vertex 115.44775906502257 113.36536686473018 0
      vertex 112.6 114.33205080756888 0
    endloop
  endfacet
  facet normal 0 0 1
    outer loop
      vertex 112.6 114.33205080756888 0
      vertex 115.44775906502257 113.36536686473018 0
      vertex 112.83463313526981 114.44775906502257 0
    endloop
  endfacet
  facet normal 0 0 1
    outer loop
      vertex 112.83463313526981 114.44775906502257 0
      vertex 115.33205080756888 113.6 0
      vertex 113.08236190979495 114.53185165257813 0
    endloop
  endfacet
  facet normal 0 0 1
    outer loop
      vertex 112.1857864376269 114.01421356237309 0
      vertex 115.53185165257813 113.11763809020503 0
      vertex 115.44775906502257 113.36536686473018 0
    endloop
  endfacet
  facet normal 0 0 1
    outer loop
      vertex 113.08236190979495 114.53185165257813 0
      vertex 115.33205080756888 113.6 0
      vertex 113.33894761555989 114.58288972274761 0
    endloop
  endfacet
  facet normal 0 0 1
    outer loop
      vertex 113.33894761555989 114.58288972274761 0
      vertex 114.81752285801744 114.18670668058246 0
      vertex 113.6 114.6 0
    endloop
  endfacet
  facet normal 0 0 1
    outer loop
      vertex 113.6 114.6 0
      vertex 114.81752285801744 114.18670668058246 0
      vertex 113.8610523844401 114.58288972274761 0
    endloop
  endfacet
  facet normal 0 0 1
    outer loop
      vertex 113.33894761555989 114.58288972274761 0
      vertex 115.01421356237309 114.01421356237309 0
      vertex 114.81752285801744 114.18670668058246 0
    endloop
  endfacet
  facet normal 0 0 1
    outer loop
      vertex 114.11763809020503 114.53185165257813 0
      vertex 113.8610523844401 114.58288972274761 0
      vertex 114.6 114.33205080756888 0
    endloop
  endfacet
  facet normal 0 0 1
    outer loop
      vertex 114.11763809020503 114.53185165257813 0
      vertex 114.6 114.33205080756888 0
      vertex 114.36536686473018 114.44775906502257 0
    endloop
  endfacet
  facet normal 0 0 1
    outer loop
      vertex 110.77157287525381 115.42842712474618 0
      vertex 111.16495428396512 115.77341336116494 0
      vertex 117.34736903889974 126.04277569313095 0
    endloop
  endfacet
  facet normal 0 0 1
    outer loop
      vertex 111.16495428396512 115.77341336116494 0
      vertex 111.6 116.06410161513774 0
      vertex 117.34736903889974 126.04277569313095 0
    endloop
  endfacet
  facet normal 0 0 1
    outer loop
      vertex 111.6 116.06410161513774 0
      vertex 112.06926627053963 116.29551813004514 0
      vertex 117.34736903889974 126.04277569313095 0
    endloop
  endfacet
  facet normal 0 0 1
    outer loop
      vertex 112.06926627053963 116.29551813004514 0
      vertex 112.56472381958991 116.46370330515627 0
      vertex 117.34736903889974 126.04277569313095 0
    endloop
  endfacet
  facet normal 0 0 1
    outer loop
      vertex 112.56472381958991 116.46370330515627 0
      vertex 113.07789523111978 116.56577944549524 0
      vertex 117.34736903889974 126.04277569313095 0
    endloop
  endfacet
  facet normal 0 0 1
    outer loop
      vertex 112.83463313526981 114.44775906502257 0
      vertex 115.44775906502257 113.36536686473018 0
      vertex 115.33205080756888 113.6 0
    endloop
  endfacet
  facet normal 0 0 1
    outer loop
      vertex 113.33894761555989 114.58288972274761 0
      vertex 115.18670668058246 113.81752285801744 0
      vertex 115.01421356237309 114.01421356237309 0
    endloop
  endfacet
  facet normal 0 0 1
    outer loop
      vertex 113.33894761555989 114.58288972274761 0
      vertex 115.33205080756888 113.6 0
      vertex 115.18670668058246 113.81752285801744 0
    endloop
  endfacet
  facet normal 0 0 1
    outer loop
      vertex 113.8610523844401 114.58288972274761 0
      vertex 114.81752285801744 114.18670668058246 0
      vertex 114.6 114.33205080756888 0
    endloop
  endfacet
  facet normal 0 0 1
    outer loop
      vertex 113.07789523111978 116.56577944549524 0
      vertex 113.6 116.6 0
      vertex 117.34736903889974 126.04277569313095 0
    endloop
  endfacet
  facet normal 0 0 1
    outer loop
      vertex 113.6 116.6 0
      vertex 114.1221047688802 116.56577944549524 0
      vertex 117.34736903889974 126.04277569313095 0
    endloop
  endfacet
  facet normal 0 0 1
    outer loop
      vertex 114.1221047688802 116.56577944549524 0
      vertex 114.63527618041007 116.46370330515627 0
      vertex 117.34736903889974 126.04277569313095 0
    endloop
  endfacet
  facet normal 0 0 1
    outer loop
      vertex 114.63527618041007 116.46370330515627 0
      vertex 115.13073372946036 116.29551813004514 0
      vertex 117.34736903889974 126.04277569313095 0
    endloop
  endfacet
  facet normal 0 0 1
    outer loop
      vertex 115.13073372946036 116.29551813004514 0
      vertex 115.6 116.06410161513774 0
      vertex 118 126 0
    endloop
  endfacet
  facet normal 0 0 1
    outer loop
      vertex 115.6 116.06410161513774 0
      vertex 116.03504571603487 115.77341336116494 0
      vertex 118.65263096110026 126.04277569313095 0
    endloop
  endfacet
  facet normal 0 0 1
    outer loop
      vertex 116.42842712474618 115.42842712474618 0
      vertex 118.65263096110026 126.04277569313095 0
      vertex 116.03504571603487 115.77341336116494 0
    endloop
  endfacet
  facet normal 0 0 1
    outer loop
      vertex 116.77341336116494 115.03504571603487 0
      vertex 117.06410161513774 114.6 0
      vertex 119.91341716182545 126.38060233744356 0
    endloop
  endfacet
  facet normal 0 0 1
    outer loop
      vertex 116.77341336116494 115.03504571603487 0
      vertex 119.2940952255126 126.17037086855466 0
      vertex 116.42842712474618 115.42842712474618 0
    endloop
  endfacet
  facet normal 0 0 1
    outer loop
      vertex 117.29551813004514 114.13073372946036 0
      vertex 120.5 126.6698729810778 0
      vertex 117.06410161513774 114.6 0
    endloop
  endfacet
  facet normal 0 0 1
    outer loop
      vertex 117.56577944549524 113.1221047688802 0
      vertex 121.53553390593274 127.46446609406726 0
      vertex 117.46370330515627 113.63527618041007 0
    endloop
  endfacet
  facet normal 0 0 1
    outer loop
      vertex 117.6 112.6 0
      vertex 121.96676670145618 127.9561928549564 0
      vertex 117.56577944549524 113.1221047688802 0
    endloop
  endfacet
  facet normal 0 0 1
    outer loop
      vertex 117.29551813004514 114.13073372946036 0
      vertex 117.46370330515627 113.63527618041007 0
      vertex 121.0438071450436 127.03323329854382 0
    endloop
  endfacet
  facet normal 0 0 1
    outer loop
      vertex 117.56577944549524 112.07789523111978 0
      vertex 122.82962913144534 129.7059047744874 0
      vertex 117.6 112.6 0
    endloop
  endfacet
  facet normal 0 0 1
    outer loop
      vertex 115.13073372946036 116.29551813004514 0
      vertex 118 126 0
      vertex 117.34736903889974 126.04277569313095 0
    endloop
  endfacet
  facet normal 0 0 1
    outer loop
      vertex 115.6 116.06410161513774 0
      vertex 118.65263096110026 126.04277569313095 0
      vertex 118 126 0
    endloop
  endfacet
  facet normal 0 0 1
    outer loop
      vertex 116.42842712474618 115.42842712474618 0
      vertex 119.2940952255126 126.17037086855466 0
      vertex 118.65263096110026 126.04277569313095 0
    endloop
  endfacet
  facet normal 0 0 1
    outer loop
      vertex 116.15224093497743 130.23463313526983 0
      vertex 116.26794919243112 130 0
      vertex 119 132.73205080756887 0
    endloop
  endfacet
  facet normal 0 0 1
    outer loop
      vertex 116.15224093497743 130.23463313526983 0
      vertex 119 132.73205080756887 0
      vertex 116.06814834742187 130.48236190979495 0
    endloop
  endfacet
  facet normal 0 0 1
    outer loop
      vertex 116.41329331941753 129.78247714198255 0
      vertex 119 132.73205080756887 0
      vertex 116.26794919243112 130 0
    endloop
  endfacet
  facet normal 0 0 1
    outer loop
      vertex 116.41329331941753 129.78247714198255 0
      vertex 116.58578643762691 129.5857864376269 0
      vertex 119 132.73205080756887 0
    endloop
  endfacet
  facet normal 0 0 1
    outer loop
      vertex 116 131 0
      vertex 118 133 0
      vertex 116.01711027725239 131.2610523844401 0
    endloop
  endfacet
  facet normal 0 0 1
    outer loop
      vertex 116.06814834742187 130.48236190979495 0
      vertex 118.51763809020504 132.93185165257813 0
      vertex 116.01711027725239 130.7389476155599 0
    endloop
  endfacet
  facet normal 0 0 1
    outer loop
      vertex 116.01711027725239 130.7389476155599 0
      vertex 118.2610523844401 132.98288972274761 0
      vertex 116 131 0
    endloop
  endfacet
  facet normal 0 0 1
    outer loop
      vertex 116.01711027725239 131.2610523844401 0
      vertex 117.7389476155599 132.98288972274761 0
      vertex 116.06814834742187 131.51763809020505 0
    endloop
  endfacet
  facet normal 0 0 1
    outer loop
      vertex 116.06814834742187 131.51763809020505 0
      vertex 117.48236190979496 132.93185165257813 0
      vertex 116.15224093497743 131.76536686473017 0
    endloop
  endfacet
  facet normal 0 0 1
    outer loop
      vertex 116.15224093497743 131.76536686473017 0
      vertex 117 132.73205080756887 0
      vertex 116.26794919243112 132 0
    endloop
  endfacet
  facet normal 0 0 1
    outer loop
      vertex 116.26794919243112 132 0
      vertex 117 132.73205080756887 0
      vertex 116.41329331941753 132.21752285801745 0
    endloop
  endfacet
  facet normal 0 0 1
    outer loop
      vertex 116 131 0
      vertex 118.2610523844401 132.98288972274761 0
      vertex 118 133 0
    endloop
  endfacet
  facet normal 0 0 1
    outer loop
      vertex 116.58578643762691 129.5857864376269 0
      vertex 116.78247714198255 129.41329331941753 0
      vertex 119 132.73205080756887 0
    endloop
  endfacet
  facet normal 0 0 1
    outer loop
      vertex 116.78247714198255 129.41329331941753 0
      vertex 117 129.26794919243113 0
      vertex 119 132.73205080756887 0
    endloop
  endfacet
  facet normal 0 0 1
    outer loop
      vertex 117 129.26794919243113 0
      vertex 117.23463313526982 129.1522409349774 0
      vertex 119.73205080756888 132 0
    endloop
  endfacet
  facet normal 0 0 1
    outer loop
      vertex 117.23463313526982 129.1522409349774 0
      vertex 117.48236190979496 129.06814834742187 0
      vertex 119.73205080756888 132 0
    endloop
  endfacet
  facet normal 0 0 1
    outer loop
      vertex 117.48236190979496 129.06814834742187 0
      vertex 117.7389476155599 129.01711027725239 0
      vertex 119.73205080756888 132 0
    endloop
  endfacet
  facet normal 0 0 1
    outer loop
      vertex 116.01711027725239 130.7389476155599 0
      vertex 118.51763809020504 132.93185165257813 0
      vertex 118.2610523844401 132.98288972274761 0
    endloop
  endfacet
  facet normal 0 0 1
    outer loop
      vertex 116.06814834742187 130.48236190979495 0
      vertex 118.76536686473018 132.8477590650226 0
      vertex 118.51763809020504 132.93185165257813 0
    endloop
  endfacet
  facet normal 0 0 1
    outer loop
      vertex 117 129.26794919243113 0
      vertex 119.21752285801745 132.58670668058247 0
      vertex 119 132.73205080756887 0
    endloop
  endfacet
  facet normal 0 0 1
    outer loop
      vertex 116.06814834742187 130.48236190979495 0
      vertex 119 132.73205080756887 0
      vertex 118.76536686473018 132.8477590650226 0
    endloop
  endfacet
  facet normal 0 0 1
    outer loop
      vertex 116.41329331941753 132.21752285801745 0
      vertex 116.78247714198255 132.58670668058247 0
      vertex 116.58578643762691 132.4142135623731 0
    endloop
  endfacet
  facet normal 0 0 1
    outer loop
      vertex 116.15224093497743 131.76536686473017 0
      vertex 117.23463313526982 132.8477590650226 0
      vertex 117 132.73205080756887 0
    endloop
  endfacet
  facet normal 0 0 1
    outer loop
      vertex 116.41329331941753 132.21752285801745 0
      vertex 117 132.73205080756887 0
      vertex 116.78247714198255 132.58670668058247 0
    endloop
  endfacet
  facet normal 0 0 1
    outer loop
      vertex 116.15224093497743 131.76536686473017 0
      vertex 117.48236190979496 132.93185165257813 0
      vertex 117.23463313526982 132.8477590650226 0
    endloop
  endfacet
  facet normal 0 0 1
    outer loop
      vertex 116.06814834742187 131.51763809020505 0
      vertex 117.7389476155599 132.98288972274761 0
      vertex 117.48236190979496 132.93185165257813 0
    endloop
  endfacet
  facet normal 0 0 1
    outer loop
      vertex 116.01711027725239 131.2610523844401 0
      vertex 118 133 0
      vertex 117.7389476155599 132.98288972274761 0
    endloop
  endfacet
  facet normal 0 0 1
    outer loop
      vertex 116.77341336116494 115.03504571603487 0
      vertex 119.91341716182545 126.38060233744356 0
      vertex 119.2940952255126 126.17037086855466 0
    endloop
  endfacet
  facet normal 0 0 1
    outer loop
      vertex 117.06410161513774 114.6 0
      vertex 120.5 126.6698729810778 0
      vertex 119.91341716182545 126.38060233744356 0
    endloop
  endfacet
  facet normal 0 0 1
    outer loop
      vertex 117.29551813004514 114.13073372946036 0
      vertex 121.0438071450436 127.03323329854382 0
      vertex 120.5 126.6698729810778 0
    endloop
  endfacet
  facet normal 0 0 1
    outer loop
      vertex 117.46370330515627 113.63527618041007 0
      vertex 121.53553390593274 127.46446609406726 0
      vertex 121.0438071450436 127.03323329854382 0
    endloop
  endfacet
  facet normal 0 0 1
    outer loop
      vertex 117.56577944549524 113.1221047688802 0
      vertex 121.96676670145618 127.9561928549564 0
      vertex 121.53553390593274 127.46446609406726 0
    endloop
  endfacet
  facet normal 0 0 1
    outer loop
      vertex 117.6 112.6 0
      vertex 122.3301270189222 128.5 0
      vertex 121.96676670145618 127.9561928549564 0
    endloop
  endfacet
  facet normal 0 0 1
    outer loop
      vertex 117.6 112.6 0
      vertex 122.61939766255644 129.08658283817456 0
      vertex 122.3301270189222 128.5 0
    endloop
  endfacet
  facet normal 0 0 1
    outer loop
      vertex 117.6 112.6 0
      vertex 122.82962913144534 129.7059047744874 0
      vertex 122.61939766255644 129.08658283817456 0
    endloop
  endfacet
  facet normal 0 0 1
    outer loop
      vertex 117.7389476155599 129.01711027725239 0
      vertex 118 129 0
      vertex 119.93185165257813 131.51763809020505 0
    endloop
  endfacet
  facet normal 0 0 1
    outer loop
      vertex 118 129 0
      vertex 118.2610523844401 129.01711027725239 0
      vertex 119.93185165257813 131.51763809020505 0
    endloop
  endfacet
  facet normal 0 0 1
    outer loop
      vertex 118.2610523844401 129.01711027725239 0
      vertex 118.51763809020504 129.06814834742187 0
      vertex 119.98288972274761 131.2610523844401 0
    endloop
  endfacet
  facet normal 0 0 1
    outer loop
      vertex 118.51763809020504 129.06814834742187 0
      vertex 118.76536686473018 129.1522409349774 0
      vertex 119.84775906502257 130.23463313526983 0
    endloop
  endfacet
  facet normal 0 0 1
    outer loop
      vertex 118.76536686473018 129.1522409349774 0
      vertex 119 129.26794919243113 0
      vertex 119.84775906502257 130.23463313526983 0
    endloop
  endfacet
  facet normal 0 0 1
    outer loop
      vertex 119 129.26794919243113 0
      vertex 119.21752285801745 129.41329331941753 0
      vertex 119.58670668058247 129.78247714198255 0
    endloop
  endfacet
  facet normal 0 0 1
    outer loop
      vertex 119 129.26794919243113 0
      vertex 119.58670668058247 129.78247714198255 0
      vertex 119.73205080756888 130 0
    endloop
  endfacet
  facet normal 0 0 1
    outer loop
      vertex 119.21752285801745 129.41329331941753 0
      vertex 119.41421356237309 129.5857864376269 0
      vertex 119.58670668058247 129.78247714198255 0
    endloop
  endfacet
  facet normal 0 0 1
    outer loop
      vertex 118.51763809020504 129.06814834742187 0
      vertex 119.84775906502257 130.23463313526983 0
      vertex 119.93185165257813 130.48236190979495 0
    endloop
  endfacet
  facet normal 0 0 1
    outer loop
      vertex 119 129.26794919243113 0
      vertex 119.73205080756888 130 0
      vertex 119.84775906502257 130.23463313526983 0
    endloop
  endfacet
  facet normal 0 0 1
    outer loop
      vertex 117 129.26794919243113 0
      vertex 119.73205080756888 132 0
      vertex 119.58670668058247 132.21752285801745 0
    endloop
  endfacet
  facet normal 0 0 1
    outer loop
      vertex 117.7389476155599 129.01711027725239 0
      vertex 119.93185165257813 131.51763809020505 0
      vertex 119.84775906502257 131.76536686473017 0
    endloop
  endfacet
  facet normal 0 0 1
    outer loop
      vertex 117.7389476155599 129.01711027725239 0
      vertex 119.84775906502257 131.76536686473017 0
      vertex 119.73205080756888 132 0
    endloop
  endfacet
  facet normal 0 0 1
    outer loop
      vertex 118.2610523844401 129.01711027725239 0
      vertex 119.98288972274761 131.2610523844401 0
      vertex 119.93185165257813 131.51763809020505 0
    endloop
  endfacet
  facet normal 0 0 1
    outer loop
      vertex 117 129.26794919243113 0
      vertex 119.41421356237309 132.4142135623731 0
      vertex 119.21752285801745 132.58670668058247 0
    endloop
  endfacet
  facet normal 0 0 1
    outer loop
      vertex 117 129.26794919243113 0
      vertex 119.58670668058247 132.21752285801745 0
      vertex 119.41421356237309 132.4142135623731 0
    endloop
  endfacet
  facet normal 0 0 1
    outer loop
      vertex 118.51763809020504 129.06814834742187 0
      vertex 119.93185165257813 130.48236190979495 0
      vertex 119.98288972274761 130.7389476155599 0
    endloop
  endfacet
  facet normal 0 0 1
    outer loop
      vertex 118.51763809020504 129.06814834742187 0
      vertex 119.98288972274761 130.7389476155599 0
      vertex 120 131 0
    endloop
  endfacet
  facet normal 0 0 1
    outer loop
      vertex 118.51763809020504 129.06814834742187 0
      vertex 120 131 0
      vertex 119.98288972274761 131.2610523844401 0
    endloop
  endfacet
  facet normal 0 0 1
    outer loop
      vertex 118 136 0
      vertex 118.65263096110026 135.95722430686905 0
      vertex 124 137 0
    endloop
  endfacet
  facet normal 0 0 1
    outer loop
      vertex 119.2940952255126 135.82962913144533 0
      vertex 124 137 0
      vertex 118.65263096110026 135.95722430686905 0
    endloop
  endfacet
  facet normal 0 0 1
    outer loop
      vertex 119.2940952255126 135.82962913144533 0
      vertex 119.91341716182545 135.61939766255642 0
      vertex 124 137 0
    endloop
  endfacet
  facet normal 0 0 1
    outer loop
      vertex 120.5 135.33012701892218 0
      vertex 121.0438071450436 134.96676670145618 0
      vertex 124 137 0
    endloop
  endfacet
  facet normal 0 0 1
    outer loop
      vertex 121.53553390593274 134.53553390593274 0
      vertex 124 137 0
      vertex 121.0438071450436 134.96676670145618 0
    endloop
  endfacet
  facet normal 0 0 1
    outer loop
      vertex 119.91341716182545 135.61939766255642 0
      vertex 120.5 135.33012701892218 0
      vertex 124 137 0
    endloop
  endfacet
  facet normal 0 0 1
    outer loop
      vertex 122.95722430686905 130.34736903889973 0
      vertex 124 137 0
      vertex 123 131 0
    endloop
  endfacet
  facet normal 0 0 1
    outer loop
      vertex 123 131 0
      vertex 124 137 0
      vertex 122.95722430686905 131.65263096110027 0
    endloop
  endfacet
  facet normal 0 0 1
    outer loop
      vertex 122.82962913144534 132.2940952255126 0
      vertex 124 137 0
      vertex 122.61939766255644 132.91341716182544 0
    endloop
  endfacet
  facet normal 0 0 1
    outer loop
      vertex 122.95722430686905 131.65263096110027 0
      vertex 124 137 0
      vertex 122.82962913144534 132.2940952255126 0
    endloop
  endfacet
  facet normal 0 0 1
    outer loop
      vertex 122.3301270189222 133.5 0
      vertex 122.61939766255644 132.91341716182544 0
      vertex 124 137 0
    endloop
  endfacet
  facet normal 0 0 1
    outer loop
      vertex 121.53553390593274 134.53553390593274 0
      vertex 121.96676670145618 134.04380714504362 0
      vertex 124 137 0
    endloop
  endfacet
  facet normal 0 0 1
    outer loop
      vertex 122.3301270189222 133.5 0
      vertex 124 137 0
      vertex 121.96676670145618 134.04380714504362 0
    endloop
  endfacet
  facet normal 0 -1 0
    outer loop
      vertex 124 137 0
      vertex 118.3 137 6.6
      vertex 104.32702702702703 137 6.6
    endloop
  endfacet
  facet normal -1 0 0
    outer loop
      vertex 124 137 0
      vertex 124 0 12
      vertex 124 137 12
    endloop
  endfacet
  facet normal 0 -1 0
    outer loop
      vertex 124 137 0
      vertex 124 137 12
      vertex 118.3 137 6.6
    endloop
  endfacet
  facet normal 0 -1 0
    outer loop
      vertex 118.3 137 6.6
      vertex 124 137 12
      vertex 118.3 137 12
    endloop
  endfacet
  facet normal 0 0 -1
    outer loop
      vertex 43.7 0 6.6
      vertex 58.3 0.7945205479451998 6.6
      vertex 58.3 0 6.6
    endloop
  endfacet
  facet normal 0 0 -1
    outer loop
      vertex 43.7 0 6.6
      vertex 55.7 12.7054794520548 6.6
      vertex 58.3 0.7945205479451998 6.6
    endloop
  endfacet
  facet normal 0 0 -1
    outer loop
      vertex 43.7 0 6.6
      vertex 43.7 16 6.6
      vertex 55.7 12.7054794520548 6.6
    endloop
  endfacet
  facet normal 0 0 -1
    outer loop
      vertex 43.7 16 6.6
      vertex 58.3 16 6.6
      vertex 55.7 12.7054794520548 6.6
    endloop
  endfacet
  facet normal 0 1 0
    outer loop
      vertex 43.7 16 6.6
      vertex 54.05 16 8.95
      vertex 58.3 16 6.6
    endloop
  endfacet
  facet normal 0 1 0
    outer loop
      vertex 43.7 16 6.6
      vertex 47.95 16 8.95
      vertex 54.05 16 8.95
    endloop
  endfacet
  facet normal -1 0 0
    outer loop
      vertex 43.7 0 6.6
      vertex 43.7 0 12
      vertex 43.7 16 6.6
    endloop
  endfacet
  facet normal -1 0 0
    outer loop
      vertex 43.7 16 6.6
      vertex 43.7 0 12
      vertex 43.7 16 12
    endloop
  endfacet
  facet normal 0 1 0
    outer loop
      vertex 43.7 16 6.6
      vertex 43.7 16 12
      vertex 47.95 16 12
    endloop
  endfacet
  facet normal 0 1 0
    outer loop
      vertex 43.7 16 6.6
      vertex 47.95 16 12
      vertex 47.95 16 8.95
    endloop
  endfacet
  facet normal 0 1 0
    outer loop
      vertex 58.3 16 6.6
      vertex 54.05 16 8.95
      vertex 54.05 16 12
    endloop
  endfacet
  facet normal 0 1 0
    outer loop
      vertex 58.3 16 6.6
      vertex 54.05 16 12
      vertex 58.3 16 12
    endloop
  endfacet
  facet normal 0 0 -1
    outer loop
      vertex 43.7 121 6.6
      vertex 58.3 124.2945205479452 6.6
      vertex 58.3 121 6.6
    endloop
  endfacet
  facet normal 0 -1 0
    outer loop
      vertex 43.7 121 6.6
      vertex 58.3 121 6.6
      vertex 47.95 121 8.95
    endloop
  endfacet
  facet normal 0 0 -1
    outer loop
      vertex 43.7 121 6.6
      vertex 55.7 136.2054794520548 6.6
      vertex 58.3 124.2945205479452 6.6
    endloop
  endfacet
  facet normal 0 -1 0
    outer loop
      vertex 58.3 121 6.6
      vertex 54.05 121 8.95
      vertex 47.95 121 8.95
    endloop
  endfacet
  facet normal 0 0 -1
    outer loop
      vertex 43.7 121 6.6
      vertex 43.7 137 6.6
      vertex 55.7 136.2054794520548 6.6
    endloop
  endfacet
  facet normal 0 0 -1
    outer loop
      vertex 43.7 137 6.6
      vertex 56.32702702702703 137 6.6
      vertex 55.7 136.2054794520548 6.6
    endloop
  endfacet
  facet normal -1 0 0
    outer loop
      vertex 43.7 121 6.6
      vertex 43.7 137 12
      vertex 43.7 137 6.6
    endloop
  endfacet
  facet normal 0 -1 0
    outer loop
      vertex 43.7 121 6.6
      vertex 47.95 121 12
      vertex 43.7 121 12
    endloop
  endfacet
  facet normal -1 0 0
    outer loop
      vertex 43.7 121 6.6
      vertex 43.7 121 12
      vertex 43.7 137 12
    endloop
  endfacet
  facet normal 0 -1 0
    outer loop
      vertex 43.7 121 6.6
      vertex 47.95 121 8.95
      vertex 47.95 121 12
    endloop
  endfacet
  facet normal 0 -1 0
    outer loop
      vertex 58.3 121 6.6
      vertex 54.05 121 12
      vertex 54.05 121 8.95
    endloop
  endfacet
  facet normal 0 -1 0
    outer loop
      vertex 58.3 121 6.6
      vertex 58.3 121 12
      vertex 54.05 121 12
    endloop
  endfacet
  facet normal 0 0 -1
    outer loop
      vertex 58.3 0.7945205479451998 6.6
      vertex 55.7 12.7054794520548 6.6
      vertex 67.7 12.7054794520548 6.6
    endloop
  endfacet
  facet normal 0 0 -1
    outer loop
      vertex 55.7 12.7054794520548 6.6
      vertex 58.3 16 6.6
      vertex 67.7 12.7054794520548 6.6
    endloop
  endfacet
  facet normal 0 1 0
    outer loop
      vertex 58.3 16 6.6
      vertex 59.95 16 8.95
      vertex 66.05 16 8.95
    endloop
  endfacet
  facet normal 0 1 0
    outer loop
      vertex 58.3 16 6.6
      vertex 58.3 16 12
      vertex 59.95 16 8.95
    endloop
  endfacet
  facet normal 0 1 0
    outer loop
      vertex 58.3 16 12
      vertex 59.95 16 12
      vertex 59.95 16 8.95
    endloop
  endfacet
  facet normal 0 0 -1
    outer loop
      vertex 58.3 0 6.6
      vertex 58.3 0.7945205479451998 6.6
      vertex 70.3 0.7945205479451998 6.6
    endloop
  endfacet
  facet normal 0 0 -1
    outer loop
      vertex 58.3 0.7945205479451998 6.6
      vertex 67.7 12.7054794520548 6.6
      vertex 70.3 0.7945205479451998 6.6
    endloop
  endfacet
  facet normal 0 0 -1
    outer loop
      vertex 58.3 0 6.6
      vertex 70.3 0.7945205479451998 6.6
      vertex 69.67297297297297 0 6.6
    endloop
  endfacet
  facet normal 0 0 -1
    outer loop
      vertex 58.3 16 6.6
      vertex 67.7 16 6.6
      vertex 67.7 12.7054794520548 6.6
    endloop
  endfacet
  facet normal 0 1 0
    outer loop
      vertex 58.3 16 6.6
      vertex 66.05 16 8.95
      vertex 67.7 16 6.6
    endloop
  endfacet
  facet normal 0 1 0
    outer loop
      vertex 67.7 16 6.6
      vertex 66.05 16 8.95
      vertex 67.7 16 12
    endloop
  endfacet
  facet normal 0 1 0
    outer loop
      vertex 67.7 16 12
      vertex 66.05 16 8.95
      vertex 66.05 16 12
    endloop
  endfacet
  facet normal 0 0 -1
    outer loop
      vertex 58.3 121 6.6
      vertex 58.3 124.2945205479452 6.6
      vertex 67.7 121 6.6
    endloop
  endfacet
  facet normal 0 -1 0
    outer loop
      vertex 58.3 121 6.6
      vertex 67.7 121 6.6
      vertex 59.95 121 8.95
    endloop
  endfacet
  facet normal 0 0 -1
    outer loop
      vertex 58.3 124.2945205479452 6.6
      vertex 55.7 136.2054794520548 6.6
      vertex 67.7 136.2054794520548 6.6
    endloop
  endfacet
  facet normal 0 0 -1
    outer loop
      vertex 55.7 136.2054794520548 6.6
      vertex 56.32702702702703 137 6.6
      vertex 67.7 137 6.6
    endloop
  endfacet
  facet normal 0 -1 0
    outer loop
      vertex 58.3 121 6.6
      vertex 59.95 121 8.95
      vertex 58.3 121 12
    endloop
  endfacet
  facet normal 0 -1 0
    outer loop
      vertex 58.3 121 12
      vertex 59.95 121 8.95
      vertex 59.95 121 12
    endloop
  endfacet
  facet normal 0 0 -1
    outer loop
      vertex 58.3 124.2945205479452 6.6
      vertex 70.3 124.2945205479452 6.6
      vertex 67.7 121 6.6
    endloop
  endfacet
  facet normal 0 0 -1
    outer loop
      vertex 58.3 124.2945205479452 6.6
      vertex 67.7 136.2054794520548 6.6
      vertex 70.3 124.2945205479452 6.6
    endloop
  endfacet
  facet normal 0 -1 0
    outer loop
      vertex 67.7 121 6.6
      vertex 66.05 121 8.95
      vertex 59.95 121 8.95
    endloop
  endfacet
  facet normal 0 0 -1
    outer loop
      vertex 55.7 136.2054794520548 6.6
      vertex 67.7 137 6.6
      vertex 67.7 136.2054794520548 6.6
    endloop
  endfacet
  facet normal 0 -1 0
    outer loop
      vertex 67.7 121 6.6
      vertex 67.7 121 12
      vertex 66.05 121 8.95
    endloop
  endfacet
  facet normal 0 -1 0
    outer loop
      vertex 67.7 121 12
      vertex 66.05 121 12
      vertex 66.05 121 8.95
    endloop
  endfacet
  facet normal 0 0 -1
    outer loop
      vertex 69.67297297297297 0 6.6
      vertex 70.3 0.7945205479451998 6.6
      vertex 82.3 0.7945205479451998 6.6
    endloop
  endfacet
  facet normal 0 0 -1
    outer loop
      vertex 69.67297297297297 0 6.6
      vertex 82.3 0.7945205479451998 6.6
      vertex 82.3 0 6.6
    endloop
  endfacet
  facet normal 0 0 -1
    outer loop
      vertex 70.3 0.7945205479451998 6.6
      vertex 79.7 12.7054794520548 6.6
      vertex 82.3 0.7945205479451998 6.6
    endloop
  endfacet
  facet normal 0 0 -1
    outer loop
      vertex 70.3 0.7945205479451998 6.6
      vertex 67.7 12.7054794520548 6.6
      vertex 79.7 12.7054794520548 6.6
    endloop
  endfacet
  facet normal 0 0 -1
    outer loop
      vertex 67.7 12.7054794520548 6.6
      vertex 67.7 16 6.6
      vertex 79.7 12.7054794520548 6.6
    endloop
  endfacet
  facet normal 0 0 -1
    outer loop
      vertex 67.7 16 6.6
      vertex 82.3 16 6.6
      vertex 79.7 12.7054794520548 6.6
    endloop
  endfacet
  facet normal 0 1 0
    outer loop
      vertex 67.7 16 6.6
      vertex 78.05 16 8.95
      vertex 82.3 16 6.6
    endloop
  endfacet
  facet normal 0 1 0
    outer loop
      vertex 67.7 16 6.6
      vertex 71.95 16 8.95
      vertex 78.05 16 8.95
    endloop
  endfacet
  facet normal 0 1 0
    outer loop
      vertex 67.7 16 6.6
      vertex 71.95 16 12
      vertex 71.95 16 8.95
    endloop
  endfacet
  facet normal 0 1 0
    outer loop
      vertex 67.7 16 6.6
      vertex 67.7 16 12
      vertex 71.95 16 12
    endloop
  endfacet
  facet normal 0 1 0
    outer loop
      vertex 82.3 16 6.6
      vertex 78.05 16 8.95
      vertex 78.05 16 12
    endloop
  endfacet
  facet normal 0 1 0
    outer loop
      vertex 82.3 16 6.6
      vertex 78.05 16 12
      vertex 82.3 16 12
    endloop
  endfacet
  facet normal 0 0 -1
    outer loop
      vertex 67.7 121 6.6
      vertex 70.3 124.2945205479452 6.6
      vertex 82.3 121 6.6
    endloop
  endfacet
  facet normal 0 -1 0
    outer loop
      vertex 67.7 121 6.6
      vertex 82.3 121 6.6
      vertex 71.95 121 8.95
    endloop
  endfacet
  facet normal 0 0 -1
    outer loop
      vertex 70.3 124.2945205479452 6.6
      vertex 79.7 136.2054794520548 6.6
      vertex 82.3 124.2945205479452 6.6
    endloop
  endfacet
  facet normal 0 -1 0
    outer loop
      vertex 82.3 121 6.6
      vertex 78.05 121 8.95
      vertex 71.95 121 8.95
    endloop
  endfacet
  facet normal 0 0 -1
    outer loop
      vertex 67.7 136.2054794520548 6.6
      vertex 79.7 136.2054794520548 6.6
      vertex 70.3 124.2945205479452 6.6
    endloop
  endfacet
  facet normal 0 0 -1
    outer loop
      vertex 67.7 136.2054794520548 6.6
      vertex 67.7 137 6.6
      vertex 80.32702702702703 137 6.6
    endloop
  endfacet
  facet normal 0 0 -1
    outer loop
      vertex 67.7 136.2054794520548 6.6
      vertex 80.32702702702703 137 6.6
      vertex 79.7 136.2054794520548 6.6
    endloop
  endfacet
  facet normal 0 0 -1
    outer loop
      vertex 70.3 124.2945205479452 6.6
      vertex 82.3 124.2945205479452 6.6
      vertex 82.3 121 6.6
    endloop
  endfacet
  facet normal 0 -1 0
    outer loop
      vertex 67.7 121 6.6
      vertex 71.95 121 8.95
      vertex 71.95 121 12
    endloop
  endfacet
  facet normal 0 -1 0
    outer loop
      vertex 67.7 121 6.6
      vertex 71.95 121 12
      vertex 67.7 121 12
    endloop
  endfacet
  facet normal 0 -1 0
    outer loop
      vertex 82.3 121 6.6
      vertex 78.05 121 12
      vertex 78.05 121 8.95
    endloop
  endfacet
  facet normal 0 -1 0
    outer loop
      vertex 82.3 121 6.6
      vertex 82.3 121 12
      vertex 78.05 121 12
    endloop
  endfacet
  facet normal 0 0 -1
    outer loop
      vertex 82.3 0 6.6
      vertex 82.3 0.7945205479451998 6.6
      vertex 94.3 0.7945205479451998 6.6
    endloop
  endfacet
  facet normal 0 0 -1
    outer loop
      vertex 82.3 0 6.6
      vertex 94.3 0.7945205479451998 6.6
      vertex 93.67297297297297 0 6.6
    endloop
  endfacet
  facet normal 0 0 -1
    outer loop
      vertex 82.3 0.7945205479451998 6.6
      vertex 91.7 12.7054794520548 6.6
      vertex 94.3 0.7945205479451998 6.6
    endloop
  endfacet
  facet normal 0 0 -1
    outer loop
      vertex 82.3 0.7945205479451998 6.6
      vertex 79.7 12.7054794520548 6.6
      vertex 91.7 12.7054794520548 6.6
    endloop
  endfacet
  facet normal 0 0 -1
    outer loop
      vertex 79.7 12.7054794520548 6.6
      vertex 82.3 16 6.6
      vertex 91.7 12.7054794520548 6.6
    endloop
  endfacet
  facet normal 0 1 0
    outer loop
      vertex 82.3 16 6.6
      vertex 83.95 16 8.95
      vertex 90.05 16 8.95
    endloop
  endfacet
  facet normal 0 0 -1
    outer loop
      vertex 82.3 16 6.6
      vertex 91.7 16 6.6
      vertex 91.7 12.7054794520548 6.6
    endloop
  endfacet
  facet normal 0 1 0
    outer loop
      vertex 82.3 16 6.6
      vertex 90.05 16 8.95
      vertex 91.7 16 6.6
    endloop
  endfacet
  facet normal 0 1 0
    outer loop
      vertex 82.3 16 6.6
      vertex 82.3 16 12
      vertex 83.95 16 8.95
    endloop
  endfacet
  facet normal 0 1 0
    outer loop
      vertex 91.7 16 6.6
      vertex 90.05 16 8.95
      vertex 91.7 16 12
    endloop
  endfacet
  facet normal 0 1 0
    outer loop
      vertex 82.3 16 12
      vertex 83.95 16 12
      vertex 83.95 16 8.95
    endloop
  endfacet
  facet normal 0 1 0
    outer loop
      vertex 91.7 16 12
      vertex 90.05 16 8.95
      vertex 90.05 16 12
    endloop
  endfacet
  facet normal 0 0 -1
    outer loop
      vertex 82.3 121 6.6
      vertex 82.3 124.2945205479452 6.6
      vertex 91.7 121 6.6
    endloop
  endfacet
  facet normal 0 -1 0
    outer loop
      vertex 82.3 121 6.6
      vertex 91.7 121 6.6
      vertex 83.95 121 8.95
    endloop
  endfacet
  facet normal 0 0 -1
    outer loop
      vertex 82.3 124.2945205479452 6.6
      vertex 79.7 136.2054794520548 6.6
      vertex 91.7 136.2054794520548 6.6
    endloop
  endfacet
  facet normal 0 0 -1
    outer loop
      vertex 79.7 136.2054794520548 6.6
      vertex 80.32702702702703 137 6.6
      vertex 91.7 137 6.6
    endloop
  endfacet
  facet normal 0 0 -1
    outer loop
      vertex 82.3 124.2945205479452 6.6
      vertex 94.3 124.2945205479452 6.6
      vertex 91.7 121 6.6
    endloop
  endfacet
  facet normal 0 0 -1
    outer loop
      vertex 82.3 124.2945205479452 6.6
      vertex 91.7 136.2054794520548 6.6
      vertex 94.3 124.2945205479452 6.6
    endloop
  endfacet
  facet normal 0 -1 0
    outer loop
      vertex 91.7 121 6.6
      vertex 90.05 121 8.95
      vertex 83.95 121 8.95
    endloop
  endfacet
  facet normal 0 0 -1
    outer loop
      vertex 79.7 136.2054794520548 6.6
      vertex 91.7 137 6.6
      vertex 91.7 136.2054794520548 6.6
    endloop
  endfacet
  facet normal 0 -1 0
    outer loop
      vertex 82.3 121 6.6
      vertex 83.95 121 8.95
      vertex 82.3 121 12
    endloop
  endfacet
  facet normal 0 -1 0
    outer loop
      vertex 91.7 121 6.6
      vertex 91.7 121 12
      vertex 90.05 121 8.95
    endloop
  endfacet
  facet normal 0 -1 0
    outer loop
      vertex 82.3 121 12
      vertex 83.95 121 8.95
      vertex 83.95 121 12
    endloop
  endfacet
  facet normal 0 -1 0
    outer loop
      vertex 91.7 121 12
      vertex 90.05 121 12
      vertex 90.05 121 8.95
    endloop
  endfacet
  facet normal 0 1 0
    outer loop
      vertex 91.7 16 6.6
      vertex 91.7 16 12
      vertex 95.95 16 12
    endloop
  endfacet
  facet normal 0 0 -1
    outer loop
      vertex 93.67297297297297 0 6.6
      vertex 94.3 0.7945205479451998 6.6
      vertex 106.3 0.7945205479451998 6.6
    endloop
  endfacet
  facet normal 0 0 -1
    outer loop
      vertex 93.67297297297297 0 6.6
      vertex 106.3 0.7945205479451998 6.6
      vertex 106.3 0 6.6
    endloop
  endfacet
  facet normal 0 0 -1
    outer loop
      vertex 94.3 0.7945205479451998 6.6
      vertex 103.7 12.7054794520548 6.6
      vertex 106.3 0.7945205479451998 6.6
    endloop
  endfacet
  facet normal 0 0 -1
    outer loop
      vertex 91.7 12.7054794520548 6.6
      vertex 103.7 12.7054794520548 6.6
      vertex 94.3 0.7945205479451998 6.6
    endloop
  endfacet
  facet normal 0 0 -1
    outer loop
      vertex 91.7 12.7054794520548 6.6
      vertex 91.7 16 6.6
      vertex 103.7 12.7054794520548 6.6
    endloop
  endfacet
  facet normal 0 0 -1
    outer loop
      vertex 91.7 16 6.6
      vertex 106.3 16 6.6
      vertex 103.7 12.7054794520548 6.6
    endloop
  endfacet
  facet normal 0 1 0
    outer loop
      vertex 91.7 16 6.6
      vertex 102.05 16 8.95
      vertex 106.3 16 6.6
    endloop
  endfacet
  facet normal 0 1 0
    outer loop
      vertex 91.7 16 6.6
      vertex 95.95 16 8.95
      vertex 102.05 16 8.95
    endloop
  endfacet
  facet normal 0 1 0
    outer loop
      vertex 91.7 16 6.6
      vertex 95.95 16 12
      vertex 95.95 16 8.95
    endloop
  endfacet
  facet normal 0 1 0
    outer loop
      vertex 106.3 16 6.6
      vertex 102.05 16 8.95
      vertex 102.05 16 12
    endloop
  endfacet
  facet normal 0 1 0
    outer loop
      vertex 106.3 16 6.6
      vertex 102.05 16 12
      vertex 106.3 16 12
    endloop
  endfacet
  facet normal 0 -1 0
    outer loop
      vertex 91.7 121 6.6
      vertex 95.95 121 12
      vertex 91.7 121 12
    endloop
  endfacet
  facet normal 0 0 -1
    outer loop
      vertex 91.7 121 6.6
      vertex 94.3 124.2945205479452 6.6
      vertex 106.3 121 6.6
    endloop
  endfacet
  facet normal 0 -1 0
    outer loop
      vertex 91.7 121 6.6
      vertex 106.3 121 6.6
      vertex 95.95 121 8.95
    endloop
  endfacet
  facet normal 0 0 -1
    outer loop
      vertex 94.3 124.2945205479452 6.6
      vertex 106.3 124.2945205479452 6.6
      vertex 106.3 121 6.6
    endloop
  endfacet
  facet normal 0 0 -1
    outer loop
      vertex 94.3 124.2945205479452 6.6
      vertex 103.7 136.2054794520548 6.6
      vertex 106.3 124.2945205479452 6.6
    endloop
  endfacet
  facet normal 0 -1 0
    outer loop
      vertex 106.3 121 6.6
      vertex 102.05 121 8.95
      vertex 95.95 121 8.95
    endloop
  endfacet
  facet normal 0 0 -1
    outer loop
      vertex 91.7 136.2054794520548 6.6
      vertex 103.7 136.2054794520548 6.6
      vertex 94.3 124.2945205479452 6.6
    endloop
  endfacet
  facet normal 0 0 -1
    outer loop
      vertex 91.7 136.2054794520548 6.6
      vertex 91.7 137 6.6
      vertex 104.32702702702703 137 6.6
    endloop
  endfacet
  facet normal 0 0 -1
    outer loop
      vertex 91.7 136.2054794520548 6.6
      vertex 104.32702702702703 137 6.6
      vertex 103.7 136.2054794520548 6.6
    endloop
  endfacet
  facet normal 0 -1 0
    outer loop
      vertex 91.7 121 6.6
      vertex 95.95 121 8.95
      vertex 95.95 121 12
    endloop
  endfacet
  facet normal 0 -1 0
    outer loop
      vertex 106.3 121 6.6
      vertex 102.05 121 12
      vertex 102.05 121 8.95
    endloop
  endfacet
  facet normal 0 -1 0
    outer loop
      vertex 106.3 121 6.6
      vertex 106.3 121 12
      vertex 102.05 121 12
    endloop
  endfacet
  facet normal 0 0 -1
    outer loop
      vertex 106.3 0 6.6
      vertex 106.3 0.7945205479451998 6.6
      vertex 116.7059047744874 1.1703708685546585 6.6
    endloop
  endfacet
  facet normal 0 0 -1
    outer loop
      vertex 106.3 0.7945205479451998 6.6
      vertex 103.7 12.7054794520548 6.6
      vertex 118.3 16 6.6
    endloop
  endfacet
  facet normal 0 0 -1
    outer loop
      vertex 103.7 12.7054794520548 6.6
      vertex 106.3 16 6.6
      vertex 118.3 16 6.6
    endloop
  endfacet
  facet normal 0 1 0
    outer loop
      vertex 106.3 16 6.6
      vertex 107.95 16 8.95
      vertex 114.05 16 8.95
    endloop
  endfacet
  facet normal 0 0 -1
    outer loop
      vertex 106.3 0.7945205479451998 6.6
      vertex 114.9561928549564 2.0332332985438244 6.6
      vertex 115.5 1.6698729810778072 6.6
    endloop
  endfacet
  facet normal 0 0 -1
    outer loop
      vertex 106.3 0.7945205479451998 6.6
      vertex 115.5 1.6698729810778072 6.6
      vertex 116.08658283817455 1.380602337443566 6.6
    endloop
  endfacet
  facet normal 0 0 -1
    outer loop
      vertex 106.3 0.7945205479451998 6.6
      vertex 116.08658283817455 1.380602337443566 6.6
      vertex 116.7059047744874 1.1703708685546585 6.6
    endloop
  endfacet
  facet normal 0 0 -1
    outer loop
      vertex 106.3 0 6.6
      vertex 118.3 1.0196630388445713 6.6
      vertex 118.3 0 6.6
    endloop
  endfacet
  facet normal 0 0 -1
    outer loop
      vertex 106.3 0 6.6
      vertex 116.7059047744874 1.1703708685546585 6.6
      vertex 117.34736903889974 1.042775693130948 6.6
    endloop
  endfacet
  facet normal 0 0 -1
    outer loop
      vertex 106.3 0 6.6
      vertex 117.34736903889974 1.042775693130948 6.6
      vertex 118 1 6.6
    endloop
  endfacet
  facet normal 0 0 -1
    outer loop
      vertex 106.3 0 6.6
      vertex 118 1 6.6
      vertex 118.3 1.0196630388445713 6.6
    endloop
  endfacet
  facet normal 0 0 -1
    outer loop
      vertex 106.3 0.7945205479451998 6.6
      vertex 113.38060233744356 4.086582838174551 6.6
      vertex 113.6698729810778 3.5 6.6
    endloop
  endfacet
  facet normal 0 0 -1
    outer loop
      vertex 106.3 0.7945205479451998 6.6
      vertex 113.6698729810778 3.5 6.6
      vertex 114.03323329854382 2.956192854956397 6.6
    endloop
  endfacet
  facet normal 0 0 -1
    outer loop
      vertex 106.3 0.7945205479451998 6.6
      vertex 113.04277569313095 5.347369038899743 6.6
      vertex 113.17037086855466 4.705904774487396 6.6
    endloop
  endfacet
  facet normal 0 0 -1
    outer loop
      vertex 106.3 0.7945205479451998 6.6
      vertex 113 6 6.6
      vertex 113.04277569313095 5.347369038899743 6.6
    endloop
  endfacet
  facet normal 0 0 -1
    outer loop
      vertex 106.3 0.7945205479451998 6.6
      vertex 113.17037086855466 4.705904774487396 6.6
      vertex 113.38060233744356 4.086582838174551 6.6
    endloop
  endfacet
  facet normal 0 0 -1
    outer loop
      vertex 106.3 0.7945205479451998 6.6
      vertex 114.03323329854382 2.956192854956397 6.6
      vertex 114.46446609406726 2.4644660940672622 6.6
    endloop
  endfacet
  facet normal 0 0 -1
    outer loop
      vertex 106.3 0.7945205479451998 6.6
      vertex 114.46446609406726 2.4644660940672622 6.6
      vertex 114.9561928549564 2.0332332985438244 6.6
    endloop
  endfacet
  facet normal 0 0 -1
    outer loop
      vertex 106.3 0.7945205479451998 6.6
      vertex 113.04277569313095 6.652630961100257 6.6
      vertex 113 6 6.6
    endloop
  endfacet
  facet normal 0 0 -1
    outer loop
      vertex 106.3 0.7945205479451998 6.6
      vertex 113.17037086855466 7.294095225512604 6.6
      vertex 113.04277569313095 6.652630961100257 6.6
    endloop
  endfacet
  facet normal 0 0 -1
    outer loop
      vertex 106.3 0.7945205479451998 6.6
      vertex 113.38060233744356 7.913417161825449 6.6
      vertex 113.17037086855466 7.294095225512604 6.6
    endloop
  endfacet
  facet normal 0 0 -1
    outer loop
      vertex 106.3 0.7945205479451998 6.6
      vertex 113.6698729810778 8.5 6.6
      vertex 113.38060233744356 7.913417161825449 6.6
    endloop
  endfacet
  facet normal 0 0 -1
    outer loop
      vertex 106.3 0.7945205479451998 6.6
      vertex 114.03323329854382 9.043807145043603 6.6
      vertex 113.6698729810778 8.5 6.6
    endloop
  endfacet
  facet normal 0 0 -1
    outer loop
      vertex 106.3 0.7945205479451998 6.6
      vertex 114.46446609406726 9.535533905932738 6.6
      vertex 114.03323329854382 9.043807145043603 6.6
    endloop
  endfacet
  facet normal 0 0 -1
    outer loop
      vertex 116.01711027725239 5.738947615559897 6.6
      vertex 116 6 6.6
      vertex 117 7.732050807568877 6.6
    endloop
  endfacet
  facet normal 0 0 -1
    outer loop
      vertex 116.26794919243112 5 6.6
      vertex 117.48236190979496 7.931851652578136 6.6
      vertex 116.41329331941753 4.782477141982559 6.6
    endloop
  endfacet
  facet normal 0 0 -1
    outer loop
      vertex 116.41329331941753 4.782477141982559 6.6
      vertex 117.48236190979496 7.931851652578136 6.6
      vertex 116.58578643762691 4.585786437626905 6.6
    endloop
  endfacet
  facet normal 0 0 -1
    outer loop
      vertex 116.15224093497743 5.234633135269821 6.6
      vertex 117.48236190979496 7.931851652578136 6.6
      vertex 116.26794919243112 5 6.6
    endloop
  endfacet
  facet normal 0 0 -1
    outer loop
      vertex 116.06814834742187 5.4823619097949585 6.6
      vertex 116.01711027725239 5.738947615559897 6.6
      vertex 117.23463313526982 7.847759065022574 6.6
    endloop
  endfacet
  facet normal 0 0 -1
    outer loop
      vertex 116.15224093497743 5.234633135269821 6.6
      vertex 116.06814834742187 5.4823619097949585 6.6
      vertex 117.48236190979496 7.931851652578136 6.6
    endloop
  endfacet
  facet normal 0 0 -1
    outer loop
      vertex 116.78247714198255 4.41329331941753 6.6
      vertex 117.48236190979496 7.931851652578136 6.6
      vertex 117 4.267949192431123 6.6
    endloop
  endfacet
  facet normal 0 0 -1
    outer loop
      vertex 116.58578643762691 4.585786437626905 6.6
      vertex 117.48236190979496 7.931851652578136 6.6
      vertex 116.78247714198255 4.41329331941753 6.6
    endloop
  endfacet
  facet normal 0 0 -1
    outer loop
      vertex 117 4.267949192431123 6.6
      vertex 117.48236190979496 7.931851652578136 6.6
      vertex 117.23463313526982 4.152240934977426 6.6
    endloop
  endfacet
  facet normal 0 0 -1
    outer loop
      vertex 117.48236190979496 4.068148347421864 6.6
      vertex 117.23463313526982 4.152240934977426 6.6
      vertex 117.48236190979496 7.931851652578136 6.6
    endloop
  endfacet
  facet normal 0 0 -1
    outer loop
      vertex 117.48236190979496 4.068148347421864 6.6
      vertex 117.48236190979496 7.931851652578136 6.6
      vertex 117.7389476155599 4.017110277252379 6.6
    endloop
  endfacet
  facet normal 0 0 -1
    outer loop
      vertex 117.7389476155599 4.017110277252379 6.6
      vertex 117.48236190979496 7.931851652578136 6.6
      vertex 118 4 6.6
    endloop
  endfacet
  facet normal 0 0 -1
    outer loop
      vertex 118 4 6.6
      vertex 117.48236190979496 7.931851652578136 6.6
      vertex 118.2610523844401 4.017110277252379 6.6
    endloop
  endfacet
  facet normal 0 0 -1
    outer loop
      vertex 118.2610523844401 4.017110277252379 6.6
      vertex 117.48236190979496 7.931851652578136 6.6
      vertex 118.3 4.02485743966719 6.6
    endloop
  endfacet
  facet normal 0 0 -1
    outer loop
      vertex 106.3 0.7945205479451998 6.6
      vertex 118.3 16 6.6
      vertex 114.46446609406726 9.535533905932738 6.6
    endloop
  endfacet
  facet normal 0 0 -1
    outer loop
      vertex 116 6 6.6
      vertex 116.01711027725239 6.261052384440103 6.6
      vertex 116.78247714198255 7.58670668058247 6.6
    endloop
  endfacet
  facet normal 0 0 -1
    outer loop
      vertex 116.01711027725239 6.261052384440103 6.6
      vertex 116.06814834742187 6.5176380902050415 6.6
      vertex 116.58578643762691 7.414213562373095 6.6
    endloop
  endfacet
  facet normal 0 0 -1
    outer loop
      vertex 116.06814834742187 6.5176380902050415 6.6
      vertex 116.15224093497743 6.765366864730179 6.6
      vertex 116.41329331941753 7.217522858017441 6.6
    endloop
  endfacet
  facet normal 0 0 -1
    outer loop
      vertex 116.15224093497743 6.765366864730179 6.6
      vertex 116.26794919243112 7 6.6
      vertex 116.41329331941753 7.217522858017441 6.6
    endloop
  endfacet
  facet normal 0 0 -1
    outer loop
      vertex 116.06814834742187 6.5176380902050415 6.6
      vertex 116.41329331941753 7.217522858017441 6.6
      vertex 116.58578643762691 7.414213562373095 6.6
    endloop
  endfacet
  facet normal 0 0 -1
    outer loop
      vertex 116.01711027725239 6.261052384440103 6.6
      vertex 116.58578643762691 7.414213562373095 6.6
      vertex 116.78247714198255 7.58670668058247 6.6
    endloop
  endfacet
  facet normal 0 0 -1
    outer loop
      vertex 116 6 6.6
      vertex 116.78247714198255 7.58670668058247 6.6
      vertex 117 7.732050807568877 6.6
    endloop
  endfacet
  facet normal 0 0 -1
    outer loop
      vertex 116.01711027725239 5.738947615559897 6.6
      vertex 117 7.732050807568877 6.6
      vertex 117.23463313526982 7.847759065022574 6.6
    endloop
  endfacet
  facet normal 0 0 -1
    outer loop
      vertex 116.06814834742187 5.4823619097949585 6.6
      vertex 117.23463313526982 7.847759065022574 6.6
      vertex 117.48236190979496 7.931851652578136 6.6
    endloop
  endfacet
  facet normal 0 0 -1
    outer loop
      vertex 118.3 4.02485743966719 6.6
      vertex 117.48236190979496 7.931851652578136 6.6
      vertex 117.7389476155599 7.982889722747621 6.6
    endloop
  endfacet
  facet normal 0 0 -1
    outer loop
      vertex 118.3 4.02485743966719 6.6
      vertex 117.7389476155599 7.982889722747621 6.6
      vertex 118 8 6.6
    endloop
  endfacet
  facet normal 0 0 -1
    outer loop
      vertex 118.3 4.02485743966719 6.6
      vertex 118 8 6.6
      vertex 118.2610523844401 7.982889722747621 6.6
    endloop
  endfacet
  facet normal 0 0 -1
    outer loop
      vertex 118.3 4.02485743966719 6.6
      vertex 118.2610523844401 7.982889722747621 6.6
      vertex 118.3 7.97514256033281 6.6
    endloop
  endfacet
  facet normal 0 0 -1
    outer loop
      vertex 114.46446609406726 9.535533905932738 6.6
      vertex 118.3 16 6.6
      vertex 114.9561928549564 9.966766701456176 6.6
    endloop
  endfacet
  facet normal 0 0 -1
    outer loop
      vertex 114.9561928549564 9.966766701456176 6.6
      vertex 118.3 16 6.6
      vertex 115.5 10.330127018922193 6.6
    endloop
  endfacet
  facet normal 0 0 -1
    outer loop
      vertex 115.5 10.330127018922193 6.6
      vertex 118.3 16 6.6
      vertex 116.08658283817455 10.619397662556434 6.6
    endloop
  endfacet
  facet normal 0 0 -1
    outer loop
      vertex 116.08658283817455 10.619397662556434 6.6
      vertex 118.3 16 6.6
      vertex 116.7059047744874 10.82962913144534 6.6
    endloop
  endfacet
  facet normal 0 0 -1
    outer loop
      vertex 116.7059047744874 10.82962913144534 6.6
      vertex 118.3 16 6.6
      vertex 117.34736903889974 10.957224306869051 6.6
    endloop
  endfacet
  facet normal 0 0 -1
    outer loop
      vertex 117.34736903889974 10.957224306869051 6.6
      vertex 118.3 16 6.6
      vertex 118 11 6.6
    endloop
  endfacet
  facet normal 0 0 -1
    outer loop
      vertex 118 11 6.6
      vertex 118.3 16 6.6
      vertex 118.3 10.980336961155428 6.6
    endloop
  endfacet
  facet normal 0 1 0
    outer loop
      vertex 106.3 16 6.6
      vertex 114.05 16 8.95
      vertex 118.3 16 6.6
    endloop
  endfacet
  facet normal 0 1 0
    outer loop
      vertex 106.3 16 6.6
      vertex 106.3 16 12
      vertex 107.95 16 8.95
    endloop
  endfacet
  facet normal 0 1 0
    outer loop
      vertex 106.3 16 12
      vertex 107.95 16 12
      vertex 107.95 16 8.95
    endloop
  endfacet
  facet normal 1 0 0
    outer loop
      vertex 118.3 0 6.6
      vertex 118.3 1.0196630388445713 6.6
      vertex 118.3 1.0196630388445713 12
    endloop
  endfacet
  facet normal 1 0 0
    outer loop
      vertex 118.3 4.02485743966719 6.6
      vertex 118.3 7.97514256033281 6.6
      vertex 118.3 4.02485743966719 12
    endloop
  endfacet
  facet normal 1 0 0
    outer loop
      vertex 118.3 0 6.6
      vertex 118.3 1.0196630388445713 12
      vertex 118.3 0 12
    endloop
  endfacet
  facet normal 1 0 0
    outer loop
      vertex 118.3 10.980336961155428 6.6
      vertex 118.3 16 6.6
      vertex 118.3 10.980336961155428 12
    endloop
  endfacet
  facet normal 0 1 0
    outer loop
      vertex 118.3 16 6.6
      vertex 114.05 16 8.95
      vertex 114.05 16 12
    endloop
  endfacet
  facet normal 1 0 0
    outer loop
      vertex 118.3 7.97514256033281 6.6
      vertex 118.3 7.97514256033281 12
      vertex 118.3 4.02485743966719 12
    endloop
  endfacet
  facet normal 1 0 0
    outer loop
      vertex 118.3 16 6.6
      vertex 118.3 16 12
      vertex 118.3 10.980336961155428 12
    endloop
  endfacet
  facet normal 0 1 0
    outer loop
      vertex 118.3 16 6.6
      vertex 114.05 16 12
      vertex 118.3 16 12
    endloop
  endfacet
  facet normal 0 0 -1
    outer loop
      vertex 106.3 121 6.6
      vertex 106.3 124.2945205479452 6.6
      vertex 118.3 121 6.6
    endloop
  endfacet
  facet normal 0 -1 0
    outer loop
      vertex 106.3 121 6.6
      vertex 114.05 121 8.95
      vertex 107.95 121 8.95
    endloop
  endfacet
  facet normal 0 0 -1
    outer loop
      vertex 106.3 124.2945205479452 6.6
      vertex 103.7 136.2054794520548 6.6
      vertex 104.32702702702703 137 6.6
    endloop
  endfacet
  facet normal 0 0 -1
    outer loop
      vertex 106.3 124.2945205479452 6.6
      vertex 104.32702702702703 137 6.6
      vertex 114.03323329854382 134.04380714504362 6.6
    endloop
  endfacet
  facet normal 0 0 -1
    outer loop
      vertex 106.3 124.2945205479452 6.6
      vertex 116.7059047744874 126.17037086855466 6.6
      vertex 118.3 121 6.6
    endloop
  endfacet
  facet normal 0 -1 0
    outer loop
      vertex 106.3 121 6.6
      vertex 118.3 121 6.6
      vertex 114.05 121 8.95
    endloop
  endfacet
  facet normal 0 0 -1
    outer loop
      vertex 106.3 124.2945205479452 6.6
      vertex 113.6698729810778 128.5 6.6
      vertex 114.03323329854382 127.9561928549564 6.6
    endloop
  endfacet
  facet normal 0 0 -1
    outer loop
      vertex 106.3 124.2945205479452 6.6
      vertex 113.38060233744356 129.08658283817456 6.6
      vertex 113.6698729810778 128.5 6.6
    endloop
  endfacet
  facet normal 0 0 -1
    outer loop
      vertex 106.3 124.2945205479452 6.6
      vertex 114.46446609406726 127.46446609406726 6.6
      vertex 114.9561928549564 127.03323329854382 6.6
    endloop
  endfacet
  facet normal 0 0 -1
    outer loop
      vertex 106.3 124.2945205479452 6.6
      vertex 114.9561928549564 127.03323329854382 6.6
      vertex 115.5 126.6698729810778 6.6
    endloop
  endfacet
  facet normal 0 0 -1
    outer loop
      vertex 106.3 124.2945205479452 6.6
      vertex 114.03323329854382 127.9561928549564 6.6
      vertex 114.46446609406726 127.46446609406726 6.6
    endloop
  endfacet
  facet normal 0 0 -1
    outer loop
      vertex 106.3 124.2945205479452 6.6
      vertex 113.04277569313095 130.34736903889973 6.6
      vertex 113.17037086855466 129.7059047744874 6.6
    endloop
  endfacet
  facet normal 0 0 -1
    outer loop
      vertex 106.3 124.2945205479452 6.6
      vertex 113 131 6.6
      vertex 113.04277569313095 130.34736903889973 6.6
    endloop
  endfacet
  facet normal 0 0 -1
    outer loop
      vertex 106.3 124.2945205479452 6.6
      vertex 113.17037086855466 129.7059047744874 6.6
      vertex 113.38060233744356 129.08658283817456 6.6
    endloop
  endfacet
  facet normal 0 0 -1
    outer loop
      vertex 106.3 124.2945205479452 6.6
      vertex 113.04277569313095 131.65263096110027 6.6
      vertex 113 131 6.6
    endloop
  endfacet
  facet normal 0 0 -1
    outer loop
      vertex 106.3 124.2945205479452 6.6
      vertex 113.17037086855466 132.2940952255126 6.6
      vertex 113.04277569313095 131.65263096110027 6.6
    endloop
  endfacet
  facet normal 0 0 -1
    outer loop
      vertex 106.3 124.2945205479452 6.6
      vertex 113.38060233744356 132.91341716182544 6.6
      vertex 113.17037086855466 132.2940952255126 6.6
    endloop
  endfacet
  facet normal 0 0 -1
    outer loop
      vertex 106.3 124.2945205479452 6.6
      vertex 115.5 126.6698729810778 6.6
      vertex 116.08658283817455 126.38060233744356 6.6
    endloop
  endfacet
  facet normal 0 0 -1
    outer loop
      vertex 106.3 124.2945205479452 6.6
      vertex 116.08658283817455 126.38060233744356 6.6
      vertex 116.7059047744874 126.17037086855466 6.6
    endloop
  endfacet
  facet normal 0 0 -1
    outer loop
      vertex 118.3 121 6.6
      vertex 116.7059047744874 126.17037086855466 6.6
      vertex 117.34736903889974 126.04277569313095 6.6
    endloop
  endfacet
  facet normal 0 0 -1
    outer loop
      vertex 118.3 121 6.6
      vertex 117.34736903889974 126.04277569313095 6.6
      vertex 118 126 6.6
    endloop
  endfacet
  facet normal 0 0 -1
    outer loop
      vertex 118.3 121 6.6
      vertex 118 126 6.6
      vertex 118.3 126.01966303884457 6.6
    endloop
  endfacet
  facet normal 0 0 -1
    outer loop
      vertex 106.3 124.2945205479452 6.6
      vertex 113.6698729810778 133.5 6.6
      vertex 113.38060233744356 132.91341716182544 6.6
    endloop
  endfacet
  facet normal 0 0 -1
    outer loop
      vertex 106.3 124.2945205479452 6.6
      vertex 114.03323329854382 134.04380714504362 6.6
      vertex 113.6698729810778 133.5 6.6
    endloop
  endfacet
  facet normal 0 0 -1
    outer loop
      vertex 104.32702702702703 137 6.6
      vertex 114.46446609406726 134.53553390593274 6.6
      vertex 114.03323329854382 134.04380714504362 6.6
    endloop
  endfacet
  facet normal 0 0 -1
    outer loop
      vertex 104.32702702702703 137 6.6
      vertex 114.9561928549564 134.96676670145618 6.6
      vertex 114.46446609406726 134.53553390593274 6.6
    endloop
  endfacet
  facet normal 0 0 -1
    outer loop
      vertex 104.32702702702703 137 6.6
      vertex 115.5 135.33012701892218 6.6
      vertex 114.9561928549564 134.96676670145618 6.6
    endloop
  endfacet
  facet normal 0 0 -1
    outer loop
      vertex 104.32702702702703 137 6.6
      vertex 116.08658283817455 135.61939766255642 6.6
      vertex 115.5 135.33012701892218 6.6
    endloop
  endfacet
  facet normal 0 0 -1
    outer loop
      vertex 104.32702702702703 137 6.6
      vertex 116.7059047744874 135.82962913144533 6.6
      vertex 116.08658283817455 135.61939766255642 6.6
    endloop
  endfacet
  facet normal 0 0 -1
    outer loop
      vertex 104.32702702702703 137 6.6
      vertex 117.34736903889974 135.95722430686905 6.6
      vertex 116.7059047744874 135.82962913144533 6.6
    endloop
  endfacet
  facet normal 0 0 -1
    outer loop
      vertex 104.32702702702703 137 6.6
      vertex 118 136 6.6
      vertex 117.34736903889974 135.95722430686905 6.6
    endloop
  endfacet
  facet normal 0 0 -1
    outer loop
      vertex 104.32702702702703 137 6.6
      vertex 118.3 137 6.6
      vertex 118 136 6.6
    endloop
  endfacet
  facet normal 0 0 -1
    outer loop
      vertex 116.15224093497743 130.23463313526983 6.6
      vertex 117.48236190979496 132.93185165257813 6.6
      vertex 116.26794919243112 130 6.6
    endloop
  endfacet
  facet normal 0 0 -1
    outer loop
      vertex 116.41329331941753 129.78247714198255 6.6
      vertex 117.48236190979496 132.93185165257813 6.6
      vertex 116.58578643762691 129.5857864376269 6.6
    endloop
  endfacet
  facet normal 0 0 -1
    outer loop
      vertex 116.41329331941753 129.78247714198255 6.6
      vertex 116.26794919243112 130 6.6
      vertex 117.48236190979496 132.93185165257813 6.6
    endloop
  endfacet
  facet normal 0 0 -1
    outer loop
      vertex 116.78247714198255 129.41329331941753 6.6
      vertex 117.48236190979496 132.93185165257813 6.6
      vertex 117 129.26794919243113 6.6
    endloop
  endfacet
  facet normal 0 0 -1
    outer loop
      vertex 117 129.26794919243113 6.6
      vertex 117.48236190979496 132.93185165257813 6.6
      vertex 117.23463313526982 129.1522409349774 6.6
    endloop
  endfacet
  facet normal 0 0 -1
    outer loop
      vertex 117.23463313526982 129.1522409349774 6.6
      vertex 117.48236190979496 132.93185165257813 6.6
      vertex 117.48236190979496 129.06814834742187 6.6
    endloop
  endfacet
  facet normal 0 0 -1
    outer loop
      vertex 116.58578643762691 129.5857864376269 6.6
      vertex 117.48236190979496 132.93185165257813 6.6
      vertex 116.78247714198255 129.41329331941753 6.6
    endloop
  endfacet
  facet normal 0 0 -1
    outer loop
      vertex 116.06814834742187 130.48236190979495 6.6
      vertex 116.01711027725239 130.7389476155599 6.6
      vertex 117.48236190979496 132.93185165257813 6.6
    endloop
  endfacet
  facet normal 0 0 -1
    outer loop
      vertex 116.15224093497743 130.23463313526983 6.6
      vertex 116.06814834742187 130.48236190979495 6.6
      vertex 117.48236190979496 132.93185165257813 6.6
    endloop
  endfacet
  facet normal 0 0 -1
    outer loop
      vertex 116.01711027725239 130.7389476155599 6.6
      vertex 116 131 6.6
      vertex 117.48236190979496 132.93185165257813 6.6
    endloop
  endfacet
  facet normal 0 0 -1
    outer loop
      vertex 116 131 6.6
      vertex 116.01711027725239 131.2610523844401 6.6
      vertex 117.48236190979496 132.93185165257813 6.6
    endloop
  endfacet
  facet normal 0 0 -1
    outer loop
      vertex 116.01711027725239 131.2610523844401 6.6
      vertex 116.06814834742187 131.51763809020505 6.6
      vertex 117.48236190979496 132.93185165257813 6.6
    endloop
  endfacet
  facet normal 0 0 -1
    outer loop
      vertex 116.06814834742187 131.51763809020505 6.6
      vertex 116.15224093497743 131.76536686473017 6.6
      vertex 117.23463313526982 132.8477590650226 6.6
    endloop
  endfacet
  facet normal 0 0 -1
    outer loop
      vertex 116.15224093497743 131.76536686473017 6.6
      vertex 116.26794919243112 132 6.6
      vertex 117 132.73205080756887 6.6
    endloop
  endfacet
  facet normal 0 0 -1
    outer loop
      vertex 116.26794919243112 132 6.6
      vertex 116.41329331941753 132.21752285801745 6.6
      vertex 116.78247714198255 132.58670668058247 6.6
    endloop
  endfacet
  facet normal 0 0 -1
    outer loop
      vertex 117.48236190979496 129.06814834742187 6.6
      vertex 117.48236190979496 132.93185165257813 6.6
      vertex 117.7389476155599 129.01711027725239 6.6
    endloop
  endfacet
  facet normal 0 0 -1
    outer loop
      vertex 117.7389476155599 129.01711027725239 6.6
      vertex 117.48236190979496 132.93185165257813 6.6
      vertex 118 129 6.6
    endloop
  endfacet
  facet normal 0 0 -1
    outer loop
      vertex 118 129 6.6
      vertex 117.48236190979496 132.93185165257813 6.6
      vertex 118.2610523844401 129.01711027725239 6.6
    endloop
  endfacet
  facet normal 0 0 -1
    outer loop
      vertex 118.2610523844401 129.01711027725239 6.6
      vertex 117.48236190979496 132.93185165257813 6.6
      vertex 118.3 129.0248574396672 6.6
    endloop
  endfacet
  facet normal 0 0 -1
    outer loop
      vertex 118.3 129.0248574396672 6.6
      vertex 117.48236190979496 132.93185165257813 6.6
      vertex 117.7389476155599 132.98288972274761 6.6
    endloop
  endfacet
  facet normal 0 0 -1
    outer loop
      vertex 118.3 129.0248574396672 6.6
      vertex 117.7389476155599 132.98288972274761 6.6
      vertex 118 133 6.6
    endloop
  endfacet
  facet normal 0 0 -1
    outer loop
      vertex 118.3 129.0248574396672 6.6
      vertex 118 133 6.6
      vertex 118.2610523844401 132.98288972274761 6.6
    endloop
  endfacet
  facet normal 0 0 -1
    outer loop
      vertex 118.3 129.0248574396672 6.6
      vertex 118.2610523844401 132.98288972274761 6.6
      vertex 118.3 132.9751425603328 6.6
    endloop
  endfacet
  facet normal 0 0 -1
    outer loop
      vertex 116.41329331941753 132.21752285801745 6.6
      vertex 116.58578643762691 132.4142135623731 6.6
      vertex 116.78247714198255 132.58670668058247 6.6
    endloop
  endfacet
  facet normal 0 0 -1
    outer loop
      vertex 116.26794919243112 132 6.6
      vertex 116.78247714198255 132.58670668058247 6.6
      vertex 117 132.73205080756887 6.6
    endloop
  endfacet
  facet normal 0 0 -1
    outer loop
      vertex 116.15224093497743 131.76536686473017 6.6
      vertex 117 132.73205080756887 6.6
      vertex 117.23463313526982 132.8477590650226 6.6
    endloop
  endfacet
  facet normal 0 0 -1
    outer loop
      vertex 116.06814834742187 131.51763809020505 6.6
      vertex 117.23463313526982 132.8477590650226 6.6
      vertex 117.48236190979496 132.93185165257813 6.6
    endloop
  endfacet
  facet normal 0 0 -1
    outer loop
      vertex 118 136 6.6
      vertex 118.3 137 6.6
      vertex 118.3 135.98033696115542 6.6
    endloop
  endfacet
  facet normal 0 -1 0
    outer loop
      vertex 106.3 121 6.6
      vertex 107.95 121 8.95
      vertex 106.3 121 12
    endloop
  endfacet
  facet normal 0 -1 0
    outer loop
      vertex 106.3 121 12
      vertex 107.95 121 8.95
      vertex 107.95 121 12
    endloop
  endfacet
  facet normal 1 0 0
    outer loop
      vertex 118.3 121 6.6
      vertex 118.3 126.01966303884457 6.6
      vertex 118.3 126.01966303884457 12
    endloop
  endfacet
  facet normal 0 -1 0
    outer loop
      vertex 118.3 121 6.6
      vertex 114.05 121 12
      vertex 114.05 121 8.95
    endloop
  endfacet
  facet normal 1 0 0
    outer loop
      vertex 118.3 129.0248574396672 6.6
      vertex 118.3 132.9751425603328 6.6
      vertex 118.3 129.0248574396672 12
    endloop
  endfacet
  facet normal 1 0 0
    outer loop
      vertex 118.3 135.98033696115542 6.6
      vertex 118.3 137 6.6
      vertex 118.3 137 12
    endloop
  endfacet
  facet normal 0 -1 0
    outer loop
      vertex 118.3 121 6.6
      vertex 118.3 121 12
      vertex 114.05 121 12
    endloop
  endfacet
  facet normal 1 0 0
    outer loop
      vertex 118.3 121 6.6
      vertex 118.3 126.01966303884457 12
      vertex 118.3 121 12
    endloop
  endfacet
  facet normal 1 0 0
    outer loop
      vertex 118.3 132.9751425603328 6.6
      vertex 118.3 132.9751425603328 12
      vertex 118.3 129.0248574396672 12
    endloop
  endfacet
  facet normal 1 0 0
    outer loop
      vertex 118.3 135.98033696115542 6.6
      vertex 118.3 137 12
      vertex 118.3 135.98033696115542 12
    endloop
  endfacet
  facet normal -0.8968727415326845 -0.44228869021900913 1.1748428849304505e-18
    outer loop
      vertex 110.13589838486224 110.6 0
      vertex 109.90448186995485 111.06926627053963 5
      vertex 109.90448186995485 111.06926627053963 0
    endloop
  endfacet
  facet normal -0.8314696123025523 -0.5555702330195917 0
    outer loop
      vertex 110.13589838486224 110.6 0
      vertex 110.42658663883505 110.16495428396512 0
      vertex 110.13589838486224 110.6 5
    endloop
  endfacet
  facet normal -0.9469301294951031 -0.3214394653031689 0
    outer loop
      vertex 109.73629669484372 111.56472381958991 0
      vertex 109.90448186995485 111.06926627053963 0
      vertex 109.73629669484372 111.56472381958991 5
    endloop
  endfacet
  facet normal -0.9807852804032308 -0.19509032201612622 -9.344190097441071e-19
    outer loop
      vertex 109.73629669484372 111.56472381958991 0
      vertex 109.63422055450475 112.07789523111978 5
      vertex 109.63422055450475 112.07789523111978 0
    endloop
  endfacet
  facet normal -0.9978589232386038 -0.0654031292301384 -1.3546308123493622e-19
    outer loop
      vertex 109.63422055450475 112.07789523111978 0
      vertex 109.6 112.6 5
      vertex 109.6 112.6 0
    endloop
  endfacet
  facet normal -0.9978589232386038 0.0654031292301384 1.3546308123493622e-19
    outer loop
      vertex 109.6 112.6 0
      vertex 109.63422055450475 113.1221047688802 5
      vertex 109.63422055450475 113.1221047688802 0
    endloop
  endfacet
  facet normal -0.9807852804032308 0.19509032201612622 9.344190097441071e-19
    outer loop
      vertex 109.63422055450475 113.1221047688802 0
      vertex 109.73629669484372 113.63527618041007 5
      vertex 109.73629669484372 113.63527618041007 0
    endloop
  endfacet
  facet normal -0.9469301294951031 0.3214394653031689 1.3227404085834533e-18
    outer loop
      vertex 109.73629669484372 113.63527618041007 0
      vertex 109.90448186995485 114.13073372946036 5
      vertex 109.90448186995485 114.13073372946036 0
    endloop
  endfacet
  facet normal -0.8968727415326845 0.44228869021900913 -1.1748428849304505e-18
    outer loop
      vertex 109.90448186995485 114.13073372946036 0
      vertex 110.13589838486224 114.6 5
      vertex 110.13589838486224 114.6 0
    endloop
  endfacet
  facet normal -0.8314696123025523 0.5555702330195917 -6.321813583084539e-20
    outer loop
      vertex 110.13589838486224 114.6 0
      vertex 110.42658663883505 115.03504571603487 5
      vertex 110.42658663883505 115.03504571603487 0
    endloop
  endfacet
  facet normal -0.8314696123025523 -0.5555702330195917 0
    outer loop
      vertex 110.42658663883505 110.16495428396512 0
      vertex 110.42658663883505 110.16495428396512 5
      vertex 110.13589838486224 110.6 5
    endloop
  endfacet
  facet normal -0.8968727415326845 -0.44228869021900913 0
    outer loop
      vertex 110.13589838486224 110.6 0
      vertex 110.13589838486224 110.6 5
      vertex 109.90448186995485 111.06926627053963 5
    endloop
  endfacet
  facet normal -0.9469301294951031 -0.3214394653031689 0
    outer loop
      vertex 109.90448186995485 111.06926627053963 0
      vertex 109.90448186995485 111.06926627053963 5
      vertex 109.73629669484372 111.56472381958991 5
    endloop
  endfacet
  facet normal -0.9807852804032308 -0.19509032201612622 0
    outer loop
      vertex 109.73629669484372 111.56472381958991 0
      vertex 109.73629669484372 111.56472381958991 5
      vertex 109.63422055450475 112.07789523111978 5
    endloop
  endfacet
  facet normal -0.9978589232386038 0.0654031292301384 0
    outer loop
      vertex 109.6 112.6 0
      vertex 109.6 112.6 5
      vertex 109.63422055450475 113.1221047688802 5
    endloop
  endfacet
  facet normal -0.9978589232386038 -0.0654031292301384 0
    outer loop
      vertex 109.63422055450475 112.07789523111978 0
      vertex 109.63422055450475 112.07789523111978 5
      vertex 109.6 112.6 5
    endloop
  endfacet
  facet normal -0.9807852804032308 0.19509032201612622 0
    outer loop
      vertex 109.63422055450475 113.1221047688802 0
      vertex 109.63422055450475 113.1221047688802 5
      vertex 109.73629669484372 113.63527618041007 5
    endloop
  endfacet
  facet normal -0.9469301294951031 0.3214394653031689 0
    outer loop
      vertex 109.73629669484372 113.63527618041007 0
      vertex 109.73629669484372 113.63527618041007 5
      vertex 109.90448186995485 114.13073372946036 5
    endloop
  endfacet
  facet normal -0.8968727415326845 0.44228869021900913 0
    outer loop
      vertex 109.90448186995485 114.13073372946036 0
      vertex 109.90448186995485 114.13073372946036 5
      vertex 110.13589838486224 114.6 5
    endloop
  endfacet
  facet normal -0.8314696123025523 0.5555702330195917 0
    outer loop
      vertex 110.13589838486224 114.6 0
      vertex 110.13589838486224 114.6 5
      vertex 110.42658663883505 115.03504571603487 5
    endloop
  endfacet
  facet normal -0.6593458151000828 -0.7518398074789653 -3.2355507955297112e-18
    outer loop
      vertex 110.77157287525381 109.77157287525381 0
      vertex 111.16495428396512 109.42658663883505 0
      vertex 111.16495428396512 109.42658663883505 5
    endloop
  endfacet
  facet normal -0.7518398074789653 -0.6593458151000828 -3.2355507955297112e-18
    outer loop
      vertex 110.77157287525381 109.77157287525381 0
      vertex 110.42658663883505 110.16495428396512 5
      vertex 110.42658663883505 110.16495428396512 0
    endloop
  endfacet
  facet normal -0.5555702330195917 -0.8314696123025523 6.321813583084539e-20
    outer loop
      vertex 111.16495428396512 109.42658663883505 0
      vertex 111.6 109.13589838486224 0
      vertex 111.6 109.13589838486224 5
    endloop
  endfacet
  facet normal -0.44228869021900913 -0.8968727415326845 1.1748428849304505e-18
    outer loop
      vertex 111.6 109.13589838486224 0
      vertex 112.06926627053963 108.90448186995485 0
      vertex 112.06926627053963 108.90448186995485 5
    endloop
  endfacet
  facet normal -0.0654031292301384 -0.9978589232386038 0
    outer loop
      vertex 113.6 108.6 0
      vertex 113.6 108.6 5
      vertex 113.07789523111978 108.63422055450475 0
    endloop
  endfacet
  facet normal 0.0654031292301384 -0.9978589232386038 1.3546308123493622e-19
    outer loop
      vertex 113.6 108.6 0
      vertex 114.1221047688802 108.63422055450475 0
      vertex 114.1221047688802 108.63422055450475 5
    endloop
  endfacet
  facet normal -0.3214394653031689 -0.9469301294951031 -1.3227404085834533e-18
    outer loop
      vertex 112.06926627053963 108.90448186995485 0
      vertex 112.56472381958991 108.73629669484372 0
      vertex 112.56472381958991 108.73629669484372 5
    endloop
  endfacet
  facet normal -0.19509032201612622 -0.9807852804032308 -9.344190097441071e-19
    outer loop
      vertex 112.56472381958991 108.73629669484372 0
      vertex 113.07789523111978 108.63422055450475 0
      vertex 113.07789523111978 108.63422055450475 5
    endloop
  endfacet
  facet normal 0.19509032201612622 -0.9807852804032308 9.344190097441071e-19
    outer loop
      vertex 114.1221047688802 108.63422055450475 0
      vertex 114.63527618041007 108.73629669484372 0
      vertex 114.63527618041007 108.73629669484372 5
    endloop
  endfacet
  facet normal 0.3214394653031689 -0.9469301294951031 1.3227404085834533e-18
    outer loop
      vertex 114.63527618041007 108.73629669484372 0
      vertex 115.13073372946036 108.90448186995485 0
      vertex 115.13073372946036 108.90448186995485 5
    endloop
  endfacet
  facet normal 0.44228869021900913 -0.8968727415326845 -1.1748428849304505e-18
    outer loop
      vertex 115.13073372946036 108.90448186995485 0
      vertex 115.6 109.13589838486224 0
      vertex 115.6 109.13589838486224 5
    endloop
  endfacet
  facet normal 0.5555702330195917 -0.8314696123025523 -6.321813583084539e-20
    outer loop
      vertex 115.6 109.13589838486224 0
      vertex 116.03504571603487 109.42658663883505 0
      vertex 116.03504571603487 109.42658663883505 5
    endloop
  endfacet
  facet normal 0.6593458151000828 -0.7518398074789653 3.2355507955297112e-18
    outer loop
      vertex 116.03504571603487 109.42658663883505 0
      vertex 116.42842712474618 109.77157287525381 0
      vertex 116.42842712474618 109.77157287525381 5
    endloop
  endfacet
  facet normal 0.7518398074789653 -0.6593458151000828 0
    outer loop
      vertex 116.42842712474618 109.77157287525381 0
      vertex 116.77341336116494 110.16495428396512 0
      vertex 116.42842712474618 109.77157287525381 5
    endloop
  endfacet
  facet normal 0.8314696123025523 -0.5555702330195917 0
    outer loop
      vertex 116.77341336116494 110.16495428396512 0
      vertex 117.06410161513774 110.6 0
      vertex 116.77341336116494 110.16495428396512 5
    endloop
  endfacet
  facet normal 0.8968727415326845 -0.44228869021900913 0
    outer loop
      vertex 117.06410161513774 110.6 0
      vertex 117.29551813004514 111.06926627053963 0
      vertex 117.06410161513774 110.6 5
    endloop
  endfacet
  facet normal -0.7518398074789653 0.6593458151000828 3.2355507955297112e-18
    outer loop
      vertex 110.42658663883505 115.03504571603487 0
      vertex 110.77157287525381 115.42842712474618 5
      vertex 110.77157287525381 115.42842712474618 0
    endloop
  endfacet
  facet normal -0.6593458151000828 0.7518398074789653 0
    outer loop
      vertex 110.77157287525381 115.42842712474618 0
      vertex 110.77157287525381 115.42842712474618 5
      vertex 111.16495428396512 115.77341336116494 0
    endloop
  endfacet
  facet normal -0.5555702330195917 0.8314696123025523 0
    outer loop
      vertex 111.16495428396512 115.77341336116494 0
      vertex 111.16495428396512 115.77341336116494 5
      vertex 111.6 116.06410161513774 0
    endloop
  endfacet
  facet normal -0.44228869021900913 0.8968727415326845 0
    outer loop
      vertex 111.6 116.06410161513774 0
      vertex 111.6 116.06410161513774 5
      vertex 112.06926627053963 116.29551813004514 0
    endloop
  endfacet
  facet normal -0.3214394653031689 0.9469301294951031 0
    outer loop
      vertex 112.06926627053963 116.29551813004514 0
      vertex 112.06926627053963 116.29551813004514 5
      vertex 112.56472381958991 116.46370330515627 0
    endloop
  endfacet
  facet normal -0.19509032201612622 0.9807852804032308 0
    outer loop
      vertex 112.56472381958991 116.46370330515627 0
      vertex 112.56472381958991 116.46370330515627 5
      vertex 113.07789523111978 116.56577944549524 0
    endloop
  endfacet
  facet normal -0.0654031292301384 0.9978589232386038 0
    outer loop
      vertex 113.07789523111978 116.56577944549524 0
      vertex 113.07789523111978 116.56577944549524 5
      vertex 113.6 116.6 0
    endloop
  endfacet
  facet normal 0.0654031292301384 0.9978589232386038 0
    outer loop
      vertex 113.6 116.6 0
      vertex 113.6 116.6 5
      vertex 114.1221047688802 116.56577944549524 0
    endloop
  endfacet
  facet normal 0.19509032201612622 0.9807852804032308 0
    outer loop
      vertex 114.1221047688802 116.56577944549524 0
      vertex 114.1221047688802 116.56577944549524 5
      vertex 114.63527618041007 116.46370330515627 0
    endloop
  endfacet
  facet normal 0.6593458151000828 0.7518398074789653 -3.2355507955297112e-18
    outer loop
      vertex 116.42842712474618 115.42842712474618 0
      vertex 116.03504571603487 115.77341336116494 0
      vertex 116.03504571603487 115.77341336116494 5
    endloop
  endfacet
  facet normal 0.9469301294951031 -0.3214394653031689 0
    outer loop
      vertex 117.29551813004514 111.06926627053963 0
      vertex 117.46370330515627 111.56472381958991 0
      vertex 117.29551813004514 111.06926627053963 5
    endloop
  endfacet
  facet normal 0.9807852804032308 -0.19509032201612622 0
    outer loop
      vertex 117.46370330515627 111.56472381958991 0
      vertex 117.56577944549524 112.07789523111978 0
      vertex 117.46370330515627 111.56472381958991 5
    endloop
  endfacet
  facet normal 0.9978589232386038 -0.0654031292301384 0
    outer loop
      vertex 117.56577944549524 112.07789523111978 0
      vertex 117.6 112.6 0
      vertex 117.56577944549524 112.07789523111978 5
    endloop
  endfacet
  facet normal 0.9978589232386038 0.0654031292301384 0
    outer loop
      vertex 117.6 112.6 0
      vertex 117.56577944549524 113.1221047688802 0
      vertex 117.6 112.6 5
    endloop
  endfacet
  facet normal 0.9807852804032308 0.19509032201612622 0
    outer loop
      vertex 117.56577944549524 113.1221047688802 0
      vertex 117.46370330515627 113.63527618041007 0
      vertex 117.56577944549524 113.1221047688802 5
    endloop
  endfacet
  facet normal 0.9469301294951031 0.3214394653031689 -1.3227404085834533e-18
    outer loop
      vertex 117.29551813004514 114.13073372946036 0
      vertex 117.46370330515627 113.63527618041007 5
      vertex 117.46370330515627 113.63527618041007 0
    endloop
  endfacet
  facet normal 0.8968727415326845 0.44228869021900913 0
    outer loop
      vertex 117.29551813004514 114.13073372946036 0
      vertex 117.06410161513774 114.6 0
      vertex 117.29551813004514 114.13073372946036 5
    endloop
  endfacet
  facet normal 0.7518398074789653 0.6593458151000828 0
    outer loop
      vertex 116.77341336116494 115.03504571603487 0
      vertex 116.42842712474618 115.42842712474618 0
      vertex 116.77341336116494 115.03504571603487 5
    endloop
  endfacet
  facet normal 0.8314696123025523 0.5555702330195917 6.321813583084539e-20
    outer loop
      vertex 116.77341336116494 115.03504571603487 0
      vertex 117.06410161513774 114.6 5
      vertex 117.06410161513774 114.6 0
    endloop
  endfacet
  facet normal 0.3214394653031689 0.9469301294951031 0
    outer loop
      vertex 114.63527618041007 116.46370330515627 0
      vertex 114.63527618041007 116.46370330515627 5
      vertex 115.13073372946036 116.29551813004514 0
    endloop
  endfacet
  facet normal 0.44228869021900913 0.8968727415326845 0
    outer loop
      vertex 115.13073372946036 116.29551813004514 0
      vertex 115.13073372946036 116.29551813004514 5
      vertex 115.6 116.06410161513774 0
    endloop
  endfacet
  facet normal 0.5555702330195917 0.8314696123025523 0
    outer loop
      vertex 115.6 116.06410161513774 0
      vertex 115.6 116.06410161513774 5
      vertex 116.03504571603487 115.77341336116494 0
    endloop
  endfacet
  facet normal -0.6593458151000828 -0.7518398074789653 0
    outer loop
      vertex 110.77157287525381 109.77157287525381 0
      vertex 111.16495428396512 109.42658663883505 5
      vertex 110.77157287525381 109.77157287525381 5
    endloop
  endfacet
  facet normal -0.5555702330195917 -0.8314696123025523 0
    outer loop
      vertex 111.16495428396512 109.42658663883505 0
      vertex 111.6 109.13589838486224 5
      vertex 111.16495428396512 109.42658663883505 5
    endloop
  endfacet
  facet normal -0.7518398074789653 -0.6593458151000828 0
    outer loop
      vertex 110.77157287525381 109.77157287525381 0
      vertex 110.77157287525381 109.77157287525381 5
      vertex 110.42658663883505 110.16495428396512 5
    endloop
  endfacet
  facet normal -0.44228869021900913 -0.8968727415326845 0
    outer loop
      vertex 111.6 109.13589838486224 0
      vertex 112.06926627053963 108.90448186995485 5
      vertex 111.6 109.13589838486224 5
    endloop
  endfacet
  facet normal -0.3214394653031689 -0.9469301294951031 0
    outer loop
      vertex 112.06926627053963 108.90448186995485 0
      vertex 112.56472381958991 108.73629669484372 5
      vertex 112.06926627053963 108.90448186995485 5
    endloop
  endfacet
  facet normal -0.0654031292301384 -0.9978589232386038 0
    outer loop
      vertex 113.07789523111978 108.63422055450475 0
      vertex 113.6 108.6 5
      vertex 113.07789523111978 108.63422055450475 5
    endloop
  endfacet
  facet normal 0.0654031292301384 -0.9978589232386038 0
    outer loop
      vertex 113.6 108.6 0
      vertex 114.1221047688802 108.63422055450475 5
      vertex 113.6 108.6 5
    endloop
  endfacet
  facet normal -0.19509032201612622 -0.9807852804032308 0
    outer loop
      vertex 112.56472381958991 108.73629669484372 0
      vertex 113.07789523111978 108.63422055450475 5
      vertex 112.56472381958991 108.73629669484372 5
    endloop
  endfacet
  facet normal 0.19509032201612622 -0.9807852804032308 0
    outer loop
      vertex 114.1221047688802 108.63422055450475 0
      vertex 114.63527618041007 108.73629669484372 5
      vertex 114.1221047688802 108.63422055450475 5
    endloop
  endfacet
  facet normal 0.3214394653031689 -0.9469301294951031 0
    outer loop
      vertex 114.63527618041007 108.73629669484372 0
      vertex 115.13073372946036 108.90448186995485 5
      vertex 114.63527618041007 108.73629669484372 5
    endloop
  endfacet
  facet normal 0.44228869021900913 -0.8968727415326845 0
    outer loop
      vertex 115.13073372946036 108.90448186995485 0
      vertex 115.6 109.13589838486224 5
      vertex 115.13073372946036 108.90448186995485 5
    endloop
  endfacet
  facet normal 0.5555702330195917 -0.8314696123025523 0
    outer loop
      vertex 115.6 109.13589838486224 0
      vertex 116.03504571603487 109.42658663883505 5
      vertex 115.6 109.13589838486224 5
    endloop
  endfacet
  facet normal 0.6593458151000828 -0.7518398074789653 0
    outer loop
      vertex 116.03504571603487 109.42658663883505 0
      vertex 116.42842712474618 109.77157287525381 5
      vertex 116.03504571603487 109.42658663883505 5
    endloop
  endfacet
  facet normal 0.7518398074789653 -0.6593458151000828 0
    outer loop
      vertex 116.77341336116494 110.16495428396512 0
      vertex 116.77341336116494 110.16495428396512 5
      vertex 116.42842712474618 109.77157287525381 5
    endloop
  endfacet
  facet normal 0.8314696123025523 -0.5555702330195917 0
    outer loop
      vertex 117.06410161513774 110.6 0
      vertex 117.06410161513774 110.6 5
      vertex 116.77341336116494 110.16495428396512 5
    endloop
  endfacet
  facet normal 0.8968727415326845 -0.44228869021900913 0
    outer loop
      vertex 117.29551813004514 111.06926627053963 0
      vertex 117.29551813004514 111.06926627053963 5
      vertex 117.06410161513774 110.6 5
    endloop
  endfacet
  facet normal -0.7518398074789653 0.6593458151000828 0
    outer loop
      vertex 110.42658663883505 115.03504571603487 0
      vertex 110.42658663883505 115.03504571603487 5
      vertex 110.77157287525381 115.42842712474618 5
    endloop
  endfacet
  facet normal -0.6593458151000828 0.7518398074789653 0
    outer loop
      vertex 111.16495428396512 115.77341336116494 0
      vertex 110.77157287525381 115.42842712474618 5
      vertex 111.16495428396512 115.77341336116494 5
    endloop
  endfacet
  facet normal -0.5555702330195917 0.8314696123025523 0
    outer loop
      vertex 111.6 116.06410161513774 0
      vertex 111.16495428396512 115.77341336116494 5
      vertex 111.6 116.06410161513774 5
    endloop
  endfacet
  facet normal -0.44228869021900913 0.8968727415326845 0
    outer loop
      vertex 112.06926627053963 116.29551813004514 0
      vertex 111.6 116.06410161513774 5
      vertex 112.06926627053963 116.29551813004514 5
    endloop
  endfacet
  facet normal -0.3214394653031689 0.9469301294951031 0
    outer loop
      vertex 112.56472381958991 116.46370330515627 0
      vertex 112.06926627053963 116.29551813004514 5
      vertex 112.56472381958991 116.46370330515627 5
    endloop
  endfacet
  facet normal -0.19509032201612622 0.9807852804032308 0
    outer loop
      vertex 113.07789523111978 116.56577944549524 0
      vertex 112.56472381958991 116.46370330515627 5
      vertex 113.07789523111978 116.56577944549524 5
    endloop
  endfacet
  facet normal -0.0654031292301384 0.9978589232386038 0
    outer loop
      vertex 113.6 116.6 0
      vertex 113.07789523111978 116.56577944549524 5
      vertex 113.6 116.6 5
    endloop
  endfacet
  facet normal 0.0654031292301384 0.9978589232386038 0
    outer loop
      vertex 114.1221047688802 116.56577944549524 0
      vertex 113.6 116.6 5
      vertex 114.1221047688802 116.56577944549524 5
    endloop
  endfacet
  facet normal 0.6593458151000828 0.7518398074789653 0
    outer loop
      vertex 116.42842712474618 115.42842712474618 0
      vertex 116.03504571603487 115.77341336116494 5
      vertex 116.42842712474618 115.42842712474618 5
    endloop
  endfacet
  facet normal 0.9469301294951031 -0.3214394653031689 0
    outer loop
      vertex 117.46370330515627 111.56472381958991 0
      vertex 117.46370330515627 111.56472381958991 5
      vertex 117.29551813004514 111.06926627053963 5
    endloop
  endfacet
  facet normal 0.9807852804032308 -0.19509032201612622 0
    outer loop
      vertex 117.56577944549524 112.07789523111978 0
      vertex 117.56577944549524 112.07789523111978 5
      vertex 117.46370330515627 111.56472381958991 5
    endloop
  endfacet
  facet normal 0.9978589232386038 -0.0654031292301384 0
    outer loop
      vertex 117.6 112.6 0
      vertex 117.6 112.6 5
      vertex 117.56577944549524 112.07789523111978 5
    endloop
  endfacet
  facet normal 0.9978589232386038 0.0654031292301384 0
    outer loop
      vertex 117.56577944549524 113.1221047688802 0
      vertex 117.56577944549524 113.1221047688802 5
      vertex 117.6 112.6 5
    endloop
  endfacet
  facet normal 0.9469301294951031 0.3214394653031689 0
    outer loop
      vertex 117.29551813004514 114.13073372946036 0
      vertex 117.29551813004514 114.13073372946036 5
      vertex 117.46370330515627 113.63527618041007 5
    endloop
  endfacet
  facet normal 0.8968727415326845 0.44228869021900913 0
    outer loop
      vertex 117.06410161513774 114.6 0
      vertex 117.06410161513774 114.6 5
      vertex 117.29551813004514 114.13073372946036 5
    endloop
  endfacet
  facet normal 0.8314696123025523 0.5555702330195917 0
    outer loop
      vertex 116.77341336116494 115.03504571603487 0
      vertex 116.77341336116494 115.03504571603487 5
      vertex 117.06410161513774 114.6 5
    endloop
  endfacet
  facet normal 0.7518398074789653 0.6593458151000828 0
    outer loop
      vertex 116.42842712474618 115.42842712474618 0
      vertex 116.42842712474618 115.42842712474618 5
      vertex 116.77341336116494 115.03504571603487 5
    endloop
  endfacet
  facet normal 0.9807852804032308 0.19509032201612622 0
    outer loop
      vertex 117.46370330515627 113.63527618041007 0
      vertex 117.46370330515627 113.63527618041007 5
      vertex 117.56577944549524 113.1221047688802 5
    endloop
  endfacet
  facet normal 0.19509032201612622 0.9807852804032308 0
    outer loop
      vertex 114.63527618041007 116.46370330515627 0
      vertex 114.1221047688802 116.56577944549524 5
      vertex 114.63527618041007 116.46370330515627 5
    endloop
  endfacet
  facet normal 0.3214394653031689 0.9469301294951031 0
    outer loop
      vertex 115.13073372946036 116.29551813004514 0
      vertex 114.63527618041007 116.46370330515627 5
      vertex 115.13073372946036 116.29551813004514 5
    endloop
  endfacet
  facet normal 0.44228869021900913 0.8968727415326845 0
    outer loop
      vertex 115.6 116.06410161513774 0
      vertex 115.13073372946036 116.29551813004514 5
      vertex 115.6 116.06410161513774 5
    endloop
  endfacet
  facet normal 0.5555702330195917 0.8314696123025523 0
    outer loop
      vertex 116.03504571603487 115.77341336116494 0
      vertex 115.6 116.06410161513774 5
      vertex 116.03504571603487 115.77341336116494 5
    endloop
  endfacet
  facet normal 0 0 1
    outer loop
      vertex 109.73629669484372 111.56472381958991 5
      vertex 109.90448186995485 111.06926627053963 5
      vertex 109.73629669484372 113.63527618041007 5
    endloop
  endfacet
  facet normal 0 0 1
    outer loop
      vertex 110.13589838486224 110.6 5
      vertex 109.90448186995485 114.13073372946036 5
      vertex 109.90448186995485 111.06926627053963 5
    endloop
  endfacet
  facet normal 0 0 1
    outer loop
      vertex 110.13589838486224 110.6 5
      vertex 110.42658663883505 110.16495428396512 5
      vertex 110.13589838486224 114.6 5
    endloop
  endfacet
  facet normal 0 0 1
    outer loop
      vertex 109.73629669484372 111.56472381958991 5
      vertex 109.63422055450475 113.1221047688802 5
      vertex 109.63422055450475 112.07789523111978 5
    endloop
  endfacet
  facet normal 0 0 1
    outer loop
      vertex 109.63422055450475 112.07789523111978 5
      vertex 109.63422055450475 113.1221047688802 5
      vertex 109.6 112.6 5
    endloop
  endfacet
  facet normal 0 0 1
    outer loop
      vertex 109.73629669484372 111.56472381958991 5
      vertex 109.73629669484372 113.63527618041007 5
      vertex 109.63422055450475 113.1221047688802 5
    endloop
  endfacet
  facet normal 0 0 1
    outer loop
      vertex 109.90448186995485 111.06926627053963 5
      vertex 109.90448186995485 114.13073372946036 5
      vertex 109.73629669484372 113.63527618041007 5
    endloop
  endfacet
  facet normal 0 0 1
    outer loop
      vertex 110.13589838486224 110.6 5
      vertex 110.13589838486224 114.6 5
      vertex 109.90448186995485 114.13073372946036 5
    endloop
  endfacet
  facet normal 0 0 1
    outer loop
      vertex 110.13589838486224 114.6 5
      vertex 110.42658663883505 110.16495428396512 5
      vertex 110.42658663883505 115.03504571603487 5
    endloop
  endfacet
  facet normal 0 0 1
    outer loop
      vertex 112.06926627053963 108.90448186995485 5
      vertex 112.56472381958991 108.73629669484372 5
      vertex 112.38247714198255 111.01329331941753 5
    endloop
  endfacet
  facet normal 0 0 1
    outer loop
      vertex 111.6 109.13589838486224 5
      vertex 112.06926627053963 108.90448186995485 5
      vertex 111.86794919243111 111.6 5
    endloop
  endfacet
  facet normal 0 0 1
    outer loop
      vertex 111.6 109.13589838486224 5
      vertex 111.86794919243111 111.6 5
      vertex 111.75224093497742 111.83463313526981 5
    endloop
  endfacet
  facet normal 0 0 1
    outer loop
      vertex 112.06926627053963 108.90448186995485 5
      vertex 112.38247714198255 111.01329331941753 5
      vertex 112.1857864376269 111.1857864376269 5
    endloop
  endfacet
  facet normal 0 0 1
    outer loop
      vertex 112.06926627053963 108.90448186995485 5
      vertex 112.01329331941753 111.38247714198255 5
      vertex 111.86794919243111 111.6 5
    endloop
  endfacet
  facet normal 0 0 1
    outer loop
      vertex 112.06926627053963 108.90448186995485 5
      vertex 112.1857864376269 111.1857864376269 5
      vertex 112.01329331941753 111.38247714198255 5
    endloop
  endfacet
  facet normal 0 0 1
    outer loop
      vertex 112.56472381958991 108.73629669484372 5
      vertex 113.07789523111978 108.63422055450475 5
      vertex 112.83463313526981 110.75224093497742 5
    endloop
  endfacet
  facet normal 0 0 1
    outer loop
      vertex 113.6 108.6 5
      vertex 113.33894761555989 110.61711027725238 5
      vertex 113.07789523111978 108.63422055450475 5
    endloop
  endfacet
  facet normal 0 0 1
    outer loop
      vertex 112.56472381958991 108.73629669484372 5
      vertex 112.6 110.86794919243111 5
      vertex 112.38247714198255 111.01329331941753 5
    endloop
  endfacet
  facet normal 0 0 1
    outer loop
      vertex 112.56472381958991 108.73629669484372 5
      vertex 112.83463313526981 110.75224093497742 5
      vertex 112.6 110.86794919243111 5
    endloop
  endfacet
  facet normal 0 0 1
    outer loop
      vertex 113.07789523111978 108.63422055450475 5
      vertex 113.08236190979495 110.66814834742186 5
      vertex 112.83463313526981 110.75224093497742 5
    endloop
  endfacet
  facet normal 0 0 1
    outer loop
      vertex 113.07789523111978 108.63422055450475 5
      vertex 113.33894761555989 110.61711027725238 5
      vertex 113.08236190979495 110.66814834742186 5
    endloop
  endfacet
  facet normal 0 0 1
    outer loop
      vertex 113.6 108.6 5
      vertex 114.1221047688802 108.63422055450475 5
      vertex 113.8610523844401 110.61711027725238 5
    endloop
  endfacet
  facet normal 0 0 1
    outer loop
      vertex 114.1221047688802 108.63422055450475 5
      vertex 114.63527618041007 108.73629669484372 5
      vertex 114.11763809020503 110.66814834742186 5
    endloop
  endfacet
  facet normal 0 0 1
    outer loop
      vertex 113.6 108.6 5
      vertex 113.6 110.6 5
      vertex 113.33894761555989 110.61711027725238 5
    endloop
  endfacet
  facet normal 0 0 1
    outer loop
      vertex 113.6 108.6 5
      vertex 113.8610523844401 110.61711027725238 5
      vertex 113.6 110.6 5
    endloop
  endfacet
  facet normal 0 0 1
    outer loop
      vertex 114.1221047688802 108.63422055450475 5
      vertex 114.11763809020503 110.66814834742186 5
      vertex 113.8610523844401 110.61711027725238 5
    endloop
  endfacet
  facet normal 0 0 1
    outer loop
      vertex 114.11763809020503 110.66814834742186 5
      vertex 114.63527618041007 108.73629669484372 5
      vertex 114.36536686473018 110.75224093497742 5
    endloop
  endfacet
  facet normal 0 0 1
    outer loop
      vertex 114.63527618041007 108.73629669484372 5
      vertex 115.13073372946036 108.90448186995485 5
      vertex 114.6 110.86794919243111 5
    endloop
  endfacet
  facet normal 0 0 1
    outer loop
      vertex 115.13073372946036 108.90448186995485 5
      vertex 115.6 109.13589838486224 5
      vertex 115.01421356237309 111.1857864376269 5
    endloop
  endfacet
  facet normal 0 0 1
    outer loop
      vertex 114.36536686473018 110.75224093497742 5
      vertex 114.63527618041007 108.73629669484372 5
      vertex 114.6 110.86794919243111 5
    endloop
  endfacet
  facet normal 0 0 1
    outer loop
      vertex 115.13073372946036 108.90448186995485 5
      vertex 114.81752285801744 111.01329331941753 5
      vertex 114.6 110.86794919243111 5
    endloop
  endfacet
  facet normal 0 0 1
    outer loop
      vertex 115.13073372946036 108.90448186995485 5
      vertex 115.01421356237309 111.1857864376269 5
      vertex 114.81752285801744 111.01329331941753 5
    endloop
  endfacet
  facet normal 0 0 1
    outer loop
      vertex 115.6 109.13589838486224 5
      vertex 115.18670668058246 111.38247714198255 5
      vertex 115.01421356237309 111.1857864376269 5
    endloop
  endfacet
  facet normal 0 0 1
    outer loop
      vertex 115.6 109.13589838486224 5
      vertex 115.33205080756888 111.6 5
      vertex 115.18670668058246 111.38247714198255 5
    endloop
  endfacet
  facet normal 0 0 1
    outer loop
      vertex 115.6 109.13589838486224 5
      vertex 116.03504571603487 109.42658663883505 5
      vertex 115.6 112.6 5
    endloop
  endfacet
  facet normal 0 0 1
    outer loop
      vertex 115.6 109.13589838486224 5
      vertex 115.44775906502257 111.83463313526981 5
      vertex 115.33205080756888 111.6 5
    endloop
  endfacet
  facet normal 0 0 1
    outer loop
      vertex 110.77157287525381 109.77157287525381 5
      vertex 110.42658663883505 115.03504571603487 5
      vertex 110.42658663883505 110.16495428396512 5
    endloop
  endfacet
  facet normal 0 0 1
    outer loop
      vertex 110.77157287525381 109.77157287525381 5
      vertex 111.16495428396512 109.42658663883505 5
      vertex 110.77157287525381 115.42842712474618 5
    endloop
  endfacet
  facet normal 0 0 1
    outer loop
      vertex 111.16495428396512 109.42658663883505 5
      vertex 111.6 109.13589838486224 5
      vertex 111.16495428396512 115.77341336116494 5
    endloop
  endfacet
  facet normal 0 0 1
    outer loop
      vertex 111.6 109.13589838486224 5
      vertex 111.66814834742186 112.08236190979495 5
      vertex 111.61711027725238 112.33894761555989 5
    endloop
  endfacet
  facet normal 0 0 1
    outer loop
      vertex 111.6 109.13589838486224 5
      vertex 111.61711027725238 112.33894761555989 5
      vertex 111.6 112.6 5
    endloop
  endfacet
  facet normal 0 0 1
    outer loop
      vertex 111.6 109.13589838486224 5
      vertex 111.75224093497742 111.83463313526981 5
      vertex 111.66814834742186 112.08236190979495 5
    endloop
  endfacet
  facet normal 0 0 1
    outer loop
      vertex 111.6 109.13589838486224 5
      vertex 111.6 112.6 5
      vertex 111.16495428396512 115.77341336116494 5
    endloop
  endfacet
  facet normal 0 0 1
    outer loop
      vertex 110.77157287525381 109.77157287525381 5
      vertex 110.77157287525381 115.42842712474618 5
      vertex 110.42658663883505 115.03504571603487 5
    endloop
  endfacet
  facet normal 0 0 1
    outer loop
      vertex 111.16495428396512 109.42658663883505 5
      vertex 111.16495428396512 115.77341336116494 5
      vertex 110.77157287525381 115.42842712474618 5
    endloop
  endfacet
  facet normal 0 0 1
    outer loop
      vertex 111.6 112.6 5
      vertex 111.61711027725238 112.8610523844401 5
      vertex 111.6 116.06410161513774 5
    endloop
  endfacet
  facet normal 0 0 1
    outer loop
      vertex 111.61711027725238 112.8610523844401 5
      vertex 111.66814834742186 113.11763809020503 5
      vertex 111.6 116.06410161513774 5
    endloop
  endfacet
  facet normal 0 0 1
    outer loop
      vertex 111.66814834742186 113.11763809020503 5
      vertex 111.75224093497742 113.36536686473018 5
      vertex 111.6 116.06410161513774 5
    endloop
  endfacet
  facet normal 0 0 1
    outer loop
      vertex 111.75224093497742 113.36536686473018 5
      vertex 111.86794919243111 113.6 5
      vertex 111.6 116.06410161513774 5
    endloop
  endfacet
  facet normal 0 0 1
    outer loop
      vertex 111.86794919243111 113.6 5
      vertex 112.01329331941753 113.81752285801744 5
      vertex 111.6 116.06410161513774 5
    endloop
  endfacet
  facet normal 0 0 1
    outer loop
      vertex 111.6 112.6 5
      vertex 111.6 116.06410161513774 5
      vertex 111.16495428396512 115.77341336116494 5
    endloop
  endfacet
  facet normal 0 0 1
    outer loop
      vertex 112.01329331941753 113.81752285801744 5
      vertex 112.1857864376269 114.01421356237309 5
      vertex 111.6 116.06410161513774 5
    endloop
  endfacet
  facet normal 0 0 1
    outer loop
      vertex 112.1857864376269 114.01421356237309 5
      vertex 112.38247714198255 114.18670668058246 5
      vertex 112.06926627053963 116.29551813004514 5
    endloop
  endfacet
  facet normal 0 0 1
    outer loop
      vertex 112.38247714198255 114.18670668058246 5
      vertex 112.6 114.33205080756888 5
      vertex 112.06926627053963 116.29551813004514 5
    endloop
  endfacet
  facet normal 0 0 1
    outer loop
      vertex 112.1857864376269 114.01421356237309 5
      vertex 112.06926627053963 116.29551813004514 5
      vertex 111.6 116.06410161513774 5
    endloop
  endfacet
  facet normal 0 0 1
    outer loop
      vertex 112.6 114.33205080756888 5
      vertex 112.83463313526981 114.44775906502257 5
      vertex 112.56472381958991 116.46370330515627 5
    endloop
  endfacet
  facet normal 0 0 1
    outer loop
      vertex 112.83463313526981 114.44775906502257 5
      vertex 113.08236190979495 114.53185165257813 5
      vertex 112.56472381958991 116.46370330515627 5
    endloop
  endfacet
  facet normal 0 0 1
    outer loop
      vertex 112.6 114.33205080756888 5
      vertex 112.56472381958991 116.46370330515627 5
      vertex 112.06926627053963 116.29551813004514 5
    endloop
  endfacet
  facet normal 0 0 1
    outer loop
      vertex 113.08236190979495 114.53185165257813 5
      vertex 113.33894761555989 114.58288972274761 5
      vertex 113.07789523111978 116.56577944549524 5
    endloop
  endfacet
  facet normal 0 0 1
    outer loop
      vertex 113.33894761555989 114.58288972274761 5
      vertex 113.6 114.6 5
      vertex 113.6 116.6 5
    endloop
  endfacet
  facet normal 0 0 1
    outer loop
      vertex 113.6 114.6 5
      vertex 113.8610523844401 114.58288972274761 5
      vertex 113.6 116.6 5
    endloop
  endfacet
  facet normal 0 0 1
    outer loop
      vertex 114.11763809020503 114.53185165257813 5
      vertex 114.1221047688802 116.56577944549524 5
      vertex 113.8610523844401 114.58288972274761 5
    endloop
  endfacet
  facet normal 0 0 1
    outer loop
      vertex 114.11763809020503 114.53185165257813 5
      vertex 114.36536686473018 114.44775906502257 5
      vertex 114.1221047688802 116.56577944549524 5
    endloop
  endfacet
  facet normal 0 0 1
    outer loop
      vertex 113.08236190979495 114.53185165257813 5
      vertex 113.07789523111978 116.56577944549524 5
      vertex 112.56472381958991 116.46370330515627 5
    endloop
  endfacet
  facet normal 0 0 1
    outer loop
      vertex 113.33894761555989 114.58288972274761 5
      vertex 113.6 116.6 5
      vertex 113.07789523111978 116.56577944549524 5
    endloop
  endfacet
  facet normal 0 0 1
    outer loop
      vertex 113.8610523844401 114.58288972274761 5
      vertex 114.1221047688802 116.56577944549524 5
      vertex 113.6 116.6 5
    endloop
  endfacet
  facet normal 0 0 1
    outer loop
      vertex 114.36536686473018 114.44775906502257 5
      vertex 114.63527618041007 116.46370330515627 5
      vertex 114.1221047688802 116.56577944549524 5
    endloop
  endfacet
  facet normal 0 0 1
    outer loop
      vertex 115.6 109.13589838486224 5
      vertex 115.53185165257813 112.08236190979495 5
      vertex 115.44775906502257 111.83463313526981 5
    endloop
  endfacet
  facet normal 0 0 1
    outer loop
      vertex 115.6 109.13589838486224 5
      vertex 115.58288972274761 112.33894761555989 5
      vertex 115.53185165257813 112.08236190979495 5
    endloop
  endfacet
  facet normal 0 0 1
    outer loop
      vertex 115.6 109.13589838486224 5
      vertex 115.6 112.6 5
      vertex 115.58288972274761 112.33894761555989 5
    endloop
  endfacet
  facet normal 0 0 1
    outer loop
      vertex 116.03504571603487 109.42658663883505 5
      vertex 116.42842712474618 109.77157287525381 5
      vertex 116.03504571603487 115.77341336116494 5
    endloop
  endfacet
  facet normal 0 0 1
    outer loop
      vertex 116.03504571603487 109.42658663883505 5
      vertex 115.6 116.06410161513774 5
      vertex 115.6 112.6 5
    endloop
  endfacet
  facet normal 0 0 1
    outer loop
      vertex 114.36536686473018 114.44775906502257 5
      vertex 114.6 114.33205080756888 5
      vertex 114.63527618041007 116.46370330515627 5
    endloop
  endfacet
  facet normal 0 0 1
    outer loop
      vertex 114.6 114.33205080756888 5
      vertex 114.81752285801744 114.18670668058246 5
      vertex 114.63527618041007 116.46370330515627 5
    endloop
  endfacet
  facet normal 0 0 1
    outer loop
      vertex 114.81752285801744 114.18670668058246 5
      vertex 115.13073372946036 116.29551813004514 5
      vertex 114.63527618041007 116.46370330515627 5
    endloop
  endfacet
  facet normal 0 0 1
    outer loop
      vertex 114.81752285801744 114.18670668058246 5
      vertex 115.01421356237309 114.01421356237309 5
      vertex 115.13073372946036 116.29551813004514 5
    endloop
  endfacet
  facet normal 0 0 1
    outer loop
      vertex 115.18670668058246 113.81752285801744 5
      vertex 115.13073372946036 116.29551813004514 5
      vertex 115.01421356237309 114.01421356237309 5
    endloop
  endfacet
  facet normal 0 0 1
    outer loop
      vertex 115.33205080756888 113.6 5
      vertex 115.13073372946036 116.29551813004514 5
      vertex 115.18670668058246 113.81752285801744 5
    endloop
  endfacet
  facet normal 0 0 1
    outer loop
      vertex 115.33205080756888 113.6 5
      vertex 115.6 116.06410161513774 5
      vertex 115.13073372946036 116.29551813004514 5
    endloop
  endfacet
  facet normal 0 0 1
    outer loop
      vertex 115.6 112.6 5
      vertex 115.6 116.06410161513774 5
      vertex 115.58288972274761 112.8610523844401 5
    endloop
  endfacet
  facet normal 0 0 1
    outer loop
      vertex 116.03504571603487 109.42658663883505 5
      vertex 116.03504571603487 115.77341336116494 5
      vertex 115.6 116.06410161513774 5
    endloop
  endfacet
  facet normal 0 0 1
    outer loop
      vertex 115.53185165257813 113.11763809020503 5
      vertex 115.6 116.06410161513774 5
      vertex 115.44775906502257 113.36536686473018 5
    endloop
  endfacet
  facet normal 0 0 1
    outer loop
      vertex 115.58288972274761 112.8610523844401 5
      vertex 115.6 116.06410161513774 5
      vertex 115.53185165257813 113.11763809020503 5
    endloop
  endfacet
  facet normal 0 0 1
    outer loop
      vertex 115.44775906502257 113.36536686473018 5
      vertex 115.6 116.06410161513774 5
      vertex 115.33205080756888 113.6 5
    endloop
  endfacet
  facet normal 0 0 1
    outer loop
      vertex 116.42842712474618 109.77157287525381 5
      vertex 116.42842712474618 115.42842712474618 5
      vertex 116.03504571603487 115.77341336116494 5
    endloop
  endfacet
  facet normal 0 0 1
    outer loop
      vertex 116.42842712474618 109.77157287525381 5
      vertex 116.77341336116494 110.16495428396512 5
      vertex 116.42842712474618 115.42842712474618 5
    endloop
  endfacet
  facet normal 0 0 1
    outer loop
      vertex 116.77341336116494 110.16495428396512 5
      vertex 117.06410161513774 110.6 5
      vertex 116.77341336116494 115.03504571603487 5
    endloop
  endfacet
  facet normal 0 0 1
    outer loop
      vertex 117.06410161513774 110.6 5
      vertex 117.29551813004514 111.06926627053963 5
      vertex 117.06410161513774 114.6 5
    endloop
  endfacet
  facet normal 0 0 1
    outer loop
      vertex 117.29551813004514 111.06926627053963 5
      vertex 117.46370330515627 111.56472381958991 5
      vertex 117.29551813004514 114.13073372946036 5
    endloop
  endfacet
  facet normal 0 0 1
    outer loop
      vertex 117.29551813004514 111.06926627053963 5
      vertex 117.29551813004514 114.13073372946036 5
      vertex 117.06410161513774 114.6 5
    endloop
  endfacet
  facet normal 0 0 1
    outer loop
      vertex 117.46370330515627 111.56472381958991 5
      vertex 117.46370330515627 113.63527618041007 5
      vertex 117.29551813004514 114.13073372946036 5
    endloop
  endfacet
  facet normal 0 0 1
    outer loop
      vertex 117.46370330515627 111.56472381958991 5
      vertex 117.56577944549524 112.07789523111978 5
      vertex 117.46370330515627 113.63527618041007 5
    endloop
  endfacet
  facet normal 0 0 1
    outer loop
      vertex 117.56577944549524 112.07789523111978 5
      vertex 117.6 112.6 5
      vertex 117.56577944549524 113.1221047688802 5
    endloop
  endfacet
  facet normal 0 0 1
    outer loop
      vertex 117.56577944549524 112.07789523111978 5
      vertex 117.56577944549524 113.1221047688802 5
      vertex 117.46370330515627 113.63527618041007 5
    endloop
  endfacet
  facet normal 0 0 1
    outer loop
      vertex 116.77341336116494 110.16495428396512 5
      vertex 116.77341336116494 115.03504571603487 5
      vertex 116.42842712474618 115.42842712474618 5
    endloop
  endfacet
  facet normal 0 0 1
    outer loop
      vertex 117.06410161513774 110.6 5
      vertex 117.06410161513774 114.6 5
      vertex 116.77341336116494 115.03504571603487 5
    endloop
  endfacet
  facet normal -0.8968727415326845 -0.44228869021900913 1.1748428849304505e-18
    outer loop
      vertex 18.935898384862245 110.6 0
      vertex 18.70448186995485 111.06926627053963 5
      vertex 18.70448186995485 111.06926627053963 0
    endloop
  endfacet
  facet normal -0.8314696123025428 -0.5555702330196058 0
    outer loop
      vertex 18.935898384862245 110.6 0
      vertex 19.22658663883506 110.16495428396512 0
      vertex 18.935898384862245 110.6 5
    endloop
  endfacet
  facet normal -0.7518398074789787 -0.6593458151000674 1.1279056058810424e-18
    outer loop
      vertex 19.571572875253807 109.77157287525381 0
      vertex 19.22658663883506 110.16495428396512 5
      vertex 19.22658663883506 110.16495428396512 0
    endloop
  endfacet
  facet normal -0.6593458151000794 -0.7518398074789682 -4.9143672706992464e-18
    outer loop
      vertex 19.571572875253807 109.77157287525381 0
      vertex 19.964954283965117 109.42658663883505 0
      vertex 19.964954283965117 109.42658663883505 5
    endloop
  endfacet
  facet normal -0.5555702330195885 -0.8314696123025542 -2.1445655151690738e-18
    outer loop
      vertex 19.964954283965117 109.42658663883505 0
      vertex 20.4 109.13589838486224 0
      vertex 20.4 109.13589838486224 5
    endloop
  endfacet
  facet normal -0.44228869021900374 -0.8968727415326871 -1.3992979783748602e-18
    outer loop
      vertex 20.4 109.13589838486224 0
      vertex 20.86926627053964 108.90448186995485 0
      vertex 20.86926627053964 108.90448186995485 5
    endloop
  endfacet
  facet normal -0.32143946530317513 -0.9469301294951011 -4.410206096092943e-19
    outer loop
      vertex 20.86926627053964 108.90448186995485 0
      vertex 21.364723819589916 108.73629669484372 0
      vertex 21.364723819589916 108.73629669484372 5
    endloop
  endfacet
  facet normal -0.9469301294951074 -0.32143946530315676 0
    outer loop
      vertex 18.536296694843724 111.56472381958991 0
      vertex 18.70448186995485 111.06926627053963 0
      vertex 18.536296694843724 111.56472381958991 5
    endloop
  endfacet
  facet normal -0.9807852804032308 -0.19509032201612622 -9.344190097441071e-19
    outer loop
      vertex 18.536296694843724 111.56472381958991 0
      vertex 18.43422055450476 112.07789523111978 5
      vertex 18.43422055450476 112.07789523111978 0
    endloop
  endfacet
  facet normal -0.9978589232386035 -0.06540312923014517 3.4821604175818325e-19
    outer loop
      vertex 18.43422055450476 112.07789523111978 0
      vertex 18.4 112.6 5
      vertex 18.4 112.6 0
    endloop
  endfacet
  facet normal -0.9978589232386035 0.06540312923014517 -3.4821604175818325e-19
    outer loop
      vertex 18.4 112.6 0
      vertex 18.43422055450476 113.1221047688802 5
      vertex 18.43422055450476 113.1221047688802 0
    endloop
  endfacet
  facet normal -0.9807852804032308 0.19509032201612622 9.344190097441071e-19
    outer loop
      vertex 18.43422055450476 113.1221047688802 0
      vertex 18.536296694843724 113.63527618041007 5
      vertex 18.536296694843724 113.63527618041007 0
    endloop
  endfacet
  facet normal -0.9469301294951074 0.32143946530315676 -2.254041117365771e-18
    outer loop
      vertex 18.536296694843724 113.63527618041007 0
      vertex 18.70448186995485 114.13073372946036 5
      vertex 18.70448186995485 114.13073372946036 0
    endloop
  endfacet
  facet normal -0.8968727415326845 0.44228869021900913 -1.1748428849304505e-18
    outer loop
      vertex 18.70448186995485 114.13073372946036 0
      vertex 18.935898384862245 114.6 5
      vertex 18.935898384862245 114.6 0
    endloop
  endfacet
  facet normal -0.8314696123025428 0.5555702330196058 5.474066885413372e-19
    outer loop
      vertex 18.935898384862245 114.6 0
      vertex 19.22658663883506 115.03504571603487 5
      vertex 19.22658663883506 115.03504571603487 0
    endloop
  endfacet
  facet normal -0.7518398074789787 0.6593458151000674 -1.1279056058810424e-18
    outer loop
      vertex 19.22658663883506 115.03504571603487 0
      vertex 19.571572875253807 115.42842712474618 5
      vertex 19.571572875253807 115.42842712474618 0
    endloop
  endfacet
  facet normal -0.6593458151000794 0.7518398074789682 0
    outer loop
      vertex 19.571572875253807 115.42842712474618 0
      vertex 19.571572875253807 115.42842712474618 5
      vertex 19.964954283965117 115.77341336116494 0
    endloop
  endfacet
  facet normal -0.5555702330195885 0.8314696123025542 0
    outer loop
      vertex 19.964954283965117 115.77341336116494 0
      vertex 19.964954283965117 115.77341336116494 5
      vertex 20.4 116.06410161513774 0
    endloop
  endfacet
  facet normal -0.44228869021900374 0.8968727415326871 0
    outer loop
      vertex 20.4 116.06410161513774 0
      vertex 20.4 116.06410161513774 5
      vertex 20.86926627053964 116.29551813004514 0
    endloop
  endfacet
  facet normal -0.32143946530317513 0.9469301294951011 0
    outer loop
      vertex 20.86926627053964 116.29551813004514 0
      vertex 20.86926627053964 116.29551813004514 5
      vertex 21.364723819589916 116.46370330515627 0
    endloop
  endfacet
  facet normal -0.19509032201612234 0.9807852804032317 0
    outer loop
      vertex 21.364723819589916 116.46370330515627 0
      vertex 21.364723819589916 116.46370330515627 5
      vertex 21.877895231119794 116.56577944549524 0
    endloop
  endfacet
  facet normal -0.06540312923013929 -0.9978589232386037 0
    outer loop
      vertex 22.4 108.6 0
      vertex 22.4 108.6 5
      vertex 21.877895231119794 108.63422055450475 0
    endloop
  endfacet
  facet normal 0.06540312923013929 -0.9978589232386037 2.4467805842041708e-20
    outer loop
      vertex 22.4 108.6 0
      vertex 22.922104768880203 108.63422055450475 0
      vertex 22.922104768880203 108.63422055450475 5
    endloop
  endfacet
  facet normal -0.19509032201612234 -0.9807852804032317 -3.746435271087371e-19
    outer loop
      vertex 21.364723819589916 108.73629669484372 0
      vertex 21.877895231119794 108.63422055450475 0
      vertex 21.877895231119794 108.63422055450475 5
    endloop
  endfacet
  facet normal 0.19509032201612234 -0.9807852804032317 3.746435271087371e-19
    outer loop
      vertex 22.922104768880203 108.63422055450475 0
      vertex 23.43527618041008 108.73629669484372 0
      vertex 23.43527618041008 108.73629669484372 5
    endloop
  endfacet
  facet normal 0.32143946530317513 -0.9469301294951011 4.410206096092943e-19
    outer loop
      vertex 23.43527618041008 108.73629669484372 0
      vertex 23.930733729460357 108.90448186995485 0
      vertex 23.930733729460357 108.90448186995485 5
    endloop
  endfacet
  facet normal 0.44228869021900374 -0.8968727415326871 1.3992979783748602e-18
    outer loop
      vertex 23.930733729460357 108.90448186995485 0
      vertex 24.4 109.13589838486224 0
      vertex 24.4 109.13589838486224 5
    endloop
  endfacet
  facet normal 0.5555702330195885 -0.8314696123025542 2.1445655151690738e-18
    outer loop
      vertex 24.4 109.13589838486224 0
      vertex 24.83504571603488 109.42658663883505 0
      vertex 24.83504571603488 109.42658663883505 5
    endloop
  endfacet
  facet normal 0.6593458151000794 -0.7518398074789682 4.9143672706992464e-18
    outer loop
      vertex 24.83504571603488 109.42658663883505 0
      vertex 25.22842712474619 109.77157287525381 0
      vertex 25.22842712474619 109.77157287525381 5
    endloop
  endfacet
  facet normal 0.7518398074789787 -0.6593458151000674 0
    outer loop
      vertex 25.22842712474619 109.77157287525381 0
      vertex 25.57341336116494 110.16495428396512 0
      vertex 25.22842712474619 109.77157287525381 5
    endloop
  endfacet
  facet normal 0.8314696123025428 -0.5555702330196058 0
    outer loop
      vertex 25.57341336116494 110.16495428396512 0
      vertex 25.864101615137752 110.6 0
      vertex 25.57341336116494 110.16495428396512 5
    endloop
  endfacet
  facet normal 0.8968727415326845 -0.44228869021900913 0
    outer loop
      vertex 25.864101615137752 110.6 0
      vertex 26.095518130045146 111.06926627053963 0
      vertex 25.864101615137752 110.6 5
    endloop
  endfacet
  facet normal 0.6593458151000794 0.7518398074789682 -4.9143672706992464e-18
    outer loop
      vertex 25.22842712474619 115.42842712474618 0
      vertex 24.83504571603488 115.77341336116494 0
      vertex 24.83504571603488 115.77341336116494 5
    endloop
  endfacet
  facet normal 0.7518398074789787 0.6593458151000674 0
    outer loop
      vertex 25.57341336116494 115.03504571603487 0
      vertex 25.22842712474619 115.42842712474618 0
      vertex 25.57341336116494 115.03504571603487 5
    endloop
  endfacet
  facet normal -0.06540312923013929 0.9978589232386037 0
    outer loop
      vertex 21.877895231119794 116.56577944549524 0
      vertex 21.877895231119794 116.56577944549524 5
      vertex 22.4 116.6 0
    endloop
  endfacet
  facet normal 0.06540312923013929 0.9978589232386037 0
    outer loop
      vertex 22.4 116.6 0
      vertex 22.4 116.6 5
      vertex 22.922104768880203 116.56577944549524 0
    endloop
  endfacet
  facet normal 0.19509032201612234 0.9807852804032317 0
    outer loop
      vertex 22.922104768880203 116.56577944549524 0
      vertex 22.922104768880203 116.56577944549524 5
      vertex 23.43527618041008 116.46370330515627 0
    endloop
  endfacet
  facet normal 0.32143946530317513 0.9469301294951011 0
    outer loop
      vertex 23.43527618041008 116.46370330515627 0
      vertex 23.43527618041008 116.46370330515627 5
      vertex 23.930733729460357 116.29551813004514 0
    endloop
  endfacet
  facet normal 0.44228869021900374 0.8968727415326871 0
    outer loop
      vertex 23.930733729460357 116.29551813004514 0
      vertex 23.930733729460357 116.29551813004514 5
      vertex 24.4 116.06410161513774 0
    endloop
  endfacet
  facet normal 0.5555702330195885 0.8314696123025542 0
    outer loop
      vertex 24.4 116.06410161513774 0
      vertex 24.4 116.06410161513774 5
      vertex 24.83504571603488 115.77341336116494 0
    endloop
  endfacet
  facet normal 0.9469301294951074 -0.32143946530315676 0
    outer loop
      vertex 26.095518130045146 111.06926627053963 0
      vertex 26.263703305156273 111.56472381958991 0
      vertex 26.095518130045146 111.06926627053963 5
    endloop
  endfacet
  facet normal 0.9807852804032308 -0.19509032201612622 0
    outer loop
      vertex 26.263703305156273 111.56472381958991 0
      vertex 26.36577944549524 112.07789523111978 0
      vertex 26.263703305156273 111.56472381958991 5
    endloop
  endfacet
  facet normal 0.9978589232386035 -0.06540312923014517 0
    outer loop
      vertex 26.36577944549524 112.07789523111978 0
      vertex 26.4 112.6 0
      vertex 26.36577944549524 112.07789523111978 5
    endloop
  endfacet
  facet normal 0.9978589232386035 0.06540312923014517 0
    outer loop
      vertex 26.4 112.6 0
      vertex 26.36577944549524 113.1221047688802 0
      vertex 26.4 112.6 5
    endloop
  endfacet
  facet normal 0.9807852804032308 0.19509032201612622 0
    outer loop
      vertex 26.36577944549524 113.1221047688802 0
      vertex 26.263703305156273 113.63527618041007 0
      vertex 26.36577944549524 113.1221047688802 5
    endloop
  endfacet
  facet normal 0.9469301294951074 0.32143946530315676 2.254041117365771e-18
    outer loop
      vertex 26.095518130045146 114.13073372946036 0
      vertex 26.263703305156273 113.63527618041007 5
      vertex 26.263703305156273 113.63527618041007 0
    endloop
  endfacet
  facet normal 0.8968727415326845 0.44228869021900913 0
    outer loop
      vertex 26.095518130045146 114.13073372946036 0
      vertex 25.864101615137752 114.6 0
      vertex 26.095518130045146 114.13073372946036 5
    endloop
  endfacet
  facet normal 0.8314696123025428 0.5555702330196058 -5.474066885413372e-19
    outer loop
      vertex 25.57341336116494 115.03504571603487 0
      vertex 25.864101615137752 114.6 5
      vertex 25.864101615137752 114.6 0
    endloop
  endfacet
  facet normal -0.8314696123025428 -0.5555702330196058 0
    outer loop
      vertex 19.22658663883506 110.16495428396512 0
      vertex 19.22658663883506 110.16495428396512 5
      vertex 18.935898384862245 110.6 5
    endloop
  endfacet
  facet normal -0.8968727415326845 -0.44228869021900913 0
    outer loop
      vertex 18.935898384862245 110.6 0
      vertex 18.935898384862245 110.6 5
      vertex 18.70448186995485 111.06926627053963 5
    endloop
  endfacet
  facet normal -0.7518398074789787 -0.6593458151000674 0
    outer loop
      vertex 19.571572875253807 109.77157287525381 0
      vertex 19.571572875253807 109.77157287525381 5
      vertex 19.22658663883506 110.16495428396512 5
    endloop
  endfacet
  facet normal -0.6593458151000794 -0.7518398074789682 0
    outer loop
      vertex 19.571572875253807 109.77157287525381 0
      vertex 19.964954283965117 109.42658663883505 5
      vertex 19.571572875253807 109.77157287525381 5
    endloop
  endfacet
  facet normal -0.5555702330195885 -0.8314696123025542 0
    outer loop
      vertex 19.964954283965117 109.42658663883505 0
      vertex 20.4 109.13589838486224 5
      vertex 19.964954283965117 109.42658663883505 5
    endloop
  endfacet
  facet normal -0.44228869021900374 -0.8968727415326871 0
    outer loop
      vertex 20.4 109.13589838486224 0
      vertex 20.86926627053964 108.90448186995485 5
      vertex 20.4 109.13589838486224 5
    endloop
  endfacet
  facet normal -0.32143946530317513 -0.9469301294951011 0
    outer loop
      vertex 20.86926627053964 108.90448186995485 0
      vertex 21.364723819589916 108.73629669484372 5
      vertex 20.86926627053964 108.90448186995485 5
    endloop
  endfacet
  facet normal -0.19509032201612234 -0.9807852804032317 0
    outer loop
      vertex 21.364723819589916 108.73629669484372 0
      vertex 21.877895231119794 108.63422055450475 5
      vertex 21.364723819589916 108.73629669484372 5
    endloop
  endfacet
  facet normal -0.9469301294951074 -0.32143946530315676 0
    outer loop
      vertex 18.70448186995485 111.06926627053963 0
      vertex 18.70448186995485 111.06926627053963 5
      vertex 18.536296694843724 111.56472381958991 5
    endloop
  endfacet
  facet normal -0.9807852804032308 -0.19509032201612622 0
    outer loop
      vertex 18.536296694843724 111.56472381958991 0
      vertex 18.536296694843724 111.56472381958991 5
      vertex 18.43422055450476 112.07789523111978 5
    endloop
  endfacet
  facet normal -0.9978589232386035 0.06540312923014517 0
    outer loop
      vertex 18.4 112.6 0
      vertex 18.4 112.6 5
      vertex 18.43422055450476 113.1221047688802 5
    endloop
  endfacet
  facet normal -0.9978589232386035 -0.06540312923014517 0
    outer loop
      vertex 18.43422055450476 112.07789523111978 0
      vertex 18.43422055450476 112.07789523111978 5
      vertex 18.4 112.6 5
    endloop
  endfacet
  facet normal -0.9807852804032308 0.19509032201612622 0
    outer loop
      vertex 18.43422055450476 113.1221047688802 0
      vertex 18.43422055450476 113.1221047688802 5
      vertex 18.536296694843724 113.63527618041007 5
    endloop
  endfacet
  facet normal -0.9469301294951074 0.32143946530315676 0
    outer loop
      vertex 18.536296694843724 113.63527618041007 0
      vertex 18.536296694843724 113.63527618041007 5
      vertex 18.70448186995485 114.13073372946036 5
    endloop
  endfacet
  facet normal -0.8968727415326845 0.44228869021900913 0
    outer loop
      vertex 18.70448186995485 114.13073372946036 0
      vertex 18.70448186995485 114.13073372946036 5
      vertex 18.935898384862245 114.6 5
    endloop
  endfacet
  facet normal -0.8314696123025428 0.5555702330196058 0
    outer loop
      vertex 18.935898384862245 114.6 0
      vertex 18.935898384862245 114.6 5
      vertex 19.22658663883506 115.03504571603487 5
    endloop
  endfacet
  facet normal -0.7518398074789787 0.6593458151000674 0
    outer loop
      vertex 19.22658663883506 115.03504571603487 0
      vertex 19.22658663883506 115.03504571603487 5
      vertex 19.571572875253807 115.42842712474618 5
    endloop
  endfacet
  facet normal -0.6593458151000794 0.7518398074789682 0
    outer loop
      vertex 19.964954283965117 115.77341336116494 0
      vertex 19.571572875253807 115.42842712474618 5
      vertex 19.964954283965117 115.77341336116494 5
    endloop
  endfacet
  facet normal -0.5555702330195885 0.8314696123025542 0
    outer loop
      vertex 20.4 116.06410161513774 0
      vertex 19.964954283965117 115.77341336116494 5
      vertex 20.4 116.06410161513774 5
    endloop
  endfacet
  facet normal -0.44228869021900374 0.8968727415326871 0
    outer loop
      vertex 20.86926627053964 116.29551813004514 0
      vertex 20.4 116.06410161513774 5
      vertex 20.86926627053964 116.29551813004514 5
    endloop
  endfacet
  facet normal -0.32143946530317513 0.9469301294951011 0
    outer loop
      vertex 21.364723819589916 116.46370330515627 0
      vertex 20.86926627053964 116.29551813004514 5
      vertex 21.364723819589916 116.46370330515627 5
    endloop
  endfacet
  facet normal -0.06540312923013929 -0.9978589232386037 0
    outer loop
      vertex 21.877895231119794 108.63422055450475 0
      vertex 22.4 108.6 5
      vertex 21.877895231119794 108.63422055450475 5
    endloop
  endfacet
  facet normal 0.06540312923013929 -0.9978589232386037 0
    outer loop
      vertex 22.4 108.6 0
      vertex 22.922104768880203 108.63422055450475 5
      vertex 22.4 108.6 5
    endloop
  endfacet
  facet normal 0.19509032201612234 -0.9807852804032317 0
    outer loop
      vertex 22.922104768880203 108.63422055450475 0
      vertex 23.43527618041008 108.73629669484372 5
      vertex 22.922104768880203 108.63422055450475 5
    endloop
  endfacet
  facet normal 0.32143946530317513 -0.9469301294951011 0
    outer loop
      vertex 23.43527618041008 108.73629669484372 0
      vertex 23.930733729460357 108.90448186995485 5
      vertex 23.43527618041008 108.73629669484372 5
    endloop
  endfacet
  facet normal 0.44228869021900374 -0.8968727415326871 0
    outer loop
      vertex 23.930733729460357 108.90448186995485 0
      vertex 24.4 109.13589838486224 5
      vertex 23.930733729460357 108.90448186995485 5
    endloop
  endfacet
  facet normal 0.5555702330195885 -0.8314696123025542 0
    outer loop
      vertex 24.4 109.13589838486224 0
      vertex 24.83504571603488 109.42658663883505 5
      vertex 24.4 109.13589838486224 5
    endloop
  endfacet
  facet normal 0.6593458151000794 -0.7518398074789682 0
    outer loop
      vertex 24.83504571603488 109.42658663883505 0
      vertex 25.22842712474619 109.77157287525381 5
      vertex 24.83504571603488 109.42658663883505 5
    endloop
  endfacet
  facet normal 0.7518398074789787 -0.6593458151000674 0
    outer loop
      vertex 25.57341336116494 110.16495428396512 0
      vertex 25.57341336116494 110.16495428396512 5
      vertex 25.22842712474619 109.77157287525381 5
    endloop
  endfacet
  facet normal 0.8314696123025428 -0.5555702330196058 0
    outer loop
      vertex 25.864101615137752 110.6 0
      vertex 25.864101615137752 110.6 5
      vertex 25.57341336116494 110.16495428396512 5
    endloop
  endfacet
  facet normal 0.8968727415326845 -0.44228869021900913 0
    outer loop
      vertex 26.095518130045146 111.06926627053963 0
      vertex 26.095518130045146 111.06926627053963 5
      vertex 25.864101615137752 110.6 5
    endloop
  endfacet
  facet normal 0.6593458151000794 0.7518398074789682 0
    outer loop
      vertex 25.22842712474619 115.42842712474618 0
      vertex 24.83504571603488 115.77341336116494 5
      vertex 25.22842712474619 115.42842712474618 5
    endloop
  endfacet
  facet normal 0.8314696123025428 0.5555702330196058 0
    outer loop
      vertex 25.57341336116494 115.03504571603487 0
      vertex 25.57341336116494 115.03504571603487 5
      vertex 25.864101615137752 114.6 5
    endloop
  endfacet
  facet normal 0.7518398074789787 0.6593458151000674 0
    outer loop
      vertex 25.22842712474619 115.42842712474618 0
      vertex 25.22842712474619 115.42842712474618 5
      vertex 25.57341336116494 115.03504571603487 5
    endloop
  endfacet
  facet normal -0.19509032201612234 0.9807852804032317 0
    outer loop
      vertex 21.877895231119794 116.56577944549524 0
      vertex 21.364723819589916 116.46370330515627 5
      vertex 21.877895231119794 116.56577944549524 5
    endloop
  endfacet
  facet normal -0.06540312923013929 0.9978589232386037 0
    outer loop
      vertex 22.4 116.6 0
      vertex 21.877895231119794 116.56577944549524 5
      vertex 22.4 116.6 5
    endloop
  endfacet
  facet normal 0.06540312923013929 0.9978589232386037 0
    outer loop
      vertex 22.922104768880203 116.56577944549524 0
      vertex 22.4 116.6 5
      vertex 22.922104768880203 116.56577944549524 5
    endloop
  endfacet
  facet normal 0.19509032201612234 0.9807852804032317 0
    outer loop
      vertex 23.43527618041008 116.46370330515627 0
      vertex 22.922104768880203 116.56577944549524 5
      vertex 23.43527618041008 116.46370330515627 5
    endloop
  endfacet
  facet normal 0.32143946530317513 0.9469301294951011 0
    outer loop
      vertex 23.930733729460357 116.29551813004514 0
      vertex 23.43527618041008 116.46370330515627 5
      vertex 23.930733729460357 116.29551813004514 5
    endloop
  endfacet
  facet normal 0.44228869021900374 0.8968727415326871 0
    outer loop
      vertex 24.4 116.06410161513774 0
      vertex 23.930733729460357 116.29551813004514 5
      vertex 24.4 116.06410161513774 5
    endloop
  endfacet
  facet normal 0.5555702330195885 0.8314696123025542 0
    outer loop
      vertex 24.83504571603488 115.77341336116494 0
      vertex 24.4 116.06410161513774 5
      vertex 24.83504571603488 115.77341336116494 5
    endloop
  endfacet
  facet normal 0.9469301294951074 -0.32143946530315676 0
    outer loop
      vertex 26.263703305156273 111.56472381958991 0
      vertex 26.263703305156273 111.56472381958991 5
      vertex 26.095518130045146 111.06926627053963 5
    endloop
  endfacet
  facet normal 0.9807852804032308 -0.19509032201612622 0
    outer loop
      vertex 26.36577944549524 112.07789523111978 0
      vertex 26.36577944549524 112.07789523111978 5
      vertex 26.263703305156273 111.56472381958991 5
    endloop
  endfacet
  facet normal 0.9978589232386035 -0.06540312923014517 0
    outer loop
      vertex 26.4 112.6 0
      vertex 26.4 112.6 5
      vertex 26.36577944549524 112.07789523111978 5
    endloop
  endfacet
  facet normal 0.9978589232386035 0.06540312923014517 0
    outer loop
      vertex 26.36577944549524 113.1221047688802 0
      vertex 26.36577944549524 113.1221047688802 5
      vertex 26.4 112.6 5
    endloop
  endfacet
  facet normal 0.9469301294951074 0.32143946530315676 0
    outer loop
      vertex 26.095518130045146 114.13073372946036 0
      vertex 26.095518130045146 114.13073372946036 5
      vertex 26.263703305156273 113.63527618041007 5
    endloop
  endfacet
  facet normal 0.8968727415326845 0.44228869021900913 0
    outer loop
      vertex 25.864101615137752 114.6 0
      vertex 25.864101615137752 114.6 5
      vertex 26.095518130045146 114.13073372946036 5
    endloop
  endfacet
  facet normal 0.9807852804032308 0.19509032201612622 0
    outer loop
      vertex 26.263703305156273 113.63527618041007 0
      vertex 26.263703305156273 113.63527618041007 5
      vertex 26.36577944549524 113.1221047688802 5
    endloop
  endfacet
  facet normal 0 0 1
    outer loop
      vertex 20.4 109.13589838486224 5
      vertex 20.86926627053964 108.90448186995485 5
      vertex 20.66794919243112 111.6 5
    endloop
  endfacet
  facet normal 0 0 1
    outer loop
      vertex 20.4 109.13589838486224 5
      vertex 20.66794919243112 111.6 5
      vertex 20.552240934977426 111.83463313526981 5
    endloop
  endfacet
  facet normal 0 0 1
    outer loop
      vertex 20.86926627053964 108.90448186995485 5
      vertex 21.364723819589916 108.73629669484372 5
      vertex 21.182477141982556 111.01329331941753 5
    endloop
  endfacet
  facet normal 0 0 1
    outer loop
      vertex 21.364723819589916 108.73629669484372 5
      vertex 21.877895231119794 108.63422055450475 5
      vertex 21.63463313526982 110.75224093497742 5
    endloop
  endfacet
  facet normal 0 0 1
    outer loop
      vertex 20.86926627053964 108.90448186995485 5
      vertex 21.182477141982556 111.01329331941753 5
      vertex 20.985786437626903 111.1857864376269 5
    endloop
  endfacet
  facet normal 0 0 1
    outer loop
      vertex 20.86926627053964 108.90448186995485 5
      vertex 20.81329331941753 111.38247714198255 5
      vertex 20.66794919243112 111.6 5
    endloop
  endfacet
  facet normal 0 0 1
    outer loop
      vertex 20.86926627053964 108.90448186995485 5
      vertex 20.985786437626903 111.1857864376269 5
      vertex 20.81329331941753 111.38247714198255 5
    endloop
  endfacet
  facet normal 0 0 1
    outer loop
      vertex 21.364723819589916 108.73629669484372 5
      vertex 21.4 110.86794919243111 5
      vertex 21.182477141982556 111.01329331941753 5
    endloop
  endfacet
  facet normal 0 0 1
    outer loop
      vertex 21.364723819589916 108.73629669484372 5
      vertex 21.63463313526982 110.75224093497742 5
      vertex 21.4 110.86794919243111 5
    endloop
  endfacet
  facet normal 0 0 1
    outer loop
      vertex 18.536296694843724 111.56472381958991 5
      vertex 18.70448186995485 111.06926627053963 5
      vertex 18.536296694843724 113.63527618041007 5
    endloop
  endfacet
  facet normal 0 0 1
    outer loop
      vertex 18.536296694843724 111.56472381958991 5
      vertex 18.43422055450476 113.1221047688802 5
      vertex 18.43422055450476 112.07789523111978 5
    endloop
  endfacet
  facet normal 0 0 1
    outer loop
      vertex 18.43422055450476 112.07789523111978 5
      vertex 18.43422055450476 113.1221047688802 5
      vertex 18.4 112.6 5
    endloop
  endfacet
  facet normal 0 0 1
    outer loop
      vertex 18.536296694843724 111.56472381958991 5
      vertex 18.536296694843724 113.63527618041007 5
      vertex 18.43422055450476 113.1221047688802 5
    endloop
  endfacet
  facet normal 0 0 1
    outer loop
      vertex 18.70448186995485 111.06926627053963 5
      vertex 18.70448186995485 114.13073372946036 5
      vertex 18.536296694843724 113.63527618041007 5
    endloop
  endfacet
  facet normal 0 0 1
    outer loop
      vertex 18.935898384862245 110.6 5
      vertex 18.70448186995485 114.13073372946036 5
      vertex 18.70448186995485 111.06926627053963 5
    endloop
  endfacet
  facet normal 0 0 1
    outer loop
      vertex 18.935898384862245 110.6 5
      vertex 19.22658663883506 110.16495428396512 5
      vertex 18.935898384862245 114.6 5
    endloop
  endfacet
  facet normal 0 0 1
    outer loop
      vertex 19.571572875253807 109.77157287525381 5
      vertex 19.22658663883506 115.03504571603487 5
      vertex 19.22658663883506 110.16495428396512 5
    endloop
  endfacet
  facet normal 0 0 1
    outer loop
      vertex 18.935898384862245 110.6 5
      vertex 18.935898384862245 114.6 5
      vertex 18.70448186995485 114.13073372946036 5
    endloop
  endfacet
  facet normal 0 0 1
    outer loop
      vertex 19.22658663883506 110.16495428396512 5
      vertex 19.22658663883506 115.03504571603487 5
      vertex 18.935898384862245 114.6 5
    endloop
  endfacet
  facet normal 0 0 1
    outer loop
      vertex 19.571572875253807 109.77157287525381 5
      vertex 19.571572875253807 115.42842712474618 5
      vertex 19.22658663883506 115.03504571603487 5
    endloop
  endfacet
  facet normal 0 0 1
    outer loop
      vertex 19.571572875253807 109.77157287525381 5
      vertex 19.964954283965117 109.42658663883505 5
      vertex 19.571572875253807 115.42842712474618 5
    endloop
  endfacet
  facet normal 0 0 1
    outer loop
      vertex 19.964954283965117 109.42658663883505 5
      vertex 20.4 109.13589838486224 5
      vertex 19.964954283965117 115.77341336116494 5
    endloop
  endfacet
  facet normal 0 0 1
    outer loop
      vertex 20.4 109.13589838486224 5
      vertex 20.417110277252377 112.33894761555989 5
      vertex 20.4 112.6 5
    endloop
  endfacet
  facet normal 0 0 1
    outer loop
      vertex 20.4 109.13589838486224 5
      vertex 20.552240934977426 111.83463313526981 5
      vertex 20.468148347421863 112.08236190979495 5
    endloop
  endfacet
  facet normal 0 0 1
    outer loop
      vertex 20.4 109.13589838486224 5
      vertex 20.468148347421863 112.08236190979495 5
      vertex 20.417110277252377 112.33894761555989 5
    endloop
  endfacet
  facet normal 0 0 1
    outer loop
      vertex 20.4 109.13589838486224 5
      vertex 20.4 112.6 5
      vertex 19.964954283965117 115.77341336116494 5
    endloop
  endfacet
  facet normal 0 0 1
    outer loop
      vertex 19.964954283965117 109.42658663883505 5
      vertex 19.964954283965117 115.77341336116494 5
      vertex 19.571572875253807 115.42842712474618 5
    endloop
  endfacet
  facet normal 0 0 1
    outer loop
      vertex 20.4 112.6 5
      vertex 20.417110277252377 112.8610523844401 5
      vertex 20.4 116.06410161513774 5
    endloop
  endfacet
  facet normal 0 0 1
    outer loop
      vertex 20.417110277252377 112.8610523844401 5
      vertex 20.468148347421863 113.11763809020503 5
      vertex 20.4 116.06410161513774 5
    endloop
  endfacet
  facet normal 0 0 1
    outer loop
      vertex 20.468148347421863 113.11763809020503 5
      vertex 20.552240934977426 113.36536686473018 5
      vertex 20.4 116.06410161513774 5
    endloop
  endfacet
  facet normal 0 0 1
    outer loop
      vertex 20.552240934977426 113.36536686473018 5
      vertex 20.66794919243112 113.6 5
      vertex 20.4 116.06410161513774 5
    endloop
  endfacet
  facet normal 0 0 1
    outer loop
      vertex 20.66794919243112 113.6 5
      vertex 20.81329331941753 113.81752285801744 5
      vertex 20.4 116.06410161513774 5
    endloop
  endfacet
  facet normal 0 0 1
    outer loop
      vertex 20.4 112.6 5
      vertex 20.4 116.06410161513774 5
      vertex 19.964954283965117 115.77341336116494 5
    endloop
  endfacet
  facet normal 0 0 1
    outer loop
      vertex 20.81329331941753 113.81752285801744 5
      vertex 20.985786437626903 114.01421356237309 5
      vertex 20.4 116.06410161513774 5
    endloop
  endfacet
  facet normal 0 0 1
    outer loop
      vertex 20.985786437626903 114.01421356237309 5
      vertex 21.182477141982556 114.18670668058246 5
      vertex 20.86926627053964 116.29551813004514 5
    endloop
  endfacet
  facet normal 0 0 1
    outer loop
      vertex 21.182477141982556 114.18670668058246 5
      vertex 21.4 114.33205080756888 5
      vertex 20.86926627053964 116.29551813004514 5
    endloop
  endfacet
  facet normal 0 0 1
    outer loop
      vertex 20.985786437626903 114.01421356237309 5
      vertex 20.86926627053964 116.29551813004514 5
      vertex 20.4 116.06410161513774 5
    endloop
  endfacet
  facet normal 0 0 1
    outer loop
      vertex 21.4 114.33205080756888 5
      vertex 21.63463313526982 114.44775906502257 5
      vertex 21.364723819589916 116.46370330515627 5
    endloop
  endfacet
  facet normal 0 0 1
    outer loop
      vertex 21.63463313526982 114.44775906502257 5
      vertex 21.88236190979496 114.53185165257813 5
      vertex 21.364723819589916 116.46370330515627 5
    endloop
  endfacet
  facet normal 0 0 1
    outer loop
      vertex 21.4 114.33205080756888 5
      vertex 21.364723819589916 116.46370330515627 5
      vertex 20.86926627053964 116.29551813004514 5
    endloop
  endfacet
  facet normal 0 0 1
    outer loop
      vertex 22.4 108.6 5
      vertex 22.138947615559896 110.61711027725238 5
      vertex 21.877895231119794 108.63422055450475 5
    endloop
  endfacet
  facet normal 0 0 1
    outer loop
      vertex 22.4 108.6 5
      vertex 22.922104768880203 108.63422055450475 5
      vertex 22.6610523844401 110.61711027725238 5
    endloop
  endfacet
  facet normal 0 0 1
    outer loop
      vertex 21.63463313526982 110.75224093497742 5
      vertex 21.877895231119794 108.63422055450475 5
      vertex 21.88236190979496 110.66814834742186 5
    endloop
  endfacet
  facet normal 0 0 1
    outer loop
      vertex 21.877895231119794 108.63422055450475 5
      vertex 22.138947615559896 110.61711027725238 5
      vertex 21.88236190979496 110.66814834742186 5
    endloop
  endfacet
  facet normal 0 0 1
    outer loop
      vertex 22.4 108.6 5
      vertex 22.4 110.6 5
      vertex 22.138947615559896 110.61711027725238 5
    endloop
  endfacet
  facet normal 0 0 1
    outer loop
      vertex 22.4 108.6 5
      vertex 22.6610523844401 110.61711027725238 5
      vertex 22.4 110.6 5
    endloop
  endfacet
  facet normal 0 0 1
    outer loop
      vertex 22.922104768880203 108.63422055450475 5
      vertex 23.43527618041008 108.73629669484372 5
      vertex 22.91763809020504 110.66814834742186 5
    endloop
  endfacet
  facet normal 0 0 1
    outer loop
      vertex 23.43527618041008 108.73629669484372 5
      vertex 23.930733729460357 108.90448186995485 5
      vertex 23.4 110.86794919243111 5
    endloop
  endfacet
  facet normal 0 0 1
    outer loop
      vertex 22.6610523844401 110.61711027725238 5
      vertex 22.922104768880203 108.63422055450475 5
      vertex 22.91763809020504 110.66814834742186 5
    endloop
  endfacet
  facet normal 0 0 1
    outer loop
      vertex 23.43527618041008 108.73629669484372 5
      vertex 23.165366864730178 110.75224093497742 5
      vertex 22.91763809020504 110.66814834742186 5
    endloop
  endfacet
  facet normal 0 0 1
    outer loop
      vertex 23.43527618041008 108.73629669484372 5
      vertex 23.4 110.86794919243111 5
      vertex 23.165366864730178 110.75224093497742 5
    endloop
  endfacet
  facet normal 0 0 1
    outer loop
      vertex 23.4 110.86794919243111 5
      vertex 23.930733729460357 108.90448186995485 5
      vertex 23.61752285801744 111.01329331941753 5
    endloop
  endfacet
  facet normal 0 0 1
    outer loop
      vertex 23.930733729460357 108.90448186995485 5
      vertex 24.4 109.13589838486224 5
      vertex 23.814213562373094 111.1857864376269 5
    endloop
  endfacet
  facet normal 0 0 1
    outer loop
      vertex 23.930733729460357 108.90448186995485 5
      vertex 23.814213562373094 111.1857864376269 5
      vertex 23.61752285801744 111.01329331941753 5
    endloop
  endfacet
  facet normal 0 0 1
    outer loop
      vertex 24.4 109.13589838486224 5
      vertex 23.98670668058247 111.38247714198255 5
      vertex 23.814213562373094 111.1857864376269 5
    endloop
  endfacet
  facet normal 0 0 1
    outer loop
      vertex 24.4 109.13589838486224 5
      vertex 24.132050807568877 111.6 5
      vertex 23.98670668058247 111.38247714198255 5
    endloop
  endfacet
  facet normal 0 0 1
    outer loop
      vertex 24.4 109.13589838486224 5
      vertex 24.83504571603488 109.42658663883505 5
      vertex 24.4 112.6 5
    endloop
  endfacet
  facet normal 0 0 1
    outer loop
      vertex 24.4 109.13589838486224 5
      vertex 24.24775906502257 111.83463313526981 5
      vertex 24.132050807568877 111.6 5
    endloop
  endfacet
  facet normal 0 0 1
    outer loop
      vertex 21.88236190979496 114.53185165257813 5
      vertex 22.138947615559896 114.58288972274761 5
      vertex 21.877895231119794 116.56577944549524 5
    endloop
  endfacet
  facet normal 0 0 1
    outer loop
      vertex 22.138947615559896 114.58288972274761 5
      vertex 22.4 114.6 5
      vertex 22.4 116.6 5
    endloop
  endfacet
  facet normal 0 0 1
    outer loop
      vertex 22.4 114.6 5
      vertex 22.6610523844401 114.58288972274761 5
      vertex 22.4 116.6 5
    endloop
  endfacet
  facet normal 0 0 1
    outer loop
      vertex 22.6610523844401 114.58288972274761 5
      vertex 22.91763809020504 114.53185165257813 5
      vertex 22.922104768880203 116.56577944549524 5
    endloop
  endfacet
  facet normal 0 0 1
    outer loop
      vertex 22.91763809020504 114.53185165257813 5
      vertex 23.165366864730178 114.44775906502257 5
      vertex 22.922104768880203 116.56577944549524 5
    endloop
  endfacet
  facet normal 0 0 1
    outer loop
      vertex 23.165366864730178 114.44775906502257 5
      vertex 23.4 114.33205080756888 5
      vertex 23.43527618041008 116.46370330515627 5
    endloop
  endfacet
  facet normal 0 0 1
    outer loop
      vertex 23.4 114.33205080756888 5
      vertex 23.61752285801744 114.18670668058246 5
      vertex 23.43527618041008 116.46370330515627 5
    endloop
  endfacet
  facet normal 0 0 1
    outer loop
      vertex 23.61752285801744 114.18670668058246 5
      vertex 23.930733729460357 116.29551813004514 5
      vertex 23.43527618041008 116.46370330515627 5
    endloop
  endfacet
  facet normal 0 0 1
    outer loop
      vertex 24.4 109.13589838486224 5
      vertex 24.331851652578134 112.08236190979495 5
      vertex 24.24775906502257 111.83463313526981 5
    endloop
  endfacet
  facet normal 0 0 1
    outer loop
      vertex 24.4 109.13589838486224 5
      vertex 24.38288972274762 112.33894761555989 5
      vertex 24.331851652578134 112.08236190979495 5
    endloop
  endfacet
  facet normal 0 0 1
    outer loop
      vertex 24.4 109.13589838486224 5
      vertex 24.4 112.6 5
      vertex 24.38288972274762 112.33894761555989 5
    endloop
  endfacet
  facet normal 0 0 1
    outer loop
      vertex 24.83504571603488 109.42658663883505 5
      vertex 24.4 116.06410161513774 5
      vertex 24.4 112.6 5
    endloop
  endfacet
  facet normal 0 0 1
    outer loop
      vertex 24.83504571603488 109.42658663883505 5
      vertex 25.22842712474619 109.77157287525381 5
      vertex 24.83504571603488 115.77341336116494 5
    endloop
  endfacet
  facet normal 0 0 1
    outer loop
      vertex 25.22842712474619 109.77157287525381 5
      vertex 25.57341336116494 110.16495428396512 5
      vertex 25.22842712474619 115.42842712474618 5
    endloop
  endfacet
  facet normal 0 0 1
    outer loop
      vertex 25.57341336116494 110.16495428396512 5
      vertex 25.864101615137752 110.6 5
      vertex 25.57341336116494 115.03504571603487 5
    endloop
  endfacet
  facet normal 0 0 1
    outer loop
      vertex 24.4 112.6 5
      vertex 24.4 116.06410161513774 5
      vertex 24.38288972274762 112.8610523844401 5
    endloop
  endfacet
  facet normal 0 0 1
    outer loop
      vertex 24.83504571603488 109.42658663883505 5
      vertex 24.83504571603488 115.77341336116494 5
      vertex 24.4 116.06410161513774 5
    endloop
  endfacet
  facet normal 0 0 1
    outer loop
      vertex 24.331851652578134 113.11763809020503 5
      vertex 24.4 116.06410161513774 5
      vertex 24.24775906502257 113.36536686473018 5
    endloop
  endfacet
  facet normal 0 0 1
    outer loop
      vertex 24.38288972274762 112.8610523844401 5
      vertex 24.4 116.06410161513774 5
      vertex 24.331851652578134 113.11763809020503 5
    endloop
  endfacet
  facet normal 0 0 1
    outer loop
      vertex 24.24775906502257 113.36536686473018 5
      vertex 24.4 116.06410161513774 5
      vertex 24.132050807568877 113.6 5
    endloop
  endfacet
  facet normal 0 0 1
    outer loop
      vertex 23.61752285801744 114.18670668058246 5
      vertex 23.814213562373094 114.01421356237309 5
      vertex 23.930733729460357 116.29551813004514 5
    endloop
  endfacet
  facet normal 0 0 1
    outer loop
      vertex 23.98670668058247 113.81752285801744 5
      vertex 23.930733729460357 116.29551813004514 5
      vertex 23.814213562373094 114.01421356237309 5
    endloop
  endfacet
  facet normal 0 0 1
    outer loop
      vertex 24.132050807568877 113.6 5
      vertex 23.930733729460357 116.29551813004514 5
      vertex 23.98670668058247 113.81752285801744 5
    endloop
  endfacet
  facet normal 0 0 1
    outer loop
      vertex 24.132050807568877 113.6 5
      vertex 24.4 116.06410161513774 5
      vertex 23.930733729460357 116.29551813004514 5
    endloop
  endfacet
  facet normal 0 0 1
    outer loop
      vertex 25.22842712474619 109.77157287525381 5
      vertex 25.22842712474619 115.42842712474618 5
      vertex 24.83504571603488 115.77341336116494 5
    endloop
  endfacet
  facet normal 0 0 1
    outer loop
      vertex 25.57341336116494 110.16495428396512 5
      vertex 25.57341336116494 115.03504571603487 5
      vertex 25.22842712474619 115.42842712474618 5
    endloop
  endfacet
  facet normal 0 0 1
    outer loop
      vertex 21.364723819589916 116.46370330515627 5
      vertex 21.88236190979496 114.53185165257813 5
      vertex 21.877895231119794 116.56577944549524 5
    endloop
  endfacet
  facet normal 0 0 1
    outer loop
      vertex 22.138947615559896 114.58288972274761 5
      vertex 22.4 116.6 5
      vertex 21.877895231119794 116.56577944549524 5
    endloop
  endfacet
  facet normal 0 0 1
    outer loop
      vertex 22.6610523844401 114.58288972274761 5
      vertex 22.922104768880203 116.56577944549524 5
      vertex 22.4 116.6 5
    endloop
  endfacet
  facet normal 0 0 1
    outer loop
      vertex 23.165366864730178 114.44775906502257 5
      vertex 23.43527618041008 116.46370330515627 5
      vertex 22.922104768880203 116.56577944549524 5
    endloop
  endfacet
  facet normal 0 0 1
    outer loop
      vertex 25.864101615137752 110.6 5
      vertex 26.095518130045146 111.06926627053963 5
      vertex 25.864101615137752 114.6 5
    endloop
  endfacet
  facet normal 0 0 1
    outer loop
      vertex 26.095518130045146 111.06926627053963 5
      vertex 26.263703305156273 111.56472381958991 5
      vertex 26.095518130045146 114.13073372946036 5
    endloop
  endfacet
  facet normal 0 0 1
    outer loop
      vertex 26.095518130045146 111.06926627053963 5
      vertex 26.095518130045146 114.13073372946036 5
      vertex 25.864101615137752 114.6 5
    endloop
  endfacet
  facet normal 0 0 1
    outer loop
      vertex 26.263703305156273 111.56472381958991 5
      vertex 26.263703305156273 113.63527618041007 5
      vertex 26.095518130045146 114.13073372946036 5
    endloop
  endfacet
  facet normal 0 0 1
    outer loop
      vertex 26.263703305156273 111.56472381958991 5
      vertex 26.36577944549524 112.07789523111978 5
      vertex 26.263703305156273 113.63527618041007 5
    endloop
  endfacet
  facet normal 0 0 1
    outer loop
      vertex 26.36577944549524 112.07789523111978 5
      vertex 26.4 112.6 5
      vertex 26.36577944549524 113.1221047688802 5
    endloop
  endfacet
  facet normal 0 0 1
    outer loop
      vertex 26.36577944549524 112.07789523111978 5
      vertex 26.36577944549524 113.1221047688802 5
      vertex 26.263703305156273 113.63527618041007 5
    endloop
  endfacet
  facet normal 0 0 1
    outer loop
      vertex 25.864101615137752 110.6 5
      vertex 25.864101615137752 114.6 5
      vertex 25.57341336116494 115.03504571603487 5
    endloop
  endfacet
  facet normal -0.9469301294951054 -0.321439465303163 0
    outer loop
      vertex 18.536296694843724 25.364723819589916 0
      vertex 18.70448186995485 24.86926627053964 0
      vertex 18.536296694843724 25.364723819589916 5
    endloop
  endfacet
  facet normal -0.831469612302545 -0.5555702330196027 -2.755190339555702e-18
    outer loop
      vertex 19.22658663883506 23.964954283965117 0
      vertex 18.935898384862245 24.4 5
      vertex 18.935898384862245 24.4 0
    endloop
  endfacet
  facet normal -0.7518398074789816 -0.6593458151000641 -5.509108692692471e-19
    outer loop
      vertex 19.571572875253807 23.571572875253807 0
      vertex 19.22658663883506 23.964954283965117 5
      vertex 19.22658663883506 23.964954283965117 0
    endloop
  endfacet
  facet normal -0.8968727415326871 -0.44228869021900374 0
    outer loop
      vertex 18.70448186995485 24.86926627053964 0
      vertex 18.935898384862245 24.4 0
      vertex 18.70448186995485 24.86926627053964 5
    endloop
  endfacet
  facet normal -0.5555702330196027 -0.831469612302545 0
    outer loop
      vertex 20.4 22.935898384862245 0
      vertex 20.4 22.935898384862245 5
      vertex 19.964954283965117 23.22658663883506 0
    endloop
  endfacet
  facet normal -0.44228869021900374 -0.8968727415326871 -1.3992979783748602e-18
    outer loop
      vertex 20.4 22.935898384862245 0
      vertex 20.86926627053964 22.70448186995485 0
      vertex 20.86926627053964 22.70448186995485 5
    endloop
  endfacet
  facet normal -0.321439465303163 -0.9469301294951054 -2.1689500245755682e-18
    outer loop
      vertex 20.86926627053964 22.70448186995485 0
      vertex 21.364723819589916 22.536296694843724 0
      vertex 21.364723819589916 22.536296694843724 5
    endloop
  endfacet
  facet normal -0.6593458151000641 -0.7518398074789816 -5.509108692692471e-19
    outer loop
      vertex 19.571572875253807 23.571572875253807 0
      vertex 19.964954283965117 23.22658663883506 0
      vertex 19.964954283965117 23.22658663883506 5
    endloop
  endfacet
  facet normal -0.19509032201612234 -0.9807852804032317 -3.746435271087371e-19
    outer loop
      vertex 21.364723819589916 22.536296694843724 0
      vertex 21.877895231119794 22.43422055450476 0
      vertex 21.877895231119794 22.43422055450476 5
    endloop
  endfacet
  facet normal -0.06540312923014606 -0.9978589232386034 4.592113171607335e-19
    outer loop
      vertex 21.877895231119794 22.43422055450476 0
      vertex 22.4 22.4 0
      vertex 22.4 22.4 5
    endloop
  endfacet
  facet normal 0.06540312923014606 -0.9978589232386034 -4.592113171607335e-19
    outer loop
      vertex 22.4 22.4 0
      vertex 22.922104768880203 22.43422055450476 0
      vertex 22.922104768880203 22.43422055450476 5
    endloop
  endfacet
  facet normal 0.19509032201612234 -0.9807852804032317 3.746435271087371e-19
    outer loop
      vertex 22.922104768880203 22.43422055450476 0
      vertex 23.43527618041008 22.536296694843724 0
      vertex 23.43527618041008 22.536296694843724 5
    endloop
  endfacet
  facet normal 0.321439465303163 -0.9469301294951054 2.1689500245755682e-18
    outer loop
      vertex 23.43527618041008 22.536296694843724 0
      vertex 23.930733729460357 22.70448186995485 0
      vertex 23.930733729460357 22.70448186995485 5
    endloop
  endfacet
  facet normal 0.44228869021900374 -0.8968727415326871 1.3992979783748602e-18
    outer loop
      vertex 23.930733729460357 22.70448186995485 0
      vertex 24.4 22.935898384862245 0
      vertex 24.4 22.935898384862245 5
    endloop
  endfacet
  facet normal 0.5555702330196027 -0.831469612302545 2.755190339555702e-18
    outer loop
      vertex 24.4 22.935898384862245 0
      vertex 24.83504571603488 23.22658663883506 0
      vertex 24.83504571603488 23.22658663883506 5
    endloop
  endfacet
  facet normal 0.6593458151000641 -0.7518398074789816 5.509108692692471e-19
    outer loop
      vertex 24.83504571603488 23.22658663883506 0
      vertex 25.22842712474619 23.571572875253807 0
      vertex 25.22842712474619 23.571572875253807 5
    endloop
  endfacet
  facet normal 0.7518398074789816 -0.6593458151000641 0
    outer loop
      vertex 25.22842712474619 23.571572875253807 0
      vertex 25.57341336116494 23.964954283965117 0
      vertex 25.22842712474619 23.571572875253807 5
    endloop
  endfacet
  facet normal 0.831469612302545 -0.5555702330196027 0
    outer loop
      vertex 25.57341336116494 23.964954283965117 0
      vertex 25.864101615137752 24.4 0
      vertex 25.57341336116494 23.964954283965117 5
    endloop
  endfacet
  facet normal 0.8968727415326871 -0.44228869021900374 0
    outer loop
      vertex 25.864101615137752 24.4 0
      vertex 26.095518130045146 24.86926627053964 0
      vertex 25.864101615137752 24.4 5
    endloop
  endfacet
  facet normal 0.9469301294951054 -0.321439465303163 0
    outer loop
      vertex 26.095518130045146 24.86926627053964 0
      vertex 26.263703305156273 25.364723819589916 0
      vertex 26.095518130045146 24.86926627053964 5
    endloop
  endfacet
  facet normal -0.9469301294951054 -0.321439465303163 0
    outer loop
      vertex 18.70448186995485 24.86926627053964 0
      vertex 18.70448186995485 24.86926627053964 5
      vertex 18.536296694843724 25.364723819589916 5
    endloop
  endfacet
  facet normal -0.831469612302545 -0.5555702330196027 0
    outer loop
      vertex 19.22658663883506 23.964954283965117 0
      vertex 19.22658663883506 23.964954283965117 5
      vertex 18.935898384862245 24.4 5
    endloop
  endfacet
  facet normal -0.7518398074789816 -0.6593458151000641 0
    outer loop
      vertex 19.571572875253807 23.571572875253807 0
      vertex 19.571572875253807 23.571572875253807 5
      vertex 19.22658663883506 23.964954283965117 5
    endloop
  endfacet
  facet normal -0.8968727415326871 -0.44228869021900374 0
    outer loop
      vertex 18.935898384862245 24.4 0
      vertex 18.935898384862245 24.4 5
      vertex 18.70448186995485 24.86926627053964 5
    endloop
  endfacet
  facet normal -0.44228869021900374 -0.8968727415326871 0
    outer loop
      vertex 20.4 22.935898384862245 0
      vertex 20.86926627053964 22.70448186995485 5
      vertex 20.4 22.935898384862245 5
    endloop
  endfacet
  facet normal -0.321439465303163 -0.9469301294951054 0
    outer loop
      vertex 20.86926627053964 22.70448186995485 0
      vertex 21.364723819589916 22.536296694843724 5
      vertex 20.86926627053964 22.70448186995485 5
    endloop
  endfacet
  facet normal -0.19509032201612234 -0.9807852804032317 0
    outer loop
      vertex 21.364723819589916 22.536296694843724 0
      vertex 21.877895231119794 22.43422055450476 5
      vertex 21.364723819589916 22.536296694843724 5
    endloop
  endfacet
  facet normal -0.6593458151000641 -0.7518398074789816 0
    outer loop
      vertex 19.571572875253807 23.571572875253807 0
      vertex 19.964954283965117 23.22658663883506 5
      vertex 19.571572875253807 23.571572875253807 5
    endloop
  endfacet
  facet normal -0.5555702330196027 -0.831469612302545 0
    outer loop
      vertex 19.964954283965117 23.22658663883506 0
      vertex 20.4 22.935898384862245 5
      vertex 19.964954283965117 23.22658663883506 5
    endloop
  endfacet
  facet normal -0.06540312923014606 -0.9978589232386034 0
    outer loop
      vertex 21.877895231119794 22.43422055450476 0
      vertex 22.4 22.4 5
      vertex 21.877895231119794 22.43422055450476 5
    endloop
  endfacet
  facet normal 0.06540312923014606 -0.9978589232386034 0
    outer loop
      vertex 22.4 22.4 0
      vertex 22.922104768880203 22.43422055450476 5
      vertex 22.4 22.4 5
    endloop
  endfacet
  facet normal 0.19509032201612234 -0.9807852804032317 0
    outer loop
      vertex 22.922104768880203 22.43422055450476 0
      vertex 23.43527618041008 22.536296694843724 5
      vertex 22.922104768880203 22.43422055450476 5
    endloop
  endfacet
  facet normal 0.321439465303163 -0.9469301294951054 0
    outer loop
      vertex 23.43527618041008 22.536296694843724 0
      vertex 23.930733729460357 22.70448186995485 5
      vertex 23.43527618041008 22.536296694843724 5
    endloop
  endfacet
  facet normal 0.44228869021900374 -0.8968727415326871 0
    outer loop
      vertex 23.930733729460357 22.70448186995485 0
      vertex 24.4 22.935898384862245 5
      vertex 23.930733729460357 22.70448186995485 5
    endloop
  endfacet
  facet normal 0.5555702330196027 -0.831469612302545 0
    outer loop
      vertex 24.4 22.935898384862245 0
      vertex 24.83504571603488 23.22658663883506 5
      vertex 24.4 22.935898384862245 5
    endloop
  endfacet
  facet normal 0.6593458151000641 -0.7518398074789816 0
    outer loop
      vertex 24.83504571603488 23.22658663883506 0
      vertex 25.22842712474619 23.571572875253807 5
      vertex 24.83504571603488 23.22658663883506 5
    endloop
  endfacet
  facet normal 0.7518398074789816 -0.6593458151000641 0
    outer loop
      vertex 25.57341336116494 23.964954283965117 0
      vertex 25.57341336116494 23.964954283965117 5
      vertex 25.22842712474619 23.571572875253807 5
    endloop
  endfacet
  facet normal 0.831469612302545 -0.5555702330196027 0
    outer loop
      vertex 25.864101615137752 24.4 0
      vertex 25.864101615137752 24.4 5
      vertex 25.57341336116494 23.964954283965117 5
    endloop
  endfacet
  facet normal 0.8968727415326871 -0.44228869021900374 0
    outer loop
      vertex 26.095518130045146 24.86926627053964 0
      vertex 26.095518130045146 24.86926627053964 5
      vertex 25.864101615137752 24.4 5
    endloop
  endfacet
  facet normal 0.9469301294951054 -0.321439465303163 0
    outer loop
      vertex 26.263703305156273 25.364723819589916 0
      vertex 26.263703305156273 25.364723819589916 5
      vertex 26.095518130045146 24.86926627053964 5
    endloop
  endfacet
  facet normal -0.9807852804032317 -0.19509032201612234 -3.746435271087371e-19
    outer loop
      vertex 18.536296694843724 25.364723819589916 0
      vertex 18.43422055450476 25.877895231119794 5
      vertex 18.43422055450476 25.877895231119794 0
    endloop
  endfacet
  facet normal -0.9978589232386034 -0.06540312923014606 4.592113171607335e-19
    outer loop
      vertex 18.43422055450476 25.877895231119794 0
      vertex 18.4 26.4 5
      vertex 18.4 26.4 0
    endloop
  endfacet
  facet normal -0.9978589232386034 0.06540312923014606 -4.592113171607335e-19
    outer loop
      vertex 18.4 26.4 0
      vertex 18.43422055450476 26.922104768880203 5
      vertex 18.43422055450476 26.922104768880203 0
    endloop
  endfacet
  facet normal -0.9807852804032317 0.19509032201612234 3.746435271087371e-19
    outer loop
      vertex 18.43422055450476 26.922104768880203 0
      vertex 18.536296694843724 27.43527618041008 5
      vertex 18.536296694843724 27.43527618041008 0
    endloop
  endfacet
  facet normal -0.9469301294951054 0.321439465303163 2.1689500245755682e-18
    outer loop
      vertex 18.536296694843724 27.43527618041008 0
      vertex 18.70448186995485 27.930733729460357 5
      vertex 18.70448186995485 27.930733729460357 0
    endloop
  endfacet
  facet normal -0.8968727415326871 0.44228869021900374 1.3992979783748602e-18
    outer loop
      vertex 18.70448186995485 27.930733729460357 0
      vertex 18.935898384862245 28.4 5
      vertex 18.935898384862245 28.4 0
    endloop
  endfacet
  facet normal -0.831469612302545 0.5555702330196027 2.755190339555702e-18
    outer loop
      vertex 18.935898384862245 28.4 0
      vertex 19.22658663883506 28.83504571603488 5
      vertex 19.22658663883506 28.83504571603488 0
    endloop
  endfacet
  facet normal -0.7518398074789816 0.6593458151000641 5.509108692692471e-19
    outer loop
      vertex 19.22658663883506 28.83504571603488 0
      vertex 19.571572875253807 29.22842712474619 5
      vertex 19.571572875253807 29.22842712474619 0
    endloop
  endfacet
  facet normal -0.6593458151000641 0.7518398074789816 0
    outer loop
      vertex 19.571572875253807 29.22842712474619 0
      vertex 19.571572875253807 29.22842712474619 5
      vertex 19.964954283965117 29.57341336116494 0
    endloop
  endfacet
  facet normal -0.5555702330196027 0.831469612302545 0
    outer loop
      vertex 19.964954283965117 29.57341336116494 0
      vertex 19.964954283965117 29.57341336116494 5
      vertex 20.4 29.864101615137752 0
    endloop
  endfacet
  facet normal -0.44228869021900374 0.8968727415326871 0
    outer loop
      vertex 20.4 29.864101615137752 0
      vertex 20.4 29.864101615137752 5
      vertex 20.86926627053964 30.095518130045146 0
    endloop
  endfacet
  facet normal -0.321439465303163 0.9469301294951054 0
    outer loop
      vertex 20.86926627053964 30.095518130045146 0
      vertex 20.86926627053964 30.095518130045146 5
      vertex 21.364723819589916 30.263703305156273 0
    endloop
  endfacet
  facet normal -0.19509032201612234 0.9807852804032317 0
    outer loop
      vertex 21.364723819589916 30.263703305156273 0
      vertex 21.364723819589916 30.263703305156273 5
      vertex 21.877895231119794 30.36577944549524 0
    endloop
  endfacet
  facet normal 0.321439465303163 0.9469301294951054 -2.1689500245755682e-18
    outer loop
      vertex 23.930733729460357 30.095518130045146 0
      vertex 23.43527618041008 30.263703305156273 0
      vertex 23.43527618041008 30.263703305156273 5
    endloop
  endfacet
  facet normal 0.44228869021900374 0.8968727415326871 0
    outer loop
      vertex 23.930733729460357 30.095518130045146 0
      vertex 23.930733729460357 30.095518130045146 5
      vertex 24.4 29.864101615137752 0
    endloop
  endfacet
  facet normal 0.5555702330196027 0.831469612302545 0
    outer loop
      vertex 24.4 29.864101615137752 0
      vertex 24.4 29.864101615137752 5
      vertex 24.83504571603488 29.57341336116494 0
    endloop
  endfacet
  facet normal 0.7518398074789816 0.6593458151000641 0
    outer loop
      vertex 25.57341336116494 28.83504571603488 0
      vertex 25.22842712474619 29.22842712474619 0
      vertex 25.57341336116494 28.83504571603488 5
    endloop
  endfacet
  facet normal 0.6593458151000641 0.7518398074789816 0
    outer loop
      vertex 24.83504571603488 29.57341336116494 0
      vertex 24.83504571603488 29.57341336116494 5
      vertex 25.22842712474619 29.22842712474619 0
    endloop
  endfacet
  facet normal -0.06540312923014606 0.9978589232386034 0
    outer loop
      vertex 21.877895231119794 30.36577944549524 0
      vertex 21.877895231119794 30.36577944549524 5
      vertex 22.4 30.4 0
    endloop
  endfacet
  facet normal 0.06540312923014606 0.9978589232386034 0
    outer loop
      vertex 22.4 30.4 0
      vertex 22.4 30.4 5
      vertex 22.922104768880203 30.36577944549524 0
    endloop
  endfacet
  facet normal 0.19509032201612234 0.9807852804032317 0
    outer loop
      vertex 22.922104768880203 30.36577944549524 0
      vertex 22.922104768880203 30.36577944549524 5
      vertex 23.43527618041008 30.263703305156273 0
    endloop
  endfacet
  facet normal 0.9807852804032317 -0.19509032201612234 0
    outer loop
      vertex 26.263703305156273 25.364723819589916 0
      vertex 26.36577944549524 25.877895231119794 0
      vertex 26.263703305156273 25.364723819589916 5
    endloop
  endfacet
  facet normal 0.9978589232386034 -0.06540312923014606 0
    outer loop
      vertex 26.36577944549524 25.877895231119794 0
      vertex 26.4 26.4 0
      vertex 26.36577944549524 25.877895231119794 5
    endloop
  endfacet
  facet normal 0.9978589232386034 0.06540312923014606 0
    outer loop
      vertex 26.4 26.4 0
      vertex 26.36577944549524 26.922104768880203 0
      vertex 26.4 26.4 5
    endloop
  endfacet
  facet normal 0.9469301294951054 0.321439465303163 0
    outer loop
      vertex 26.263703305156273 27.43527618041008 0
      vertex 26.095518130045146 27.930733729460357 0
      vertex 26.263703305156273 27.43527618041008 5
    endloop
  endfacet
  facet normal 0.9807852804032317 0.19509032201612234 0
    outer loop
      vertex 26.36577944549524 26.922104768880203 0
      vertex 26.263703305156273 27.43527618041008 0
      vertex 26.36577944549524 26.922104768880203 5
    endloop
  endfacet
  facet normal 0.8968727415326871 0.44228869021900374 -1.3992979783748602e-18
    outer loop
      vertex 25.864101615137752 28.4 0
      vertex 26.095518130045146 27.930733729460357 5
      vertex 26.095518130045146 27.930733729460357 0
    endloop
  endfacet
  facet normal 0.831469612302545 0.5555702330196027 -2.755190339555702e-18
    outer loop
      vertex 25.57341336116494 28.83504571603488 0
      vertex 25.864101615137752 28.4 5
      vertex 25.864101615137752 28.4 0
    endloop
  endfacet
  facet normal -0.9807852804032317 -0.19509032201612234 0
    outer loop
      vertex 18.536296694843724 25.364723819589916 0
      vertex 18.536296694843724 25.364723819589916 5
      vertex 18.43422055450476 25.877895231119794 5
    endloop
  endfacet
  facet normal -0.9978589232386034 -0.06540312923014606 0
    outer loop
      vertex 18.43422055450476 25.877895231119794 0
      vertex 18.43422055450476 25.877895231119794 5
      vertex 18.4 26.4 5
    endloop
  endfacet
  facet normal -0.9978589232386034 0.06540312923014606 0
    outer loop
      vertex 18.4 26.4 0
      vertex 18.4 26.4 5
      vertex 18.43422055450476 26.922104768880203 5
    endloop
  endfacet
  facet normal -0.9807852804032317 0.19509032201612234 0
    outer loop
      vertex 18.43422055450476 26.922104768880203 0
      vertex 18.43422055450476 26.922104768880203 5
      vertex 18.536296694843724 27.43527618041008 5
    endloop
  endfacet
  facet normal -0.9469301294951054 0.321439465303163 0
    outer loop
      vertex 18.536296694843724 27.43527618041008 0
      vertex 18.536296694843724 27.43527618041008 5
      vertex 18.70448186995485 27.930733729460357 5
    endloop
  endfacet
  facet normal -0.8968727415326871 0.44228869021900374 0
    outer loop
      vertex 18.70448186995485 27.930733729460357 0
      vertex 18.70448186995485 27.930733729460357 5
      vertex 18.935898384862245 28.4 5
    endloop
  endfacet
  facet normal -0.831469612302545 0.5555702330196027 0
    outer loop
      vertex 18.935898384862245 28.4 0
      vertex 18.935898384862245 28.4 5
      vertex 19.22658663883506 28.83504571603488 5
    endloop
  endfacet
  facet normal -0.7518398074789816 0.6593458151000641 0
    outer loop
      vertex 19.22658663883506 28.83504571603488 0
      vertex 19.22658663883506 28.83504571603488 5
      vertex 19.571572875253807 29.22842712474619 5
    endloop
  endfacet
  facet normal -0.6593458151000641 0.7518398074789816 0
    outer loop
      vertex 19.964954283965117 29.57341336116494 0
      vertex 19.571572875253807 29.22842712474619 5
      vertex 19.964954283965117 29.57341336116494 5
    endloop
  endfacet
  facet normal -0.5555702330196027 0.831469612302545 0
    outer loop
      vertex 20.4 29.864101615137752 0
      vertex 19.964954283965117 29.57341336116494 5
      vertex 20.4 29.864101615137752 5
    endloop
  endfacet
  facet normal -0.44228869021900374 0.8968727415326871 0
    outer loop
      vertex 20.86926627053964 30.095518130045146 0
      vertex 20.4 29.864101615137752 5
      vertex 20.86926627053964 30.095518130045146 5
    endloop
  endfacet
  facet normal -0.321439465303163 0.9469301294951054 0
    outer loop
      vertex 21.364723819589916 30.263703305156273 0
      vertex 20.86926627053964 30.095518130045146 5
      vertex 21.364723819589916 30.263703305156273 5
    endloop
  endfacet
  facet normal 0.321439465303163 0.9469301294951054 0
    outer loop
      vertex 23.930733729460357 30.095518130045146 0
      vertex 23.43527618041008 30.263703305156273 5
      vertex 23.930733729460357 30.095518130045146 5
    endloop
  endfacet
  facet normal 0.44228869021900374 0.8968727415326871 0
    outer loop
      vertex 24.4 29.864101615137752 0
      vertex 23.930733729460357 30.095518130045146 5
      vertex 24.4 29.864101615137752 5
    endloop
  endfacet
  facet normal 0.5555702330196027 0.831469612302545 0
    outer loop
      vertex 24.83504571603488 29.57341336116494 0
      vertex 24.4 29.864101615137752 5
      vertex 24.83504571603488 29.57341336116494 5
    endloop
  endfacet
  facet normal 0.831469612302545 0.5555702330196027 0
    outer loop
      vertex 25.57341336116494 28.83504571603488 0
      vertex 25.57341336116494 28.83504571603488 5
      vertex 25.864101615137752 28.4 5
    endloop
  endfacet
  facet normal 0.6593458151000641 0.7518398074789816 0
    outer loop
      vertex 25.22842712474619 29.22842712474619 0
      vertex 24.83504571603488 29.57341336116494 5
      vertex 25.22842712474619 29.22842712474619 5
    endloop
  endfacet
  facet normal 0.7518398074789816 0.6593458151000641 0
    outer loop
      vertex 25.22842712474619 29.22842712474619 0
      vertex 25.22842712474619 29.22842712474619 5
      vertex 25.57341336116494 28.83504571603488 5
    endloop
  endfacet
  facet normal -0.19509032201612234 0.9807852804032317 0
    outer loop
      vertex 21.877895231119794 30.36577944549524 0
      vertex 21.364723819589916 30.263703305156273 5
      vertex 21.877895231119794 30.36577944549524 5
    endloop
  endfacet
  facet normal -0.06540312923014606 0.9978589232386034 0
    outer loop
      vertex 22.4 30.4 0
      vertex 21.877895231119794 30.36577944549524 5
      vertex 22.4 30.4 5
    endloop
  endfacet
  facet normal 0.06540312923014606 0.9978589232386034 0
    outer loop
      vertex 22.922104768880203 30.36577944549524 0
      vertex 22.4 30.4 5
      vertex 22.922104768880203 30.36577944549524 5
    endloop
  endfacet
  facet normal 0.19509032201612234 0.9807852804032317 0
    outer loop
      vertex 23.43527618041008 30.263703305156273 0
      vertex 22.922104768880203 30.36577944549524 5
      vertex 23.43527618041008 30.263703305156273 5
    endloop
  endfacet
  facet normal 0.9807852804032317 -0.19509032201612234 3.746435271087371e-19
    outer loop
      vertex 26.263703305156273 25.364723819589916 5
      vertex 26.36577944549524 25.877895231119794 0
      vertex 26.36577944549524 25.877895231119794 5
    endloop
  endfacet
  facet normal 0.9978589232386034 -0.06540312923014606 0
    outer loop
      vertex 26.4 26.4 0
      vertex 26.4 26.4 5
      vertex 26.36577944549524 25.877895231119794 5
    endloop
  endfacet
  facet normal 0.9469301294951054 0.321439465303163 0
    outer loop
      vertex 26.095518130045146 27.930733729460357 0
      vertex 26.095518130045146 27.930733729460357 5
      vertex 26.263703305156273 27.43527618041008 5
    endloop
  endfacet
  facet normal 0.9978589232386034 0.06540312923014606 0
    outer loop
      vertex 26.36577944549524 26.922104768880203 0
      vertex 26.36577944549524 26.922104768880203 5
      vertex 26.4 26.4 5
    endloop
  endfacet
  facet normal 0.9807852804032317 0.19509032201612234 0
    outer loop
      vertex 26.263703305156273 27.43527618041008 0
      vertex 26.263703305156273 27.43527618041008 5
      vertex 26.36577944549524 26.922104768880203 5
    endloop
  endfacet
  facet normal 0.8968727415326871 0.44228869021900374 0
    outer loop
      vertex 25.864101615137752 28.4 0
      vertex 25.864101615137752 28.4 5
      vertex 26.095518130045146 27.930733729460357 5
    endloop
  endfacet
  facet normal 0 0 1
    outer loop
      vertex 19.571572875253807 23.571572875253807 5
      vertex 19.22658663883506 28.83504571603488 5
      vertex 19.22658663883506 23.964954283965117 5
    endloop
  endfacet
  facet normal 0 0 1
    outer loop
      vertex 20.4 22.935898384862245 5
      vertex 20.86926627053964 22.70448186995485 5
      vertex 20.66794919243112 25.4 5
    endloop
  endfacet
  facet normal 0 0 1
    outer loop
      vertex 19.571572875253807 23.571572875253807 5
      vertex 19.964954283965117 23.22658663883506 5
      vertex 19.571572875253807 29.22842712474619 5
    endloop
  endfacet
  facet normal 0 0 1
    outer loop
      vertex 20.4 22.935898384862245 5
      vertex 19.964954283965117 29.57341336116494 5
      vertex 19.964954283965117 23.22658663883506 5
    endloop
  endfacet
  facet normal 0 0 1
    outer loop
      vertex 20.4 22.935898384862245 5
      vertex 20.66794919243112 25.4 5
      vertex 20.552240934977426 25.63463313526982 5
    endloop
  endfacet
  facet normal 0 0 1
    outer loop
      vertex 20.4 22.935898384862245 5
      vertex 20.552240934977426 25.63463313526982 5
      vertex 20.468148347421863 25.88236190979496 5
    endloop
  endfacet
  facet normal 0 0 1
    outer loop
      vertex 20.4 22.935898384862245 5
      vertex 20.417110277252377 26.138947615559896 5
      vertex 20.4 26.4 5
    endloop
  endfacet
  facet normal 0 0 1
    outer loop
      vertex 20.4 22.935898384862245 5
      vertex 20.468148347421863 25.88236190979496 5
      vertex 20.417110277252377 26.138947615559896 5
    endloop
  endfacet
  facet normal 0 0 1
    outer loop
      vertex 20.86926627053964 22.70448186995485 5
      vertex 21.364723819589916 22.536296694843724 5
      vertex 21.182477141982556 24.81329331941753 5
    endloop
  endfacet
  facet normal 0 0 1
    outer loop
      vertex 20.86926627053964 22.70448186995485 5
      vertex 20.985786437626903 24.985786437626903 5
      vertex 20.81329331941753 25.182477141982556 5
    endloop
  endfacet
  facet normal 0 0 1
    outer loop
      vertex 20.86926627053964 22.70448186995485 5
      vertex 21.182477141982556 24.81329331941753 5
      vertex 20.985786437626903 24.985786437626903 5
    endloop
  endfacet
  facet normal 0 0 1
    outer loop
      vertex 21.364723819589916 22.536296694843724 5
      vertex 21.877895231119794 22.43422055450476 5
      vertex 21.63463313526982 24.552240934977426 5
    endloop
  endfacet
  facet normal 0 0 1
    outer loop
      vertex 21.364723819589916 22.536296694843724 5
      vertex 21.4 24.66794919243112 5
      vertex 21.182477141982556 24.81329331941753 5
    endloop
  endfacet
  facet normal 0 0 1
    outer loop
      vertex 21.364723819589916 22.536296694843724 5
      vertex 21.63463313526982 24.552240934977426 5
      vertex 21.4 24.66794919243112 5
    endloop
  endfacet
  facet normal 0 0 1
    outer loop
      vertex 20.86926627053964 22.70448186995485 5
      vertex 20.81329331941753 25.182477141982556 5
      vertex 20.66794919243112 25.4 5
    endloop
  endfacet
  facet normal 0 0 1
    outer loop
      vertex 21.877895231119794 22.43422055450476 5
      vertex 22.4 22.4 5
      vertex 22.138947615559896 24.417110277252377 5
    endloop
  endfacet
  facet normal 0 0 1
    outer loop
      vertex 22.4 22.4 5
      vertex 22.922104768880203 22.43422055450476 5
      vertex 22.6610523844401 24.417110277252377 5
    endloop
  endfacet
  facet normal 0 0 1
    outer loop
      vertex 21.63463313526982 24.552240934977426 5
      vertex 21.877895231119794 22.43422055450476 5
      vertex 21.88236190979496 24.468148347421863 5
    endloop
  endfacet
  facet normal 0 0 1
    outer loop
      vertex 21.877895231119794 22.43422055450476 5
      vertex 22.138947615559896 24.417110277252377 5
      vertex 21.88236190979496 24.468148347421863 5
    endloop
  endfacet
  facet normal 0 0 1
    outer loop
      vertex 22.4 22.4 5
      vertex 22.4 24.4 5
      vertex 22.138947615559896 24.417110277252377 5
    endloop
  endfacet
  facet normal 0 0 1
    outer loop
      vertex 22.4 22.4 5
      vertex 22.6610523844401 24.417110277252377 5
      vertex 22.4 24.4 5
    endloop
  endfacet
  facet normal 0 0 1
    outer loop
      vertex 22.922104768880203 22.43422055450476 5
      vertex 23.43527618041008 22.536296694843724 5
      vertex 22.91763809020504 24.468148347421863 5
    endloop
  endfacet
  facet normal 0 0 1
    outer loop
      vertex 22.922104768880203 22.43422055450476 5
      vertex 22.91763809020504 24.468148347421863 5
      vertex 22.6610523844401 24.417110277252377 5
    endloop
  endfacet
  facet normal 0 0 1
    outer loop
      vertex 23.43527618041008 22.536296694843724 5
      vertex 23.165366864730178 24.552240934977426 5
      vertex 22.91763809020504 24.468148347421863 5
    endloop
  endfacet
  facet normal 0 0 1
    outer loop
      vertex 23.43527618041008 22.536296694843724 5
      vertex 23.930733729460357 22.70448186995485 5
      vertex 23.4 24.66794919243112 5
    endloop
  endfacet
  facet normal 0 0 1
    outer loop
      vertex 23.43527618041008 22.536296694843724 5
      vertex 23.4 24.66794919243112 5
      vertex 23.165366864730178 24.552240934977426 5
    endloop
  endfacet
  facet normal 0 0 1
    outer loop
      vertex 23.4 24.66794919243112 5
      vertex 23.930733729460357 22.70448186995485 5
      vertex 23.61752285801744 24.81329331941753 5
    endloop
  endfacet
  facet normal 0 0 1
    outer loop
      vertex 23.930733729460357 22.70448186995485 5
      vertex 24.4 22.935898384862245 5
      vertex 23.814213562373094 24.985786437626903 5
    endloop
  endfacet
  facet normal 0 0 1
    outer loop
      vertex 23.61752285801744 24.81329331941753 5
      vertex 23.930733729460357 22.70448186995485 5
      vertex 23.814213562373094 24.985786437626903 5
    endloop
  endfacet
  facet normal 0 0 1
    outer loop
      vertex 24.4 22.935898384862245 5
      vertex 24.83504571603488 23.22658663883506 5
      vertex 24.4 26.4 5
    endloop
  endfacet
  facet normal 0 0 1
    outer loop
      vertex 24.4 22.935898384862245 5
      vertex 23.98670668058247 25.182477141982556 5
      vertex 23.814213562373094 24.985786437626903 5
    endloop
  endfacet
  facet normal 0 0 1
    outer loop
      vertex 24.4 22.935898384862245 5
      vertex 24.132050807568877 25.4 5
      vertex 23.98670668058247 25.182477141982556 5
    endloop
  endfacet
  facet normal 0 0 1
    outer loop
      vertex 24.4 22.935898384862245 5
      vertex 24.24775906502257 25.63463313526982 5
      vertex 24.132050807568877 25.4 5
    endloop
  endfacet
  facet normal 0 0 1
    outer loop
      vertex 24.4 22.935898384862245 5
      vertex 24.331851652578134 25.88236190979496 5
      vertex 24.24775906502257 25.63463313526982 5
    endloop
  endfacet
  facet normal 0 0 1
    outer loop
      vertex 24.4 22.935898384862245 5
      vertex 24.38288972274762 26.138947615559896 5
      vertex 24.331851652578134 25.88236190979496 5
    endloop
  endfacet
  facet normal 0 0 1
    outer loop
      vertex 24.4 22.935898384862245 5
      vertex 24.4 26.4 5
      vertex 24.38288972274762 26.138947615559896 5
    endloop
  endfacet
  facet normal 0 0 1
    outer loop
      vertex 24.83504571603488 23.22658663883506 5
      vertex 25.22842712474619 23.571572875253807 5
      vertex 24.83504571603488 29.57341336116494 5
    endloop
  endfacet
  facet normal 0 0 1
    outer loop
      vertex 18.536296694843724 25.364723819589916 5
      vertex 18.43422055450476 26.922104768880203 5
      vertex 18.43422055450476 25.877895231119794 5
    endloop
  endfacet
  facet normal 0 0 1
    outer loop
      vertex 18.536296694843724 25.364723819589916 5
      vertex 18.70448186995485 24.86926627053964 5
      vertex 18.536296694843724 27.43527618041008 5
    endloop
  endfacet
  facet normal 0 0 1
    outer loop
      vertex 18.43422055450476 25.877895231119794 5
      vertex 18.43422055450476 26.922104768880203 5
      vertex 18.4 26.4 5
    endloop
  endfacet
  facet normal 0 0 1
    outer loop
      vertex 18.536296694843724 25.364723819589916 5
      vertex 18.536296694843724 27.43527618041008 5
      vertex 18.43422055450476 26.922104768880203 5
    endloop
  endfacet
  facet normal 0 0 1
    outer loop
      vertex 18.70448186995485 24.86926627053964 5
      vertex 18.70448186995485 27.930733729460357 5
      vertex 18.536296694843724 27.43527618041008 5
    endloop
  endfacet
  facet normal 0 0 1
    outer loop
      vertex 18.70448186995485 24.86926627053964 5
      vertex 18.935898384862245 24.4 5
      vertex 18.70448186995485 27.930733729460357 5
    endloop
  endfacet
  facet normal 0 0 1
    outer loop
      vertex 19.22658663883506 23.964954283965117 5
      vertex 18.935898384862245 28.4 5
      vertex 18.935898384862245 24.4 5
    endloop
  endfacet
  facet normal 0 0 1
    outer loop
      vertex 18.935898384862245 24.4 5
      vertex 18.935898384862245 28.4 5
      vertex 18.70448186995485 27.930733729460357 5
    endloop
  endfacet
  facet normal 0 0 1
    outer loop
      vertex 19.22658663883506 23.964954283965117 5
      vertex 19.22658663883506 28.83504571603488 5
      vertex 18.935898384862245 28.4 5
    endloop
  endfacet
  facet normal 0 0 1
    outer loop
      vertex 19.571572875253807 23.571572875253807 5
      vertex 19.571572875253807 29.22842712474619 5
      vertex 19.22658663883506 28.83504571603488 5
    endloop
  endfacet
  facet normal 0 0 1
    outer loop
      vertex 20.4 22.935898384862245 5
      vertex 20.4 26.4 5
      vertex 19.964954283965117 29.57341336116494 5
    endloop
  endfacet
  facet normal 0 0 1
    outer loop
      vertex 19.964954283965117 23.22658663883506 5
      vertex 19.964954283965117 29.57341336116494 5
      vertex 19.571572875253807 29.22842712474619 5
    endloop
  endfacet
  facet normal 0 0 1
    outer loop
      vertex 20.4 26.4 5
      vertex 20.417110277252377 26.6610523844401 5
      vertex 20.4 29.864101615137752 5
    endloop
  endfacet
  facet normal 0 0 1
    outer loop
      vertex 20.417110277252377 26.6610523844401 5
      vertex 20.468148347421863 26.91763809020504 5
      vertex 20.4 29.864101615137752 5
    endloop
  endfacet
  facet normal 0 0 1
    outer loop
      vertex 20.468148347421863 26.91763809020504 5
      vertex 20.552240934977426 27.165366864730178 5
      vertex 20.4 29.864101615137752 5
    endloop
  endfacet
  facet normal 0 0 1
    outer loop
      vertex 20.552240934977426 27.165366864730178 5
      vertex 20.66794919243112 27.4 5
      vertex 20.4 29.864101615137752 5
    endloop
  endfacet
  facet normal 0 0 1
    outer loop
      vertex 20.66794919243112 27.4 5
      vertex 20.81329331941753 27.61752285801744 5
      vertex 20.4 29.864101615137752 5
    endloop
  endfacet
  facet normal 0 0 1
    outer loop
      vertex 20.4 26.4 5
      vertex 20.4 29.864101615137752 5
      vertex 19.964954283965117 29.57341336116494 5
    endloop
  endfacet
  facet normal 0 0 1
    outer loop
      vertex 20.81329331941753 27.61752285801744 5
      vertex 20.985786437626903 27.814213562373094 5
      vertex 20.4 29.864101615137752 5
    endloop
  endfacet
  facet normal 0 0 1
    outer loop
      vertex 20.985786437626903 27.814213562373094 5
      vertex 21.182477141982556 27.98670668058247 5
      vertex 20.86926627053964 30.095518130045146 5
    endloop
  endfacet
  facet normal 0 0 1
    outer loop
      vertex 21.182477141982556 27.98670668058247 5
      vertex 21.4 28.132050807568877 5
      vertex 20.86926627053964 30.095518130045146 5
    endloop
  endfacet
  facet normal 0 0 1
    outer loop
      vertex 21.4 28.132050807568877 5
      vertex 21.63463313526982 28.24775906502257 5
      vertex 21.364723819589916 30.263703305156273 5
    endloop
  endfacet
  facet normal 0 0 1
    outer loop
      vertex 21.63463313526982 28.24775906502257 5
      vertex 21.88236190979496 28.331851652578134 5
      vertex 21.364723819589916 30.263703305156273 5
    endloop
  endfacet
  facet normal 0 0 1
    outer loop
      vertex 20.985786437626903 27.814213562373094 5
      vertex 20.86926627053964 30.095518130045146 5
      vertex 20.4 29.864101615137752 5
    endloop
  endfacet
  facet normal 0 0 1
    outer loop
      vertex 21.4 28.132050807568877 5
      vertex 21.364723819589916 30.263703305156273 5
      vertex 20.86926627053964 30.095518130045146 5
    endloop
  endfacet
  facet normal 0 0 1
    outer loop
      vertex 21.88236190979496 28.331851652578134 5
      vertex 22.138947615559896 28.38288972274762 5
      vertex 21.877895231119794 30.36577944549524 5
    endloop
  endfacet
  facet normal 0 0 1
    outer loop
      vertex 22.138947615559896 28.38288972274762 5
      vertex 22.4 28.4 5
      vertex 22.4 30.4 5
    endloop
  endfacet
  facet normal 0 0 1
    outer loop
      vertex 22.4 28.4 5
      vertex 22.6610523844401 28.38288972274762 5
      vertex 22.4 30.4 5
    endloop
  endfacet
  facet normal 0 0 1
    outer loop
      vertex 21.364723819589916 30.263703305156273 5
      vertex 21.88236190979496 28.331851652578134 5
      vertex 21.877895231119794 30.36577944549524 5
    endloop
  endfacet
  facet normal 0 0 1
    outer loop
      vertex 22.138947615559896 28.38288972274762 5
      vertex 22.4 30.4 5
      vertex 21.877895231119794 30.36577944549524 5
    endloop
  endfacet
  facet normal 0 0 1
    outer loop
      vertex 22.6610523844401 28.38288972274762 5
      vertex 22.922104768880203 30.36577944549524 5
      vertex 22.4 30.4 5
    endloop
  endfacet
  facet normal 0 0 1
    outer loop
      vertex 22.6610523844401 28.38288972274762 5
      vertex 22.91763809020504 28.331851652578134 5
      vertex 22.922104768880203 30.36577944549524 5
    endloop
  endfacet
  facet normal 0 0 1
    outer loop
      vertex 22.91763809020504 28.331851652578134 5
      vertex 23.165366864730178 28.24775906502257 5
      vertex 22.922104768880203 30.36577944549524 5
    endloop
  endfacet
  facet normal 0 0 1
    outer loop
      vertex 23.165366864730178 28.24775906502257 5
      vertex 23.4 28.132050807568877 5
      vertex 23.43527618041008 30.263703305156273 5
    endloop
  endfacet
  facet normal 0 0 1
    outer loop
      vertex 23.4 28.132050807568877 5
      vertex 23.61752285801744 27.98670668058247 5
      vertex 23.43527618041008 30.263703305156273 5
    endloop
  endfacet
  facet normal 0 0 1
    outer loop
      vertex 23.165366864730178 28.24775906502257 5
      vertex 23.43527618041008 30.263703305156273 5
      vertex 22.922104768880203 30.36577944549524 5
    endloop
  endfacet
  facet normal 0 0 1
    outer loop
      vertex 23.61752285801744 27.98670668058247 5
      vertex 23.930733729460357 30.095518130045146 5
      vertex 23.43527618041008 30.263703305156273 5
    endloop
  endfacet
  facet normal 0 0 1
    outer loop
      vertex 24.83504571603488 23.22658663883506 5
      vertex 24.4 29.864101615137752 5
      vertex 24.4 26.4 5
    endloop
  endfacet
  facet normal 0 0 1
    outer loop
      vertex 24.4 26.4 5
      vertex 24.4 29.864101615137752 5
      vertex 24.38288972274762 26.6610523844401 5
    endloop
  endfacet
  facet normal 0 0 1
    outer loop
      vertex 24.38288972274762 26.6610523844401 5
      vertex 24.4 29.864101615137752 5
      vertex 24.331851652578134 26.91763809020504 5
    endloop
  endfacet
  facet normal 0 0 1
    outer loop
      vertex 24.83504571603488 23.22658663883506 5
      vertex 24.83504571603488 29.57341336116494 5
      vertex 24.4 29.864101615137752 5
    endloop
  endfacet
  facet normal 0 0 1
    outer loop
      vertex 25.22842712474619 23.571572875253807 5
      vertex 25.57341336116494 23.964954283965117 5
      vertex 25.22842712474619 29.22842712474619 5
    endloop
  endfacet
  facet normal 0 0 1
    outer loop
      vertex 25.57341336116494 23.964954283965117 5
      vertex 25.864101615137752 24.4 5
      vertex 25.57341336116494 28.83504571603488 5
    endloop
  endfacet
  facet normal 0 0 1
    outer loop
      vertex 25.22842712474619 23.571572875253807 5
      vertex 25.22842712474619 29.22842712474619 5
      vertex 24.83504571603488 29.57341336116494 5
    endloop
  endfacet
  facet normal 0 0 1
    outer loop
      vertex 25.57341336116494 23.964954283965117 5
      vertex 25.57341336116494 28.83504571603488 5
      vertex 25.22842712474619 29.22842712474619 5
    endloop
  endfacet
  facet normal 0 0 1
    outer loop
      vertex 24.132050807568877 27.4 5
      vertex 23.930733729460357 30.095518130045146 5
      vertex 23.98670668058247 27.61752285801744 5
    endloop
  endfacet
  facet normal 0 0 1
    outer loop
      vertex 23.61752285801744 27.98670668058247 5
      vertex 23.814213562373094 27.814213562373094 5
      vertex 23.930733729460357 30.095518130045146 5
    endloop
  endfacet
  facet normal 0 0 1
    outer loop
      vertex 23.814213562373094 27.814213562373094 5
      vertex 23.98670668058247 27.61752285801744 5
      vertex 23.930733729460357 30.095518130045146 5
    endloop
  endfacet
  facet normal 0 0 1
    outer loop
      vertex 24.331851652578134 26.91763809020504 5
      vertex 24.4 29.864101615137752 5
      vertex 24.24775906502257 27.165366864730178 5
    endloop
  endfacet
  facet normal 0 0 1
    outer loop
      vertex 24.132050807568877 27.4 5
      vertex 24.24775906502257 27.165366864730178 5
      vertex 24.4 29.864101615137752 5
    endloop
  endfacet
  facet normal 0 0 1
    outer loop
      vertex 24.132050807568877 27.4 5
      vertex 24.4 29.864101615137752 5
      vertex 23.930733729460357 30.095518130045146 5
    endloop
  endfacet
  facet normal 0 0 1
    outer loop
      vertex 25.864101615137752 24.4 5
      vertex 26.095518130045146 24.86926627053964 5
      vertex 25.864101615137752 28.4 5
    endloop
  endfacet
  facet normal 0 0 1
    outer loop
      vertex 26.095518130045146 24.86926627053964 5
      vertex 26.263703305156273 25.364723819589916 5
      vertex 26.095518130045146 27.930733729460357 5
    endloop
  endfacet
  facet normal 0 0 1
    outer loop
      vertex 26.263703305156273 25.364723819589916 5
      vertex 26.36577944549524 25.877895231119794 5
      vertex 26.263703305156273 27.43527618041008 5
    endloop
  endfacet
  facet normal 0 0 1
    outer loop
      vertex 26.36577944549524 25.877895231119794 5
      vertex 26.4 26.4 5
      vertex 26.36577944549524 26.922104768880203 5
    endloop
  endfacet
  facet normal 0 0 1
    outer loop
      vertex 25.864101615137752 24.4 5
      vertex 25.864101615137752 28.4 5
      vertex 25.57341336116494 28.83504571603488 5
    endloop
  endfacet
  facet normal 0 0 1
    outer loop
      vertex 26.263703305156273 25.364723819589916 5
      vertex 26.263703305156273 27.43527618041008 5
      vertex 26.095518130045146 27.930733729460357 5
    endloop
  endfacet
  facet normal 0 0 1
    outer loop
      vertex 26.095518130045146 24.86926627053964 5
      vertex 26.095518130045146 27.930733729460357 5
      vertex 25.864101615137752 28.4 5
    endloop
  endfacet
  facet normal 0 0 1
    outer loop
      vertex 26.36577944549524 25.877895231119794 5
      vertex 26.36577944549524 26.922104768880203 5
      vertex 26.263703305156273 27.43527618041008 5
    endloop
  endfacet
  facet normal -0.8314696123025542 -0.5555702330195885 0
    outer loop
      vertex 110.13589838486224 24.4 0
      vertex 110.42658663883505 23.964954283965117 0
      vertex 110.13589838486224 24.4 5
    endloop
  endfacet
  facet normal -0.9469301294951011 -0.32143946530317513 0
    outer loop
      vertex 109.73629669484372 25.364723819589916 0
      vertex 109.90448186995485 24.86926627053964 0
      vertex 109.73629669484372 25.364723819589916 5
    endloop
  endfacet
  facet normal -0.8968727415326871 -0.44228869021900374 0
    outer loop
      vertex 109.90448186995485 24.86926627053964 0
      vertex 110.13589838486224 24.4 0
      vertex 109.90448186995485 24.86926627053964 5
    endloop
  endfacet
  facet normal -0.8314696123025542 -0.5555702330195885 0
    outer loop
      vertex 110.42658663883505 23.964954283965117 0
      vertex 110.42658663883505 23.964954283965117 5
      vertex 110.13589838486224 24.4 5
    endloop
  endfacet
  facet normal -0.9469301294951011 -0.32143946530317513 0
    outer loop
      vertex 109.90448186995485 24.86926627053964 0
      vertex 109.90448186995485 24.86926627053964 5
      vertex 109.73629669484372 25.364723819589916 5
    endloop
  endfacet
  facet normal -0.8968727415326871 -0.44228869021900374 0
    outer loop
      vertex 110.13589838486224 24.4 0
      vertex 110.13589838486224 24.4 5
      vertex 109.90448186995485 24.86926627053964 5
    endloop
  endfacet
  facet normal -0.5555702330196058 -0.8314696123025428 0
    outer loop
      vertex 111.6 22.935898384862245 0
      vertex 111.6 22.935898384862245 5
      vertex 111.16495428396512 23.22658663883506 0
    endloop
  endfacet
  facet normal -0.44228869021900913 -0.8968727415326845 1.1748428849304505e-18
    outer loop
      vertex 111.6 22.935898384862245 0
      vertex 112.06926627053963 22.70448186995485 0
      vertex 112.06926627053963 22.70448186995485 5
    endloop
  endfacet
  facet normal -0.7518398074789682 -0.6593458151000794 -4.9143672706992464e-18
    outer loop
      vertex 110.77157287525381 23.571572875253807 0
      vertex 110.42658663883505 23.964954283965117 5
      vertex 110.42658663883505 23.964954283965117 0
    endloop
  endfacet
  facet normal -0.6593458151000674 -0.7518398074789787 1.1279056058810424e-18
    outer loop
      vertex 110.77157287525381 23.571572875253807 0
      vertex 111.16495428396512 23.22658663883506 0
      vertex 111.16495428396512 23.22658663883506 5
    endloop
  endfacet
  facet normal -0.32143946530315676 -0.9469301294951074 2.254041117365771e-18
    outer loop
      vertex 112.06926627053963 22.70448186995485 0
      vertex 112.56472381958991 22.536296694843724 0
      vertex 112.56472381958991 22.536296694843724 5
    endloop
  endfacet
  facet normal -0.19509032201612622 -0.9807852804032308 -9.344190097441071e-19
    outer loop
      vertex 112.56472381958991 22.536296694843724 0
      vertex 113.07789523111978 22.43422055450476 0
      vertex 113.07789523111978 22.43422055450476 5
    endloop
  endfacet
  facet normal -0.06540312923014517 -0.9978589232386035 3.4821604175818325e-19
    outer loop
      vertex 113.07789523111978 22.43422055450476 0
      vertex 113.6 22.4 0
      vertex 113.6 22.4 5
    endloop
  endfacet
  facet normal 0.06540312923014517 -0.9978589232386035 -3.4821604175818325e-19
    outer loop
      vertex 113.6 22.4 0
      vertex 114.1221047688802 22.43422055450476 0
      vertex 114.1221047688802 22.43422055450476 5
    endloop
  endfacet
  facet normal 0.19509032201612622 -0.9807852804032308 9.344190097441071e-19
    outer loop
      vertex 114.1221047688802 22.43422055450476 0
      vertex 114.63527618041007 22.536296694843724 0
      vertex 114.63527618041007 22.536296694843724 5
    endloop
  endfacet
  facet normal 0.32143946530315676 -0.9469301294951074 -2.254041117365771e-18
    outer loop
      vertex 114.63527618041007 22.536296694843724 0
      vertex 115.13073372946036 22.70448186995485 0
      vertex 115.13073372946036 22.70448186995485 5
    endloop
  endfacet
  facet normal 0.44228869021900913 -0.8968727415326845 -1.1748428849304505e-18
    outer loop
      vertex 115.13073372946036 22.70448186995485 0
      vertex 115.6 22.935898384862245 0
      vertex 115.6 22.935898384862245 5
    endloop
  endfacet
  facet normal 0.5555702330196058 -0.8314696123025428 5.474066885413372e-19
    outer loop
      vertex 115.6 22.935898384862245 0
      vertex 116.03504571603487 23.22658663883506 0
      vertex 116.03504571603487 23.22658663883506 5
    endloop
  endfacet
  facet normal 0.6593458151000674 -0.7518398074789787 -1.1279056058810424e-18
    outer loop
      vertex 116.03504571603487 23.22658663883506 0
      vertex 116.42842712474618 23.571572875253807 0
      vertex 116.42842712474618 23.571572875253807 5
    endloop
  endfacet
  facet normal 0.7518398074789682 -0.6593458151000794 0
    outer loop
      vertex 116.42842712474618 23.571572875253807 0
      vertex 116.77341336116494 23.964954283965117 0
      vertex 116.42842712474618 23.571572875253807 5
    endloop
  endfacet
  facet normal 0.8314696123025542 -0.5555702330195885 0
    outer loop
      vertex 116.77341336116494 23.964954283965117 0
      vertex 117.06410161513774 24.4 0
      vertex 116.77341336116494 23.964954283965117 5
    endloop
  endfacet
  facet normal 0.8968727415326871 -0.44228869021900374 0
    outer loop
      vertex 117.06410161513774 24.4 0
      vertex 117.29551813004514 24.86926627053964 0
      vertex 117.06410161513774 24.4 5
    endloop
  endfacet
  facet normal 0.9469301294951011 -0.32143946530317513 0
    outer loop
      vertex 117.29551813004514 24.86926627053964 0
      vertex 117.46370330515627 25.364723819589916 0
      vertex 117.29551813004514 24.86926627053964 5
    endloop
  endfacet
  facet normal -0.44228869021900913 -0.8968727415326845 0
    outer loop
      vertex 111.6 22.935898384862245 0
      vertex 112.06926627053963 22.70448186995485 5
      vertex 111.6 22.935898384862245 5
    endloop
  endfacet
  facet normal -0.32143946530315676 -0.9469301294951074 0
    outer loop
      vertex 112.06926627053963 22.70448186995485 0
      vertex 112.56472381958991 22.536296694843724 5
      vertex 112.06926627053963 22.70448186995485 5
    endloop
  endfacet
  facet normal -0.7518398074789682 -0.6593458151000794 0
    outer loop
      vertex 110.77157287525381 23.571572875253807 0
      vertex 110.77157287525381 23.571572875253807 5
      vertex 110.42658663883505 23.964954283965117 5
    endloop
  endfacet
  facet normal -0.6593458151000674 -0.7518398074789787 0
    outer loop
      vertex 110.77157287525381 23.571572875253807 0
      vertex 111.16495428396512 23.22658663883506 5
      vertex 110.77157287525381 23.571572875253807 5
    endloop
  endfacet
  facet normal -0.5555702330196058 -0.8314696123025428 0
    outer loop
      vertex 111.16495428396512 23.22658663883506 0
      vertex 111.6 22.935898384862245 5
      vertex 111.16495428396512 23.22658663883506 5
    endloop
  endfacet
  facet normal -0.19509032201612622 -0.9807852804032308 0
    outer loop
      vertex 112.56472381958991 22.536296694843724 0
      vertex 113.07789523111978 22.43422055450476 5
      vertex 112.56472381958991 22.536296694843724 5
    endloop
  endfacet
  facet normal -0.06540312923014517 -0.9978589232386035 0
    outer loop
      vertex 113.07789523111978 22.43422055450476 0
      vertex 113.6 22.4 5
      vertex 113.07789523111978 22.43422055450476 5
    endloop
  endfacet
  facet normal 0.06540312923014517 -0.9978589232386035 0
    outer loop
      vertex 113.6 22.4 0
      vertex 114.1221047688802 22.43422055450476 5
      vertex 113.6 22.4 5
    endloop
  endfacet
  facet normal 0.19509032201612622 -0.9807852804032308 0
    outer loop
      vertex 114.1221047688802 22.43422055450476 0
      vertex 114.63527618041007 22.536296694843724 5
      vertex 114.1221047688802 22.43422055450476 5
    endloop
  endfacet
  facet normal 0.32143946530315676 -0.9469301294951074 0
    outer loop
      vertex 114.63527618041007 22.536296694843724 0
      vertex 115.13073372946036 22.70448186995485 5
      vertex 114.63527618041007 22.536296694843724 5
    endloop
  endfacet
  facet normal 0.44228869021900913 -0.8968727415326845 0
    outer loop
      vertex 115.13073372946036 22.70448186995485 0
      vertex 115.6 22.935898384862245 5
      vertex 115.13073372946036 22.70448186995485 5
    endloop
  endfacet
  facet normal 0.5555702330196058 -0.8314696123025428 0
    outer loop
      vertex 115.6 22.935898384862245 0
      vertex 116.03504571603487 23.22658663883506 5
      vertex 115.6 22.935898384862245 5
    endloop
  endfacet
  facet normal 0.6593458151000674 -0.7518398074789787 0
    outer loop
      vertex 116.03504571603487 23.22658663883506 0
      vertex 116.42842712474618 23.571572875253807 5
      vertex 116.03504571603487 23.22658663883506 5
    endloop
  endfacet
  facet normal 0.7518398074789682 -0.6593458151000794 0
    outer loop
      vertex 116.77341336116494 23.964954283965117 0
      vertex 116.77341336116494 23.964954283965117 5
      vertex 116.42842712474618 23.571572875253807 5
    endloop
  endfacet
  facet normal 0.8314696123025542 -0.5555702330195885 0
    outer loop
      vertex 117.06410161513774 24.4 0
      vertex 117.06410161513774 24.4 5
      vertex 116.77341336116494 23.964954283965117 5
    endloop
  endfacet
  facet normal 0.8968727415326871 -0.44228869021900374 0
    outer loop
      vertex 117.29551813004514 24.86926627053964 0
      vertex 117.29551813004514 24.86926627053964 5
      vertex 117.06410161513774 24.4 5
    endloop
  endfacet
  facet normal 0.9469301294951011 -0.32143946530317513 0
    outer loop
      vertex 117.46370330515627 25.364723819589916 0
      vertex 117.46370330515627 25.364723819589916 5
      vertex 117.29551813004514 24.86926627053964 5
    endloop
  endfacet
  facet normal -0.9807852804032317 -0.19509032201612234 -3.746435271087371e-19
    outer loop
      vertex 109.73629669484372 25.364723819589916 0
      vertex 109.63422055450475 25.877895231119794 5
      vertex 109.63422055450475 25.877895231119794 0
    endloop
  endfacet
  facet normal -0.9978589232386037 -0.06540312923013929 -2.4467805842041708e-20
    outer loop
      vertex 109.63422055450475 25.877895231119794 0
      vertex 109.6 26.4 5
      vertex 109.6 26.4 0
    endloop
  endfacet
  facet normal -0.9978589232386037 0.06540312923013929 2.4467805842041708e-20
    outer loop
      vertex 109.6 26.4 0
      vertex 109.63422055450475 26.922104768880203 5
      vertex 109.63422055450475 26.922104768880203 0
    endloop
  endfacet
  facet normal -0.9807852804032317 0.19509032201612234 3.746435271087371e-19
    outer loop
      vertex 109.63422055450475 26.922104768880203 0
      vertex 109.73629669484372 27.43527618041008 5
      vertex 109.73629669484372 27.43527618041008 0
    endloop
  endfacet
  facet normal -0.9469301294951011 0.32143946530317513 4.410206096092943e-19
    outer loop
      vertex 109.73629669484372 27.43527618041008 0
      vertex 109.90448186995485 27.930733729460357 5
      vertex 109.90448186995485 27.930733729460357 0
    endloop
  endfacet
  facet normal -0.8968727415326871 0.44228869021900374 1.3992979783748602e-18
    outer loop
      vertex 109.90448186995485 27.930733729460357 0
      vertex 110.13589838486224 28.4 5
      vertex 110.13589838486224 28.4 0
    endloop
  endfacet
  facet normal -0.8314696123025542 0.5555702330195885 2.1445655151690738e-18
    outer loop
      vertex 110.13589838486224 28.4 0
      vertex 110.42658663883505 28.83504571603488 5
      vertex 110.42658663883505 28.83504571603488 0
    endloop
  endfacet
  facet normal -0.9807852804032317 -0.19509032201612234 0
    outer loop
      vertex 109.73629669484372 25.364723819589916 0
      vertex 109.73629669484372 25.364723819589916 5
      vertex 109.63422055450475 25.877895231119794 5
    endloop
  endfacet
  facet normal -0.9978589232386037 -0.06540312923013929 0
    outer loop
      vertex 109.63422055450475 25.877895231119794 0
      vertex 109.63422055450475 25.877895231119794 5
      vertex 109.6 26.4 5
    endloop
  endfacet
  facet normal -0.9978589232386037 0.06540312923013929 0
    outer loop
      vertex 109.6 26.4 0
      vertex 109.6 26.4 5
      vertex 109.63422055450475 26.922104768880203 5
    endloop
  endfacet
  facet normal -0.9807852804032317 0.19509032201612234 0
    outer loop
      vertex 109.63422055450475 26.922104768880203 0
      vertex 109.63422055450475 26.922104768880203 5
      vertex 109.73629669484372 27.43527618041008 5
    endloop
  endfacet
  facet normal -0.9469301294951011 0.32143946530317513 0
    outer loop
      vertex 109.73629669484372 27.43527618041008 0
      vertex 109.73629669484372 27.43527618041008 5
      vertex 109.90448186995485 27.930733729460357 5
    endloop
  endfacet
  facet normal -0.8968727415326871 0.44228869021900374 0
    outer loop
      vertex 109.90448186995485 27.930733729460357 0
      vertex 109.90448186995485 27.930733729460357 5
      vertex 110.13589838486224 28.4 5
    endloop
  endfacet
  facet normal -0.8314696123025542 0.5555702330195885 0
    outer loop
      vertex 110.13589838486224 28.4 0
      vertex 110.13589838486224 28.4 5
      vertex 110.42658663883505 28.83504571603488 5
    endloop
  endfacet
  facet normal -0.7518398074789682 0.6593458151000794 4.9143672706992464e-18
    outer loop
      vertex 110.42658663883505 28.83504571603488 0
      vertex 110.77157287525381 29.22842712474619 5
      vertex 110.77157287525381 29.22842712474619 0
    endloop
  endfacet
  facet normal -0.6593458151000674 0.7518398074789787 0
    outer loop
      vertex 110.77157287525381 29.22842712474619 0
      vertex 110.77157287525381 29.22842712474619 5
      vertex 111.16495428396512 29.57341336116494 0
    endloop
  endfacet
  facet normal -0.5555702330196058 0.8314696123025428 0
    outer loop
      vertex 111.16495428396512 29.57341336116494 0
      vertex 111.16495428396512 29.57341336116494 5
      vertex 111.6 29.864101615137752 0
    endloop
  endfacet
  facet normal -0.44228869021900913 0.8968727415326845 0
    outer loop
      vertex 111.6 29.864101615137752 0
      vertex 111.6 29.864101615137752 5
      vertex 112.06926627053963 30.095518130045146 0
    endloop
  endfacet
  facet normal -0.32143946530315676 0.9469301294951074 0
    outer loop
      vertex 112.06926627053963 30.095518130045146 0
      vertex 112.06926627053963 30.095518130045146 5
      vertex 112.56472381958991 30.263703305156273 0
    endloop
  endfacet
  facet normal -0.19509032201612622 0.9807852804032308 0
    outer loop
      vertex 112.56472381958991 30.263703305156273 0
      vertex 112.56472381958991 30.263703305156273 5
      vertex 113.07789523111978 30.36577944549524 0
    endloop
  endfacet
  facet normal -0.06540312923014517 0.9978589232386035 0
    outer loop
      vertex 113.07789523111978 30.36577944549524 0
      vertex 113.07789523111978 30.36577944549524 5
      vertex 113.6 30.4 0
    endloop
  endfacet
  facet normal 0.06540312923014517 0.9978589232386035 0
    outer loop
      vertex 113.6 30.4 0
      vertex 113.6 30.4 5
      vertex 114.1221047688802 30.36577944549524 0
    endloop
  endfacet
  facet normal 0.19509032201612622 0.9807852804032308 0
    outer loop
      vertex 114.1221047688802 30.36577944549524 0
      vertex 114.1221047688802 30.36577944549524 5
      vertex 114.63527618041007 30.263703305156273 0
    endloop
  endfacet
  facet normal 0.32143946530315676 0.9469301294951074 2.254041117365771e-18
    outer loop
      vertex 115.13073372946036 30.095518130045146 0
      vertex 114.63527618041007 30.263703305156273 0
      vertex 114.63527618041007 30.263703305156273 5
    endloop
  endfacet
  facet normal 0.44228869021900913 0.8968727415326845 0
    outer loop
      vertex 115.13073372946036 30.095518130045146 0
      vertex 115.13073372946036 30.095518130045146 5
      vertex 115.6 29.864101615137752 0
    endloop
  endfacet
  facet normal 0.5555702330196058 0.8314696123025428 0
    outer loop
      vertex 115.6 29.864101615137752 0
      vertex 115.6 29.864101615137752 5
      vertex 116.03504571603487 29.57341336116494 0
    endloop
  endfacet
  facet normal 0.6593458151000674 0.7518398074789787 0
    outer loop
      vertex 116.03504571603487 29.57341336116494 0
      vertex 116.03504571603487 29.57341336116494 5
      vertex 116.42842712474618 29.22842712474619 0
    endloop
  endfacet
  facet normal 0.9469301294951011 0.32143946530317513 0
    outer loop
      vertex 117.46370330515627 27.43527618041008 0
      vertex 117.29551813004514 27.930733729460357 0
      vertex 117.46370330515627 27.43527618041008 5
    endloop
  endfacet
  facet normal 0.9807852804032317 -0.19509032201612234 0
    outer loop
      vertex 117.46370330515627 25.364723819589916 0
      vertex 117.56577944549524 25.877895231119794 0
      vertex 117.46370330515627 25.364723819589916 5
    endloop
  endfacet
  facet normal 0.9978589232386037 -0.06540312923013929 0
    outer loop
      vertex 117.56577944549524 25.877895231119794 0
      vertex 117.6 26.4 0
      vertex 117.56577944549524 25.877895231119794 5
    endloop
  endfacet
  facet normal 0.9978589232386037 0.06540312923013929 0
    outer loop
      vertex 117.6 26.4 0
      vertex 117.56577944549524 26.922104768880203 0
      vertex 117.6 26.4 5
    endloop
  endfacet
  facet normal 0.9807852804032317 0.19509032201612234 0
    outer loop
      vertex 117.56577944549524 26.922104768880203 0
      vertex 117.46370330515627 27.43527618041008 0
      vertex 117.56577944549524 26.922104768880203 5
    endloop
  endfacet
  facet normal 0.7518398074789682 0.6593458151000794 0
    outer loop
      vertex 116.77341336116494 28.83504571603488 0
      vertex 116.42842712474618 29.22842712474619 0
      vertex 116.77341336116494 28.83504571603488 5
    endloop
  endfacet
  facet normal 0.8968727415326871 0.44228869021900374 -1.3992979783748602e-18
    outer loop
      vertex 117.06410161513774 28.4 0
      vertex 117.29551813004514 27.930733729460357 5
      vertex 117.29551813004514 27.930733729460357 0
    endloop
  endfacet
  facet normal 0.8314696123025542 0.5555702330195885 -2.1445655151690738e-18
    outer loop
      vertex 116.77341336116494 28.83504571603488 0
      vertex 117.06410161513774 28.4 5
      vertex 117.06410161513774 28.4 0
    endloop
  endfacet
  facet normal -0.7518398074789682 0.6593458151000794 0
    outer loop
      vertex 110.42658663883505 28.83504571603488 0
      vertex 110.42658663883505 28.83504571603488 5
      vertex 110.77157287525381 29.22842712474619 5
    endloop
  endfacet
  facet normal -0.6593458151000674 0.7518398074789787 0
    outer loop
      vertex 111.16495428396512 29.57341336116494 0
      vertex 110.77157287525381 29.22842712474619 5
      vertex 111.16495428396512 29.57341336116494 5
    endloop
  endfacet
  facet normal -0.5555702330196058 0.8314696123025428 0
    outer loop
      vertex 111.6 29.864101615137752 0
      vertex 111.16495428396512 29.57341336116494 5
      vertex 111.6 29.864101615137752 5
    endloop
  endfacet
  facet normal -0.44228869021900913 0.8968727415326845 0
    outer loop
      vertex 112.06926627053963 30.095518130045146 0
      vertex 111.6 29.864101615137752 5
      vertex 112.06926627053963 30.095518130045146 5
    endloop
  endfacet
  facet normal -0.32143946530315676 0.9469301294951074 0
    outer loop
      vertex 112.56472381958991 30.263703305156273 0
      vertex 112.06926627053963 30.095518130045146 5
      vertex 112.56472381958991 30.263703305156273 5
    endloop
  endfacet
  facet normal -0.19509032201612622 0.9807852804032308 0
    outer loop
      vertex 113.07789523111978 30.36577944549524 0
      vertex 112.56472381958991 30.263703305156273 5
      vertex 113.07789523111978 30.36577944549524 5
    endloop
  endfacet
  facet normal -0.06540312923014517 0.9978589232386035 0
    outer loop
      vertex 113.6 30.4 0
      vertex 113.07789523111978 30.36577944549524 5
      vertex 113.6 30.4 5
    endloop
  endfacet
  facet normal 0.06540312923014517 0.9978589232386035 0
    outer loop
      vertex 114.1221047688802 30.36577944549524 0
      vertex 113.6 30.4 5
      vertex 114.1221047688802 30.36577944549524 5
    endloop
  endfacet
  facet normal 0.32143946530315676 0.9469301294951074 0
    outer loop
      vertex 115.13073372946036 30.095518130045146 0
      vertex 114.63527618041007 30.263703305156273 5
      vertex 115.13073372946036 30.095518130045146 5
    endloop
  endfacet
  facet normal 0.44228869021900913 0.8968727415326845 0
    outer loop
      vertex 115.6 29.864101615137752 0
      vertex 115.13073372946036 30.095518130045146 5
      vertex 115.6 29.864101615137752 5
    endloop
  endfacet
  facet normal 0.5555702330196058 0.8314696123025428 0
    outer loop
      vertex 116.03504571603487 29.57341336116494 0
      vertex 115.6 29.864101615137752 5
      vertex 116.03504571603487 29.57341336116494 5
    endloop
  endfacet
  facet normal 0.6593458151000674 0.7518398074789787 0
    outer loop
      vertex 116.42842712474618 29.22842712474619 0
      vertex 116.03504571603487 29.57341336116494 5
      vertex 116.42842712474618 29.22842712474619 5
    endloop
  endfacet
  facet normal 0.9469301294951011 0.32143946530317513 0
    outer loop
      vertex 117.29551813004514 27.930733729460357 0
      vertex 117.29551813004514 27.930733729460357 5
      vertex 117.46370330515627 27.43527618041008 5
    endloop
  endfacet
  facet normal 0.9807852804032317 -0.19509032201612234 3.746435271087371e-19
    outer loop
      vertex 117.46370330515627 25.364723819589916 5
      vertex 117.56577944549524 25.877895231119794 0
      vertex 117.56577944549524 25.877895231119794 5
    endloop
  endfacet
  facet normal 0.9978589232386037 -0.06540312923013929 0
    outer loop
      vertex 117.6 26.4 0
      vertex 117.6 26.4 5
      vertex 117.56577944549524 25.877895231119794 5
    endloop
  endfacet
  facet normal 0.9978589232386037 0.06540312923013929 0
    outer loop
      vertex 117.56577944549524 26.922104768880203 0
      vertex 117.56577944549524 26.922104768880203 5
      vertex 117.6 26.4 5
    endloop
  endfacet
  facet normal 0.9807852804032317 0.19509032201612234 0
    outer loop
      vertex 117.46370330515627 27.43527618041008 0
      vertex 117.46370330515627 27.43527618041008 5
      vertex 117.56577944549524 26.922104768880203 5
    endloop
  endfacet
  facet normal 0.8314696123025542 0.5555702330195885 0
    outer loop
      vertex 116.77341336116494 28.83504571603488 0
      vertex 116.77341336116494 28.83504571603488 5
      vertex 117.06410161513774 28.4 5
    endloop
  endfacet
  facet normal 0.8968727415326871 0.44228869021900374 0
    outer loop
      vertex 117.06410161513774 28.4 0
      vertex 117.06410161513774 28.4 5
      vertex 117.29551813004514 27.930733729460357 5
    endloop
  endfacet
  facet normal 0.7518398074789682 0.6593458151000794 0
    outer loop
      vertex 116.42842712474618 29.22842712474619 0
      vertex 116.42842712474618 29.22842712474619 5
      vertex 116.77341336116494 28.83504571603488 5
    endloop
  endfacet
  facet normal 0.19509032201612622 0.9807852804032308 0
    outer loop
      vertex 114.63527618041007 30.263703305156273 0
      vertex 114.1221047688802 30.36577944549524 5
      vertex 114.63527618041007 30.263703305156273 5
    endloop
  endfacet
  facet normal 0 0 1
    outer loop
      vertex 110.77157287525381 23.571572875253807 5
      vertex 110.42658663883505 28.83504571603488 5
      vertex 110.42658663883505 23.964954283965117 5
    endloop
  endfacet
  facet normal 0 0 1
    outer loop
      vertex 110.77157287525381 23.571572875253807 5
      vertex 111.16495428396512 23.22658663883506 5
      vertex 110.77157287525381 29.22842712474619 5
    endloop
  endfacet
  facet normal 0 0 1
    outer loop
      vertex 111.6 22.935898384862245 5
      vertex 111.16495428396512 29.57341336116494 5
      vertex 111.16495428396512 23.22658663883506 5
    endloop
  endfacet
  facet normal 0 0 1
    outer loop
      vertex 111.6 22.935898384862245 5
      vertex 112.06926627053963 22.70448186995485 5
      vertex 111.86794919243111 25.4 5
    endloop
  endfacet
  facet normal 0 0 1
    outer loop
      vertex 112.06926627053963 22.70448186995485 5
      vertex 112.56472381958991 22.536296694843724 5
      vertex 112.38247714198255 24.81329331941753 5
    endloop
  endfacet
  facet normal 0 0 1
    outer loop
      vertex 112.06926627053963 22.70448186995485 5
      vertex 112.1857864376269 24.985786437626903 5
      vertex 112.01329331941753 25.182477141982556 5
    endloop
  endfacet
  facet normal 0 0 1
    outer loop
      vertex 112.06926627053963 22.70448186995485 5
      vertex 112.38247714198255 24.81329331941753 5
      vertex 112.1857864376269 24.985786437626903 5
    endloop
  endfacet
  facet normal 0 0 1
    outer loop
      vertex 111.6 22.935898384862245 5
      vertex 111.86794919243111 25.4 5
      vertex 111.75224093497742 25.63463313526982 5
    endloop
  endfacet
  facet normal 0 0 1
    outer loop
      vertex 111.6 22.935898384862245 5
      vertex 111.75224093497742 25.63463313526982 5
      vertex 111.66814834742186 25.88236190979496 5
    endloop
  endfacet
  facet normal 0 0 1
    outer loop
      vertex 111.6 22.935898384862245 5
      vertex 111.66814834742186 25.88236190979496 5
      vertex 111.61711027725238 26.138947615559896 5
    endloop
  endfacet
  facet normal 0 0 1
    outer loop
      vertex 111.6 22.935898384862245 5
      vertex 111.61711027725238 26.138947615559896 5
      vertex 111.6 26.4 5
    endloop
  endfacet
  facet normal 0 0 1
    outer loop
      vertex 112.06926627053963 22.70448186995485 5
      vertex 112.01329331941753 25.182477141982556 5
      vertex 111.86794919243111 25.4 5
    endloop
  endfacet
  facet normal 0 0 1
    outer loop
      vertex 113.07789523111978 22.43422055450476 5
      vertex 113.6 22.4 5
      vertex 113.33894761555989 24.417110277252377 5
    endloop
  endfacet
  facet normal 0 0 1
    outer loop
      vertex 113.6 22.4 5
      vertex 114.1221047688802 22.43422055450476 5
      vertex 113.8610523844401 24.417110277252377 5
    endloop
  endfacet
  facet normal 0 0 1
    outer loop
      vertex 112.56472381958991 22.536296694843724 5
      vertex 113.07789523111978 22.43422055450476 5
      vertex 112.83463313526981 24.552240934977426 5
    endloop
  endfacet
  facet normal 0 0 1
    outer loop
      vertex 112.38247714198255 24.81329331941753 5
      vertex 112.56472381958991 22.536296694843724 5
      vertex 112.6 24.66794919243112 5
    endloop
  endfacet
  facet normal 0 0 1
    outer loop
      vertex 112.56472381958991 22.536296694843724 5
      vertex 112.83463313526981 24.552240934977426 5
      vertex 112.6 24.66794919243112 5
    endloop
  endfacet
  facet normal 0 0 1
    outer loop
      vertex 113.07789523111978 22.43422055450476 5
      vertex 113.08236190979495 24.468148347421863 5
      vertex 112.83463313526981 24.552240934977426 5
    endloop
  endfacet
  facet normal 0 0 1
    outer loop
      vertex 113.07789523111978 22.43422055450476 5
      vertex 113.33894761555989 24.417110277252377 5
      vertex 113.08236190979495 24.468148347421863 5
    endloop
  endfacet
  facet normal 0 0 1
    outer loop
      vertex 113.6 22.4 5
      vertex 113.6 24.4 5
      vertex 113.33894761555989 24.417110277252377 5
    endloop
  endfacet
  facet normal 0 0 1
    outer loop
      vertex 113.6 22.4 5
      vertex 113.8610523844401 24.417110277252377 5
      vertex 113.6 24.4 5
    endloop
  endfacet
  facet normal 0 0 1
    outer loop
      vertex 114.1221047688802 22.43422055450476 5
      vertex 114.63527618041007 22.536296694843724 5
      vertex 114.11763809020503 24.468148347421863 5
    endloop
  endfacet
  facet normal 0 0 1
    outer loop
      vertex 114.1221047688802 22.43422055450476 5
      vertex 114.11763809020503 24.468148347421863 5
      vertex 113.8610523844401 24.417110277252377 5
    endloop
  endfacet
  facet normal 0 0 1
    outer loop
      vertex 114.11763809020503 24.468148347421863 5
      vertex 114.63527618041007 22.536296694843724 5
      vertex 114.36536686473018 24.552240934977426 5
    endloop
  endfacet
  facet normal 0 0 1
    outer loop
      vertex 114.63527618041007 22.536296694843724 5
      vertex 115.13073372946036 22.70448186995485 5
      vertex 114.6 24.66794919243112 5
    endloop
  endfacet
  facet normal 0 0 1
    outer loop
      vertex 114.36536686473018 24.552240934977426 5
      vertex 114.63527618041007 22.536296694843724 5
      vertex 114.6 24.66794919243112 5
    endloop
  endfacet
  facet normal 0 0 1
    outer loop
      vertex 115.13073372946036 22.70448186995485 5
      vertex 114.81752285801744 24.81329331941753 5
      vertex 114.6 24.66794919243112 5
    endloop
  endfacet
  facet normal 0 0 1
    outer loop
      vertex 115.13073372946036 22.70448186995485 5
      vertex 115.6 22.935898384862245 5
      vertex 115.01421356237309 24.985786437626903 5
    endloop
  endfacet
  facet normal 0 0 1
    outer loop
      vertex 115.13073372946036 22.70448186995485 5
      vertex 115.01421356237309 24.985786437626903 5
      vertex 114.81752285801744 24.81329331941753 5
    endloop
  endfacet
  facet normal 0 0 1
    outer loop
      vertex 115.6 22.935898384862245 5
      vertex 115.18670668058246 25.182477141982556 5
      vertex 115.01421356237309 24.985786437626903 5
    endloop
  endfacet
  facet normal 0 0 1
    outer loop
      vertex 115.6 22.935898384862245 5
      vertex 115.33205080756888 25.4 5
      vertex 115.18670668058246 25.182477141982556 5
    endloop
  endfacet
  facet normal 0 0 1
    outer loop
      vertex 115.6 22.935898384862245 5
      vertex 116.03504571603487 23.22658663883506 5
      vertex 115.6 26.4 5
    endloop
  endfacet
  facet normal 0 0 1
    outer loop
      vertex 115.6 22.935898384862245 5
      vertex 115.44775906502257 25.63463313526982 5
      vertex 115.33205080756888 25.4 5
    endloop
  endfacet
  facet normal 0 0 1
    outer loop
      vertex 115.6 22.935898384862245 5
      vertex 115.53185165257813 25.88236190979496 5
      vertex 115.44775906502257 25.63463313526982 5
    endloop
  endfacet
  facet normal 0 0 1
    outer loop
      vertex 115.6 22.935898384862245 5
      vertex 115.58288972274761 26.138947615559896 5
      vertex 115.53185165257813 25.88236190979496 5
    endloop
  endfacet
  facet normal 0 0 1
    outer loop
      vertex 115.6 22.935898384862245 5
      vertex 115.6 26.4 5
      vertex 115.58288972274761 26.138947615559896 5
    endloop
  endfacet
  facet normal 0 0 1
    outer loop
      vertex 116.03504571603487 23.22658663883506 5
      vertex 116.42842712474618 23.571572875253807 5
      vertex 116.03504571603487 29.57341336116494 5
    endloop
  endfacet
  facet normal 0 0 1
    outer loop
      vertex 109.73629669484372 25.364723819589916 5
      vertex 109.63422055450475 26.922104768880203 5
      vertex 109.63422055450475 25.877895231119794 5
    endloop
  endfacet
  facet normal 0 0 1
    outer loop
      vertex 109.73629669484372 25.364723819589916 5
      vertex 109.90448186995485 24.86926627053964 5
      vertex 109.73629669484372 27.43527618041008 5
    endloop
  endfacet
  facet normal 0 0 1
    outer loop
      vertex 109.63422055450475 25.877895231119794 5
      vertex 109.63422055450475 26.922104768880203 5
      vertex 109.6 26.4 5
    endloop
  endfacet
  facet normal 0 0 1
    outer loop
      vertex 109.73629669484372 25.364723819589916 5
      vertex 109.73629669484372 27.43527618041008 5
      vertex 109.63422055450475 26.922104768880203 5
    endloop
  endfacet
  facet normal 0 0 1
    outer loop
      vertex 109.90448186995485 24.86926627053964 5
      vertex 110.13589838486224 24.4 5
      vertex 109.90448186995485 27.930733729460357 5
    endloop
  endfacet
  facet normal 0 0 1
    outer loop
      vertex 110.13589838486224 24.4 5
      vertex 110.42658663883505 23.964954283965117 5
      vertex 110.13589838486224 28.4 5
    endloop
  endfacet
  facet normal 0 0 1
    outer loop
      vertex 109.90448186995485 24.86926627053964 5
      vertex 109.90448186995485 27.930733729460357 5
      vertex 109.73629669484372 27.43527618041008 5
    endloop
  endfacet
  facet normal 0 0 1
    outer loop
      vertex 110.13589838486224 24.4 5
      vertex 110.13589838486224 28.4 5
      vertex 109.90448186995485 27.930733729460357 5
    endloop
  endfacet
  facet normal 0 0 1
    outer loop
      vertex 110.42658663883505 23.964954283965117 5
      vertex 110.42658663883505 28.83504571603488 5
      vertex 110.13589838486224 28.4 5
    endloop
  endfacet
  facet normal 0 0 1
    outer loop
      vertex 110.77157287525381 23.571572875253807 5
      vertex 110.77157287525381 29.22842712474619 5
      vertex 110.42658663883505 28.83504571603488 5
    endloop
  endfacet
  facet normal 0 0 1
    outer loop
      vertex 111.16495428396512 23.22658663883506 5
      vertex 111.16495428396512 29.57341336116494 5
      vertex 110.77157287525381 29.22842712474619 5
    endloop
  endfacet
  facet normal 0 0 1
    outer loop
      vertex 111.6 22.935898384862245 5
      vertex 111.6 26.4 5
      vertex 111.16495428396512 29.57341336116494 5
    endloop
  endfacet
  facet normal 0 0 1
    outer loop
      vertex 111.6 26.4 5
      vertex 111.61711027725238 26.6610523844401 5
      vertex 111.6 29.864101615137752 5
    endloop
  endfacet
  facet normal 0 0 1
    outer loop
      vertex 111.61711027725238 26.6610523844401 5
      vertex 111.66814834742186 26.91763809020504 5
      vertex 111.6 29.864101615137752 5
    endloop
  endfacet
  facet normal 0 0 1
    outer loop
      vertex 111.66814834742186 26.91763809020504 5
      vertex 111.75224093497742 27.165366864730178 5
      vertex 111.6 29.864101615137752 5
    endloop
  endfacet
  facet normal 0 0 1
    outer loop
      vertex 111.75224093497742 27.165366864730178 5
      vertex 111.86794919243111 27.4 5
      vertex 111.6 29.864101615137752 5
    endloop
  endfacet
  facet normal 0 0 1
    outer loop
      vertex 111.86794919243111 27.4 5
      vertex 112.01329331941753 27.61752285801744 5
      vertex 111.6 29.864101615137752 5
    endloop
  endfacet
  facet normal 0 0 1
    outer loop
      vertex 111.6 26.4 5
      vertex 111.6 29.864101615137752 5
      vertex 111.16495428396512 29.57341336116494 5
    endloop
  endfacet
  facet normal 0 0 1
    outer loop
      vertex 112.01329331941753 27.61752285801744 5
      vertex 112.1857864376269 27.814213562373094 5
      vertex 111.6 29.864101615137752 5
    endloop
  endfacet
  facet normal 0 0 1
    outer loop
      vertex 112.1857864376269 27.814213562373094 5
      vertex 112.38247714198255 27.98670668058247 5
      vertex 112.06926627053963 30.095518130045146 5
    endloop
  endfacet
  facet normal 0 0 1
    outer loop
      vertex 112.38247714198255 27.98670668058247 5
      vertex 112.6 28.132050807568877 5
      vertex 112.06926627053963 30.095518130045146 5
    endloop
  endfacet
  facet normal 0 0 1
    outer loop
      vertex 112.1857864376269 27.814213562373094 5
      vertex 112.06926627053963 30.095518130045146 5
      vertex 111.6 29.864101615137752 5
    endloop
  endfacet
  facet normal 0 0 1
    outer loop
      vertex 112.6 28.132050807568877 5
      vertex 112.83463313526981 28.24775906502257 5
      vertex 112.56472381958991 30.263703305156273 5
    endloop
  endfacet
  facet normal 0 0 1
    outer loop
      vertex 112.83463313526981 28.24775906502257 5
      vertex 113.08236190979495 28.331851652578134 5
      vertex 112.56472381958991 30.263703305156273 5
    endloop
  endfacet
  facet normal 0 0 1
    outer loop
      vertex 113.08236190979495 28.331851652578134 5
      vertex 113.33894761555989 28.38288972274762 5
      vertex 113.07789523111978 30.36577944549524 5
    endloop
  endfacet
  facet normal 0 0 1
    outer loop
      vertex 112.06926627053963 30.095518130045146 5
      vertex 112.6 28.132050807568877 5
      vertex 112.56472381958991 30.263703305156273 5
    endloop
  endfacet
  facet normal 0 0 1
    outer loop
      vertex 113.08236190979495 28.331851652578134 5
      vertex 113.07789523111978 30.36577944549524 5
      vertex 112.56472381958991 30.263703305156273 5
    endloop
  endfacet
  facet normal 0 0 1
    outer loop
      vertex 113.33894761555989 28.38288972274762 5
      vertex 113.6 30.4 5
      vertex 113.07789523111978 30.36577944549524 5
    endloop
  endfacet
  facet normal 0 0 1
    outer loop
      vertex 113.33894761555989 28.38288972274762 5
      vertex 113.6 28.4 5
      vertex 113.6 30.4 5
    endloop
  endfacet
  facet normal 0 0 1
    outer loop
      vertex 113.6 28.4 5
      vertex 113.8610523844401 28.38288972274762 5
      vertex 113.6 30.4 5
    endloop
  endfacet
  facet normal 0 0 1
    outer loop
      vertex 113.8610523844401 28.38288972274762 5
      vertex 114.11763809020503 28.331851652578134 5
      vertex 114.1221047688802 30.36577944549524 5
    endloop
  endfacet
  facet normal 0 0 1
    outer loop
      vertex 114.11763809020503 28.331851652578134 5
      vertex 114.36536686473018 28.24775906502257 5
      vertex 114.1221047688802 30.36577944549524 5
    endloop
  endfacet
  facet normal 0 0 1
    outer loop
      vertex 113.8610523844401 28.38288972274762 5
      vertex 114.1221047688802 30.36577944549524 5
      vertex 113.6 30.4 5
    endloop
  endfacet
  facet normal 0 0 1
    outer loop
      vertex 114.36536686473018 28.24775906502257 5
      vertex 114.63527618041007 30.263703305156273 5
      vertex 114.1221047688802 30.36577944549524 5
    endloop
  endfacet
  facet normal 0 0 1
    outer loop
      vertex 116.03504571603487 23.22658663883506 5
      vertex 115.6 29.864101615137752 5
      vertex 115.6 26.4 5
    endloop
  endfacet
  facet normal 0 0 1
    outer loop
      vertex 115.6 26.4 5
      vertex 115.6 29.864101615137752 5
      vertex 115.58288972274761 26.6610523844401 5
    endloop
  endfacet
  facet normal 0 0 1
    outer loop
      vertex 115.58288972274761 26.6610523844401 5
      vertex 115.6 29.864101615137752 5
      vertex 115.53185165257813 26.91763809020504 5
    endloop
  endfacet
  facet normal 0 0 1
    outer loop
      vertex 116.03504571603487 23.22658663883506 5
      vertex 116.03504571603487 29.57341336116494 5
      vertex 115.6 29.864101615137752 5
    endloop
  endfacet
  facet normal 0 0 1
    outer loop
      vertex 116.42842712474618 23.571572875253807 5
      vertex 116.42842712474618 29.22842712474619 5
      vertex 116.03504571603487 29.57341336116494 5
    endloop
  endfacet
  facet normal 0 0 1
    outer loop
      vertex 114.36536686473018 28.24775906502257 5
      vertex 114.6 28.132050807568877 5
      vertex 114.63527618041007 30.263703305156273 5
    endloop
  endfacet
  facet normal 0 0 1
    outer loop
      vertex 114.6 28.132050807568877 5
      vertex 114.81752285801744 27.98670668058247 5
      vertex 114.63527618041007 30.263703305156273 5
    endloop
  endfacet
  facet normal 0 0 1
    outer loop
      vertex 115.33205080756888 27.4 5
      vertex 115.13073372946036 30.095518130045146 5
      vertex 115.18670668058246 27.61752285801744 5
    endloop
  endfacet
  facet normal 0 0 1
    outer loop
      vertex 115.01421356237309 27.814213562373094 5
      vertex 115.13073372946036 30.095518130045146 5
      vertex 114.81752285801744 27.98670668058247 5
    endloop
  endfacet
  facet normal 0 0 1
    outer loop
      vertex 115.01421356237309 27.814213562373094 5
      vertex 115.18670668058246 27.61752285801744 5
      vertex 115.13073372946036 30.095518130045146 5
    endloop
  endfacet
  facet normal 0 0 1
    outer loop
      vertex 114.81752285801744 27.98670668058247 5
      vertex 115.13073372946036 30.095518130045146 5
      vertex 114.63527618041007 30.263703305156273 5
    endloop
  endfacet
  facet normal 0 0 1
    outer loop
      vertex 115.33205080756888 27.4 5
      vertex 115.6 29.864101615137752 5
      vertex 115.13073372946036 30.095518130045146 5
    endloop
  endfacet
  facet normal 0 0 1
    outer loop
      vertex 115.53185165257813 26.91763809020504 5
      vertex 115.6 29.864101615137752 5
      vertex 115.44775906502257 27.165366864730178 5
    endloop
  endfacet
  facet normal 0 0 1
    outer loop
      vertex 115.33205080756888 27.4 5
      vertex 115.44775906502257 27.165366864730178 5
      vertex 115.6 29.864101615137752 5
    endloop
  endfacet
  facet normal 0 0 1
    outer loop
      vertex 116.42842712474618 23.571572875253807 5
      vertex 116.77341336116494 23.964954283965117 5
      vertex 116.42842712474618 29.22842712474619 5
    endloop
  endfacet
  facet normal 0 0 1
    outer loop
      vertex 116.77341336116494 23.964954283965117 5
      vertex 117.06410161513774 24.4 5
      vertex 116.77341336116494 28.83504571603488 5
    endloop
  endfacet
  facet normal 0 0 1
    outer loop
      vertex 117.06410161513774 24.4 5
      vertex 117.29551813004514 24.86926627053964 5
      vertex 117.06410161513774 28.4 5
    endloop
  endfacet
  facet normal 0 0 1
    outer loop
      vertex 117.29551813004514 24.86926627053964 5
      vertex 117.46370330515627 25.364723819589916 5
      vertex 117.29551813004514 27.930733729460357 5
    endloop
  endfacet
  facet normal 0 0 1
    outer loop
      vertex 116.77341336116494 23.964954283965117 5
      vertex 116.77341336116494 28.83504571603488 5
      vertex 116.42842712474618 29.22842712474619 5
    endloop
  endfacet
  facet normal 0 0 1
    outer loop
      vertex 117.06410161513774 24.4 5
      vertex 117.06410161513774 28.4 5
      vertex 116.77341336116494 28.83504571603488 5
    endloop
  endfacet
  facet normal 0 0 1
    outer loop
      vertex 117.46370330515627 25.364723819589916 5
      vertex 117.46370330515627 27.43527618041008 5
      vertex 117.29551813004514 27.930733729460357 5
    endloop
  endfacet
  facet normal 0 0 1
    outer loop
      vertex 117.29551813004514 24.86926627053964 5
      vertex 117.29551813004514 27.930733729460357 5
      vertex 117.06410161513774 28.4 5
    endloop
  endfacet
  facet normal 0 0 1
    outer loop
      vertex 117.46370330515627 25.364723819589916 5
      vertex 117.56577944549524 25.877895231119794 5
      vertex 117.46370330515627 27.43527618041008 5
    endloop
  endfacet
  facet normal 0 0 1
    outer loop
      vertex 117.56577944549524 25.877895231119794 5
      vertex 117.6 26.4 5
      vertex 117.56577944549524 26.922104768880203 5
    endloop
  endfacet
  facet normal 0 0 1
    outer loop
      vertex 117.56577944549524 25.877895231119794 5
      vertex 117.56577944549524 26.922104768880203 5
      vertex 117.46370330515627 27.43527618041008 5
    endloop
  endfacet
  facet normal 0.5555702330196167 0.8314696123025356 -1.6616507060666525e-18
    outer loop
      vertex 112.6 110.86794919243111 0
      vertex 112.38247714198255 111.01329331941753 0
      vertex 112.38247714198255 111.01329331941753 5
    endloop
  endfacet
  facet normal 0.4422886902189873 0.8968727415326953 0
    outer loop
      vertex 112.6 110.86794919243111 0
      vertex 112.6 110.86794919243111 5
      vertex 112.83463313526981 110.75224093497742 0
    endloop
  endfacet
  facet normal 0.32143946530314454 0.9469301294951114 0
    outer loop
      vertex 112.83463313526981 110.75224093497742 0
      vertex 112.83463313526981 110.75224093497742 5
      vertex 113.08236190979495 110.66814834742186 0
    endloop
  endfacet
  facet normal 0.19509032201612622 0.9807852804032308 0
    outer loop
      vertex 113.08236190979495 110.66814834742186 0
      vertex 113.08236190979495 110.66814834742186 5
      vertex 113.33894761555989 110.61711027725238 0
    endloop
  endfacet
  facet normal 0.06540312923016545 0.997858923238602 0
    outer loop
      vertex 113.33894761555989 110.61711027725238 0
      vertex 113.33894761555989 110.61711027725238 5
      vertex 113.6 110.6 0
    endloop
  endfacet
  facet normal -0.06540312923016545 0.997858923238602 0
    outer loop
      vertex 113.6 110.6 0
      vertex 113.6 110.6 5
      vertex 113.8610523844401 110.61711027725238 0
    endloop
  endfacet
  facet normal -0.19509032201612622 0.9807852804032308 0
    outer loop
      vertex 113.8610523844401 110.61711027725238 0
      vertex 113.8610523844401 110.61711027725238 5
      vertex 114.11763809020503 110.66814834742186 0
    endloop
  endfacet
  facet normal -0.32143946530314454 0.9469301294951114 0
    outer loop
      vertex 114.11763809020503 110.66814834742186 0
      vertex 114.11763809020503 110.66814834742186 5
      vertex 114.36536686473018 110.75224093497742 0
    endloop
  endfacet
  facet normal -0.4422886902189873 0.8968727415326953 0
    outer loop
      vertex 114.36536686473018 110.75224093497742 0
      vertex 114.36536686473018 110.75224093497742 5
      vertex 114.6 110.86794919243111 0
    endloop
  endfacet
  facet normal -0.5555702330196167 0.8314696123025356 0
    outer loop
      vertex 114.6 110.86794919243111 0
      vertex 114.6 110.86794919243111 5
      vertex 114.81752285801744 111.01329331941753 0
    endloop
  endfacet
  facet normal 0.8968727415326953 0.4422886902189873 0
    outer loop
      vertex 111.75224093497742 111.83463313526981 0
      vertex 111.75224093497742 111.83463313526981 5
      vertex 111.86794919243111 111.6 0
    endloop
  endfacet
  facet normal 0.9469301294951114 0.32143946530314454 2.630558512142413e-19
    outer loop
      vertex 111.75224093497742 111.83463313526981 0
      vertex 111.66814834742186 112.08236190979495 0
      vertex 111.66814834742186 112.08236190979495 5
    endloop
  endfacet
  facet normal 0.8314696123025356 0.5555702330196167 0
    outer loop
      vertex 111.86794919243111 111.6 0
      vertex 111.86794919243111 111.6 5
      vertex 112.01329331941753 111.38247714198255 0
    endloop
  endfacet
  facet normal 0.7518398074789668 0.6593458151000808 0
    outer loop
      vertex 112.01329331941753 111.38247714198255 0
      vertex 112.01329331941753 111.38247714198255 5
      vertex 112.1857864376269 111.1857864376269 0
    endloop
  endfacet
  facet normal 0.6593458151000808 0.7518398074789668 0
    outer loop
      vertex 112.1857864376269 111.1857864376269 0
      vertex 112.1857864376269 111.1857864376269 5
      vertex 112.38247714198255 111.01329331941753 0
    endloop
  endfacet
  facet normal 0.9807852804032308 0.19509032201612622 -4.672095048720536e-19
    outer loop
      vertex 111.66814834742186 112.08236190979495 0
      vertex 111.61711027725238 112.33894761555989 0
      vertex 111.61711027725238 112.33894761555989 5
    endloop
  endfacet
  facet normal 0.997858923238602 0.06540312923016545 2.3653783775794966e-19
    outer loop
      vertex 111.61711027725238 112.33894761555989 0
      vertex 111.6 112.6 0
      vertex 111.6 112.6 5
    endloop
  endfacet
  facet normal 0.997858923238602 -0.06540312923016545 -2.3653783775794966e-19
    outer loop
      vertex 111.6 112.6 0
      vertex 111.61711027725238 112.8610523844401 0
      vertex 111.61711027725238 112.8610523844401 5
    endloop
  endfacet
  facet normal 0.9807852804032308 -0.19509032201612622 4.672095048720536e-19
    outer loop
      vertex 111.61711027725238 112.8610523844401 0
      vertex 111.66814834742186 113.11763809020503 0
      vertex 111.66814834742186 113.11763809020503 5
    endloop
  endfacet
  facet normal 0.9469301294951114 -0.32143946530314454 -2.630558512142413e-19
    outer loop
      vertex 111.66814834742186 113.11763809020503 0
      vertex 111.75224093497742 113.36536686473018 0
      vertex 111.75224093497742 113.36536686473018 5
    endloop
  endfacet
  facet normal 0.8968727415326953 -0.4422886902189873 6.627370461893204e-19
    outer loop
      vertex 111.75224093497742 113.36536686473018 0
      vertex 111.86794919243111 113.6 0
      vertex 111.86794919243111 113.6 5
    endloop
  endfacet
  facet normal 0.8314696123025356 -0.5555702330196167 1.6616507060666525e-18
    outer loop
      vertex 111.86794919243111 113.6 0
      vertex 112.01329331941753 113.81752285801744 0
      vertex 112.01329331941753 113.81752285801744 5
    endloop
  endfacet
  facet normal 0.7518398074789668 -0.6593458151000808 1.3831251876455673e-18
    outer loop
      vertex 112.01329331941753 113.81752285801744 0
      vertex 112.1857864376269 114.01421356237309 0
      vertex 112.1857864376269 114.01421356237309 5
    endloop
  endfacet
  facet normal 0.6593458151000808 -0.7518398074789668 1.3831251876455673e-18
    outer loop
      vertex 112.1857864376269 114.01421356237309 0
      vertex 112.38247714198255 114.18670668058246 0
      vertex 112.38247714198255 114.18670668058246 5
    endloop
  endfacet
  facet normal 0.5555702330196167 -0.8314696123025356 1.6616507060666525e-18
    outer loop
      vertex 112.38247714198255 114.18670668058246 0
      vertex 112.6 114.33205080756888 0
      vertex 112.6 114.33205080756888 5
    endloop
  endfacet
  facet normal 0.4422886902189873 -0.8968727415326953 6.627370461893204e-19
    outer loop
      vertex 112.6 114.33205080756888 0
      vertex 112.83463313526981 114.44775906502257 0
      vertex 112.83463313526981 114.44775906502257 5
    endloop
  endfacet
  facet normal 0.32143946530314454 -0.9469301294951114 -2.630558512142413e-19
    outer loop
      vertex 112.83463313526981 114.44775906502257 0
      vertex 113.08236190979495 114.53185165257813 0
      vertex 113.08236190979495 114.53185165257813 5
    endloop
  endfacet
  facet normal 0.19509032201612622 -0.9807852804032308 4.672095048720536e-19
    outer loop
      vertex 113.08236190979495 114.53185165257813 0
      vertex 113.33894761555989 114.58288972274761 0
      vertex 113.33894761555989 114.58288972274761 5
    endloop
  endfacet
  facet normal -0.19509032201612622 -0.9807852804032308 0
    outer loop
      vertex 114.11763809020503 114.53185165257813 0
      vertex 114.11763809020503 114.53185165257813 5
      vertex 113.8610523844401 114.58288972274761 0
    endloop
  endfacet
  facet normal -0.32143946530314454 -0.9469301294951114 2.630558512142413e-19
    outer loop
      vertex 114.11763809020503 114.53185165257813 0
      vertex 114.36536686473018 114.44775906502257 0
      vertex 114.36536686473018 114.44775906502257 5
    endloop
  endfacet
  facet normal 0.06540312923016545 -0.997858923238602 -2.3653783775794966e-19
    outer loop
      vertex 113.33894761555989 114.58288972274761 0
      vertex 113.6 114.6 0
      vertex 113.6 114.6 5
    endloop
  endfacet
  facet normal -0.06540312923016545 -0.997858923238602 2.3653783775794966e-19
    outer loop
      vertex 113.6 114.6 0
      vertex 113.8610523844401 114.58288972274761 0
      vertex 113.8610523844401 114.58288972274761 5
    endloop
  endfacet
  facet normal -0.6593458151000808 0.7518398074789668 0
    outer loop
      vertex 114.81752285801744 111.01329331941753 0
      vertex 114.81752285801744 111.01329331941753 5
      vertex 115.01421356237309 111.1857864376269 0
    endloop
  endfacet
  facet normal -0.7518398074789668 0.6593458151000808 0
    outer loop
      vertex 115.01421356237309 111.1857864376269 0
      vertex 115.01421356237309 111.1857864376269 5
      vertex 115.18670668058246 111.38247714198255 0
    endloop
  endfacet
  facet normal -0.8314696123025356 0.5555702330196167 0
    outer loop
      vertex 115.18670668058246 111.38247714198255 0
      vertex 115.18670668058246 111.38247714198255 5
      vertex 115.33205080756888 111.6 0
    endloop
  endfacet
  facet normal -0.8968727415326953 0.4422886902189873 0
    outer loop
      vertex 115.33205080756888 111.6 0
      vertex 115.33205080756888 111.6 5
      vertex 115.44775906502257 111.83463313526981 0
    endloop
  endfacet
  facet normal -0.9469301294951114 0.32143946530314454 0
    outer loop
      vertex 115.44775906502257 111.83463313526981 0
      vertex 115.44775906502257 111.83463313526981 5
      vertex 115.53185165257813 112.08236190979495 0
    endloop
  endfacet
  facet normal -0.9807852804032308 0.19509032201612622 0
    outer loop
      vertex 115.53185165257813 112.08236190979495 0
      vertex 115.53185165257813 112.08236190979495 5
      vertex 115.58288972274761 112.33894761555989 0
    endloop
  endfacet
  facet normal -0.997858923238602 0.06540312923016545 0
    outer loop
      vertex 115.58288972274761 112.33894761555989 0
      vertex 115.58288972274761 112.33894761555989 5
      vertex 115.6 112.6 0
    endloop
  endfacet
  facet normal -0.997858923238602 -0.06540312923016545 0
    outer loop
      vertex 115.6 112.6 0
      vertex 115.6 112.6 5
      vertex 115.58288972274761 112.8610523844401 0
    endloop
  endfacet
  facet normal -0.9807852804032308 -0.19509032201612622 0
    outer loop
      vertex 115.58288972274761 112.8610523844401 0
      vertex 115.58288972274761 112.8610523844401 5
      vertex 115.53185165257813 113.11763809020503 0
    endloop
  endfacet
  facet normal -0.9469301294951114 -0.32143946530314454 0
    outer loop
      vertex 115.53185165257813 113.11763809020503 0
      vertex 115.53185165257813 113.11763809020503 5
      vertex 115.44775906502257 113.36536686473018 0
    endloop
  endfacet
  facet normal -0.4422886902189873 -0.8968727415326953 -6.627370461893204e-19
    outer loop
      vertex 114.36536686473018 114.44775906502257 0
      vertex 114.6 114.33205080756888 0
      vertex 114.6 114.33205080756888 5
    endloop
  endfacet
  facet normal -0.5555702330196167 -0.8314696123025356 -1.6616507060666525e-18
    outer loop
      vertex 114.6 114.33205080756888 0
      vertex 114.81752285801744 114.18670668058246 0
      vertex 114.81752285801744 114.18670668058246 5
    endloop
  endfacet
  facet normal -0.7518398074789668 -0.6593458151000808 0
    outer loop
      vertex 115.18670668058246 113.81752285801744 0
      vertex 115.18670668058246 113.81752285801744 5
      vertex 115.01421356237309 114.01421356237309 0
    endloop
  endfacet
  facet normal -0.8968727415326953 -0.4422886902189873 0
    outer loop
      vertex 115.44775906502257 113.36536686473018 0
      vertex 115.44775906502257 113.36536686473018 5
      vertex 115.33205080756888 113.6 0
    endloop
  endfacet
  facet normal -0.8314696123025356 -0.5555702330196167 0
    outer loop
      vertex 115.33205080756888 113.6 0
      vertex 115.33205080756888 113.6 5
      vertex 115.18670668058246 113.81752285801744 0
    endloop
  endfacet
  facet normal -0.6593458151000808 -0.7518398074789668 -1.3831251876455673e-18
    outer loop
      vertex 114.81752285801744 114.18670668058246 0
      vertex 115.01421356237309 114.01421356237309 0
      vertex 115.01421356237309 114.01421356237309 5
    endloop
  endfacet
  facet normal 0.5555702330196167 0.8314696123025356 0
    outer loop
      vertex 112.6 110.86794919243111 0
      vertex 112.38247714198255 111.01329331941753 5
      vertex 112.6 110.86794919243111 5
    endloop
  endfacet
  facet normal 0.4422886902189873 0.8968727415326953 0
    outer loop
      vertex 112.83463313526981 110.75224093497742 0
      vertex 112.6 110.86794919243111 5
      vertex 112.83463313526981 110.75224093497742 5
    endloop
  endfacet
  facet normal 0.32143946530314454 0.9469301294951114 0
    outer loop
      vertex 113.08236190979495 110.66814834742186 0
      vertex 112.83463313526981 110.75224093497742 5
      vertex 113.08236190979495 110.66814834742186 5
    endloop
  endfacet
  facet normal 0.19509032201612622 0.9807852804032308 0
    outer loop
      vertex 113.33894761555989 110.61711027725238 0
      vertex 113.08236190979495 110.66814834742186 5
      vertex 113.33894761555989 110.61711027725238 5
    endloop
  endfacet
  facet normal 0.06540312923016545 0.997858923238602 0
    outer loop
      vertex 113.6 110.6 0
      vertex 113.33894761555989 110.61711027725238 5
      vertex 113.6 110.6 5
    endloop
  endfacet
  facet normal -0.06540312923016545 0.997858923238602 0
    outer loop
      vertex 113.8610523844401 110.61711027725238 0
      vertex 113.6 110.6 5
      vertex 113.8610523844401 110.61711027725238 5
    endloop
  endfacet
  facet normal -0.19509032201612622 0.9807852804032308 0
    outer loop
      vertex 114.11763809020503 110.66814834742186 0
      vertex 113.8610523844401 110.61711027725238 5
      vertex 114.11763809020503 110.66814834742186 5
    endloop
  endfacet
  facet normal -0.32143946530314454 0.9469301294951114 0
    outer loop
      vertex 114.36536686473018 110.75224093497742 0
      vertex 114.11763809020503 110.66814834742186 5
      vertex 114.36536686473018 110.75224093497742 5
    endloop
  endfacet
  facet normal -0.4422886902189873 0.8968727415326953 0
    outer loop
      vertex 114.6 110.86794919243111 0
      vertex 114.36536686473018 110.75224093497742 5
      vertex 114.6 110.86794919243111 5
    endloop
  endfacet
  facet normal -0.5555702330196167 0.8314696123025356 0
    outer loop
      vertex 114.81752285801744 111.01329331941753 0
      vertex 114.6 110.86794919243111 5
      vertex 114.81752285801744 111.01329331941753 5
    endloop
  endfacet
  facet normal 0.8968727415326953 0.4422886902189873 0
    outer loop
      vertex 111.86794919243111 111.6 0
      vertex 111.75224093497742 111.83463313526981 5
      vertex 111.86794919243111 111.6 5
    endloop
  endfacet
  facet normal 0.9469301294951114 0.32143946530314454 0
    outer loop
      vertex 111.75224093497742 111.83463313526981 0
      vertex 111.66814834742186 112.08236190979495 5
      vertex 111.75224093497742 111.83463313526981 5
    endloop
  endfacet
  facet normal 0.9807852804032308 0.19509032201612622 0
    outer loop
      vertex 111.66814834742186 112.08236190979495 0
      vertex 111.61711027725238 112.33894761555989 5
      vertex 111.66814834742186 112.08236190979495 5
    endloop
  endfacet
  facet normal 0.7518398074789668 0.6593458151000808 0
    outer loop
      vertex 112.1857864376269 111.1857864376269 0
      vertex 112.01329331941753 111.38247714198255 5
      vertex 112.1857864376269 111.1857864376269 5
    endloop
  endfacet
  facet normal 0.8314696123025356 0.5555702330196167 0
    outer loop
      vertex 112.01329331941753 111.38247714198255 0
      vertex 111.86794919243111 111.6 5
      vertex 112.01329331941753 111.38247714198255 5
    endloop
  endfacet
  facet normal 0.6593458151000808 0.7518398074789668 0
    outer loop
      vertex 112.38247714198255 111.01329331941753 0
      vertex 112.1857864376269 111.1857864376269 5
      vertex 112.38247714198255 111.01329331941753 5
    endloop
  endfacet
  facet normal 0.997858923238602 0.06540312923016545 0
    outer loop
      vertex 111.61711027725238 112.33894761555989 0
      vertex 111.6 112.6 5
      vertex 111.61711027725238 112.33894761555989 5
    endloop
  endfacet
  facet normal 0.997858923238602 -0.06540312923016545 0
    outer loop
      vertex 111.6 112.6 0
      vertex 111.61711027725238 112.8610523844401 5
      vertex 111.6 112.6 5
    endloop
  endfacet
  facet normal 0.9807852804032308 -0.19509032201612622 0
    outer loop
      vertex 111.61711027725238 112.8610523844401 0
      vertex 111.66814834742186 113.11763809020503 5
      vertex 111.61711027725238 112.8610523844401 5
    endloop
  endfacet
  facet normal 0.9469301294951114 -0.32143946530314454 0
    outer loop
      vertex 111.66814834742186 113.11763809020503 0
      vertex 111.75224093497742 113.36536686473018 5
      vertex 111.66814834742186 113.11763809020503 5
    endloop
  endfacet
  facet normal 0.8968727415326953 -0.4422886902189873 0
    outer loop
      vertex 111.75224093497742 113.36536686473018 0
      vertex 111.86794919243111 113.6 5
      vertex 111.75224093497742 113.36536686473018 5
    endloop
  endfacet
  facet normal 0.8314696123025356 -0.5555702330196167 0
    outer loop
      vertex 111.86794919243111 113.6 0
      vertex 112.01329331941753 113.81752285801744 5
      vertex 111.86794919243111 113.6 5
    endloop
  endfacet
  facet normal 0.7518398074789668 -0.6593458151000808 0
    outer loop
      vertex 112.01329331941753 113.81752285801744 0
      vertex 112.1857864376269 114.01421356237309 5
      vertex 112.01329331941753 113.81752285801744 5
    endloop
  endfacet
  facet normal 0.6593458151000808 -0.7518398074789668 0
    outer loop
      vertex 112.1857864376269 114.01421356237309 0
      vertex 112.38247714198255 114.18670668058246 5
      vertex 112.1857864376269 114.01421356237309 5
    endloop
  endfacet
  facet normal 0.5555702330196167 -0.8314696123025356 0
    outer loop
      vertex 112.38247714198255 114.18670668058246 0
      vertex 112.6 114.33205080756888 5
      vertex 112.38247714198255 114.18670668058246 5
    endloop
  endfacet
  facet normal 0.4422886902189873 -0.8968727415326953 0
    outer loop
      vertex 112.6 114.33205080756888 0
      vertex 112.83463313526981 114.44775906502257 5
      vertex 112.6 114.33205080756888 5
    endloop
  endfacet
  facet normal 0.32143946530314454 -0.9469301294951114 0
    outer loop
      vertex 112.83463313526981 114.44775906502257 0
      vertex 113.08236190979495 114.53185165257813 5
      vertex 112.83463313526981 114.44775906502257 5
    endloop
  endfacet
  facet normal 0.19509032201612622 -0.9807852804032308 0
    outer loop
      vertex 113.08236190979495 114.53185165257813 0
      vertex 113.33894761555989 114.58288972274761 5
      vertex 113.08236190979495 114.53185165257813 5
    endloop
  endfacet
  facet normal -0.32143946530314454 -0.9469301294951114 0
    outer loop
      vertex 114.11763809020503 114.53185165257813 0
      vertex 114.36536686473018 114.44775906502257 5
      vertex 114.11763809020503 114.53185165257813 5
    endloop
  endfacet
  facet normal 0.06540312923016545 -0.997858923238602 0
    outer loop
      vertex 113.33894761555989 114.58288972274761 0
      vertex 113.6 114.6 5
      vertex 113.33894761555989 114.58288972274761 5
    endloop
  endfacet
  facet normal -0.06540312923016545 -0.997858923238602 0
    outer loop
      vertex 113.6 114.6 0
      vertex 113.8610523844401 114.58288972274761 5
      vertex 113.6 114.6 5
    endloop
  endfacet
  facet normal -0.19509032201612622 -0.9807852804032308 0
    outer loop
      vertex 113.8610523844401 114.58288972274761 0
      vertex 114.11763809020503 114.53185165257813 5
      vertex 113.8610523844401 114.58288972274761 5
    endloop
  endfacet
  facet normal -0.6593458151000808 0.7518398074789668 0
    outer loop
      vertex 115.01421356237309 111.1857864376269 0
      vertex 114.81752285801744 111.01329331941753 5
      vertex 115.01421356237309 111.1857864376269 5
    endloop
  endfacet
  facet normal -0.7518398074789668 0.6593458151000808 0
    outer loop
      vertex 115.18670668058246 111.38247714198255 0
      vertex 115.01421356237309 111.1857864376269 5
      vertex 115.18670668058246 111.38247714198255 5
    endloop
  endfacet
  facet normal -0.8314696123025356 0.5555702330196167 0
    outer loop
      vertex 115.33205080756888 111.6 0
      vertex 115.18670668058246 111.38247714198255 5
      vertex 115.33205080756888 111.6 5
    endloop
  endfacet
  facet normal -0.8968727415326953 0.4422886902189873 0
    outer loop
      vertex 115.44775906502257 111.83463313526981 0
      vertex 115.33205080756888 111.6 5
      vertex 115.44775906502257 111.83463313526981 5
    endloop
  endfacet
  facet normal -0.9469301294951114 0.32143946530314454 0
    outer loop
      vertex 115.53185165257813 112.08236190979495 0
      vertex 115.44775906502257 111.83463313526981 5
      vertex 115.53185165257813 112.08236190979495 5
    endloop
  endfacet
  facet normal -0.9807852804032308 0.19509032201612622 0
    outer loop
      vertex 115.58288972274761 112.33894761555989 0
      vertex 115.53185165257813 112.08236190979495 5
      vertex 115.58288972274761 112.33894761555989 5
    endloop
  endfacet
  facet normal -0.997858923238602 0.06540312923016545 0
    outer loop
      vertex 115.6 112.6 0
      vertex 115.58288972274761 112.33894761555989 5
      vertex 115.6 112.6 5
    endloop
  endfacet
  facet normal -0.997858923238602 -0.06540312923016545 0
    outer loop
      vertex 115.58288972274761 112.8610523844401 0
      vertex 115.6 112.6 5
      vertex 115.58288972274761 112.8610523844401 5
    endloop
  endfacet
  facet normal -0.9807852804032308 -0.19509032201612622 0
    outer loop
      vertex 115.53185165257813 113.11763809020503 0
      vertex 115.58288972274761 112.8610523844401 5
      vertex 115.53185165257813 113.11763809020503 5
    endloop
  endfacet
  facet normal -0.9469301294951114 -0.32143946530314454 0
    outer loop
      vertex 115.44775906502257 113.36536686473018 0
      vertex 115.53185165257813 113.11763809020503 5
      vertex 115.44775906502257 113.36536686473018 5
    endloop
  endfacet
  facet normal -0.4422886902189873 -0.8968727415326953 0
    outer loop
      vertex 114.36536686473018 114.44775906502257 0
      vertex 114.6 114.33205080756888 5
      vertex 114.36536686473018 114.44775906502257 5
    endloop
  endfacet
  facet normal -0.6593458151000808 -0.7518398074789668 0
    outer loop
      vertex 114.81752285801744 114.18670668058246 0
      vertex 115.01421356237309 114.01421356237309 5
      vertex 114.81752285801744 114.18670668058246 5
    endloop
  endfacet
  facet normal -0.5555702330196167 -0.8314696123025356 0
    outer loop
      vertex 114.6 114.33205080756888 0
      vertex 114.81752285801744 114.18670668058246 5
      vertex 114.6 114.33205080756888 5
    endloop
  endfacet
  facet normal -0.7518398074789668 -0.6593458151000808 0
    outer loop
      vertex 115.01421356237309 114.01421356237309 0
      vertex 115.18670668058246 113.81752285801744 5
      vertex 115.01421356237309 114.01421356237309 5
    endloop
  endfacet
  facet normal -0.8968727415326953 -0.4422886902189873 0
    outer loop
      vertex 115.33205080756888 113.6 0
      vertex 115.44775906502257 113.36536686473018 5
      vertex 115.33205080756888 113.6 5
    endloop
  endfacet
  facet normal -0.8314696123025356 -0.5555702330196167 0
    outer loop
      vertex 115.18670668058246 113.81752285801744 0
      vertex 115.33205080756888 113.6 5
      vertex 115.18670668058246 113.81752285801744 5
    endloop
  endfacet
  facet normal 0.5555702330196229 0.8314696123025312 5.461329449717654e-19
    outer loop
      vertex 21.4 110.86794919243111 0
      vertex 21.182477141982556 111.01329331941753 0
      vertex 21.182477141982556 111.01329331941753 5
    endloop
  endfacet
  facet normal 0.44228869021898193 0.8968727415326979 0
    outer loop
      vertex 21.4 110.86794919243111 0
      vertex 21.4 110.86794919243111 5
      vertex 21.63463313526982 110.75224093497742 0
    endloop
  endfacet
  facet normal 0.8968727415326898 0.4422886902189982 0
    outer loop
      vertex 20.552240934977426 111.83463313526981 0
      vertex 20.552240934977426 111.83463313526981 5
      vertex 20.66794919243112 111.6 0
    endloop
  endfacet
  facet normal 0.9469301294951074 0.32143946530315676 1.1270205586828856e-18
    outer loop
      vertex 20.552240934977426 111.83463313526981 0
      vertex 20.468148347421863 112.08236190979495 0
      vertex 20.468148347421863 112.08236190979495 5
    endloop
  endfacet
  facet normal 0.9978589232386038 0.0654031292301384 -6.773154061746811e-20
    outer loop
      vertex 20.417110277252377 112.33894761555989 0
      vertex 20.4 112.6 0
      vertex 20.4 112.6 5
    endloop
  endfacet
  facet normal 0.9978589232386038 -0.0654031292301384 6.773154061746811e-20
    outer loop
      vertex 20.4 112.6 0
      vertex 20.417110277252377 112.8610523844401 0
      vertex 20.417110277252377 112.8610523844401 5
    endloop
  endfacet
  facet normal 0.9807852804032283 0.1950903220161393 2.1242289078221924e-19
    outer loop
      vertex 20.468148347421863 112.08236190979495 0
      vertex 20.417110277252377 112.33894761555989 0
      vertex 20.417110277252377 112.33894761555989 5
    endloop
  endfacet
  facet normal 0.9807852804032283 -0.1950903220161393 -2.1242289078221924e-19
    outer loop
      vertex 20.417110277252377 112.8610523844401 0
      vertex 20.468148347421863 113.11763809020503 0
      vertex 20.468148347421863 113.11763809020503 5
    endloop
  endfacet
  facet normal 0.9469301294951074 -0.32143946530315676 -1.1270205586828856e-18
    outer loop
      vertex 20.468148347421863 113.11763809020503 0
      vertex 20.552240934977426 113.36536686473018 0
      vertex 20.552240934977426 113.36536686473018 5
    endloop
  endfacet
  facet normal 0.8314696123025481 0.555570233019598 0
    outer loop
      vertex 20.66794919243112 111.6 0
      vertex 20.66794919243112 111.6 5
      vertex 20.81329331941753 111.38247714198255 0
    endloop
  endfacet
  facet normal 0.7518398074789668 0.6593458151000808 0
    outer loop
      vertex 20.81329331941753 111.38247714198255 0
      vertex 20.81329331941753 111.38247714198255 5
      vertex 20.985786437626903 111.1857864376269 0
    endloop
  endfacet
  facet normal 0.6593458151000674 0.7518398074789787 0
    outer loop
      vertex 20.985786437626903 111.1857864376269 0
      vertex 20.985786437626903 111.1857864376269 5
      vertex 21.182477141982556 111.01329331941753 0
    endloop
  endfacet
  facet normal 0.8968727415326898 -0.4422886902189982 -1.2885199333596317e-18
    outer loop
      vertex 20.552240934977426 113.36536686473018 0
      vertex 20.66794919243112 113.6 0
      vertex 20.66794919243112 113.6 5
    endloop
  endfacet
  facet normal 0.8314696123025481 -0.555570233019598 -2.281906470811042e-18
    outer loop
      vertex 20.66794919243112 113.6 0
      vertex 20.81329331941753 113.81752285801744 0
      vertex 20.81329331941753 113.81752285801744 5
    endloop
  endfacet
  facet normal 0.7518398074789668 -0.6593458151000808 1.3831251876455673e-18
    outer loop
      vertex 20.81329331941753 113.81752285801744 0
      vertex 20.985786437626903 114.01421356237309 0
      vertex 20.985786437626903 114.01421356237309 5
    endloop
  endfacet
  facet normal 0.6593458151000674 -0.7518398074789787 -5.639528029405212e-19
    outer loop
      vertex 20.985786437626903 114.01421356237309 0
      vertex 21.182477141982556 114.18670668058246 0
      vertex 21.182477141982556 114.18670668058246 5
    endloop
  endfacet
  facet normal 0.5555702330196229 -0.8314696123025312 -5.461329449717654e-19
    outer loop
      vertex 21.182477141982556 114.18670668058246 0
      vertex 21.4 114.33205080756888 0
      vertex 21.4 114.33205080756888 5
    endloop
  endfacet
  facet normal 0.44228869021898193 -0.8968727415326979 -7.025479926206573e-19
    outer loop
      vertex 21.4 114.33205080756888 0
      vertex 21.63463313526982 114.44775906502257 0
      vertex 21.63463313526982 114.44775906502257 5
    endloop
  endfacet
  facet normal 0.3214394653031487 0.94693012949511 0
    outer loop
      vertex 21.63463313526982 110.75224093497742 0
      vertex 21.63463313526982 110.75224093497742 5
      vertex 21.88236190979496 110.66814834742186 0
    endloop
  endfacet
  facet normal 0.19509032201612364 0.9807852804032314 0
    outer loop
      vertex 21.88236190979496 110.66814834742186 0
      vertex 21.88236190979496 110.66814834742186 5
      vertex 22.138947615559896 110.61711027725238 0
    endloop
  endfacet
  facet normal 0.06540312923016633 0.997858923238602 0
    outer loop
      vertex 22.138947615559896 110.61711027725238 0
      vertex 22.138947615559896 110.61711027725238 5
      vertex 22.4 110.6 0
    endloop
  endfacet
  facet normal -0.06540312923016633 0.997858923238602 0
    outer loop
      vertex 22.4 110.6 0
      vertex 22.4 110.6 5
      vertex 22.6610523844401 110.61711027725238 0
    endloop
  endfacet
  facet normal -0.19509032201612364 0.9807852804032314 0
    outer loop
      vertex 22.6610523844401 110.61711027725238 0
      vertex 22.6610523844401 110.61711027725238 5
      vertex 22.91763809020504 110.66814834742186 0
    endloop
  endfacet
  facet normal -0.3214394653031487 0.94693012949511 0
    outer loop
      vertex 22.91763809020504 110.66814834742186 0
      vertex 22.91763809020504 110.66814834742186 5
      vertex 23.165366864730178 110.75224093497742 0
    endloop
  endfacet
  facet normal -0.44228869021898193 0.8968727415326979 0
    outer loop
      vertex 23.165366864730178 110.75224093497742 0
      vertex 23.165366864730178 110.75224093497742 5
      vertex 23.4 110.86794919243111 0
    endloop
  endfacet
  facet normal -0.5555702330196229 0.8314696123025312 0
    outer loop
      vertex 23.4 110.86794919243111 0
      vertex 23.4 110.86794919243111 5
      vertex 23.61752285801744 111.01329331941753 0
    endloop
  endfacet
  facet normal -0.6593458151000674 0.7518398074789787 0
    outer loop
      vertex 23.61752285801744 111.01329331941753 0
      vertex 23.61752285801744 111.01329331941753 5
      vertex 23.814213562373094 111.1857864376269 0
    endloop
  endfacet
  facet normal 0.3214394653031487 -0.94693012949511 -5.569624508530084e-19
    outer loop
      vertex 21.63463313526982 114.44775906502257 0
      vertex 21.88236190979496 114.53185165257813 0
      vertex 21.88236190979496 114.53185165257813 5
    endloop
  endfacet
  facet normal 0.19509032201612364 -0.9807852804032314 -1.6144156774695799e-19
    outer loop
      vertex 21.88236190979496 114.53185165257813 0
      vertex 22.138947615559896 114.58288972274761 0
      vertex 22.138947615559896 114.58288972274761 5
    endloop
  endfacet
  facet normal 0.06540312923016633 -0.997858923238602 -2.920354754736994e-19
    outer loop
      vertex 22.138947615559896 114.58288972274761 0
      vertex 22.4 114.6 0
      vertex 22.4 114.6 5
    endloop
  endfacet
  facet normal -0.06540312923016633 -0.997858923238602 2.920354754736994e-19
    outer loop
      vertex 22.4 114.6 0
      vertex 22.6610523844401 114.58288972274761 0
      vertex 22.6610523844401 114.58288972274761 5
    endloop
  endfacet
  facet normal -0.19509032201612364 -0.9807852804032314 1.6144156774695799e-19
    outer loop
      vertex 22.6610523844401 114.58288972274761 0
      vertex 22.91763809020504 114.53185165257813 0
      vertex 22.91763809020504 114.53185165257813 5
    endloop
  endfacet
  facet normal -0.3214394653031487 -0.94693012949511 5.569624508530084e-19
    outer loop
      vertex 22.91763809020504 114.53185165257813 0
      vertex 23.165366864730178 114.44775906502257 0
      vertex 23.165366864730178 114.44775906502257 5
    endloop
  endfacet
  facet normal -0.44228869021898193 -0.8968727415326979 7.025479926206573e-19
    outer loop
      vertex 23.165366864730178 114.44775906502257 0
      vertex 23.4 114.33205080756888 0
      vertex 23.4 114.33205080756888 5
    endloop
  endfacet
  facet normal -0.5555702330196229 -0.8314696123025312 5.461329449717654e-19
    outer loop
      vertex 23.4 114.33205080756888 0
      vertex 23.61752285801744 114.18670668058246 0
      vertex 23.61752285801744 114.18670668058246 5
    endloop
  endfacet
  facet normal -0.7518398074789668 0.6593458151000808 0
    outer loop
      vertex 23.814213562373094 111.1857864376269 0
      vertex 23.814213562373094 111.1857864376269 5
      vertex 23.98670668058247 111.38247714198255 0
    endloop
  endfacet
  facet normal -0.8314696123025481 0.555570233019598 0
    outer loop
      vertex 23.98670668058247 111.38247714198255 0
      vertex 23.98670668058247 111.38247714198255 5
      vertex 24.132050807568877 111.6 0
    endloop
  endfacet
  facet normal -0.8968727415326898 0.4422886902189982 0
    outer loop
      vertex 24.132050807568877 111.6 0
      vertex 24.132050807568877 111.6 5
      vertex 24.24775906502257 111.83463313526981 0
    endloop
  endfacet
  facet normal -0.9469301294951074 0.32143946530315676 0
    outer loop
      vertex 24.24775906502257 111.83463313526981 0
      vertex 24.24775906502257 111.83463313526981 5
      vertex 24.331851652578134 112.08236190979495 0
    endloop
  endfacet
  facet normal -0.9807852804032283 0.1950903220161393 0
    outer loop
      vertex 24.331851652578134 112.08236190979495 0
      vertex 24.331851652578134 112.08236190979495 5
      vertex 24.38288972274762 112.33894761555989 0
    endloop
  endfacet
  facet normal -0.9978589232386038 0.0654031292301384 0
    outer loop
      vertex 24.38288972274762 112.33894761555989 0
      vertex 24.38288972274762 112.33894761555989 5
      vertex 24.4 112.6 0
    endloop
  endfacet
  facet normal -0.9978589232386038 -0.0654031292301384 0
    outer loop
      vertex 24.4 112.6 0
      vertex 24.4 112.6 5
      vertex 24.38288972274762 112.8610523844401 0
    endloop
  endfacet
  facet normal -0.9807852804032283 -0.1950903220161393 0
    outer loop
      vertex 24.38288972274762 112.8610523844401 0
      vertex 24.38288972274762 112.8610523844401 5
      vertex 24.331851652578134 113.11763809020503 0
    endloop
  endfacet
  facet normal -0.9469301294951074 -0.32143946530315676 0
    outer loop
      vertex 24.331851652578134 113.11763809020503 0
      vertex 24.331851652578134 113.11763809020503 5
      vertex 24.24775906502257 113.36536686473018 0
    endloop
  endfacet
  facet normal -0.7518398074789668 -0.6593458151000808 0
    outer loop
      vertex 23.98670668058247 113.81752285801744 0
      vertex 23.98670668058247 113.81752285801744 5
      vertex 23.814213562373094 114.01421356237309 0
    endloop
  endfacet
  facet normal -0.8314696123025481 -0.555570233019598 0
    outer loop
      vertex 24.132050807568877 113.6 0
      vertex 24.132050807568877 113.6 5
      vertex 23.98670668058247 113.81752285801744 0
    endloop
  endfacet
  facet normal -0.6593458151000674 -0.7518398074789787 5.639528029405212e-19
    outer loop
      vertex 23.61752285801744 114.18670668058246 0
      vertex 23.814213562373094 114.01421356237309 0
      vertex 23.814213562373094 114.01421356237309 5
    endloop
  endfacet
  facet normal -0.8968727415326898 -0.4422886902189982 0
    outer loop
      vertex 24.24775906502257 113.36536686473018 0
      vertex 24.24775906502257 113.36536686473018 5
      vertex 24.132050807568877 113.6 0
    endloop
  endfacet
  facet normal 0.5555702330196229 0.8314696123025312 0
    outer loop
      vertex 21.4 110.86794919243111 0
      vertex 21.182477141982556 111.01329331941753 5
      vertex 21.4 110.86794919243111 5
    endloop
  endfacet
  facet normal 0.44228869021898193 0.8968727415326979 0
    outer loop
      vertex 21.63463313526982 110.75224093497742 0
      vertex 21.4 110.86794919243111 5
      vertex 21.63463313526982 110.75224093497742 5
    endloop
  endfacet
  facet normal 0.8968727415326898 0.4422886902189982 0
    outer loop
      vertex 20.66794919243112 111.6 0
      vertex 20.552240934977426 111.83463313526981 5
      vertex 20.66794919243112 111.6 5
    endloop
  endfacet
  facet normal 0.9469301294951074 0.32143946530315676 0
    outer loop
      vertex 20.552240934977426 111.83463313526981 0
      vertex 20.468148347421863 112.08236190979495 5
      vertex 20.552240934977426 111.83463313526981 5
    endloop
  endfacet
  facet normal 0.9807852804032283 0.1950903220161393 0
    outer loop
      vertex 20.468148347421863 112.08236190979495 0
      vertex 20.417110277252377 112.33894761555989 5
      vertex 20.468148347421863 112.08236190979495 5
    endloop
  endfacet
  facet normal 0.9978589232386038 0.0654031292301384 0
    outer loop
      vertex 20.417110277252377 112.33894761555989 0
      vertex 20.4 112.6 5
      vertex 20.417110277252377 112.33894761555989 5
    endloop
  endfacet
  facet normal 0.9978589232386038 -0.0654031292301384 0
    outer loop
      vertex 20.4 112.6 0
      vertex 20.417110277252377 112.8610523844401 5
      vertex 20.4 112.6 5
    endloop
  endfacet
  facet normal 0.9807852804032283 -0.1950903220161393 0
    outer loop
      vertex 20.417110277252377 112.8610523844401 0
      vertex 20.468148347421863 113.11763809020503 5
      vertex 20.417110277252377 112.8610523844401 5
    endloop
  endfacet
  facet normal 0.9469301294951074 -0.32143946530315676 0
    outer loop
      vertex 20.468148347421863 113.11763809020503 0
      vertex 20.552240934977426 113.36536686473018 5
      vertex 20.468148347421863 113.11763809020503 5
    endloop
  endfacet
  facet normal 0.7518398074789668 0.6593458151000808 0
    outer loop
      vertex 20.985786437626903 111.1857864376269 0
      vertex 20.81329331941753 111.38247714198255 5
      vertex 20.985786437626903 111.1857864376269 5
    endloop
  endfacet
  facet normal 0.8314696123025481 0.555570233019598 0
    outer loop
      vertex 20.81329331941753 111.38247714198255 0
      vertex 20.66794919243112 111.6 5
      vertex 20.81329331941753 111.38247714198255 5
    endloop
  endfacet
  facet normal 0.6593458151000674 0.7518398074789787 0
    outer loop
      vertex 21.182477141982556 111.01329331941753 0
      vertex 20.985786437626903 111.1857864376269 5
      vertex 21.182477141982556 111.01329331941753 5
    endloop
  endfacet
  facet normal 0.8968727415326898 -0.4422886902189982 0
    outer loop
      vertex 20.552240934977426 113.36536686473018 0
      vertex 20.66794919243112 113.6 5
      vertex 20.552240934977426 113.36536686473018 5
    endloop
  endfacet
  facet normal 0.8314696123025481 -0.555570233019598 0
    outer loop
      vertex 20.66794919243112 113.6 0
      vertex 20.81329331941753 113.81752285801744 5
      vertex 20.66794919243112 113.6 5
    endloop
  endfacet
  facet normal 0.7518398074789668 -0.6593458151000808 0
    outer loop
      vertex 20.81329331941753 113.81752285801744 0
      vertex 20.985786437626903 114.01421356237309 5
      vertex 20.81329331941753 113.81752285801744 5
    endloop
  endfacet
  facet normal 0.6593458151000674 -0.7518398074789787 0
    outer loop
      vertex 20.985786437626903 114.01421356237309 0
      vertex 21.182477141982556 114.18670668058246 5
      vertex 20.985786437626903 114.01421356237309 5
    endloop
  endfacet
  facet normal 0.5555702330196229 -0.8314696123025312 0
    outer loop
      vertex 21.182477141982556 114.18670668058246 0
      vertex 21.4 114.33205080756888 5
      vertex 21.182477141982556 114.18670668058246 5
    endloop
  endfacet
  facet normal 0.44228869021898193 -0.8968727415326979 0
    outer loop
      vertex 21.4 114.33205080756888 0
      vertex 21.63463313526982 114.44775906502257 5
      vertex 21.4 114.33205080756888 5
    endloop
  endfacet
  facet normal 0.3214394653031487 0.94693012949511 0
    outer loop
      vertex 21.88236190979496 110.66814834742186 0
      vertex 21.63463313526982 110.75224093497742 5
      vertex 21.88236190979496 110.66814834742186 5
    endloop
  endfacet
  facet normal 0.19509032201612364 0.9807852804032314 0
    outer loop
      vertex 22.138947615559896 110.61711027725238 0
      vertex 21.88236190979496 110.66814834742186 5
      vertex 22.138947615559896 110.61711027725238 5
    endloop
  endfacet
  facet normal 0.06540312923016633 0.997858923238602 0
    outer loop
      vertex 22.4 110.6 0
      vertex 22.138947615559896 110.61711027725238 5
      vertex 22.4 110.6 5
    endloop
  endfacet
  facet normal -0.06540312923016633 0.997858923238602 0
    outer loop
      vertex 22.6610523844401 110.61711027725238 0
      vertex 22.4 110.6 5
      vertex 22.6610523844401 110.61711027725238 5
    endloop
  endfacet
  facet normal -0.19509032201612364 0.9807852804032314 0
    outer loop
      vertex 22.91763809020504 110.66814834742186 0
      vertex 22.6610523844401 110.61711027725238 5
      vertex 22.91763809020504 110.66814834742186 5
    endloop
  endfacet
  facet normal -0.3214394653031487 0.94693012949511 0
    outer loop
      vertex 23.165366864730178 110.75224093497742 0
      vertex 22.91763809020504 110.66814834742186 5
      vertex 23.165366864730178 110.75224093497742 5
    endloop
  endfacet
  facet normal -0.44228869021898193 0.8968727415326979 0
    outer loop
      vertex 23.4 110.86794919243111 0
      vertex 23.165366864730178 110.75224093497742 5
      vertex 23.4 110.86794919243111 5
    endloop
  endfacet
  facet normal -0.5555702330196229 0.8314696123025312 0
    outer loop
      vertex 23.61752285801744 111.01329331941753 0
      vertex 23.4 110.86794919243111 5
      vertex 23.61752285801744 111.01329331941753 5
    endloop
  endfacet
  facet normal 0.3214394653031487 -0.94693012949511 0
    outer loop
      vertex 21.63463313526982 114.44775906502257 0
      vertex 21.88236190979496 114.53185165257813 5
      vertex 21.63463313526982 114.44775906502257 5
    endloop
  endfacet
  facet normal 0.19509032201612364 -0.9807852804032314 0
    outer loop
      vertex 21.88236190979496 114.53185165257813 0
      vertex 22.138947615559896 114.58288972274761 5
      vertex 21.88236190979496 114.53185165257813 5
    endloop
  endfacet
  facet normal 0.06540312923016633 -0.997858923238602 0
    outer loop
      vertex 22.138947615559896 114.58288972274761 0
      vertex 22.4 114.6 5
      vertex 22.138947615559896 114.58288972274761 5
    endloop
  endfacet
  facet normal -0.06540312923016633 -0.997858923238602 0
    outer loop
      vertex 22.4 114.6 0
      vertex 22.6610523844401 114.58288972274761 5
      vertex 22.4 114.6 5
    endloop
  endfacet
  facet normal -0.3214394653031487 -0.94693012949511 0
    outer loop
      vertex 22.91763809020504 114.53185165257813 0
      vertex 23.165366864730178 114.44775906502257 5
      vertex 22.91763809020504 114.53185165257813 5
    endloop
  endfacet
  facet normal -0.44228869021898193 -0.8968727415326979 0
    outer loop
      vertex 23.165366864730178 114.44775906502257 0
      vertex 23.4 114.33205080756888 5
      vertex 23.165366864730178 114.44775906502257 5
    endloop
  endfacet
  facet normal -0.6593458151000674 -0.7518398074789787 0
    outer loop
      vertex 23.61752285801744 114.18670668058246 0
      vertex 23.814213562373094 114.01421356237309 5
      vertex 23.61752285801744 114.18670668058246 5
    endloop
  endfacet
  facet normal -0.5555702330196229 -0.8314696123025312 0
    outer loop
      vertex 23.4 114.33205080756888 0
      vertex 23.61752285801744 114.18670668058246 5
      vertex 23.4 114.33205080756888 5
    endloop
  endfacet
  facet normal -0.19509032201612364 -0.9807852804032314 0
    outer loop
      vertex 22.6610523844401 114.58288972274761 0
      vertex 22.91763809020504 114.53185165257813 5
      vertex 22.6610523844401 114.58288972274761 5
    endloop
  endfacet
  facet normal -0.6593458151000674 0.7518398074789787 0
    outer loop
      vertex 23.814213562373094 111.1857864376269 0
      vertex 23.61752285801744 111.01329331941753 5
      vertex 23.814213562373094 111.1857864376269 5
    endloop
  endfacet
  facet normal -0.7518398074789668 0.6593458151000808 0
    outer loop
      vertex 23.98670668058247 111.38247714198255 0
      vertex 23.814213562373094 111.1857864376269 5
      vertex 23.98670668058247 111.38247714198255 5
    endloop
  endfacet
  facet normal -0.8314696123025481 0.555570233019598 0
    outer loop
      vertex 24.132050807568877 111.6 0
      vertex 23.98670668058247 111.38247714198255 5
      vertex 24.132050807568877 111.6 5
    endloop
  endfacet
  facet normal -0.8968727415326898 0.4422886902189982 0
    outer loop
      vertex 24.24775906502257 111.83463313526981 0
      vertex 24.132050807568877 111.6 5
      vertex 24.24775906502257 111.83463313526981 5
    endloop
  endfacet
  facet normal -0.9469301294951074 0.32143946530315676 0
    outer loop
      vertex 24.331851652578134 112.08236190979495 0
      vertex 24.24775906502257 111.83463313526981 5
      vertex 24.331851652578134 112.08236190979495 5
    endloop
  endfacet
  facet normal -0.9807852804032283 0.1950903220161393 0
    outer loop
      vertex 24.38288972274762 112.33894761555989 0
      vertex 24.331851652578134 112.08236190979495 5
      vertex 24.38288972274762 112.33894761555989 5
    endloop
  endfacet
  facet normal -0.9978589232386038 0.0654031292301384 0
    outer loop
      vertex 24.4 112.6 0
      vertex 24.38288972274762 112.33894761555989 5
      vertex 24.4 112.6 5
    endloop
  endfacet
  facet normal -0.9978589232386038 -0.0654031292301384 0
    outer loop
      vertex 24.38288972274762 112.8610523844401 0
      vertex 24.4 112.6 5
      vertex 24.38288972274762 112.8610523844401 5
    endloop
  endfacet
  facet normal -0.9807852804032283 -0.1950903220161393 0
    outer loop
      vertex 24.331851652578134 113.11763809020503 0
      vertex 24.38288972274762 112.8610523844401 5
      vertex 24.331851652578134 113.11763809020503 5
    endloop
  endfacet
  facet normal -0.9469301294951074 -0.32143946530315676 0
    outer loop
      vertex 24.24775906502257 113.36536686473018 0
      vertex 24.331851652578134 113.11763809020503 5
      vertex 24.24775906502257 113.36536686473018 5
    endloop
  endfacet
  facet normal -0.7518398074789668 -0.6593458151000808 0
    outer loop
      vertex 23.814213562373094 114.01421356237309 0
      vertex 23.98670668058247 113.81752285801744 5
      vertex 23.814213562373094 114.01421356237309 5
    endloop
  endfacet
  facet normal -0.8968727415326898 -0.4422886902189982 0
    outer loop
      vertex 24.132050807568877 113.6 0
      vertex 24.24775906502257 113.36536686473018 5
      vertex 24.132050807568877 113.6 5
    endloop
  endfacet
  facet normal -0.8314696123025481 -0.555570233019598 0
    outer loop
      vertex 23.98670668058247 113.81752285801744 0
      vertex 24.132050807568877 113.6 5
      vertex 23.98670668058247 113.81752285801744 5
    endloop
  endfacet
  facet normal 0.7518398074789787 0.6593458151000674 0
    outer loop
      vertex 20.81329331941753 25.182477141982556 0
      vertex 20.81329331941753 25.182477141982556 5
      vertex 20.985786437626903 24.985786437626903 0
    endloop
  endfacet
  facet normal 0.8314696123025439 0.5555702330196042 0
    outer loop
      vertex 20.66794919243112 25.4 0
      vertex 20.66794919243112 25.4 5
      vertex 20.81329331941753 25.182477141982556 0
    endloop
  endfacet
  facet normal 0.6593458151000674 0.7518398074789787 5.639528029405212e-19
    outer loop
      vertex 21.182477141982556 24.81329331941753 0
      vertex 20.985786437626903 24.985786437626903 0
      vertex 20.985786437626903 24.985786437626903 5
    endloop
  endfacet
  facet normal 0.5555702330196042 0.8314696123025439 0
    outer loop
      vertex 21.182477141982556 24.81329331941753 0
      vertex 21.182477141982556 24.81329331941753 5
      vertex 21.4 24.66794919243112 0
    endloop
  endfacet
  facet normal 0.4422886902189928 0.8968727415326925 0
    outer loop
      vertex 21.4 24.66794919243112 0
      vertex 21.4 24.66794919243112 5
      vertex 21.63463313526982 24.552240934977426 0
    endloop
  endfacet
  facet normal 0.3214394653031609 0.946930129495106 0
    outer loop
      vertex 21.63463313526982 24.552240934977426 0
      vertex 21.63463313526982 24.552240934977426 5
      vertex 21.88236190979496 24.468148347421863 0
    endloop
  endfacet
  facet normal 0.19509032201613669 0.9807852804032288 0
    outer loop
      vertex 21.88236190979496 24.468148347421863 0
      vertex 21.88236190979496 24.468148347421863 5
      vertex 22.138947615559896 24.417110277252377 0
    endloop
  endfacet
  facet normal 0.06540312923013929 0.9978589232386037 0
    outer loop
      vertex 22.138947615559896 24.417110277252377 0
      vertex 22.138947615559896 24.417110277252377 5
      vertex 22.4 24.4 0
    endloop
  endfacet
  facet normal -0.06540312923013929 0.9978589232386037 0
    outer loop
      vertex 22.4 24.4 0
      vertex 22.4 24.4 5
      vertex 22.6610523844401 24.417110277252377 0
    endloop
  endfacet
  facet normal -0.19509032201613669 0.9807852804032288 0
    outer loop
      vertex 22.6610523844401 24.417110277252377 0
      vertex 22.6610523844401 24.417110277252377 5
      vertex 22.91763809020504 24.468148347421863 0
    endloop
  endfacet
  facet normal -0.3214394653031609 0.946930129495106 0
    outer loop
      vertex 22.91763809020504 24.468148347421863 0
      vertex 22.91763809020504 24.468148347421863 5
      vertex 23.165366864730178 24.552240934977426 0
    endloop
  endfacet
  facet normal -0.4422886902189928 0.8968727415326925 0
    outer loop
      vertex 23.165366864730178 24.552240934977426 0
      vertex 23.165366864730178 24.552240934977426 5
      vertex 23.4 24.66794919243112 0
    endloop
  endfacet
  facet normal -0.5555702330196042 0.8314696123025439 0
    outer loop
      vertex 23.4 24.66794919243112 0
      vertex 23.4 24.66794919243112 5
      vertex 23.61752285801744 24.81329331941753 0
    endloop
  endfacet
  facet normal -0.6593458151000674 0.7518398074789787 0
    outer loop
      vertex 23.61752285801744 24.81329331941753 0
      vertex 23.61752285801744 24.81329331941753 5
      vertex 23.814213562373094 24.985786437626903 0
    endloop
  endfacet
  facet normal -0.7518398074789787 0.6593458151000674 0
    outer loop
      vertex 23.814213562373094 24.985786437626903 0
      vertex 23.814213562373094 24.985786437626903 5
      vertex 23.98670668058247 25.182477141982556 0
    endloop
  endfacet
  facet normal -0.8314696123025439 0.5555702330196042 0
    outer loop
      vertex 23.98670668058247 25.182477141982556 0
      vertex 23.98670668058247 25.182477141982556 5
      vertex 24.132050807568877 25.4 0
    endloop
  endfacet
  facet normal -0.8968727415326925 0.4422886902189928 0
    outer loop
      vertex 24.132050807568877 25.4 0
      vertex 24.132050807568877 25.4 5
      vertex 24.24775906502257 25.63463313526982 0
    endloop
  endfacet
  facet normal 0.8968727415326925 0.4422886902189928 0
    outer loop
      vertex 20.66794919243112 25.4 0
      vertex 20.552240934977426 25.63463313526982 5
      vertex 20.66794919243112 25.4 5
    endloop
  endfacet
  facet normal 0.6593458151000674 0.7518398074789787 0
    outer loop
      vertex 21.182477141982556 24.81329331941753 0
      vertex 20.985786437626903 24.985786437626903 5
      vertex 21.182477141982556 24.81329331941753 5
    endloop
  endfacet
  facet normal 0.7518398074789787 0.6593458151000674 0
    outer loop
      vertex 20.985786437626903 24.985786437626903 0
      vertex 20.81329331941753 25.182477141982556 5
      vertex 20.985786437626903 24.985786437626903 5
    endloop
  endfacet
  facet normal 0.8314696123025439 0.5555702330196042 0
    outer loop
      vertex 20.81329331941753 25.182477141982556 0
      vertex 20.66794919243112 25.4 5
      vertex 20.81329331941753 25.182477141982556 5
    endloop
  endfacet
  facet normal 0.5555702330196042 0.8314696123025439 0
    outer loop
      vertex 21.4 24.66794919243112 0
      vertex 21.182477141982556 24.81329331941753 5
      vertex 21.4 24.66794919243112 5
    endloop
  endfacet
  facet normal 0.4422886902189928 0.8968727415326925 0
    outer loop
      vertex 21.63463313526982 24.552240934977426 0
      vertex 21.4 24.66794919243112 5
      vertex 21.63463313526982 24.552240934977426 5
    endloop
  endfacet
  facet normal 0.3214394653031609 0.946930129495106 0
    outer loop
      vertex 21.88236190979496 24.468148347421863 0
      vertex 21.63463313526982 24.552240934977426 5
      vertex 21.88236190979496 24.468148347421863 5
    endloop
  endfacet
  facet normal 0.19509032201613669 0.9807852804032288 0
    outer loop
      vertex 22.138947615559896 24.417110277252377 0
      vertex 21.88236190979496 24.468148347421863 5
      vertex 22.138947615559896 24.417110277252377 5
    endloop
  endfacet
  facet normal 0.06540312923013929 0.9978589232386037 0
    outer loop
      vertex 22.4 24.4 0
      vertex 22.138947615559896 24.417110277252377 5
      vertex 22.4 24.4 5
    endloop
  endfacet
  facet normal -0.06540312923013929 0.9978589232386037 0
    outer loop
      vertex 22.6610523844401 24.417110277252377 0
      vertex 22.4 24.4 5
      vertex 22.6610523844401 24.417110277252377 5
    endloop
  endfacet
  facet normal -0.19509032201613669 0.9807852804032288 0
    outer loop
      vertex 22.91763809020504 24.468148347421863 0
      vertex 22.6610523844401 24.417110277252377 5
      vertex 22.91763809020504 24.468148347421863 5
    endloop
  endfacet
  facet normal -0.3214394653031609 0.946930129495106 0
    outer loop
      vertex 23.165366864730178 24.552240934977426 0
      vertex 22.91763809020504 24.468148347421863 5
      vertex 23.165366864730178 24.552240934977426 5
    endloop
  endfacet
  facet normal -0.4422886902189928 0.8968727415326925 0
    outer loop
      vertex 23.4 24.66794919243112 0
      vertex 23.165366864730178 24.552240934977426 5
      vertex 23.4 24.66794919243112 5
    endloop
  endfacet
  facet normal -0.5555702330196042 0.8314696123025439 0
    outer loop
      vertex 23.61752285801744 24.81329331941753 0
      vertex 23.4 24.66794919243112 5
      vertex 23.61752285801744 24.81329331941753 5
    endloop
  endfacet
  facet normal -0.6593458151000674 0.7518398074789787 0
    outer loop
      vertex 23.814213562373094 24.985786437626903 0
      vertex 23.61752285801744 24.81329331941753 5
      vertex 23.814213562373094 24.985786437626903 5
    endloop
  endfacet
  facet normal -0.7518398074789787 0.6593458151000674 0
    outer loop
      vertex 23.98670668058247 25.182477141982556 0
      vertex 23.814213562373094 24.985786437626903 5
      vertex 23.98670668058247 25.182477141982556 5
    endloop
  endfacet
  facet normal -0.8314696123025439 0.5555702330196042 0
    outer loop
      vertex 24.132050807568877 25.4 0
      vertex 23.98670668058247 25.182477141982556 5
      vertex 24.132050807568877 25.4 5
    endloop
  endfacet
  facet normal 0.8968727415326925 0.4422886902189928 1.4495017166093427e-21
    outer loop
      vertex 20.66794919243112 25.4 0
      vertex 20.552240934977426 25.63463313526982 0
      vertex 20.552240934977426 25.63463313526982 5
    endloop
  endfacet
  facet normal 0.946930129495106 0.3214394653031609 -1.2314283121119829e-18
    outer loop
      vertex 20.552240934977426 25.63463313526982 0
      vertex 20.468148347421863 25.88236190979496 0
      vertex 20.468148347421863 25.88236190979496 5
    endloop
  endfacet
  facet normal 0.9807852804032288 0.19509032201613669 -4.851037718300865e-19
    outer loop
      vertex 20.468148347421863 25.88236190979496 0
      vertex 20.417110277252377 26.138947615559896 0
      vertex 20.417110277252377 26.138947615559896 5
    endloop
  endfacet
  facet normal 0.9978589232386037 0.06540312923013929 -1.2233902921020854e-20
    outer loop
      vertex 20.417110277252377 26.138947615559896 0
      vertex 20.4 26.4 0
      vertex 20.4 26.4 5
    endloop
  endfacet
  facet normal 0.9978589232386037 -0.06540312923013929 1.2233902921020854e-20
    outer loop
      vertex 20.4 26.4 0
      vertex 20.417110277252377 26.6610523844401 0
      vertex 20.417110277252377 26.6610523844401 5
    endloop
  endfacet
  facet normal 0.9807852804032288 -0.19509032201613669 4.851037718300865e-19
    outer loop
      vertex 20.417110277252377 26.6610523844401 0
      vertex 20.468148347421863 26.91763809020504 0
      vertex 20.468148347421863 26.91763809020504 5
    endloop
  endfacet
  facet normal 0.946930129495106 -0.3214394653031609 1.2314283121119829e-18
    outer loop
      vertex 20.468148347421863 26.91763809020504 0
      vertex 20.552240934977426 27.165366864730178 0
      vertex 20.552240934977426 27.165366864730178 5
    endloop
  endfacet
  facet normal 0.8968727415326925 -0.4422886902189928 -1.4495017166093427e-21
    outer loop
      vertex 20.552240934977426 27.165366864730178 0
      vertex 20.66794919243112 27.4 0
      vertex 20.66794919243112 27.4 5
    endloop
  endfacet
  facet normal 0.8314696123025439 -0.5555702330196042 8.150208190563388e-19
    outer loop
      vertex 20.66794919243112 27.4 0
      vertex 20.81329331941753 27.61752285801744 0
      vertex 20.81329331941753 27.61752285801744 5
    endloop
  endfacet
  facet normal 0.7518398074789787 -0.6593458151000674 -5.639528029405212e-19
    outer loop
      vertex 20.81329331941753 27.61752285801744 0
      vertex 20.985786437626903 27.814213562373094 0
      vertex 20.985786437626903 27.814213562373094 5
    endloop
  endfacet
  facet normal 0.6593458151000674 -0.7518398074789787 -5.639528029405212e-19
    outer loop
      vertex 20.985786437626903 27.814213562373094 0
      vertex 21.182477141982556 27.98670668058247 0
      vertex 21.182477141982556 27.98670668058247 5
    endloop
  endfacet
  facet normal 0.5555702330196042 -0.8314696123025439 8.150208190563388e-19
    outer loop
      vertex 21.182477141982556 27.98670668058247 0
      vertex 21.4 28.132050807568877 0
      vertex 21.4 28.132050807568877 5
    endloop
  endfacet
  facet normal 0.4422886902189928 -0.8968727415326925 -1.4495017166093427e-21
    outer loop
      vertex 21.4 28.132050807568877 0
      vertex 21.63463313526982 28.24775906502257 0
      vertex 21.63463313526982 28.24775906502257 5
    endloop
  endfacet
  facet normal 0.3214394653031609 -0.946930129495106 1.2314283121119829e-18
    outer loop
      vertex 21.63463313526982 28.24775906502257 0
      vertex 21.88236190979496 28.331851652578134 0
      vertex 21.88236190979496 28.331851652578134 5
    endloop
  endfacet
  facet normal 0.19509032201613669 -0.9807852804032288 4.851037718300865e-19
    outer loop
      vertex 21.88236190979496 28.331851652578134 0
      vertex 22.138947615559896 28.38288972274762 0
      vertex 22.138947615559896 28.38288972274762 5
    endloop
  endfacet
  facet normal 0.06540312923013929 -0.9978589232386037 1.2233902921020854e-20
    outer loop
      vertex 22.138947615559896 28.38288972274762 0
      vertex 22.4 28.4 0
      vertex 22.4 28.4 5
    endloop
  endfacet
  facet normal -0.06540312923013929 -0.9978589232386037 -1.2233902921020854e-20
    outer loop
      vertex 22.4 28.4 0
      vertex 22.6610523844401 28.38288972274762 0
      vertex 22.6610523844401 28.38288972274762 5
    endloop
  endfacet
  facet normal -0.19509032201613669 -0.9807852804032288 -4.851037718300865e-19
    outer loop
      vertex 22.6610523844401 28.38288972274762 0
      vertex 22.91763809020504 28.331851652578134 0
      vertex 22.91763809020504 28.331851652578134 5
    endloop
  endfacet
  facet normal -0.3214394653031609 -0.946930129495106 -1.2314283121119829e-18
    outer loop
      vertex 22.91763809020504 28.331851652578134 0
      vertex 23.165366864730178 28.24775906502257 0
      vertex 23.165366864730178 28.24775906502257 5
    endloop
  endfacet
  facet normal -0.4422886902189928 -0.8968727415326925 1.4495017166093427e-21
    outer loop
      vertex 23.165366864730178 28.24775906502257 0
      vertex 23.4 28.132050807568877 0
      vertex 23.4 28.132050807568877 5
    endloop
  endfacet
  facet normal -0.5555702330196042 -0.8314696123025439 -8.150208190563388e-19
    outer loop
      vertex 23.4 28.132050807568877 0
      vertex 23.61752285801744 27.98670668058247 0
      vertex 23.61752285801744 27.98670668058247 5
    endloop
  endfacet
  facet normal -0.946930129495106 0.3214394653031609 0
    outer loop
      vertex 24.24775906502257 25.63463313526982 0
      vertex 24.24775906502257 25.63463313526982 5
      vertex 24.331851652578134 25.88236190979496 0
    endloop
  endfacet
  facet normal -0.9807852804032288 0.19509032201613669 0
    outer loop
      vertex 24.331851652578134 25.88236190979496 0
      vertex 24.331851652578134 25.88236190979496 5
      vertex 24.38288972274762 26.138947615559896 0
    endloop
  endfacet
  facet normal -0.9978589232386037 0.06540312923013929 0
    outer loop
      vertex 24.38288972274762 26.138947615559896 0
      vertex 24.38288972274762 26.138947615559896 5
      vertex 24.4 26.4 0
    endloop
  endfacet
  facet normal -0.9978589232386037 -0.06540312923013929 0
    outer loop
      vertex 24.4 26.4 0
      vertex 24.4 26.4 5
      vertex 24.38288972274762 26.6610523844401 0
    endloop
  endfacet
  facet normal -0.6593458151000674 -0.7518398074789787 5.639528029405212e-19
    outer loop
      vertex 23.61752285801744 27.98670668058247 0
      vertex 23.814213562373094 27.814213562373094 0
      vertex 23.814213562373094 27.814213562373094 5
    endloop
  endfacet
  facet normal -0.7518398074789787 -0.6593458151000674 5.639528029405212e-19
    outer loop
      vertex 23.814213562373094 27.814213562373094 0
      vertex 23.98670668058247 27.61752285801744 0
      vertex 23.98670668058247 27.61752285801744 5
    endloop
  endfacet
  facet normal -0.8314696123025439 -0.5555702330196042 0
    outer loop
      vertex 24.132050807568877 27.4 0
      vertex 24.132050807568877 27.4 5
      vertex 23.98670668058247 27.61752285801744 0
    endloop
  endfacet
  facet normal -0.9807852804032288 -0.19509032201613669 0
    outer loop
      vertex 24.38288972274762 26.6610523844401 0
      vertex 24.38288972274762 26.6610523844401 5
      vertex 24.331851652578134 26.91763809020504 0
    endloop
  endfacet
  facet normal -0.946930129495106 -0.3214394653031609 0
    outer loop
      vertex 24.331851652578134 26.91763809020504 0
      vertex 24.331851652578134 26.91763809020504 5
      vertex 24.24775906502257 27.165366864730178 0
    endloop
  endfacet
  facet normal -0.8968727415326925 -0.4422886902189928 1.4495017166093427e-21
    outer loop
      vertex 24.132050807568877 27.4 0
      vertex 24.24775906502257 27.165366864730178 0
      vertex 24.24775906502257 27.165366864730178 5
    endloop
  endfacet
  facet normal 0.946930129495106 0.3214394653031609 0
    outer loop
      vertex 20.552240934977426 25.63463313526982 0
      vertex 20.468148347421863 25.88236190979496 5
      vertex 20.552240934977426 25.63463313526982 5
    endloop
  endfacet
  facet normal 0.9807852804032288 0.19509032201613669 0
    outer loop
      vertex 20.468148347421863 25.88236190979496 0
      vertex 20.417110277252377 26.138947615559896 5
      vertex 20.468148347421863 25.88236190979496 5
    endloop
  endfacet
  facet normal 0.9978589232386037 0.06540312923013929 0
    outer loop
      vertex 20.417110277252377 26.138947615559896 0
      vertex 20.4 26.4 5
      vertex 20.417110277252377 26.138947615559896 5
    endloop
  endfacet
  facet normal 0.9978589232386037 -0.06540312923013929 0
    outer loop
      vertex 20.4 26.4 0
      vertex 20.417110277252377 26.6610523844401 5
      vertex 20.4 26.4 5
    endloop
  endfacet
  facet normal 0.9807852804032288 -0.19509032201613669 0
    outer loop
      vertex 20.417110277252377 26.6610523844401 0
      vertex 20.468148347421863 26.91763809020504 5
      vertex 20.417110277252377 26.6610523844401 5
    endloop
  endfacet
  facet normal 0.946930129495106 -0.3214394653031609 0
    outer loop
      vertex 20.468148347421863 26.91763809020504 0
      vertex 20.552240934977426 27.165366864730178 5
      vertex 20.468148347421863 26.91763809020504 5
    endloop
  endfacet
  facet normal 0.8968727415326925 -0.4422886902189928 0
    outer loop
      vertex 20.552240934977426 27.165366864730178 0
      vertex 20.66794919243112 27.4 5
      vertex 20.552240934977426 27.165366864730178 5
    endloop
  endfacet
  facet normal 0.8314696123025439 -0.5555702330196042 0
    outer loop
      vertex 20.66794919243112 27.4 0
      vertex 20.81329331941753 27.61752285801744 5
      vertex 20.66794919243112 27.4 5
    endloop
  endfacet
  facet normal 0.7518398074789787 -0.6593458151000674 0
    outer loop
      vertex 20.81329331941753 27.61752285801744 0
      vertex 20.985786437626903 27.814213562373094 5
      vertex 20.81329331941753 27.61752285801744 5
    endloop
  endfacet
  facet normal 0.6593458151000674 -0.7518398074789787 0
    outer loop
      vertex 20.985786437626903 27.814213562373094 0
      vertex 21.182477141982556 27.98670668058247 5
      vertex 20.985786437626903 27.814213562373094 5
    endloop
  endfacet
  facet normal 0.5555702330196042 -0.8314696123025439 0
    outer loop
      vertex 21.182477141982556 27.98670668058247 0
      vertex 21.4 28.132050807568877 5
      vertex 21.182477141982556 27.98670668058247 5
    endloop
  endfacet
  facet normal 0.4422886902189928 -0.8968727415326925 0
    outer loop
      vertex 21.4 28.132050807568877 0
      vertex 21.63463313526982 28.24775906502257 5
      vertex 21.4 28.132050807568877 5
    endloop
  endfacet
  facet normal 0.3214394653031609 -0.946930129495106 0
    outer loop
      vertex 21.63463313526982 28.24775906502257 0
      vertex 21.88236190979496 28.331851652578134 5
      vertex 21.63463313526982 28.24775906502257 5
    endloop
  endfacet
  facet normal 0.19509032201613669 -0.9807852804032288 0
    outer loop
      vertex 21.88236190979496 28.331851652578134 0
      vertex 22.138947615559896 28.38288972274762 5
      vertex 21.88236190979496 28.331851652578134 5
    endloop
  endfacet
  facet normal 0.06540312923013929 -0.9978589232386037 0
    outer loop
      vertex 22.138947615559896 28.38288972274762 0
      vertex 22.4 28.4 5
      vertex 22.138947615559896 28.38288972274762 5
    endloop
  endfacet
  facet normal -0.06540312923013929 -0.9978589232386037 0
    outer loop
      vertex 22.4 28.4 0
      vertex 22.6610523844401 28.38288972274762 5
      vertex 22.4 28.4 5
    endloop
  endfacet
  facet normal -0.19509032201613669 -0.9807852804032288 0
    outer loop
      vertex 22.6610523844401 28.38288972274762 0
      vertex 22.91763809020504 28.331851652578134 5
      vertex 22.6610523844401 28.38288972274762 5
    endloop
  endfacet
  facet normal -0.3214394653031609 -0.946930129495106 0
    outer loop
      vertex 22.91763809020504 28.331851652578134 0
      vertex 23.165366864730178 28.24775906502257 5
      vertex 22.91763809020504 28.331851652578134 5
    endloop
  endfacet
  facet normal -0.4422886902189928 -0.8968727415326925 0
    outer loop
      vertex 23.165366864730178 28.24775906502257 0
      vertex 23.4 28.132050807568877 5
      vertex 23.165366864730178 28.24775906502257 5
    endloop
  endfacet
  facet normal -0.5555702330196042 -0.8314696123025439 0
    outer loop
      vertex 23.4 28.132050807568877 0
      vertex 23.61752285801744 27.98670668058247 5
      vertex 23.4 28.132050807568877 5
    endloop
  endfacet
  facet normal -0.6593458151000674 -0.7518398074789787 0
    outer loop
      vertex 23.61752285801744 27.98670668058247 0
      vertex 23.814213562373094 27.814213562373094 5
      vertex 23.61752285801744 27.98670668058247 5
    endloop
  endfacet
  facet normal -0.8968727415326925 0.4422886902189928 -1.4495017166093427e-21
    outer loop
      vertex 24.132050807568877 25.4 5
      vertex 24.24775906502257 25.63463313526982 5
      vertex 24.24775906502257 25.63463313526982 0
    endloop
  endfacet
  facet normal -0.946930129495106 0.3214394653031609 0
    outer loop
      vertex 24.331851652578134 25.88236190979496 0
      vertex 24.24775906502257 25.63463313526982 5
      vertex 24.331851652578134 25.88236190979496 5
    endloop
  endfacet
  facet normal -0.9807852804032288 0.19509032201613669 0
    outer loop
      vertex 24.38288972274762 26.138947615559896 0
      vertex 24.331851652578134 25.88236190979496 5
      vertex 24.38288972274762 26.138947615559896 5
    endloop
  endfacet
  facet normal -0.9978589232386037 0.06540312923013929 0
    outer loop
      vertex 24.4 26.4 0
      vertex 24.38288972274762 26.138947615559896 5
      vertex 24.4 26.4 5
    endloop
  endfacet
  facet normal -0.9978589232386037 -0.06540312923013929 0
    outer loop
      vertex 24.38288972274762 26.6610523844401 0
      vertex 24.4 26.4 5
      vertex 24.38288972274762 26.6610523844401 5
    endloop
  endfacet
  facet normal -0.7518398074789787 -0.6593458151000674 0
    outer loop
      vertex 23.814213562373094 27.814213562373094 0
      vertex 23.98670668058247 27.61752285801744 5
      vertex 23.814213562373094 27.814213562373094 5
    endloop
  endfacet
  facet normal -0.8314696123025439 -0.5555702330196042 0
    outer loop
      vertex 23.98670668058247 27.61752285801744 0
      vertex 24.132050807568877 27.4 5
      vertex 23.98670668058247 27.61752285801744 5
    endloop
  endfacet
  facet normal -0.8968727415326925 -0.4422886902189928 0
    outer loop
      vertex 24.132050807568877 27.4 0
      vertex 24.24775906502257 27.165366864730178 5
      vertex 24.132050807568877 27.4 5
    endloop
  endfacet
  facet normal -0.9807852804032288 -0.19509032201613669 0
    outer loop
      vertex 24.331851652578134 26.91763809020504 0
      vertex 24.38288972274762 26.6610523844401 5
      vertex 24.331851652578134 26.91763809020504 5
    endloop
  endfacet
  facet normal -0.946930129495106 -0.3214394653031609 0
    outer loop
      vertex 24.24775906502257 27.165366864730178 0
      vertex 24.331851652578134 26.91763809020504 5
      vertex 24.24775906502257 27.165366864730178 5
    endloop
  endfacet
  facet normal 0.7518398074789787 0.6593458151000674 0
    outer loop
      vertex 112.01329331941753 25.182477141982556 0
      vertex 112.01329331941753 25.182477141982556 5
      vertex 112.1857864376269 24.985786437626903 0
    endloop
  endfacet
  facet normal 0.8314696123025312 0.5555702330196229 0
    outer loop
      vertex 111.86794919243111 25.4 0
      vertex 111.86794919243111 25.4 5
      vertex 112.01329331941753 25.182477141982556 0
    endloop
  endfacet
  facet normal 0.6593458151000808 0.7518398074789668 -1.3831251876455673e-18
    outer loop
      vertex 112.38247714198255 24.81329331941753 0
      vertex 112.1857864376269 24.985786437626903 0
      vertex 112.1857864376269 24.985786437626903 5
    endloop
  endfacet
  facet normal 0.555570233019598 0.8314696123025481 0
    outer loop
      vertex 112.38247714198255 24.81329331941753 0
      vertex 112.38247714198255 24.81329331941753 5
      vertex 112.6 24.66794919243112 0
    endloop
  endfacet
  facet normal 0.4422886902189982 0.8968727415326898 0
    outer loop
      vertex 112.6 24.66794919243112 0
      vertex 112.6 24.66794919243112 5
      vertex 112.83463313526981 24.552240934977426 0
    endloop
  endfacet
  facet normal 0.32143946530315676 0.9469301294951074 0
    outer loop
      vertex 112.83463313526981 24.552240934977426 0
      vertex 112.83463313526981 24.552240934977426 5
      vertex 113.08236190979495 24.468148347421863 0
    endloop
  endfacet
  facet normal 0.1950903220161393 0.9807852804032283 0
    outer loop
      vertex 113.08236190979495 24.468148347421863 0
      vertex 113.08236190979495 24.468148347421863 5
      vertex 113.33894761555989 24.417110277252377 0
    endloop
  endfacet
  facet normal 0.0654031292301384 0.9978589232386038 0
    outer loop
      vertex 113.33894761555989 24.417110277252377 0
      vertex 113.33894761555989 24.417110277252377 5
      vertex 113.6 24.4 0
    endloop
  endfacet
  facet normal -0.0654031292301384 0.9978589232386038 0
    outer loop
      vertex 113.6 24.4 0
      vertex 113.6 24.4 5
      vertex 113.8610523844401 24.417110277252377 0
    endloop
  endfacet
  facet normal -0.1950903220161393 0.9807852804032283 0
    outer loop
      vertex 113.8610523844401 24.417110277252377 0
      vertex 113.8610523844401 24.417110277252377 5
      vertex 114.11763809020503 24.468148347421863 0
    endloop
  endfacet
  facet normal -0.32143946530315676 0.9469301294951074 0
    outer loop
      vertex 114.11763809020503 24.468148347421863 0
      vertex 114.11763809020503 24.468148347421863 5
      vertex 114.36536686473018 24.552240934977426 0
    endloop
  endfacet
  facet normal -0.4422886902189982 0.8968727415326898 0
    outer loop
      vertex 114.36536686473018 24.552240934977426 0
      vertex 114.36536686473018 24.552240934977426 5
      vertex 114.6 24.66794919243112 0
    endloop
  endfacet
  facet normal -0.555570233019598 0.8314696123025481 0
    outer loop
      vertex 114.6 24.66794919243112 0
      vertex 114.6 24.66794919243112 5
      vertex 114.81752285801744 24.81329331941753 0
    endloop
  endfacet
  facet normal -0.6593458151000808 0.7518398074789668 0
    outer loop
      vertex 114.81752285801744 24.81329331941753 0
      vertex 114.81752285801744 24.81329331941753 5
      vertex 115.01421356237309 24.985786437626903 0
    endloop
  endfacet
  facet normal -0.7518398074789787 0.6593458151000674 0
    outer loop
      vertex 115.01421356237309 24.985786437626903 0
      vertex 115.01421356237309 24.985786437626903 5
      vertex 115.18670668058246 25.182477141982556 0
    endloop
  endfacet
  facet normal -0.8314696123025312 0.5555702330196229 0
    outer loop
      vertex 115.18670668058246 25.182477141982556 0
      vertex 115.18670668058246 25.182477141982556 5
      vertex 115.33205080756888 25.4 0
    endloop
  endfacet
  facet normal -0.8968727415326979 0.44228869021898193 0
    outer loop
      vertex 115.33205080756888 25.4 0
      vertex 115.33205080756888 25.4 5
      vertex 115.44775906502257 25.63463313526982 0
    endloop
  endfacet
  facet normal 0.8968727415326979 0.44228869021898193 0
    outer loop
      vertex 111.86794919243111 25.4 0
      vertex 111.75224093497742 25.63463313526982 5
      vertex 111.86794919243111 25.4 5
    endloop
  endfacet
  facet normal 0.6593458151000808 0.7518398074789668 0
    outer loop
      vertex 112.38247714198255 24.81329331941753 0
      vertex 112.1857864376269 24.985786437626903 5
      vertex 112.38247714198255 24.81329331941753 5
    endloop
  endfacet
  facet normal 0.7518398074789787 0.6593458151000674 0
    outer loop
      vertex 112.1857864376269 24.985786437626903 0
      vertex 112.01329331941753 25.182477141982556 5
      vertex 112.1857864376269 24.985786437626903 5
    endloop
  endfacet
  facet normal 0.8314696123025312 0.5555702330196229 0
    outer loop
      vertex 112.01329331941753 25.182477141982556 0
      vertex 111.86794919243111 25.4 5
      vertex 112.01329331941753 25.182477141982556 5
    endloop
  endfacet
  facet normal 0.555570233019598 0.8314696123025481 0
    outer loop
      vertex 112.6 24.66794919243112 0
      vertex 112.38247714198255 24.81329331941753 5
      vertex 112.6 24.66794919243112 5
    endloop
  endfacet
  facet normal 0.4422886902189982 0.8968727415326898 0
    outer loop
      vertex 112.83463313526981 24.552240934977426 0
      vertex 112.6 24.66794919243112 5
      vertex 112.83463313526981 24.552240934977426 5
    endloop
  endfacet
  facet normal 0.32143946530315676 0.9469301294951074 0
    outer loop
      vertex 113.08236190979495 24.468148347421863 0
      vertex 112.83463313526981 24.552240934977426 5
      vertex 113.08236190979495 24.468148347421863 5
    endloop
  endfacet
  facet normal 0.1950903220161393 0.9807852804032283 0
    outer loop
      vertex 113.33894761555989 24.417110277252377 0
      vertex 113.08236190979495 24.468148347421863 5
      vertex 113.33894761555989 24.417110277252377 5
    endloop
  endfacet
  facet normal 0.0654031292301384 0.9978589232386038 0
    outer loop
      vertex 113.6 24.4 0
      vertex 113.33894761555989 24.417110277252377 5
      vertex 113.6 24.4 5
    endloop
  endfacet
  facet normal -0.0654031292301384 0.9978589232386038 0
    outer loop
      vertex 113.8610523844401 24.417110277252377 0
      vertex 113.6 24.4 5
      vertex 113.8610523844401 24.417110277252377 5
    endloop
  endfacet
  facet normal -0.1950903220161393 0.9807852804032283 0
    outer loop
      vertex 114.11763809020503 24.468148347421863 0
      vertex 113.8610523844401 24.417110277252377 5
      vertex 114.11763809020503 24.468148347421863 5
    endloop
  endfacet
  facet normal -0.32143946530315676 0.9469301294951074 0
    outer loop
      vertex 114.36536686473018 24.552240934977426 0
      vertex 114.11763809020503 24.468148347421863 5
      vertex 114.36536686473018 24.552240934977426 5
    endloop
  endfacet
  facet normal -0.4422886902189982 0.8968727415326898 0
    outer loop
      vertex 114.6 24.66794919243112 0
      vertex 114.36536686473018 24.552240934977426 5
      vertex 114.6 24.66794919243112 5
    endloop
  endfacet
  facet normal -0.555570233019598 0.8314696123025481 0
    outer loop
      vertex 114.81752285801744 24.81329331941753 0
      vertex 114.6 24.66794919243112 5
      vertex 114.81752285801744 24.81329331941753 5
    endloop
  endfacet
  facet normal -0.6593458151000808 0.7518398074789668 0
    outer loop
      vertex 115.01421356237309 24.985786437626903 0
      vertex 114.81752285801744 24.81329331941753 5
      vertex 115.01421356237309 24.985786437626903 5
    endloop
  endfacet
  facet normal -0.7518398074789787 0.6593458151000674 0
    outer loop
      vertex 115.18670668058246 25.182477141982556 0
      vertex 115.01421356237309 24.985786437626903 5
      vertex 115.18670668058246 25.182477141982556 5
    endloop
  endfacet
  facet normal -0.8314696123025312 0.5555702330196229 0
    outer loop
      vertex 115.33205080756888 25.4 0
      vertex 115.18670668058246 25.182477141982556 5
      vertex 115.33205080756888 25.4 5
    endloop
  endfacet
  facet normal 0.9807852804032314 0.19509032201612364 1.6144156774695799e-19
    outer loop
      vertex 111.66814834742186 25.88236190979496 0
      vertex 111.61711027725238 26.138947615559896 0
      vertex 111.61711027725238 26.138947615559896 5
    endloop
  endfacet
  facet normal 0.8968727415326979 0.44228869021898193 7.025479926206573e-19
    outer loop
      vertex 111.86794919243111 25.4 0
      vertex 111.75224093497742 25.63463313526982 0
      vertex 111.75224093497742 25.63463313526982 5
    endloop
  endfacet
  facet normal 0.94693012949511 0.3214394653031487 5.569624508530084e-19
    outer loop
      vertex 111.75224093497742 25.63463313526982 0
      vertex 111.66814834742186 25.88236190979496 0
      vertex 111.66814834742186 25.88236190979496 5
    endloop
  endfacet
  facet normal 0.997858923238602 0.06540312923016633 2.920354754736994e-19
    outer loop
      vertex 111.61711027725238 26.138947615559896 0
      vertex 111.6 26.4 0
      vertex 111.6 26.4 5
    endloop
  endfacet
  facet normal 0.997858923238602 -0.06540312923016633 -2.920354754736994e-19
    outer loop
      vertex 111.6 26.4 0
      vertex 111.61711027725238 26.6610523844401 0
      vertex 111.61711027725238 26.6610523844401 5
    endloop
  endfacet
  facet normal 0.9807852804032314 -0.19509032201612364 -1.6144156774695799e-19
    outer loop
      vertex 111.61711027725238 26.6610523844401 0
      vertex 111.66814834742186 26.91763809020504 0
      vertex 111.66814834742186 26.91763809020504 5
    endloop
  endfacet
  facet normal 0.94693012949511 -0.3214394653031487 -5.569624508530084e-19
    outer loop
      vertex 111.66814834742186 26.91763809020504 0
      vertex 111.75224093497742 27.165366864730178 0
      vertex 111.75224093497742 27.165366864730178 5
    endloop
  endfacet
  facet normal 0.8968727415326979 -0.44228869021898193 -7.025479926206573e-19
    outer loop
      vertex 111.75224093497742 27.165366864730178 0
      vertex 111.86794919243111 27.4 0
      vertex 111.86794919243111 27.4 5
    endloop
  endfacet
  facet normal 0.8314696123025312 -0.5555702330196229 -5.461329449717654e-19
    outer loop
      vertex 111.86794919243111 27.4 0
      vertex 112.01329331941753 27.61752285801744 0
      vertex 112.01329331941753 27.61752285801744 5
    endloop
  endfacet
  facet normal 0.7518398074789787 -0.6593458151000674 -5.639528029405212e-19
    outer loop
      vertex 112.01329331941753 27.61752285801744 0
      vertex 112.1857864376269 27.814213562373094 0
      vertex 112.1857864376269 27.814213562373094 5
    endloop
  endfacet
  facet normal 0.6593458151000808 -0.7518398074789668 1.3831251876455673e-18
    outer loop
      vertex 112.1857864376269 27.814213562373094 0
      vertex 112.38247714198255 27.98670668058247 0
      vertex 112.38247714198255 27.98670668058247 5
    endloop
  endfacet
  facet normal 0.555570233019598 -0.8314696123025481 -2.281906470811042e-18
    outer loop
      vertex 112.38247714198255 27.98670668058247 0
      vertex 112.6 28.132050807568877 0
      vertex 112.6 28.132050807568877 5
    endloop
  endfacet
  facet normal 0.4422886902189982 -0.8968727415326898 -1.2885199333596317e-18
    outer loop
      vertex 112.6 28.132050807568877 0
      vertex 112.83463313526981 28.24775906502257 0
      vertex 112.83463313526981 28.24775906502257 5
    endloop
  endfacet
  facet normal 0.32143946530315676 -0.9469301294951074 -1.1270205586828856e-18
    outer loop
      vertex 112.83463313526981 28.24775906502257 0
      vertex 113.08236190979495 28.331851652578134 0
      vertex 113.08236190979495 28.331851652578134 5
    endloop
  endfacet
  facet normal 0.1950903220161393 -0.9807852804032283 -2.1242289078221924e-19
    outer loop
      vertex 113.08236190979495 28.331851652578134 0
      vertex 113.33894761555989 28.38288972274762 0
      vertex 113.33894761555989 28.38288972274762 5
    endloop
  endfacet
  facet normal 0.0654031292301384 -0.9978589232386038 6.773154061746811e-20
    outer loop
      vertex 113.33894761555989 28.38288972274762 0
      vertex 113.6 28.4 0
      vertex 113.6 28.4 5
    endloop
  endfacet
  facet normal -0.0654031292301384 -0.9978589232386038 -6.773154061746811e-20
    outer loop
      vertex 113.6 28.4 0
      vertex 113.8610523844401 28.38288972274762 0
      vertex 113.8610523844401 28.38288972274762 5
    endloop
  endfacet
  facet normal -0.1950903220161393 -0.9807852804032283 2.1242289078221924e-19
    outer loop
      vertex 113.8610523844401 28.38288972274762 0
      vertex 114.11763809020503 28.331851652578134 0
      vertex 114.11763809020503 28.331851652578134 5
    endloop
  endfacet
  facet normal -0.32143946530315676 -0.9469301294951074 1.1270205586828856e-18
    outer loop
      vertex 114.11763809020503 28.331851652578134 0
      vertex 114.36536686473018 28.24775906502257 0
      vertex 114.36536686473018 28.24775906502257 5
    endloop
  endfacet
  facet normal -0.8968727415326979 -0.44228869021898193 7.025479926206573e-19
    outer loop
      vertex 115.33205080756888 27.4 0
      vertex 115.44775906502257 27.165366864730178 0
      vertex 115.44775906502257 27.165366864730178 5
    endloop
  endfacet
  facet normal -0.6593458151000808 -0.7518398074789668 0
    outer loop
      vertex 115.01421356237309 27.814213562373094 0
      vertex 115.01421356237309 27.814213562373094 5
      vertex 114.81752285801744 27.98670668058247 0
    endloop
  endfacet
  facet normal -0.7518398074789787 -0.6593458151000674 5.639528029405212e-19
    outer loop
      vertex 115.01421356237309 27.814213562373094 0
      vertex 115.18670668058246 27.61752285801744 0
      vertex 115.18670668058246 27.61752285801744 5
    endloop
  endfacet
  facet normal -0.8314696123025312 -0.5555702330196229 0
    outer loop
      vertex 115.33205080756888 27.4 0
      vertex 115.33205080756888 27.4 5
      vertex 115.18670668058246 27.61752285801744 0
    endloop
  endfacet
  facet normal -0.94693012949511 0.3214394653031487 0
    outer loop
      vertex 115.44775906502257 25.63463313526982 0
      vertex 115.44775906502257 25.63463313526982 5
      vertex 115.53185165257813 25.88236190979496 0
    endloop
  endfacet
  facet normal -0.9807852804032314 0.19509032201612364 0
    outer loop
      vertex 115.53185165257813 25.88236190979496 0
      vertex 115.53185165257813 25.88236190979496 5
      vertex 115.58288972274761 26.138947615559896 0
    endloop
  endfacet
  facet normal -0.997858923238602 0.06540312923016633 0
    outer loop
      vertex 115.58288972274761 26.138947615559896 0
      vertex 115.58288972274761 26.138947615559896 5
      vertex 115.6 26.4 0
    endloop
  endfacet
  facet normal -0.997858923238602 -0.06540312923016633 0
    outer loop
      vertex 115.6 26.4 0
      vertex 115.6 26.4 5
      vertex 115.58288972274761 26.6610523844401 0
    endloop
  endfacet
  facet normal -0.9807852804032314 -0.19509032201612364 0
    outer loop
      vertex 115.58288972274761 26.6610523844401 0
      vertex 115.58288972274761 26.6610523844401 5
      vertex 115.53185165257813 26.91763809020504 0
    endloop
  endfacet
  facet normal -0.94693012949511 -0.3214394653031487 0
    outer loop
      vertex 115.53185165257813 26.91763809020504 0
      vertex 115.53185165257813 26.91763809020504 5
      vertex 115.44775906502257 27.165366864730178 0
    endloop
  endfacet
  facet normal -0.4422886902189982 -0.8968727415326898 1.2885199333596317e-18
    outer loop
      vertex 114.36536686473018 28.24775906502257 0
      vertex 114.6 28.132050807568877 0
      vertex 114.6 28.132050807568877 5
    endloop
  endfacet
  facet normal -0.555570233019598 -0.8314696123025481 2.281906470811042e-18
    outer loop
      vertex 114.6 28.132050807568877 0
      vertex 114.81752285801744 27.98670668058247 0
      vertex 114.81752285801744 27.98670668058247 5
    endloop
  endfacet
  facet normal 0.94693012949511 0.3214394653031487 0
    outer loop
      vertex 111.75224093497742 25.63463313526982 0
      vertex 111.66814834742186 25.88236190979496 5
      vertex 111.75224093497742 25.63463313526982 5
    endloop
  endfacet
  facet normal 0.9807852804032314 0.19509032201612364 0
    outer loop
      vertex 111.66814834742186 25.88236190979496 0
      vertex 111.61711027725238 26.138947615559896 5
      vertex 111.66814834742186 25.88236190979496 5
    endloop
  endfacet
  facet normal 0.997858923238602 0.06540312923016633 0
    outer loop
      vertex 111.61711027725238 26.138947615559896 0
      vertex 111.6 26.4 5
      vertex 111.61711027725238 26.138947615559896 5
    endloop
  endfacet
  facet normal 0.997858923238602 -0.06540312923016633 0
    outer loop
      vertex 111.6 26.4 0
      vertex 111.61711027725238 26.6610523844401 5
      vertex 111.6 26.4 5
    endloop
  endfacet
  facet normal 0.9807852804032314 -0.19509032201612364 0
    outer loop
      vertex 111.61711027725238 26.6610523844401 0
      vertex 111.66814834742186 26.91763809020504 5
      vertex 111.61711027725238 26.6610523844401 5
    endloop
  endfacet
  facet normal 0.94693012949511 -0.3214394653031487 0
    outer loop
      vertex 111.66814834742186 26.91763809020504 0
      vertex 111.75224093497742 27.165366864730178 5
      vertex 111.66814834742186 26.91763809020504 5
    endloop
  endfacet
  facet normal 0.8968727415326979 -0.44228869021898193 0
    outer loop
      vertex 111.75224093497742 27.165366864730178 0
      vertex 111.86794919243111 27.4 5
      vertex 111.75224093497742 27.165366864730178 5
    endloop
  endfacet
  facet normal 0.8314696123025312 -0.5555702330196229 0
    outer loop
      vertex 111.86794919243111 27.4 0
      vertex 112.01329331941753 27.61752285801744 5
      vertex 111.86794919243111 27.4 5
    endloop
  endfacet
  facet normal 0.7518398074789787 -0.6593458151000674 0
    outer loop
      vertex 112.01329331941753 27.61752285801744 0
      vertex 112.1857864376269 27.814213562373094 5
      vertex 112.01329331941753 27.61752285801744 5
    endloop
  endfacet
  facet normal 0.6593458151000808 -0.7518398074789668 0
    outer loop
      vertex 112.1857864376269 27.814213562373094 0
      vertex 112.38247714198255 27.98670668058247 5
      vertex 112.1857864376269 27.814213562373094 5
    endloop
  endfacet
  facet normal 0.555570233019598 -0.8314696123025481 0
    outer loop
      vertex 112.38247714198255 27.98670668058247 0
      vertex 112.6 28.132050807568877 5
      vertex 112.38247714198255 27.98670668058247 5
    endloop
  endfacet
  facet normal 0.4422886902189982 -0.8968727415326898 0
    outer loop
      vertex 112.6 28.132050807568877 0
      vertex 112.83463313526981 28.24775906502257 5
      vertex 112.6 28.132050807568877 5
    endloop
  endfacet
  facet normal 0.32143946530315676 -0.9469301294951074 0
    outer loop
      vertex 112.83463313526981 28.24775906502257 0
      vertex 113.08236190979495 28.331851652578134 5
      vertex 112.83463313526981 28.24775906502257 5
    endloop
  endfacet
  facet normal 0.1950903220161393 -0.9807852804032283 0
    outer loop
      vertex 113.08236190979495 28.331851652578134 0
      vertex 113.33894761555989 28.38288972274762 5
      vertex 113.08236190979495 28.331851652578134 5
    endloop
  endfacet
  facet normal 0.0654031292301384 -0.9978589232386038 0
    outer loop
      vertex 113.33894761555989 28.38288972274762 0
      vertex 113.6 28.4 5
      vertex 113.33894761555989 28.38288972274762 5
    endloop
  endfacet
  facet normal -0.0654031292301384 -0.9978589232386038 0
    outer loop
      vertex 113.6 28.4 0
      vertex 113.8610523844401 28.38288972274762 5
      vertex 113.6 28.4 5
    endloop
  endfacet
  facet normal -0.1950903220161393 -0.9807852804032283 0
    outer loop
      vertex 113.8610523844401 28.38288972274762 0
      vertex 114.11763809020503 28.331851652578134 5
      vertex 113.8610523844401 28.38288972274762 5
    endloop
  endfacet
  facet normal -0.32143946530315676 -0.9469301294951074 0
    outer loop
      vertex 114.11763809020503 28.331851652578134 0
      vertex 114.36536686473018 28.24775906502257 5
      vertex 114.11763809020503 28.331851652578134 5
    endloop
  endfacet
  facet normal -0.8968727415326979 0.44228869021898193 -7.025479926206573e-19
    outer loop
      vertex 115.33205080756888 25.4 5
      vertex 115.44775906502257 25.63463313526982 5
      vertex 115.44775906502257 25.63463313526982 0
    endloop
  endfacet
  facet normal -0.7518398074789787 -0.6593458151000674 0
    outer loop
      vertex 115.01421356237309 27.814213562373094 0
      vertex 115.18670668058246 27.61752285801744 5
      vertex 115.01421356237309 27.814213562373094 5
    endloop
  endfacet
  facet normal -0.8314696123025312 -0.5555702330196229 0
    outer loop
      vertex 115.18670668058246 27.61752285801744 0
      vertex 115.33205080756888 27.4 5
      vertex 115.18670668058246 27.61752285801744 5
    endloop
  endfacet
  facet normal -0.8968727415326979 -0.44228869021898193 0
    outer loop
      vertex 115.33205080756888 27.4 0
      vertex 115.44775906502257 27.165366864730178 5
      vertex 115.33205080756888 27.4 5
    endloop
  endfacet
  facet normal -0.94693012949511 0.3214394653031487 0
    outer loop
      vertex 115.53185165257813 25.88236190979496 0
      vertex 115.44775906502257 25.63463313526982 5
      vertex 115.53185165257813 25.88236190979496 5
    endloop
  endfacet
  facet normal -0.9807852804032314 0.19509032201612364 0
    outer loop
      vertex 115.58288972274761 26.138947615559896 0
      vertex 115.53185165257813 25.88236190979496 5
      vertex 115.58288972274761 26.138947615559896 5
    endloop
  endfacet
  facet normal -0.997858923238602 0.06540312923016633 0
    outer loop
      vertex 115.6 26.4 0
      vertex 115.58288972274761 26.138947615559896 5
      vertex 115.6 26.4 5
    endloop
  endfacet
  facet normal -0.997858923238602 -0.06540312923016633 0
    outer loop
      vertex 115.58288972274761 26.6610523844401 0
      vertex 115.6 26.4 5
      vertex 115.58288972274761 26.6610523844401 5
    endloop
  endfacet
  facet normal -0.9807852804032314 -0.19509032201612364 0
    outer loop
      vertex 115.53185165257813 26.91763809020504 0
      vertex 115.58288972274761 26.6610523844401 5
      vertex 115.53185165257813 26.91763809020504 5
    endloop
  endfacet
  facet normal -0.94693012949511 -0.3214394653031487 0
    outer loop
      vertex 115.44775906502257 27.165366864730178 0
      vertex 115.53185165257813 26.91763809020504 5
      vertex 115.44775906502257 27.165366864730178 5
    endloop
  endfacet
  facet normal -0.4422886902189982 -0.8968727415326898 0
    outer loop
      vertex 114.36536686473018 28.24775906502257 0
      vertex 114.6 28.132050807568877 5
      vertex 114.36536686473018 28.24775906502257 5
    endloop
  endfacet
  facet normal -0.555570233019598 -0.8314696123025481 0
    outer loop
      vertex 114.6 28.132050807568877 0
      vertex 114.81752285801744 27.98670668058247 5
      vertex 114.6 28.132050807568877 5
    endloop
  endfacet
  facet normal -0.6593458151000808 -0.7518398074789668 0
    outer loop
      vertex 114.81752285801744 27.98670668058247 0
      vertex 115.01421356237309 27.814213562373094 5
      vertex 114.81752285801744 27.98670668058247 5
    endloop
  endfacet
  facet normal -0.9469301294951059 -0.3214394653031609 1.8941312525617826e-18
    outer loop
      vertex 113.38060233744356 129.08658283817456 0
      vertex 113.17037086855466 129.7059047744874 6.6
      vertex 113.17037086855466 129.7059047744874 0
    endloop
  endfacet
  facet normal -0.8314696123025439 -0.5555702330196043 0
    outer loop
      vertex 113.6698729810778 128.5 0
      vertex 114.03323329854382 127.9561928549564 0
      vertex 113.6698729810778 128.5 6.6
    endloop
  endfacet
  facet normal -0.7518398074789756 -0.6593458151000708 0
    outer loop
      vertex 114.03323329854382 127.9561928549564 0
      vertex 114.46446609406726 127.46446609406726 0
      vertex 114.03323329854382 127.9561928549564 6.6
    endloop
  endfacet
  facet normal -0.896872741532693 -0.4422886902189919 0
    outer loop
      vertex 113.38060233744356 129.08658283817456 0
      vertex 113.6698729810778 128.5 0
      vertex 113.38060233744356 129.08658283817456 6.6
    endloop
  endfacet
  facet normal -0.6593458151000708 -0.7518398074789756 0
    outer loop
      vertex 114.46446609406726 127.46446609406726 0
      vertex 114.9561928549564 127.03323329854382 0
      vertex 114.46446609406726 127.46446609406726 6.6
    endloop
  endfacet
  facet normal -0.5555702330196043 -0.8314696123025439 0
    outer loop
      vertex 114.9561928549564 127.03323329854382 0
      vertex 115.5 126.6698729810778 0
      vertex 114.9561928549564 127.03323329854382 6.6
    endloop
  endfacet
  facet normal -0.3214394653031609 -0.9469301294951059 0
    outer loop
      vertex 116.08658283817455 126.38060233744356 0
      vertex 116.7059047744874 126.17037086855466 0
      vertex 116.08658283817455 126.38060233744356 6.6
    endloop
  endfacet
  facet normal -0.44228869021900047 -0.8968727415326887 2.3057373828304294e-18
    outer loop
      vertex 116.08658283817455 126.38060233744356 0
      vertex 115.5 126.6698729810778 6.6
      vertex 115.5 126.6698729810778 0
    endloop
  endfacet
  facet normal -0.19509032201612211 -0.9807852804032318 0
    outer loop
      vertex 116.7059047744874 126.17037086855466 0
      vertex 117.34736903889974 126.04277569313095 0
      vertex 116.7059047744874 126.17037086855466 6.6
    endloop
  endfacet
  facet normal -0.06540312923014452 -0.9978589232386034 0
    outer loop
      vertex 117.34736903889974 126.04277569313095 0
      vertex 118 126 0
      vertex 117.34736903889974 126.04277569313095 6.6
    endloop
  endfacet
  facet normal -0.9807852804032299 -0.19509032201613039 6.260426114375273e-19
    outer loop
      vertex 113.17037086855466 129.7059047744874 0
      vertex 113.04277569313095 130.34736903889973 6.6
      vertex 113.04277569313095 130.34736903889973 0
    endloop
  endfacet
  facet normal -0.9978589232386035 -0.06540312923014309 -3.482832360318036e-19
    outer loop
      vertex 113.04277569313095 130.34736903889973 0
      vertex 113 131 6.6
      vertex 113 131 0
    endloop
  endfacet
  facet normal -0.9978589232386035 0.06540312923014309 3.482832360318036e-19
    outer loop
      vertex 113 131 0
      vertex 113.04277569313095 131.65263096110027 6.6
      vertex 113.04277569313095 131.65263096110027 0
    endloop
  endfacet
  facet normal -0.9807852804032299 0.19509032201613039 -6.260426114375273e-19
    outer loop
      vertex 113.04277569313095 131.65263096110027 0
      vertex 113.17037086855466 132.2940952255126 6.6
      vertex 113.17037086855466 132.2940952255126 0
    endloop
  endfacet
  facet normal -0.9469301294951059 0.3214394653031609 -1.8941312525617826e-18
    outer loop
      vertex 113.17037086855466 132.2940952255126 0
      vertex 113.38060233744356 132.91341716182544 6.6
      vertex 113.38060233744356 132.91341716182544 0
    endloop
  endfacet
  facet normal -0.896872741532693 0.4422886902189919 -1.620500281401706e-18
    outer loop
      vertex 113.38060233744356 132.91341716182544 0
      vertex 113.6698729810778 133.5 6.6
      vertex 113.6698729810778 133.5 0
    endloop
  endfacet
  facet normal -0.8314696123025507 0.5555702330195942 1.0162604803338033e-18
    outer loop
      vertex 113.6698729810778 133.5 0
      vertex 114.03323329854382 134.04380714504362 6.6
      vertex 114.03323329854382 134.04380714504362 0
    endloop
  endfacet
  facet normal -0.7518398074789663 0.6593458151000817 3.860883444530685e-19
    outer loop
      vertex 114.03323329854382 134.04380714504362 0
      vertex 114.46446609406726 134.53553390593274 6.6
      vertex 114.46446609406726 134.53553390593274 0
    endloop
  endfacet
  facet normal -0.6593458151000708 0.7518398074789756 -9.565416591731237e-19
    outer loop
      vertex 114.46446609406726 134.53553390593274 0
      vertex 114.9561928549564 134.96676670145618 6.6
      vertex 114.9561928549564 134.96676670145618 0
    endloop
  endfacet
  facet normal -0.5555702330195892 0.8314696123025538 -2.0041506557474694e-18
    outer loop
      vertex 114.9561928549564 134.96676670145618 0
      vertex 115.5 135.33012701892218 6.6
      vertex 115.5 135.33012701892218 0
    endloop
  endfacet
  facet normal -0.44228869021900047 0.8968727415326887 -2.3057373828304294e-18
    outer loop
      vertex 115.5 135.33012701892218 0
      vertex 116.08658283817455 135.61939766255642 6.6
      vertex 116.08658283817455 135.61939766255642 0
    endloop
  endfacet
  facet normal -0.3214394653031609 0.9469301294951059 -1.8941312525617826e-18
    outer loop
      vertex 116.08658283817455 135.61939766255642 0
      vertex 116.7059047744874 135.82962913144533 6.6
      vertex 116.7059047744874 135.82962913144533 0
    endloop
  endfacet
  facet normal -0.19509032201614296 0.9807852804032275 -6.558856453501635e-20
    outer loop
      vertex 116.7059047744874 135.82962913144533 0
      vertex 117.34736903889974 135.95722430686905 6.6
      vertex 117.34736903889974 135.95722430686905 0
    endloop
  endfacet
  facet normal -0.06540312923014452 0.9978589232386034 1.8010857633390907e-19
    outer loop
      vertex 117.34736903889974 135.95722430686905 0
      vertex 118 136 6.6
      vertex 118 136 0
    endloop
  endfacet
  facet normal 0.06540312923014452 0.9978589232386034 1.8533067390980574e-15
    outer loop
      vertex 118 136 0
      vertex 118.3 135.98033696115542 6.6
      vertex 118.65263096110026 135.95722430686905 0
    endloop
  endfacet
  facet normal -0.9469301294951059 -0.3214394653031609 0
    outer loop
      vertex 113.38060233744356 129.08658283817456 0
      vertex 113.38060233744356 129.08658283817456 6.6
      vertex 113.17037086855466 129.7059047744874 6.6
    endloop
  endfacet
  facet normal -0.9807852804032299 -0.19509032201613039 0
    outer loop
      vertex 113.17037086855466 129.7059047744874 0
      vertex 113.17037086855466 129.7059047744874 6.6
      vertex 113.04277569313095 130.34736903889973 6.6
    endloop
  endfacet
  facet normal -0.896872741532693 -0.4422886902189919 0
    outer loop
      vertex 113.6698729810778 128.5 0
      vertex 113.6698729810778 128.5 6.6
      vertex 113.38060233744356 129.08658283817456 6.6
    endloop
  endfacet
  facet normal -0.8314696123025439 -0.5555702330196043 0
    outer loop
      vertex 114.03323329854382 127.9561928549564 0
      vertex 114.03323329854382 127.9561928549564 6.6
      vertex 113.6698729810778 128.5 6.6
    endloop
  endfacet
  facet normal -0.7518398074789756 -0.6593458151000708 0
    outer loop
      vertex 114.46446609406726 127.46446609406726 0
      vertex 114.46446609406726 127.46446609406726 6.6
      vertex 114.03323329854382 127.9561928549564 6.6
    endloop
  endfacet
  facet normal 0.06540312923014452 -0.9978589232386034 9.905971698364999e-20
    outer loop
      vertex 118 126 0
      vertex 118.65263096110026 126.04277569313095 0
      vertex 118.65263096110026 126.04277569313095 12
    endloop
  endfacet
  facet normal -0.6593458151000708 -0.7518398074789756 0
    outer loop
      vertex 114.9561928549564 127.03323329854382 0
      vertex 114.9561928549564 127.03323329854382 6.6
      vertex 114.46446609406726 127.46446609406726 6.6
    endloop
  endfacet
  facet normal -0.5555702330196043 -0.8314696123025439 0
    outer loop
      vertex 115.5 126.6698729810778 0
      vertex 115.5 126.6698729810778 6.6
      vertex 114.9561928549564 127.03323329854382 6.6
    endloop
  endfacet
  facet normal -0.44228869021900047 -0.8968727415326887 0
    outer loop
      vertex 116.08658283817455 126.38060233744356 0
      vertex 116.08658283817455 126.38060233744356 6.6
      vertex 115.5 126.6698729810778 6.6
    endloop
  endfacet
  facet normal -0.3214394653031609 -0.9469301294951059 0
    outer loop
      vertex 116.7059047744874 126.17037086855466 0
      vertex 116.7059047744874 126.17037086855466 6.6
      vertex 116.08658283817455 126.38060233744356 6.6
    endloop
  endfacet
  facet normal -0.19509032201612211 -0.9807852804032318 0
    outer loop
      vertex 117.34736903889974 126.04277569313095 0
      vertex 117.34736903889974 126.04277569313095 6.6
      vertex 116.7059047744874 126.17037086855466 6.6
    endloop
  endfacet
  facet normal -0.06540312923014452 -0.9978589232386034 0
    outer loop
      vertex 118 126 0
      vertex 118 126 6.6
      vertex 117.34736903889974 126.04277569313095 6.6
    endloop
  endfacet
  facet normal 0.06540312923013807 -0.9978589232386038 0
    outer loop
      vertex 118 126 0
      vertex 118.3 126.01966303884457 6.6
      vertex 118 126 6.6
    endloop
  endfacet
  facet normal -0.9978589232386035 -0.06540312923014309 0
    outer loop
      vertex 113.04277569313095 130.34736903889973 0
      vertex 113.04277569313095 130.34736903889973 6.6
      vertex 113 131 6.6
    endloop
  endfacet
  facet normal -0.9978589232386035 0.06540312923014309 0
    outer loop
      vertex 113 131 0
      vertex 113 131 6.6
      vertex 113.04277569313095 131.65263096110027 6.6
    endloop
  endfacet
  facet normal -0.9807852804032299 0.19509032201613039 0
    outer loop
      vertex 113.04277569313095 131.65263096110027 0
      vertex 113.04277569313095 131.65263096110027 6.6
      vertex 113.17037086855466 132.2940952255126 6.6
    endloop
  endfacet
  facet normal -0.9469301294951059 0.3214394653031609 0
    outer loop
      vertex 113.17037086855466 132.2940952255126 0
      vertex 113.17037086855466 132.2940952255126 6.6
      vertex 113.38060233744356 132.91341716182544 6.6
    endloop
  endfacet
  facet normal -0.896872741532693 0.4422886902189919 0
    outer loop
      vertex 113.38060233744356 132.91341716182544 0
      vertex 113.38060233744356 132.91341716182544 6.6
      vertex 113.6698729810778 133.5 6.6
    endloop
  endfacet
  facet normal -0.8314696123025507 0.5555702330195942 0
    outer loop
      vertex 113.6698729810778 133.5 0
      vertex 113.6698729810778 133.5 6.6
      vertex 114.03323329854382 134.04380714504362 6.6
    endloop
  endfacet
  facet normal -0.7518398074789663 0.6593458151000817 0
    outer loop
      vertex 114.03323329854382 134.04380714504362 0
      vertex 114.03323329854382 134.04380714504362 6.6
      vertex 114.46446609406726 134.53553390593274 6.6
    endloop
  endfacet
  facet normal -0.6593458151000708 0.7518398074789756 0
    outer loop
      vertex 114.46446609406726 134.53553390593274 0
      vertex 114.46446609406726 134.53553390593274 6.6
      vertex 114.9561928549564 134.96676670145618 6.6
    endloop
  endfacet
  facet normal -0.5555702330195892 0.8314696123025538 0
    outer loop
      vertex 114.9561928549564 134.96676670145618 0
      vertex 114.9561928549564 134.96676670145618 6.6
      vertex 115.5 135.33012701892218 6.6
    endloop
  endfacet
  facet normal -0.44228869021900047 0.8968727415326887 0
    outer loop
      vertex 115.5 135.33012701892218 0
      vertex 115.5 135.33012701892218 6.6
      vertex 116.08658283817455 135.61939766255642 6.6
    endloop
  endfacet
  facet normal -0.3214394653031609 0.9469301294951059 0
    outer loop
      vertex 116.08658283817455 135.61939766255642 0
      vertex 116.08658283817455 135.61939766255642 6.6
      vertex 116.7059047744874 135.82962913144533 6.6
    endloop
  endfacet
  facet normal -0.19509032201614296 0.9807852804032275 0
    outer loop
      vertex 116.7059047744874 135.82962913144533 0
      vertex 116.7059047744874 135.82962913144533 6.6
      vertex 117.34736903889974 135.95722430686905 6.6
    endloop
  endfacet
  facet normal -0.06540312923014452 0.9978589232386034 0
    outer loop
      vertex 117.34736903889974 135.95722430686905 0
      vertex 117.34736903889974 135.95722430686905 6.6
      vertex 118 136 6.6
    endloop
  endfacet
  facet normal 0.06540312923018513 0.9978589232386007 0
    outer loop
      vertex 118 136 0
      vertex 118 136 6.6
      vertex 118.3 135.98033696115542 6.6
    endloop
  endfacet
  facet normal 0.19509032201612206 -0.9807852804032317 2.1252845875600759e-19
    outer loop
      vertex 118.65263096110026 126.04277569313095 0
      vertex 119.2940952255126 126.17037086855466 0
      vertex 119.2940952255126 126.17037086855466 12
    endloop
  endfacet
  facet normal 0.3214394653031609 -0.9469301294951059 -1.0417721889089804e-18
    outer loop
      vertex 119.2940952255126 126.17037086855466 0
      vertex 119.91341716182545 126.38060233744356 0
      vertex 119.91341716182545 126.38060233744356 12
    endloop
  endfacet
  facet normal 0.44228869021900047 -0.8968727415326887 -1.2681555605567363e-18
    outer loop
      vertex 119.91341716182545 126.38060233744356 0
      vertex 120.5 126.6698729810778 0
      vertex 120.5 126.6698729810778 12
    endloop
  endfacet
  facet normal 0.5555702330196043 -0.8314696123025439 4.157778064157994e-19
    outer loop
      vertex 120.5 126.6698729810778 0
      vertex 121.0438071450436 127.03323329854382 0
      vertex 121.0438071450436 127.03323329854382 12
    endloop
  endfacet
  facet normal 0.6593458151000708 -0.7518398074789756 -5.260979125452179e-19
    outer loop
      vertex 121.0438071450436 127.03323329854382 0
      vertex 121.53553390593274 127.46446609406726 0
      vertex 121.53553390593274 127.46446609406726 12
    endloop
  endfacet
  facet normal 0.7518398074789756 -0.6593458151000708 0
    outer loop
      vertex 121.53553390593274 127.46446609406726 0
      vertex 121.96676670145618 127.9561928549564 0
      vertex 121.53553390593274 127.46446609406726 12
    endloop
  endfacet
  facet normal 0.8314696123025439 -0.5555702330196043 0
    outer loop
      vertex 121.96676670145618 127.9561928549564 0
      vertex 122.3301270189222 128.5 0
      vertex 121.96676670145618 127.9561928549564 12
    endloop
  endfacet
  facet normal 0.8968727415326929 -0.4422886902189918 0
    outer loop
      vertex 122.3301270189222 128.5 0
      vertex 122.61939766255644 129.08658283817456 0
      vertex 122.3301270189222 128.5 12
    endloop
  endfacet
  facet normal 0.9469301294951059 -0.3214394653031609 0
    outer loop
      vertex 122.61939766255644 129.08658283817456 0
      vertex 122.82962913144534 129.7059047744874 0
      vertex 122.61939766255644 129.08658283817456 12
    endloop
  endfacet
  facet normal 0.98078528040323 -0.19509032201613039 0
    outer loop
      vertex 122.82962913144534 129.7059047744874 0
      vertex 122.95722430686905 130.34736903889973 0
      vertex 122.82962913144534 129.7059047744874 12
    endloop
  endfacet
  facet normal 0.7518398074789663 0.6593458151000816 -2.1234858944918765e-19
    outer loop
      vertex 121.53553390593274 134.53553390593274 0
      vertex 121.96676670145618 134.04380714504362 12
      vertex 121.96676670145618 134.04380714504362 0
    endloop
  endfacet
  facet normal 0.8314696123025506 0.5555702330195942 0
    outer loop
      vertex 122.3301270189222 133.5 0
      vertex 121.96676670145618 134.04380714504362 0
      vertex 122.3301270189222 133.5 12
    endloop
  endfacet
  facet normal 0.19509032201614296 0.9807852804032275 3.6073710494258987e-20
    outer loop
      vertex 119.2940952255126 135.82962913144533 0
      vertex 118.65263096110026 135.95722430686905 0
      vertex 118.65263096110026 135.95722430686905 12
    endloop
  endfacet
  facet normal 0.3214394653031609 0.9469301294951059 0
    outer loop
      vertex 119.2940952255126 135.82962913144533 0
      vertex 119.2940952255126 135.82962913144533 12
      vertex 119.91341716182545 135.61939766255642 0
    endloop
  endfacet
  facet normal 0.44228869021900047 0.8968727415326887 0
    outer loop
      vertex 119.91341716182545 135.61939766255642 0
      vertex 119.91341716182545 135.61939766255642 12
      vertex 120.5 135.33012701892218 0
    endloop
  endfacet
  facet normal 0.5555702330195892 0.8314696123025539 0
    outer loop
      vertex 120.5 135.33012701892218 0
      vertex 120.5 135.33012701892218 12
      vertex 121.0438071450436 134.96676670145618 0
    endloop
  endfacet
  facet normal 0.6593458151000708 0.7518398074789756 5.260979125452179e-19
    outer loop
      vertex 121.53553390593274 134.53553390593274 0
      vertex 121.0438071450436 134.96676670145618 0
      vertex 121.0438071450436 134.96676670145618 12
    endloop
  endfacet
  facet normal 0.9978589232386035 -0.0654031292301431 0
    outer loop
      vertex 122.95722430686905 130.34736903889973 0
      vertex 123 131 0
      vertex 122.95722430686905 130.34736903889973 12
    endloop
  endfacet
  facet normal 0.98078528040323 0.19509032201613039 0
    outer loop
      vertex 122.95722430686905 131.65263096110027 0
      vertex 122.82962913144534 132.2940952255126 0
      vertex 122.95722430686905 131.65263096110027 12
    endloop
  endfacet
  facet normal 0.9978589232386035 0.0654031292301431 0
    outer loop
      vertex 123 131 0
      vertex 122.95722430686905 131.65263096110027 0
      vertex 123 131 12
    endloop
  endfacet
  facet normal 0.9469301294951059 0.3214394653031609 0
    outer loop
      vertex 122.82962913144534 132.2940952255126 0
      vertex 122.61939766255644 132.91341716182544 0
      vertex 122.82962913144534 132.2940952255126 12
    endloop
  endfacet
  facet normal 0.8968727415326929 0.4422886902189918 8.91275154770938e-19
    outer loop
      vertex 122.3301270189222 133.5 0
      vertex 122.61939766255644 132.91341716182544 12
      vertex 122.61939766255644 132.91341716182544 0
    endloop
  endfacet
  facet normal 0.06540312923017745 -0.9978589232386014 -1.797475500466408e-15
    outer loop
      vertex 118 126 0
      vertex 118.65263096110026 126.04277569313095 12
      vertex 118.3 126.01966303884457 6.6
    endloop
  endfacet
  facet normal 0.06540312923010999 0.9978589232386057 -8.034631917880548e-20
    outer loop
      vertex 118.65263096110026 135.95722430686905 0
      vertex 118.3 135.98033696115542 6.6
      vertex 118.3 135.98033696115542 12
    endloop
  endfacet
  facet normal 0.19509032201612206 -0.9807852804032317 0
    outer loop
      vertex 118.65263096110026 126.04277569313095 0
      vertex 119.2940952255126 126.17037086855466 12
      vertex 118.65263096110026 126.04277569313095 12
    endloop
  endfacet
  facet normal 0.3214394653031609 -0.9469301294951059 0
    outer loop
      vertex 119.2940952255126 126.17037086855466 0
      vertex 119.91341716182545 126.38060233744356 12
      vertex 119.2940952255126 126.17037086855466 12
    endloop
  endfacet
  facet normal 0.44228869021900047 -0.8968727415326887 0
    outer loop
      vertex 119.91341716182545 126.38060233744356 0
      vertex 120.5 126.6698729810778 12
      vertex 119.91341716182545 126.38060233744356 12
    endloop
  endfacet
  facet normal 0.5555702330196043 -0.8314696123025439 0
    outer loop
      vertex 120.5 126.6698729810778 0
      vertex 121.0438071450436 127.03323329854382 12
      vertex 120.5 126.6698729810778 12
    endloop
  endfacet
  facet normal 0.6593458151000708 -0.7518398074789756 0
    outer loop
      vertex 121.0438071450436 127.03323329854382 0
      vertex 121.53553390593274 127.46446609406726 12
      vertex 121.0438071450436 127.03323329854382 12
    endloop
  endfacet
  facet normal 0.7518398074789756 -0.6593458151000708 0
    outer loop
      vertex 121.96676670145618 127.9561928549564 0
      vertex 121.96676670145618 127.9561928549564 12
      vertex 121.53553390593274 127.46446609406726 12
    endloop
  endfacet
  facet normal 0.8314696123025439 -0.5555702330196043 0
    outer loop
      vertex 122.3301270189222 128.5 0
      vertex 122.3301270189222 128.5 12
      vertex 121.96676670145618 127.9561928549564 12
    endloop
  endfacet
  facet normal 0.8968727415326929 -0.4422886902189918 0
    outer loop
      vertex 122.61939766255644 129.08658283817456 0
      vertex 122.61939766255644 129.08658283817456 12
      vertex 122.3301270189222 128.5 12
    endloop
  endfacet
  facet normal 0.9469301294951059 -0.3214394653031609 0
    outer loop
      vertex 122.82962913144534 129.7059047744874 0
      vertex 122.82962913144534 129.7059047744874 12
      vertex 122.61939766255644 129.08658283817456 12
    endloop
  endfacet
  facet normal 0.6593458151000708 0.7518398074789756 0
    outer loop
      vertex 121.53553390593274 134.53553390593274 0
      vertex 121.0438071450436 134.96676670145618 12
      vertex 121.53553390593274 134.53553390593274 12
    endloop
  endfacet
  facet normal 0.8968727415326929 0.4422886902189918 0
    outer loop
      vertex 122.3301270189222 133.5 0
      vertex 122.3301270189222 133.5 12
      vertex 122.61939766255644 132.91341716182544 12
    endloop
  endfacet
  facet normal 0.7518398074789663 0.6593458151000816 0
    outer loop
      vertex 121.53553390593274 134.53553390593274 0
      vertex 121.53553390593274 134.53553390593274 12
      vertex 121.96676670145618 134.04380714504362 12
    endloop
  endfacet
  facet normal 0.8314696123025506 0.5555702330195942 0
    outer loop
      vertex 121.96676670145618 134.04380714504362 0
      vertex 121.96676670145618 134.04380714504362 12
      vertex 122.3301270189222 133.5 12
    endloop
  endfacet
  facet normal 0.19509032201614296 0.9807852804032275 0
    outer loop
      vertex 119.2940952255126 135.82962913144533 0
      vertex 118.65263096110026 135.95722430686905 12
      vertex 119.2940952255126 135.82962913144533 12
    endloop
  endfacet
  facet normal 0.06540312923010999 0.9978589232386057 0
    outer loop
      vertex 118.65263096110026 135.95722430686905 0
      vertex 118.3 135.98033696115542 12
      vertex 118.65263096110026 135.95722430686905 12
    endloop
  endfacet
  facet normal 0.3214394653031609 0.9469301294951059 0
    outer loop
      vertex 119.91341716182545 135.61939766255642 0
      vertex 119.2940952255126 135.82962913144533 12
      vertex 119.91341716182545 135.61939766255642 12
    endloop
  endfacet
  facet normal 0.44228869021900047 0.8968727415326887 0
    outer loop
      vertex 120.5 135.33012701892218 0
      vertex 119.91341716182545 135.61939766255642 12
      vertex 120.5 135.33012701892218 12
    endloop
  endfacet
  facet normal 0.5555702330195892 0.8314696123025539 0
    outer loop
      vertex 121.0438071450436 134.96676670145618 0
      vertex 120.5 135.33012701892218 12
      vertex 121.0438071450436 134.96676670145618 12
    endloop
  endfacet
  facet normal 0.98078528040323 -0.19509032201613039 0
    outer loop
      vertex 122.95722430686905 130.34736903889973 0
      vertex 122.95722430686905 130.34736903889973 12
      vertex 122.82962913144534 129.7059047744874 12
    endloop
  endfacet
  facet normal 0.9978589232386035 -0.0654031292301431 0
    outer loop
      vertex 123 131 0
      vertex 123 131 12
      vertex 122.95722430686905 130.34736903889973 12
    endloop
  endfacet
  facet normal 0.9978589232386035 0.0654031292301431 0
    outer loop
      vertex 122.95722430686905 131.65263096110027 0
      vertex 122.95722430686905 131.65263096110027 12
      vertex 123 131 12
    endloop
  endfacet
  facet normal 0.98078528040323 0.19509032201613039 0
    outer loop
      vertex 122.82962913144534 132.2940952255126 0
      vertex 122.82962913144534 132.2940952255126 12
      vertex 122.95722430686905 131.65263096110027 12
    endloop
  endfacet
  facet normal 0.9469301294951059 0.3214394653031609 0
    outer loop
      vertex 122.61939766255644 132.91341716182544 0
      vertex 122.61939766255644 132.91341716182544 12
      vertex 122.82962913144534 132.2940952255126 12
    endloop
  endfacet
  facet normal 0.06540312923015003 -0.997858923238603 0
    outer loop
      vertex 118.3 126.01966303884457 6.6
      vertex 118.65263096110026 126.04277569313095 12
      vertex 118.3 126.01966303884457 12
    endloop
  endfacet
  facet normal -0.8968727415326919 -0.44228869021899403 0
    outer loop
      vertex 1.380602337443566 129.08658283817456 0
      vertex 1.6698729810778072 128.5 0
      vertex 1.380602337443566 129.08658283817456 12
    endloop
  endfacet
  facet normal -0.9469301294951055 -0.32143946530316214 1.6843425689475981e-18
    outer loop
      vertex 1.380602337443566 129.08658283817456 0
      vertex 1.1703708685546585 129.7059047744874 12
      vertex 1.1703708685546585 129.7059047744874 0
    endloop
  endfacet
  facet normal -0.6593458151000723 -0.7518398074789745 -8.923856354257306e-19
    outer loop
      vertex 2.4644660940672622 127.46446609406726 0
      vertex 2.956192854956397 127.03323329854382 0
      vertex 2.956192854956397 127.03323329854382 12
    endloop
  endfacet
  facet normal -0.555570233019603 -0.8314696123025447 -1.3177919787845434e-18
    outer loop
      vertex 2.956192854956397 127.03323329854382 0
      vertex 3.5 126.6698729810778 0
      vertex 3.5 126.6698729810778 12
    endloop
  endfacet
  facet normal -0.8314696123025445 -0.5555702330196033 1.0052787204981648e-18
    outer loop
      vertex 2.0332332985438244 127.9561928549564 0
      vertex 1.6698729810778072 128.5 12
      vertex 1.6698729810778072 128.5 0
    endloop
  endfacet
  facet normal -0.751839807478979 -0.6593458151000671 -6.187232765137081e-19
    outer loop
      vertex 2.4644660940672622 127.46446609406726 0
      vertex 2.0332332985438244 127.9561928549564 12
      vertex 2.0332332985438244 127.9561928549564 0
    endloop
  endfacet
  facet normal -0.3214394653031601 -0.9469301294951061 -5.666657104426375e-19
    outer loop
      vertex 4.086582838174551 126.38060233744356 0
      vertex 4.705904774487396 126.17037086855466 0
      vertex 4.705904774487396 126.17037086855466 12
    endloop
  endfacet
  facet normal -0.4422886902189999 -0.896872741532689 3.6048204504735253e-19
    outer loop
      vertex 3.5 126.6698729810778 0
      vertex 4.086582838174551 126.38060233744356 0
      vertex 4.086582838174551 126.38060233744356 12
    endloop
  endfacet
  facet normal -0.19509032201612284 -0.9807852804032314 6.685374909181482e-19
    outer loop
      vertex 4.705904774487396 126.17037086855466 0
      vertex 5.347369038899743 126.04277569313095 0
      vertex 5.347369038899743 126.04277569313095 12
    endloop
  endfacet
  facet normal -0.9978589232386036 -0.06540312923014176 0
    outer loop
      vertex 1 131 0
      vertex 1.042775693130948 130.34736903889973 0
      vertex 1 131 12
    endloop
  endfacet
  facet normal -0.980785280403229 -0.1950903220161356 -3.55852664578273e-20
    outer loop
      vertex 1.1703708685546585 129.7059047744874 0
      vertex 1.042775693130948 130.34736903889973 12
      vertex 1.042775693130948 130.34736903889973 0
    endloop
  endfacet
  facet normal -0.9978589232386036 0.06540312923014176 1.590529133437856e-19
    outer loop
      vertex 1 131 0
      vertex 1.042775693130948 131.65263096110027 12
      vertex 1.042775693130948 131.65263096110027 0
    endloop
  endfacet
  facet normal -0.980785280403229 0.1950903220161356 3.55852664578273e-20
    outer loop
      vertex 1.042775693130948 131.65263096110027 0
      vertex 1.1703708685546585 132.2940952255126 12
      vertex 1.1703708685546585 132.2940952255126 0
    endloop
  endfacet
  facet normal -0.9469301294951055 0.32143946530316214 -1.6843425689475981e-18
    outer loop
      vertex 1.1703708685546585 132.2940952255126 0
      vertex 1.380602337443566 132.91341716182544 12
      vertex 1.380602337443566 132.91341716182544 0
    endloop
  endfacet
  facet normal -0.8968727415326919 0.44228869021899403 1.0230240111323906e-18
    outer loop
      vertex 1.380602337443566 132.91341716182544 0
      vertex 1.6698729810778072 133.5 12
      vertex 1.6698729810778072 133.5 0
    endloop
  endfacet
  facet normal -0.8314696123025512 0.5555702330195933 -8.621132627319548e-19
    outer loop
      vertex 1.6698729810778072 133.5 0
      vertex 2.0332332985438244 134.04380714504362 12
      vertex 2.0332332985438244 134.04380714504362 0
    endloop
  endfacet
  facet normal -0.7518398074789695 0.6593458151000777 1.3571697785161767e-18
    outer loop
      vertex 2.0332332985438244 134.04380714504362 0
      vertex 2.4644660940672622 134.53553390593274 12
      vertex 2.4644660940672622 134.53553390593274 0
    endloop
  endfacet
  facet normal -0.6593458151000723 0.7518398074789745 0
    outer loop
      vertex 2.4644660940672622 134.53553390593274 0
      vertex 2.4644660940672622 134.53553390593274 12
      vertex 2.956192854956397 134.96676670145618 0
    endloop
  endfacet
  facet normal -0.555570233019588 0.8314696123025548 0
    outer loop
      vertex 2.956192854956397 134.96676670145618 0
      vertex 2.956192854956397 134.96676670145618 12
      vertex 3.5 135.33012701892218 0
    endloop
  endfacet
  facet normal -0.4422886902189999 0.896872741532689 0
    outer loop
      vertex 3.5 135.33012701892218 0
      vertex 3.5 135.33012701892218 12
      vertex 4.086582838174551 135.61939766255642 0
    endloop
  endfacet
  facet normal -0.3214394653031601 0.9469301294951061 0
    outer loop
      vertex 4.086582838174551 135.61939766255642 0
      vertex 4.086582838174551 135.61939766255642 12
      vertex 4.705904774487396 135.82962913144533 0
    endloop
  endfacet
  facet normal -0.19509032201614374 0.9807852804032273 0
    outer loop
      vertex 4.705904774487396 135.82962913144533 0
      vertex 4.705904774487396 135.82962913144533 12
      vertex 5.347369038899743 135.95722430686905 0
    endloop
  endfacet
  facet normal -0.06540312923014452 -0.9978589232386034 -9.905971698364999e-20
    outer loop
      vertex 5.347369038899743 126.04277569313095 0
      vertex 6 126 0
      vertex 6 126 12
    endloop
  endfacet
  facet normal 0.06540312923014452 -0.9978589232386034 9.905971698364999e-20
    outer loop
      vertex 6 126 0
      vertex 6.652630961100257 126.04277569313095 0
      vertex 6.652630961100257 126.04277569313095 12
    endloop
  endfacet
  facet normal 0.19509032201612284 -0.9807852804032314 -6.685374909181482e-19
    outer loop
      vertex 6.652630961100257 126.04277569313095 0
      vertex 7.294095225512604 126.17037086855466 0
      vertex 7.294095225512604 126.17037086855466 12
    endloop
  endfacet
  facet normal 0.3214394653031601 -0.9469301294951061 5.666657104426375e-19
    outer loop
      vertex 7.294095225512604 126.17037086855466 0
      vertex 7.913417161825449 126.38060233744356 0
      vertex 7.913417161825449 126.38060233744356 12
    endloop
  endfacet
  facet normal 0.4422886902189999 -0.896872741532689 -3.6048204504735253e-19
    outer loop
      vertex 7.913417161825449 126.38060233744356 0
      vertex 8.5 126.6698729810778 0
      vertex 8.5 126.6698729810778 12
    endloop
  endfacet
  facet normal 0.555570233019603 -0.8314696123025447 1.3177919787845434e-18
    outer loop
      vertex 8.5 126.6698729810778 0
      vertex 9.043807145043603 127.03323329854382 0
      vertex 9.043807145043603 127.03323329854382 12
    endloop
  endfacet
  facet normal 0.6593458151000723 -0.7518398074789745 8.923856354257306e-19
    outer loop
      vertex 9.043807145043603 127.03323329854382 0
      vertex 9.535533905932738 127.46446609406726 0
      vertex 9.535533905932738 127.46446609406726 12
    endloop
  endfacet
  facet normal 0.7518398074789784 -0.6593458151000677 0
    outer loop
      vertex 9.535533905932738 127.46446609406726 0
      vertex 9.966766701456176 127.9561928549564 0
      vertex 9.535533905932738 127.46446609406726 12
    endloop
  endfacet
  facet normal 0.8314696123025451 -0.5555702330196024 0
    outer loop
      vertex 9.966766701456176 127.9561928549564 0
      vertex 10.330127018922193 128.5 0
      vertex 9.966766701456176 127.9561928549564 12
    endloop
  endfacet
  facet normal 0.8968727415326919 -0.44228869021899403 0
    outer loop
      vertex 10.330127018922193 128.5 0
      vertex 10.619397662556434 129.08658283817456 0
      vertex 10.330127018922193 128.5 12
    endloop
  endfacet
  facet normal 0.9469301294951059 -0.3214394653031609 0
    outer loop
      vertex 10.619397662556434 129.08658283817456 0
      vertex 10.82962913144534 129.7059047744874 0
      vertex 10.619397662556434 129.08658283817456 12
    endloop
  endfacet
  facet normal 0.980785280403229 -0.1950903220161356 0
    outer loop
      vertex 10.82962913144534 129.7059047744874 0
      vertex 10.957224306869051 130.34736903889973 0
      vertex 10.82962913144534 129.7059047744874 12
    endloop
  endfacet
  facet normal -0.06540312923014452 0.9978589232386034 0
    outer loop
      vertex 5.347369038899743 135.95722430686905 0
      vertex 5.347369038899743 135.95722430686905 12
      vertex 6 136 0
    endloop
  endfacet
  facet normal 0.06540312923014452 0.9978589232386034 0
    outer loop
      vertex 6 136 0
      vertex 6 136 12
      vertex 6.652630961100257 135.95722430686905 0
    endloop
  endfacet
  facet normal 0.19509032201614374 0.9807852804032273 -8.510973201222965e-19
    outer loop
      vertex 7.294095225512604 135.82962913144533 0
      vertex 6.652630961100257 135.95722430686905 0
      vertex 6.652630961100257 135.95722430686905 12
    endloop
  endfacet
  facet normal 0.3214394653031601 0.9469301294951061 0
    outer loop
      vertex 7.294095225512604 135.82962913144533 0
      vertex 7.294095225512604 135.82962913144533 12
      vertex 7.913417161825449 135.61939766255642 0
    endloop
  endfacet
  facet normal 0.4422886902189999 0.896872741532689 0
    outer loop
      vertex 7.913417161825449 135.61939766255642 0
      vertex 7.913417161825449 135.61939766255642 12
      vertex 8.5 135.33012701892218 0
    endloop
  endfacet
  facet normal 0.555570233019588 0.8314696123025548 0
    outer loop
      vertex 8.5 135.33012701892218 0
      vertex 8.5 135.33012701892218 12
      vertex 9.043807145043603 134.96676670145618 0
    endloop
  endfacet
  facet normal 0.6593458151000723 0.7518398074789745 -8.923856354257306e-19
    outer loop
      vertex 9.535533905932738 134.53553390593274 0
      vertex 9.043807145043603 134.96676670145618 0
      vertex 9.043807145043603 134.96676670145618 12
    endloop
  endfacet
  facet normal 0.9978589232386035 -0.0654031292301431 0
    outer loop
      vertex 10.957224306869051 130.34736903889973 0
      vertex 11 131 0
      vertex 10.957224306869051 130.34736903889973 12
    endloop
  endfacet
  facet normal 0.9978589232386035 0.0654031292301431 0
    outer loop
      vertex 11 131 0
      vertex 10.957224306869051 131.65263096110027 0
      vertex 11 131 12
    endloop
  endfacet
  facet normal 0.980785280403229 0.1950903220161356 0
    outer loop
      vertex 10.957224306869051 131.65263096110027 0
      vertex 10.82962913144534 132.2940952255126 0
      vertex 10.957224306869051 131.65263096110027 12
    endloop
  endfacet
  facet normal 0.8968727415326919 0.44228869021899403 -1.0230240111323906e-18
    outer loop
      vertex 10.330127018922193 133.5 0
      vertex 10.619397662556434 132.91341716182544 12
      vertex 10.619397662556434 132.91341716182544 0
    endloop
  endfacet
  facet normal 0.7518398074789688 0.6593458151000785 -4.2091074858455263e-19
    outer loop
      vertex 9.535533905932738 134.53553390593274 0
      vertex 9.966766701456176 134.04380714504362 12
      vertex 9.966766701456176 134.04380714504362 0
    endloop
  endfacet
  facet normal 0.8314696123025518 0.5555702330195923 0
    outer loop
      vertex 10.330127018922193 133.5 0
      vertex 9.966766701456176 134.04380714504362 0
      vertex 10.330127018922193 133.5 12
    endloop
  endfacet
  facet normal 0.9469301294951059 0.3214394653031609 0
    outer loop
      vertex 10.82962913144534 132.2940952255126 0
      vertex 10.619397662556434 132.91341716182544 0
      vertex 10.82962913144534 132.2940952255126 12
    endloop
  endfacet
  facet normal -0.9469301294951055 -0.32143946530316214 0
    outer loop
      vertex 1.380602337443566 129.08658283817456 0
      vertex 1.380602337443566 129.08658283817456 12
      vertex 1.1703708685546585 129.7059047744874 12
    endloop
  endfacet
  facet normal -0.980785280403229 -0.1950903220161356 0
    outer loop
      vertex 1.1703708685546585 129.7059047744874 0
      vertex 1.1703708685546585 129.7059047744874 12
      vertex 1.042775693130948 130.34736903889973 12
    endloop
  endfacet
  facet normal -0.6593458151000723 -0.7518398074789745 0
    outer loop
      vertex 2.4644660940672622 127.46446609406726 0
      vertex 2.956192854956397 127.03323329854382 12
      vertex 2.4644660940672622 127.46446609406726 12
    endloop
  endfacet
  facet normal -0.555570233019603 -0.8314696123025447 0
    outer loop
      vertex 2.956192854956397 127.03323329854382 0
      vertex 3.5 126.6698729810778 12
      vertex 2.956192854956397 127.03323329854382 12
    endloop
  endfacet
  facet normal -0.8314696123025445 -0.5555702330196033 0
    outer loop
      vertex 2.0332332985438244 127.9561928549564 0
      vertex 2.0332332985438244 127.9561928549564 12
      vertex 1.6698729810778072 128.5 12
    endloop
  endfacet
  facet normal -0.8968727415326919 -0.44228869021899403 0
    outer loop
      vertex 1.6698729810778072 128.5 0
      vertex 1.6698729810778072 128.5 12
      vertex 1.380602337443566 129.08658283817456 12
    endloop
  endfacet
  facet normal -0.751839807478979 -0.6593458151000671 0
    outer loop
      vertex 2.4644660940672622 127.46446609406726 0
      vertex 2.4644660940672622 127.46446609406726 12
      vertex 2.0332332985438244 127.9561928549564 12
    endloop
  endfacet
  facet normal -0.3214394653031601 -0.9469301294951061 0
    outer loop
      vertex 4.086582838174551 126.38060233744356 0
      vertex 4.705904774487396 126.17037086855466 12
      vertex 4.086582838174551 126.38060233744356 12
    endloop
  endfacet
  facet normal -0.4422886902189999 -0.896872741532689 0
    outer loop
      vertex 3.5 126.6698729810778 0
      vertex 4.086582838174551 126.38060233744356 12
      vertex 3.5 126.6698729810778 12
    endloop
  endfacet
  facet normal -0.19509032201612284 -0.9807852804032314 0
    outer loop
      vertex 4.705904774487396 126.17037086855466 0
      vertex 5.347369038899743 126.04277569313095 12
      vertex 4.705904774487396 126.17037086855466 12
    endloop
  endfacet
  facet normal -0.9978589232386036 -0.06540312923014176 0
    outer loop
      vertex 1.042775693130948 130.34736903889973 0
      vertex 1.042775693130948 130.34736903889973 12
      vertex 1 131 12
    endloop
  endfacet
  facet normal -0.9978589232386036 0.06540312923014176 0
    outer loop
      vertex 1 131 0
      vertex 1 131 12
      vertex 1.042775693130948 131.65263096110027 12
    endloop
  endfacet
  facet normal -0.980785280403229 0.1950903220161356 0
    outer loop
      vertex 1.042775693130948 131.65263096110027 0
      vertex 1.042775693130948 131.65263096110027 12
      vertex 1.1703708685546585 132.2940952255126 12
    endloop
  endfacet
  facet normal -0.9469301294951055 0.32143946530316214 0
    outer loop
      vertex 1.1703708685546585 132.2940952255126 0
      vertex 1.1703708685546585 132.2940952255126 12
      vertex 1.380602337443566 132.91341716182544 12
    endloop
  endfacet
  facet normal -0.8968727415326919 0.44228869021899403 0
    outer loop
      vertex 1.380602337443566 132.91341716182544 0
      vertex 1.380602337443566 132.91341716182544 12
      vertex 1.6698729810778072 133.5 12
    endloop
  endfacet
  facet normal -0.8314696123025512 0.5555702330195933 0
    outer loop
      vertex 1.6698729810778072 133.5 0
      vertex 1.6698729810778072 133.5 12
      vertex 2.0332332985438244 134.04380714504362 12
    endloop
  endfacet
  facet normal -0.7518398074789695 0.6593458151000777 0
    outer loop
      vertex 2.0332332985438244 134.04380714504362 0
      vertex 2.0332332985438244 134.04380714504362 12
      vertex 2.4644660940672622 134.53553390593274 12
    endloop
  endfacet
  facet normal -0.6593458151000723 0.7518398074789745 0
    outer loop
      vertex 2.956192854956397 134.96676670145618 0
      vertex 2.4644660940672622 134.53553390593274 12
      vertex 2.956192854956397 134.96676670145618 12
    endloop
  endfacet
  facet normal -0.555570233019588 0.8314696123025548 0
    outer loop
      vertex 3.5 135.33012701892218 0
      vertex 2.956192854956397 134.96676670145618 12
      vertex 3.5 135.33012701892218 12
    endloop
  endfacet
  facet normal -0.4422886902189999 0.896872741532689 0
    outer loop
      vertex 4.086582838174551 135.61939766255642 0
      vertex 3.5 135.33012701892218 12
      vertex 4.086582838174551 135.61939766255642 12
    endloop
  endfacet
  facet normal -0.3214394653031601 0.9469301294951061 0
    outer loop
      vertex 4.705904774487396 135.82962913144533 0
      vertex 4.086582838174551 135.61939766255642 12
      vertex 4.705904774487396 135.82962913144533 12
    endloop
  endfacet
  facet normal -0.19509032201614374 0.9807852804032273 0
    outer loop
      vertex 5.347369038899743 135.95722430686905 0
      vertex 4.705904774487396 135.82962913144533 12
      vertex 5.347369038899743 135.95722430686905 12
    endloop
  endfacet
  facet normal -0.06540312923014452 -0.9978589232386034 0
    outer loop
      vertex 5.347369038899743 126.04277569313095 0
      vertex 6 126 12
      vertex 5.347369038899743 126.04277569313095 12
    endloop
  endfacet
  facet normal 0.06540312923014452 -0.9978589232386034 0
    outer loop
      vertex 6 126 0
      vertex 6.652630961100257 126.04277569313095 12
      vertex 6 126 12
    endloop
  endfacet
  facet normal 0.19509032201612284 -0.9807852804032314 0
    outer loop
      vertex 6.652630961100257 126.04277569313095 0
      vertex 7.294095225512604 126.17037086855466 12
      vertex 6.652630961100257 126.04277569313095 12
    endloop
  endfacet
  facet normal 0.3214394653031601 -0.9469301294951061 0
    outer loop
      vertex 7.294095225512604 126.17037086855466 0
      vertex 7.913417161825449 126.38060233744356 12
      vertex 7.294095225512604 126.17037086855466 12
    endloop
  endfacet
  facet normal 0.4422886902189999 -0.896872741532689 0
    outer loop
      vertex 7.913417161825449 126.38060233744356 0
      vertex 8.5 126.6698729810778 12
      vertex 7.913417161825449 126.38060233744356 12
    endloop
  endfacet
  facet normal 0.555570233019603 -0.8314696123025447 0
    outer loop
      vertex 8.5 126.6698729810778 0
      vertex 9.043807145043603 127.03323329854382 12
      vertex 8.5 126.6698729810778 12
    endloop
  endfacet
  facet normal 0.6593458151000723 -0.7518398074789745 0
    outer loop
      vertex 9.043807145043603 127.03323329854382 0
      vertex 9.535533905932738 127.46446609406726 12
      vertex 9.043807145043603 127.03323329854382 12
    endloop
  endfacet
  facet normal 0.7518398074789784 -0.6593458151000677 0
    outer loop
      vertex 9.966766701456176 127.9561928549564 0
      vertex 9.966766701456176 127.9561928549564 12
      vertex 9.535533905932738 127.46446609406726 12
    endloop
  endfacet
  facet normal 0.8314696123025451 -0.5555702330196024 0
    outer loop
      vertex 10.330127018922193 128.5 0
      vertex 10.330127018922193 128.5 12
      vertex 9.966766701456176 127.9561928549564 12
    endloop
  endfacet
  facet normal 0.8968727415326919 -0.44228869021899403 0
    outer loop
      vertex 10.619397662556434 129.08658283817456 0
      vertex 10.619397662556434 129.08658283817456 12
      vertex 10.330127018922193 128.5 12
    endloop
  endfacet
  facet normal 0.9469301294951059 -0.3214394653031609 0
    outer loop
      vertex 10.82962913144534 129.7059047744874 0
      vertex 10.82962913144534 129.7059047744874 12
      vertex 10.619397662556434 129.08658283817456 12
    endloop
  endfacet
  facet normal 0.6593458151000723 0.7518398074789745 0
    outer loop
      vertex 9.535533905932738 134.53553390593274 0
      vertex 9.043807145043603 134.96676670145618 12
      vertex 9.535533905932738 134.53553390593274 12
    endloop
  endfacet
  facet normal -0.06540312923014452 0.9978589232386034 0
    outer loop
      vertex 6 136 0
      vertex 5.347369038899743 135.95722430686905 12
      vertex 6 136 12
    endloop
  endfacet
  facet normal 0.06540312923014452 0.9978589232386034 0
    outer loop
      vertex 6.652630961100257 135.95722430686905 0
      vertex 6 136 12
      vertex 6.652630961100257 135.95722430686905 12
    endloop
  endfacet
  facet normal 0.19509032201614374 0.9807852804032273 0
    outer loop
      vertex 7.294095225512604 135.82962913144533 0
      vertex 6.652630961100257 135.95722430686905 12
      vertex 7.294095225512604 135.82962913144533 12
    endloop
  endfacet
  facet normal 0.3214394653031601 0.9469301294951061 0
    outer loop
      vertex 7.913417161825449 135.61939766255642 0
      vertex 7.294095225512604 135.82962913144533 12
      vertex 7.913417161825449 135.61939766255642 12
    endloop
  endfacet
  facet normal 0.4422886902189999 0.896872741532689 0
    outer loop
      vertex 8.5 135.33012701892218 0
      vertex 7.913417161825449 135.61939766255642 12
      vertex 8.5 135.33012701892218 12
    endloop
  endfacet
  facet normal 0.555570233019588 0.8314696123025548 0
    outer loop
      vertex 9.043807145043603 134.96676670145618 0
      vertex 8.5 135.33012701892218 12
      vertex 9.043807145043603 134.96676670145618 12
    endloop
  endfacet
  facet normal 0.980785280403229 -0.1950903220161356 0
    outer loop
      vertex 10.957224306869051 130.34736903889973 0
      vertex 10.957224306869051 130.34736903889973 12
      vertex 10.82962913144534 129.7059047744874 12
    endloop
  endfacet
  facet normal 0.9978589232386035 -0.0654031292301431 0
    outer loop
      vertex 11 131 0
      vertex 11 131 12
      vertex 10.957224306869051 130.34736903889973 12
    endloop
  endfacet
  facet normal 0.9978589232386035 0.0654031292301431 0
    outer loop
      vertex 10.957224306869051 131.65263096110027 0
      vertex 10.957224306869051 131.65263096110027 12
      vertex 11 131 12
    endloop
  endfacet
  facet normal 0.980785280403229 0.1950903220161356 0
    outer loop
      vertex 10.82962913144534 132.2940952255126 0
      vertex 10.82962913144534 132.2940952255126 12
      vertex 10.957224306869051 131.65263096110027 12
    endloop
  endfacet
  facet normal 0.8968727415326919 0.44228869021899403 0
    outer loop
      vertex 10.330127018922193 133.5 0
      vertex 10.330127018922193 133.5 12
      vertex 10.619397662556434 132.91341716182544 12
    endloop
  endfacet
  facet normal 0.8314696123025518 0.5555702330195923 0
    outer loop
      vertex 9.966766701456176 134.04380714504362 0
      vertex 9.966766701456176 134.04380714504362 12
      vertex 10.330127018922193 133.5 12
    endloop
  endfacet
  facet normal 0.7518398074789688 0.6593458151000785 0
    outer loop
      vertex 9.535533905932738 134.53553390593274 0
      vertex 9.535533905932738 134.53553390593274 12
      vertex 9.966766701456176 134.04380714504362 12
    endloop
  endfacet
  facet normal 0.9469301294951059 0.3214394653031609 0
    outer loop
      vertex 10.619397662556434 132.91341716182544 0
      vertex 10.619397662556434 132.91341716182544 12
      vertex 10.82962913144534 132.2940952255126 12
    endloop
  endfacet
  facet normal -0.8968727415326879 -0.4422886902190021 0
    outer loop
      vertex 1.380602337443566 4.086582838174551 0
      vertex 1.6698729810778072 3.5 0
      vertex 1.380602337443566 4.086582838174551 12
    endloop
  endfacet
  facet normal -0.9469301294951057 -0.3214394653031613 7.590466959577825e-20
    outer loop
      vertex 1.380602337443566 4.086582838174551 0
      vertex 1.1703708685546585 4.705904774487396 12
      vertex 1.1703708685546585 4.705904774487396 0
    endloop
  endfacet
  facet normal -0.9807852804032304 -0.19509032201612805 2.886287881580359e-19
    outer loop
      vertex 1.1703708685546585 4.705904774487396 0
      vertex 1.042775693130948 5.347369038899743 12
      vertex 1.042775693130948 5.347369038899743 0
    endloop
  endfacet
  facet normal -0.9978589232386035 -0.06540312923014317 0
    outer loop
      vertex 1 6 0
      vertex 1.042775693130948 5.347369038899743 0
      vertex 1 6 12
    endloop
  endfacet
  facet normal -0.9978589232386035 0.06540312923014317 6.655685051155108e-20
    outer loop
      vertex 1 6 0
      vertex 1.042775693130948 6.652630961100257 12
      vertex 1.042775693130948 6.652630961100257 0
    endloop
  endfacet
  facet normal -0.4422886902190021 -0.8968727415326879 -1.5538171208529949e-18
    outer loop
      vertex 3.5 1.6698729810778072 0
      vertex 4.086582838174551 1.380602337443566 0
      vertex 4.086582838174551 1.380602337443566 12
    endloop
  endfacet
  facet normal -0.3214394653031613 -0.9469301294951057 7.590466959577825e-20
    outer loop
      vertex 4.086582838174551 1.380602337443566 0
      vertex 4.705904774487396 1.1703708685546585 0
      vertex 4.705904774487396 1.1703708685546585 12
    endloop
  endfacet
  facet normal -0.19509032201612805 -0.9807852804032304 2.886287881580359e-19
    outer loop
      vertex 4.705904774487396 1.1703708685546585 0
      vertex 5.347369038899743 1.042775693130948 0
      vertex 5.347369038899743 1.042775693130948 12
    endloop
  endfacet
  facet normal -0.7518398074789778 -0.6593458151000684 1.4992671361054096e-18
    outer loop
      vertex 2.4644660940672622 2.4644660940672622 0
      vertex 2.0332332985438244 2.956192854956397 12
      vertex 2.0332332985438244 2.956192854956397 0
    endloop
  endfacet
  facet normal -0.8314696123025453 -0.5555702330196021 0
    outer loop
      vertex 1.6698729810778072 3.5 0
      vertex 2.0332332985438244 2.956192854956397 0
      vertex 1.6698729810778072 3.5 12
    endloop
  endfacet
  facet normal -0.6593458151000684 -0.7518398074789778 1.4992671361054096e-18
    outer loop
      vertex 2.4644660940672622 2.4644660940672622 0
      vertex 2.956192854956397 2.0332332985438244 0
      vertex 2.956192854956397 2.0332332985438244 12
    endloop
  endfacet
  facet normal -0.5555702330196021 -0.8314696123025453 0
    outer loop
      vertex 3.5 1.6698729810778072 0
      vertex 3.5 1.6698729810778072 12
      vertex 2.956192854956397 2.0332332985438244 0
    endloop
  endfacet
  facet normal -0.06540312923014317 -0.9978589232386035 -6.655685051155108e-20
    outer loop
      vertex 5.347369038899743 1.042775693130948 0
      vertex 6 1 0
      vertex 6 1 12
    endloop
  endfacet
  facet normal 0.06540312923014317 -0.9978589232386035 6.655685051155108e-20
    outer loop
      vertex 6 1 0
      vertex 6.652630961100257 1.042775693130948 0
      vertex 6.652630961100257 1.042775693130948 12
    endloop
  endfacet
  facet normal 0.19509032201612805 -0.9807852804032304 -2.886287881580359e-19
    outer loop
      vertex 6.652630961100257 1.042775693130948 0
      vertex 7.294095225512604 1.1703708685546585 0
      vertex 7.294095225512604 1.1703708685546585 12
    endloop
  endfacet
  facet normal 0.3214394653031613 -0.9469301294951057 -7.590466959577825e-20
    outer loop
      vertex 7.294095225512604 1.1703708685546585 0
      vertex 7.913417161825449 1.380602337443566 0
      vertex 7.913417161825449 1.380602337443566 12
    endloop
  endfacet
  facet normal 0.4422886902190021 -0.8968727415326879 1.5538171208529949e-18
    outer loop
      vertex 7.913417161825449 1.380602337443566 0
      vertex 8.5 1.6698729810778072 0
      vertex 8.5 1.6698729810778072 12
    endloop
  endfacet
  facet normal 0.5555702330196021 -0.8314696123025453 -1.0326454812961787e-19
    outer loop
      vertex 8.5 1.6698729810778072 0
      vertex 9.043807145043603 2.0332332985438244 0
      vertex 9.043807145043603 2.0332332985438244 12
    endloop
  endfacet
  facet normal 0.6593458151000684 -0.7518398074789778 -1.4992671361054096e-18
    outer loop
      vertex 9.043807145043603 2.0332332985438244 0
      vertex 9.535533905932738 2.4644660940672622 0
      vertex 9.535533905932738 2.4644660940672622 12
    endloop
  endfacet
  facet normal 0.7518398074789772 -0.6593458151000691 0
    outer loop
      vertex 9.535533905932738 2.4644660940672622 0
      vertex 9.966766701456176 2.956192854956397 0
      vertex 9.535533905932738 2.4644660940672622 12
    endloop
  endfacet
  facet normal 0.8314696123025459 -0.5555702330196011 0
    outer loop
      vertex 9.966766701456176 2.956192854956397 0
      vertex 10.330127018922193 3.5 0
      vertex 9.966766701456176 2.956192854956397 12
    endloop
  endfacet
  facet normal 0.8968727415326879 -0.4422886902190021 0
    outer loop
      vertex 10.330127018922193 3.5 0
      vertex 10.619397662556434 4.086582838174551 0
      vertex 10.330127018922193 3.5 12
    endloop
  endfacet
  facet normal 0.9469301294951061 -0.3214394653031601 0
    outer loop
      vertex 10.619397662556434 4.086582838174551 0
      vertex 10.82962913144534 4.705904774487396 0
      vertex 10.619397662556434 4.086582838174551 12
    endloop
  endfacet
  facet normal 0.9807852804032304 -0.19509032201612805 0
    outer loop
      vertex 10.82962913144534 4.705904774487396 0
      vertex 10.957224306869051 5.347369038899743 0
      vertex 10.82962913144534 4.705904774487396 12
    endloop
  endfacet
  facet normal 0.9978589232386034 -0.06540312923014452 0
    outer loop
      vertex 10.957224306869051 5.347369038899743 0
      vertex 11 6 0
      vertex 10.957224306869051 5.347369038899743 12
    endloop
  endfacet
  facet normal 0.9978589232386034 0.06540312923014452 0
    outer loop
      vertex 11 6 0
      vertex 10.957224306869051 6.652630961100257 0
      vertex 11 6 12
    endloop
  endfacet
  facet normal -0.9807852804032304 0.19509032201612805 -2.886287881580359e-19
    outer loop
      vertex 1.042775693130948 6.652630961100257 0
      vertex 1.1703708685546585 7.294095225512604 12
      vertex 1.1703708685546585 7.294095225512604 0
    endloop
  endfacet
  facet normal -0.9469301294951057 0.3214394653031613 -7.590466959577825e-20
    outer loop
      vertex 1.1703708685546585 7.294095225512604 0
      vertex 1.380602337443566 7.913417161825449 12
      vertex 1.380602337443566 7.913417161825449 0
    endloop
  endfacet
  facet normal -0.8968727415326879 0.4422886902190021 1.5538171208529949e-18
    outer loop
      vertex 1.380602337443566 7.913417161825449 0
      vertex 1.6698729810778072 8.5 12
      vertex 1.6698729810778072 8.5 0
    endloop
  endfacet
  facet normal -0.8314696123025453 0.5555702330196021 -1.0326454812961787e-19
    outer loop
      vertex 1.6698729810778072 8.5 0
      vertex 2.0332332985438244 9.043807145043603 12
      vertex 2.0332332985438244 9.043807145043603 0
    endloop
  endfacet
  facet normal -0.7518398074789778 0.6593458151000684 -1.4992671361054096e-18
    outer loop
      vertex 2.0332332985438244 9.043807145043603 0
      vertex 2.4644660940672622 9.535533905932738 12
      vertex 2.4644660940672622 9.535533905932738 0
    endloop
  endfacet
  facet normal -0.6593458151000691 0.7518398074789772 0
    outer loop
      vertex 2.4644660940672622 9.535533905932738 0
      vertex 2.4644660940672622 9.535533905932738 12
      vertex 2.956192854956397 9.966766701456176 0
    endloop
  endfacet
  facet normal -0.5555702330196011 0.8314696123025459 0
    outer loop
      vertex 2.956192854956397 9.966766701456176 0
      vertex 2.956192854956397 9.966766701456176 12
      vertex 3.5 10.330127018922193 0
    endloop
  endfacet
  facet normal -0.4422886902190021 0.8968727415326879 0
    outer loop
      vertex 3.5 10.330127018922193 0
      vertex 3.5 10.330127018922193 12
      vertex 4.086582838174551 10.619397662556434 0
    endloop
  endfacet
  facet normal -0.3214394653031601 0.9469301294951061 0
    outer loop
      vertex 4.086582838174551 10.619397662556434 0
      vertex 4.086582838174551 10.619397662556434 12
      vertex 4.705904774487396 10.82962913144534 0
    endloop
  endfacet
  facet normal -0.19509032201612805 0.9807852804032304 0
    outer loop
      vertex 4.705904774487396 10.82962913144534 0
      vertex 4.705904774487396 10.82962913144534 12
      vertex 5.347369038899743 10.957224306869051 0
    endloop
  endfacet
  facet normal -0.06540312923014452 0.9978589232386034 0
    outer loop
      vertex 5.347369038899743 10.957224306869051 0
      vertex 5.347369038899743 10.957224306869051 12
      vertex 6 11 0
    endloop
  endfacet
  facet normal 0.06540312923014452 0.9978589232386034 0
    outer loop
      vertex 6 11 0
      vertex 6 11 12
      vertex 6.652630961100257 10.957224306869051 0
    endloop
  endfacet
  facet normal 0.19509032201612805 0.9807852804032304 0
    outer loop
      vertex 6.652630961100257 10.957224306869051 0
      vertex 6.652630961100257 10.957224306869051 12
      vertex 7.294095225512604 10.82962913144534 0
    endloop
  endfacet
  facet normal 0.3214394653031601 0.9469301294951061 0
    outer loop
      vertex 7.294095225512604 10.82962913144534 0
      vertex 7.294095225512604 10.82962913144534 12
      vertex 7.913417161825449 10.619397662556434 0
    endloop
  endfacet
  facet normal 0.4422886902190021 0.8968727415326879 0
    outer loop
      vertex 7.913417161825449 10.619397662556434 0
      vertex 7.913417161825449 10.619397662556434 12
      vertex 8.5 10.330127018922193 0
    endloop
  endfacet
  facet normal 0.6593458151000691 0.7518398074789772 0
    outer loop
      vertex 9.043807145043603 9.966766701456176 0
      vertex 9.043807145043603 9.966766701456176 12
      vertex 9.535533905932738 9.535533905932738 0
    endloop
  endfacet
  facet normal 0.5555702330196011 0.8314696123025459 0
    outer loop
      vertex 8.5 10.330127018922193 0
      vertex 8.5 10.330127018922193 12
      vertex 9.043807145043603 9.966766701456176 0
    endloop
  endfacet
  facet normal 0.8968727415326879 0.4422886902190021 -1.5538171208529949e-18
    outer loop
      vertex 10.330127018922193 8.5 0
      vertex 10.619397662556434 7.913417161825449 12
      vertex 10.619397662556434 7.913417161825449 0
    endloop
  endfacet
  facet normal 0.8314696123025459 0.5555702330196011 0
    outer loop
      vertex 10.330127018922193 8.5 0
      vertex 9.966766701456176 9.043807145043603 0
      vertex 10.330127018922193 8.5 12
    endloop
  endfacet
  facet normal 0.9807852804032304 0.19509032201612805 0
    outer loop
      vertex 10.957224306869051 6.652630961100257 0
      vertex 10.82962913144534 7.294095225512604 0
      vertex 10.957224306869051 6.652630961100257 12
    endloop
  endfacet
  facet normal 0.9469301294951061 0.3214394653031601 0
    outer loop
      vertex 10.82962913144534 7.294095225512604 0
      vertex 10.619397662556434 7.913417161825449 0
      vertex 10.82962913144534 7.294095225512604 12
    endloop
  endfacet
  facet normal 0.7518398074789772 0.6593458151000691 -1.1009477945554662e-18
    outer loop
      vertex 9.535533905932738 9.535533905932738 0
      vertex 9.966766701456176 9.043807145043603 12
      vertex 9.966766701456176 9.043807145043603 0
    endloop
  endfacet
  facet normal -0.9469301294951057 -0.3214394653031613 0
    outer loop
      vertex 1.380602337443566 4.086582838174551 0
      vertex 1.380602337443566 4.086582838174551 12
      vertex 1.1703708685546585 4.705904774487396 12
    endloop
  endfacet
  facet normal -0.9807852804032304 -0.19509032201612805 0
    outer loop
      vertex 1.1703708685546585 4.705904774487396 0
      vertex 1.1703708685546585 4.705904774487396 12
      vertex 1.042775693130948 5.347369038899743 12
    endloop
  endfacet
  facet normal -0.9978589232386035 0.06540312923014317 0
    outer loop
      vertex 1 6 0
      vertex 1 6 12
      vertex 1.042775693130948 6.652630961100257 12
    endloop
  endfacet
  facet normal -0.9978589232386035 -0.06540312923014317 0
    outer loop
      vertex 1.042775693130948 5.347369038899743 0
      vertex 1.042775693130948 5.347369038899743 12
      vertex 1 6 12
    endloop
  endfacet
  facet normal -0.4422886902190021 -0.8968727415326879 0
    outer loop
      vertex 3.5 1.6698729810778072 0
      vertex 4.086582838174551 1.380602337443566 12
      vertex 3.5 1.6698729810778072 12
    endloop
  endfacet
  facet normal -0.3214394653031613 -0.9469301294951057 0
    outer loop
      vertex 4.086582838174551 1.380602337443566 0
      vertex 4.705904774487396 1.1703708685546585 12
      vertex 4.086582838174551 1.380602337443566 12
    endloop
  endfacet
  facet normal -0.19509032201612805 -0.9807852804032304 0
    outer loop
      vertex 4.705904774487396 1.1703708685546585 0
      vertex 5.347369038899743 1.042775693130948 12
      vertex 4.705904774487396 1.1703708685546585 12
    endloop
  endfacet
  facet normal -0.7518398074789778 -0.6593458151000684 0
    outer loop
      vertex 2.4644660940672622 2.4644660940672622 0
      vertex 2.4644660940672622 2.4644660940672622 12
      vertex 2.0332332985438244 2.956192854956397 12
    endloop
  endfacet
  facet normal -0.8314696123025453 -0.5555702330196021 0
    outer loop
      vertex 2.0332332985438244 2.956192854956397 0
      vertex 2.0332332985438244 2.956192854956397 12
      vertex 1.6698729810778072 3.5 12
    endloop
  endfacet
  facet normal -0.8968727415326879 -0.4422886902190021 0
    outer loop
      vertex 1.6698729810778072 3.5 0
      vertex 1.6698729810778072 3.5 12
      vertex 1.380602337443566 4.086582838174551 12
    endloop
  endfacet
  facet normal -0.6593458151000684 -0.7518398074789778 0
    outer loop
      vertex 2.4644660940672622 2.4644660940672622 0
      vertex 2.956192854956397 2.0332332985438244 12
      vertex 2.4644660940672622 2.4644660940672622 12
    endloop
  endfacet
  facet normal -0.5555702330196021 -0.8314696123025453 0
    outer loop
      vertex 2.956192854956397 2.0332332985438244 0
      vertex 3.5 1.6698729810778072 12
      vertex 2.956192854956397 2.0332332985438244 12
    endloop
  endfacet
  facet normal -0.06540312923014317 -0.9978589232386035 0
    outer loop
      vertex 5.347369038899743 1.042775693130948 0
      vertex 6 1 12
      vertex 5.347369038899743 1.042775693130948 12
    endloop
  endfacet
  facet normal 0.06540312923014317 -0.9978589232386035 0
    outer loop
      vertex 6 1 0
      vertex 6.652630961100257 1.042775693130948 12
      vertex 6 1 12
    endloop
  endfacet
  facet normal 0.19509032201612805 -0.9807852804032304 0
    outer loop
      vertex 6.652630961100257 1.042775693130948 0
      vertex 7.294095225512604 1.1703708685546585 12
      vertex 6.652630961100257 1.042775693130948 12
    endloop
  endfacet
  facet normal 0.3214394653031613 -0.9469301294951057 0
    outer loop
      vertex 7.294095225512604 1.1703708685546585 0
      vertex 7.913417161825449 1.380602337443566 12
      vertex 7.294095225512604 1.1703708685546585 12
    endloop
  endfacet
  facet normal 0.4422886902190021 -0.8968727415326879 0
    outer loop
      vertex 7.913417161825449 1.380602337443566 0
      vertex 8.5 1.6698729810778072 12
      vertex 7.913417161825449 1.380602337443566 12
    endloop
  endfacet
  facet normal 0.5555702330196021 -0.8314696123025453 0
    outer loop
      vertex 8.5 1.6698729810778072 0
      vertex 9.043807145043603 2.0332332985438244 12
      vertex 8.5 1.6698729810778072 12
    endloop
  endfacet
  facet normal 0.6593458151000684 -0.7518398074789778 0
    outer loop
      vertex 9.043807145043603 2.0332332985438244 0
      vertex 9.535533905932738 2.4644660940672622 12
      vertex 9.043807145043603 2.0332332985438244 12
    endloop
  endfacet
  facet normal 0.7518398074789772 -0.6593458151000691 0
    outer loop
      vertex 9.966766701456176 2.956192854956397 0
      vertex 9.966766701456176 2.956192854956397 12
      vertex 9.535533905932738 2.4644660940672622 12
    endloop
  endfacet
  facet normal 0.8314696123025459 -0.5555702330196011 0
    outer loop
      vertex 10.330127018922193 3.5 0
      vertex 10.330127018922193 3.5 12
      vertex 9.966766701456176 2.956192854956397 12
    endloop
  endfacet
  facet normal 0.8968727415326879 -0.4422886902190021 0
    outer loop
      vertex 10.619397662556434 4.086582838174551 0
      vertex 10.619397662556434 4.086582838174551 12
      vertex 10.330127018922193 3.5 12
    endloop
  endfacet
  facet normal 0.9469301294951061 -0.3214394653031601 0
    outer loop
      vertex 10.82962913144534 4.705904774487396 0
      vertex 10.82962913144534 4.705904774487396 12
      vertex 10.619397662556434 4.086582838174551 12
    endloop
  endfacet
  facet normal 0.9807852804032304 -0.19509032201612805 0
    outer loop
      vertex 10.957224306869051 5.347369038899743 0
      vertex 10.957224306869051 5.347369038899743 12
      vertex 10.82962913144534 4.705904774487396 12
    endloop
  endfacet
  facet normal 0.9978589232386034 -0.06540312923014452 0
    outer loop
      vertex 11 6 0
      vertex 11 6 12
      vertex 10.957224306869051 5.347369038899743 12
    endloop
  endfacet
  facet normal 0.9978589232386034 0.06540312923014452 0
    outer loop
      vertex 10.957224306869051 6.652630961100257 0
      vertex 10.957224306869051 6.652630961100257 12
      vertex 11 6 12
    endloop
  endfacet
  facet normal -0.9807852804032304 0.19509032201612805 0
    outer loop
      vertex 1.042775693130948 6.652630961100257 0
      vertex 1.042775693130948 6.652630961100257 12
      vertex 1.1703708685546585 7.294095225512604 12
    endloop
  endfacet
  facet normal -0.9469301294951057 0.3214394653031613 0
    outer loop
      vertex 1.1703708685546585 7.294095225512604 0
      vertex 1.1703708685546585 7.294095225512604 12
      vertex 1.380602337443566 7.913417161825449 12
    endloop
  endfacet
  facet normal -0.8968727415326879 0.4422886902190021 0
    outer loop
      vertex 1.380602337443566 7.913417161825449 0
      vertex 1.380602337443566 7.913417161825449 12
      vertex 1.6698729810778072 8.5 12
    endloop
  endfacet
  facet normal -0.8314696123025453 0.5555702330196021 0
    outer loop
      vertex 1.6698729810778072 8.5 0
      vertex 1.6698729810778072 8.5 12
      vertex 2.0332332985438244 9.043807145043603 12
    endloop
  endfacet
  facet normal -0.7518398074789778 0.6593458151000684 0
    outer loop
      vertex 2.0332332985438244 9.043807145043603 0
      vertex 2.0332332985438244 9.043807145043603 12
      vertex 2.4644660940672622 9.535533905932738 12
    endloop
  endfacet
  facet normal -0.6593458151000691 0.7518398074789772 0
    outer loop
      vertex 2.956192854956397 9.966766701456176 0
      vertex 2.4644660940672622 9.535533905932738 12
      vertex 2.956192854956397 9.966766701456176 12
    endloop
  endfacet
  facet normal -0.5555702330196011 0.8314696123025459 0
    outer loop
      vertex 3.5 10.330127018922193 0
      vertex 2.956192854956397 9.966766701456176 12
      vertex 3.5 10.330127018922193 12
    endloop
  endfacet
  facet normal -0.4422886902190021 0.8968727415326879 0
    outer loop
      vertex 4.086582838174551 10.619397662556434 0
      vertex 3.5 10.330127018922193 12
      vertex 4.086582838174551 10.619397662556434 12
    endloop
  endfacet
  facet normal -0.3214394653031601 0.9469301294951061 0
    outer loop
      vertex 4.705904774487396 10.82962913144534 0
      vertex 4.086582838174551 10.619397662556434 12
      vertex 4.705904774487396 10.82962913144534 12
    endloop
  endfacet
  facet normal -0.19509032201612805 0.9807852804032304 0
    outer loop
      vertex 5.347369038899743 10.957224306869051 0
      vertex 4.705904774487396 10.82962913144534 12
      vertex 5.347369038899743 10.957224306869051 12
    endloop
  endfacet
  facet normal -0.06540312923014452 0.9978589232386034 0
    outer loop
      vertex 6 11 0
      vertex 5.347369038899743 10.957224306869051 12
      vertex 6 11 12
    endloop
  endfacet
  facet normal 0.06540312923014452 0.9978589232386034 0
    outer loop
      vertex 6.652630961100257 10.957224306869051 0
      vertex 6 11 12
      vertex 6.652630961100257 10.957224306869051 12
    endloop
  endfacet
  facet normal 0.19509032201612805 0.9807852804032304 0
    outer loop
      vertex 7.294095225512604 10.82962913144534 0
      vertex 6.652630961100257 10.957224306869051 12
      vertex 7.294095225512604 10.82962913144534 12
    endloop
  endfacet
  facet normal 0.3214394653031601 0.9469301294951061 0
    outer loop
      vertex 7.913417161825449 10.619397662556434 0
      vertex 7.294095225512604 10.82962913144534 12
      vertex 7.913417161825449 10.619397662556434 12
    endloop
  endfacet
  facet normal 0.4422886902190021 0.8968727415326879 0
    outer loop
      vertex 8.5 10.330127018922193 0
      vertex 7.913417161825449 10.619397662556434 12
      vertex 8.5 10.330127018922193 12
    endloop
  endfacet
  facet normal 0.6593458151000691 0.7518398074789772 0
    outer loop
      vertex 9.535533905932738 9.535533905932738 0
      vertex 9.043807145043603 9.966766701456176 12
      vertex 9.535533905932738 9.535533905932738 12
    endloop
  endfacet
  facet normal 0.5555702330196011 0.8314696123025459 0
    outer loop
      vertex 9.043807145043603 9.966766701456176 0
      vertex 8.5 10.330127018922193 12
      vertex 9.043807145043603 9.966766701456176 12
    endloop
  endfacet
  facet normal 0.8314696123025459 0.5555702330196011 0
    outer loop
      vertex 9.966766701456176 9.043807145043603 0
      vertex 9.966766701456176 9.043807145043603 12
      vertex 10.330127018922193 8.5 12
    endloop
  endfacet
  facet normal 0.8968727415326879 0.4422886902190021 0
    outer loop
      vertex 10.330127018922193 8.5 0
      vertex 10.330127018922193 8.5 12
      vertex 10.619397662556434 7.913417161825449 12
    endloop
  endfacet
  facet normal 0.9807852804032304 0.19509032201612805 0
    outer loop
      vertex 10.82962913144534 7.294095225512604 0
      vertex 10.82962913144534 7.294095225512604 12
      vertex 10.957224306869051 6.652630961100257 12
    endloop
  endfacet
  facet normal 0.9469301294951061 0.3214394653031601 0
    outer loop
      vertex 10.619397662556434 7.913417161825449 0
      vertex 10.619397662556434 7.913417161825449 12
      vertex 10.82962913144534 7.294095225512604 12
    endloop
  endfacet
  facet normal 0.7518398074789772 0.6593458151000691 0
    outer loop
      vertex 9.535533905932738 9.535533905932738 0
      vertex 9.535533905932738 9.535533905932738 12
      vertex 9.966766701456176 9.043807145043603 12
    endloop
  endfacet
  facet normal -0.7518398074789745 -0.6593458151000722 0
    outer loop
      vertex 114.03323329854382 2.956192854956397 0
      vertex 114.46446609406726 2.4644660940672622 0
      vertex 114.03323329854382 2.956192854956397 6.6
    endloop
  endfacet
  facet normal -0.8314696123025448 -0.5555702330196031 0
    outer loop
      vertex 113.6698729810778 3.5 0
      vertex 114.03323329854382 2.956192854956397 0
      vertex 113.6698729810778 3.5 6.6
    endloop
  endfacet
  facet normal -0.8968727415326889 -0.4422886902189999 0
    outer loop
      vertex 113.38060233744356 4.086582838174551 0
      vertex 113.6698729810778 3.5 0
      vertex 113.38060233744356 4.086582838174551 6.6
    endloop
  endfacet
  facet normal -0.946930129495106 -0.3214394653031601 -1.0303012917138863e-18
    outer loop
      vertex 113.38060233744356 4.086582838174551 0
      vertex 113.17037086855466 4.705904774487396 6.6
      vertex 113.17037086855466 4.705904774487396 0
    endloop
  endfacet
  facet normal -0.9807852804032314 -0.19509032201612284 1.2155227107602696e-18
    outer loop
      vertex 113.17037086855466 4.705904774487396 0
      vertex 113.04277569313095 5.347369038899743 6.6
      vertex 113.04277569313095 5.347369038899743 0
    endloop
  endfacet
  facet normal -0.9978589232386034 -0.06540312923014452 -1.8010857633390907e-19
    outer loop
      vertex 113.04277569313095 5.347369038899743 0
      vertex 113 6 6.6
      vertex 113 6 0
    endloop
  endfacet
  facet normal -0.9978589232386034 0.06540312923014452 1.8010857633390907e-19
    outer loop
      vertex 113 6 0
      vertex 113.04277569313095 6.652630961100257 6.6
      vertex 113.04277569313095 6.652630961100257 0
    endloop
  endfacet
  facet normal -0.44228869021900263 -0.8968727415326876 0
    outer loop
      vertex 115.5 1.6698729810778072 0
      vertex 116.08658283817455 1.380602337443566 0
      vertex 115.5 1.6698729810778072 6.6
    endloop
  endfacet
  facet normal -0.32143946530316214 -0.9469301294951055 0
    outer loop
      vertex 116.08658283817455 1.380602337443566 0
      vertex 116.7059047744874 1.1703708685546585 0
      vertex 116.08658283817455 1.380602337443566 6.6
    endloop
  endfacet
  facet normal -0.19509032201612733 -0.9807852804032308 0
    outer loop
      vertex 116.7059047744874 1.1703708685546585 0
      vertex 117.34736903889974 1.042775693130948 0
      vertex 116.7059047744874 1.1703708685546585 6.6
    endloop
  endfacet
  facet normal -0.06540312923014317 -0.9978589232386034 0
    outer loop
      vertex 117.34736903889974 1.042775693130948 0
      vertex 118 1 0
      vertex 117.34736903889974 1.042775693130948 6.6
    endloop
  endfacet
  facet normal -0.6593458151000671 -0.751839807478979 0
    outer loop
      vertex 114.46446609406726 2.4644660940672622 0
      vertex 114.9561928549564 2.0332332985438244 0
      vertex 114.46446609406726 2.4644660940672622 6.6
    endloop
  endfacet
  facet normal -0.5555702330196033 -0.8314696123025443 1.8277794918148447e-18
    outer loop
      vertex 115.5 1.6698729810778072 0
      vertex 114.9561928549564 2.0332332985438244 6.6
      vertex 114.9561928549564 2.0332332985438244 0
    endloop
  endfacet
  facet normal -0.7518398074789745 -0.6593458151000722 0
    outer loop
      vertex 114.46446609406726 2.4644660940672622 0
      vertex 114.46446609406726 2.4644660940672622 6.6
      vertex 114.03323329854382 2.956192854956397 6.6
    endloop
  endfacet
  facet normal -0.8968727415326889 -0.4422886902189999 0
    outer loop
      vertex 113.6698729810778 3.5 0
      vertex 113.6698729810778 3.5 6.6
      vertex 113.38060233744356 4.086582838174551 6.6
    endloop
  endfacet
  facet normal -0.8314696123025448 -0.5555702330196031 0
    outer loop
      vertex 114.03323329854382 2.956192854956397 0
      vertex 114.03323329854382 2.956192854956397 6.6
      vertex 113.6698729810778 3.5 6.6
    endloop
  endfacet
  facet normal -0.946930129495106 -0.3214394653031601 0
    outer loop
      vertex 113.38060233744356 4.086582838174551 0
      vertex 113.38060233744356 4.086582838174551 6.6
      vertex 113.17037086855466 4.705904774487396 6.6
    endloop
  endfacet
  facet normal -0.9807852804032314 -0.19509032201612284 0
    outer loop
      vertex 113.17037086855466 4.705904774487396 0
      vertex 113.17037086855466 4.705904774487396 6.6
      vertex 113.04277569313095 5.347369038899743 6.6
    endloop
  endfacet
  facet normal -0.9978589232386034 -0.06540312923014452 0
    outer loop
      vertex 113.04277569313095 5.347369038899743 0
      vertex 113.04277569313095 5.347369038899743 6.6
      vertex 113 6 6.6
    endloop
  endfacet
  facet normal -0.9978589232386034 0.06540312923014452 0
    outer loop
      vertex 113 6 0
      vertex 113 6 6.6
      vertex 113.04277569313095 6.652630961100257 6.6
    endloop
  endfacet
  facet normal 0.06540312923014317 -0.9978589232386035 6.655685051155108e-20
    outer loop
      vertex 118 1 0
      vertex 118.65263096110026 1.042775693130948 0
      vertex 118.65263096110026 1.042775693130948 12
    endloop
  endfacet
  facet normal -0.44228869021900263 -0.8968727415326876 0
    outer loop
      vertex 116.08658283817455 1.380602337443566 0
      vertex 116.08658283817455 1.380602337443566 6.6
      vertex 115.5 1.6698729810778072 6.6
    endloop
  endfacet
  facet normal -0.32143946530316214 -0.9469301294951055 0
    outer loop
      vertex 116.7059047744874 1.1703708685546585 0
      vertex 116.7059047744874 1.1703708685546585 6.6
      vertex 116.08658283817455 1.380602337443566 6.6
    endloop
  endfacet
  facet normal -0.19509032201612733 -0.9807852804032308 0
    outer loop
      vertex 117.34736903889974 1.042775693130948 0
      vertex 117.34736903889974 1.042775693130948 6.6
      vertex 116.7059047744874 1.1703708685546585 6.6
    endloop
  endfacet
  facet normal -0.06540312923014317 -0.9978589232386034 0
    outer loop
      vertex 118 1 0
      vertex 118 1 6.6
      vertex 117.34736903889974 1.042775693130948 6.6
    endloop
  endfacet
  facet normal 0.0654031292301432 -0.9978589232386035 0
    outer loop
      vertex 118 1 0
      vertex 118.3 1.0196630388445713 6.6
      vertex 118 1 6.6
    endloop
  endfacet
  facet normal -0.6593458151000671 -0.751839807478979 0
    outer loop
      vertex 114.9561928549564 2.0332332985438244 0
      vertex 114.9561928549564 2.0332332985438244 6.6
      vertex 114.46446609406726 2.4644660940672622 6.6
    endloop
  endfacet
  facet normal -0.5555702330196033 -0.8314696123025443 0
    outer loop
      vertex 115.5 1.6698729810778072 0
      vertex 115.5 1.6698729810778072 6.6
      vertex 114.9561928549564 2.0332332985438244 6.6
    endloop
  endfacet
  facet normal 0.1950903220161273 -0.9807852804032307 5.924371615173237e-19
    outer loop
      vertex 118.65263096110026 1.042775693130948 0
      vertex 119.2940952255126 1.1703708685546585 0
      vertex 119.2940952255126 1.1703708685546585 12
    endloop
  endfacet
  facet normal 0.32143946530316214 -0.9469301294951055 -1.6843425689475981e-18
    outer loop
      vertex 119.2940952255126 1.1703708685546585 0
      vertex 119.91341716182545 1.380602337443566 0
      vertex 119.91341716182545 1.380602337443566 12
    endloop
  endfacet
  facet normal 0.44228869021900263 -0.8968727415326876 6.461436053434137e-19
    outer loop
      vertex 119.91341716182545 1.380602337443566 0
      vertex 120.5 1.6698729810778072 0
      vertex 120.5 1.6698729810778072 12
    endloop
  endfacet
  facet normal 0.5555702330196033 -0.8314696123025445 -1.0052787204981648e-18
    outer loop
      vertex 120.5 1.6698729810778072 0
      vertex 121.0438071450436 2.0332332985438244 0
      vertex 121.0438071450436 2.0332332985438244 12
    endloop
  endfacet
  facet normal 0.6593458151000671 -0.751839807478979 6.187232765137081e-19
    outer loop
      vertex 121.0438071450436 2.0332332985438244 0
      vertex 121.53553390593274 2.4644660940672622 0
      vertex 121.53553390593274 2.4644660940672622 12
    endloop
  endfacet
  facet normal 0.7518398074789745 -0.6593458151000723 0
    outer loop
      vertex 121.53553390593274 2.4644660940672622 0
      vertex 121.96676670145618 2.956192854956397 0
      vertex 121.53553390593274 2.4644660940672622 12
    endloop
  endfacet
  facet normal 0.8314696123025447 -0.555570233019603 0
    outer loop
      vertex 121.96676670145618 2.956192854956397 0
      vertex 122.3301270189222 3.5 0
      vertex 121.96676670145618 2.956192854956397 12
    endloop
  endfacet
  facet normal 0.896872741532689 -0.4422886902189999 0
    outer loop
      vertex 122.3301270189222 3.5 0
      vertex 122.61939766255644 4.086582838174551 0
      vertex 122.3301270189222 3.5 12
    endloop
  endfacet
  facet normal 0.9469301294951061 -0.3214394653031601 0
    outer loop
      vertex 122.61939766255644 4.086582838174551 0
      vertex 122.82962913144534 4.705904774487396 0
      vertex 122.61939766255644 4.086582838174551 12
    endloop
  endfacet
  facet normal 0.9807852804032314 -0.19509032201612284 0
    outer loop
      vertex 122.82962913144534 4.705904774487396 0
      vertex 122.95722430686905 5.347369038899743 0
      vertex 122.82962913144534 4.705904774487396 12
    endloop
  endfacet
  facet normal 0.9978589232386034 -0.06540312923014452 0
    outer loop
      vertex 122.95722430686905 5.347369038899743 0
      vertex 123 6 0
      vertex 122.95722430686905 5.347369038899743 12
    endloop
  endfacet
  facet normal 0.9978589232386034 0.06540312923014452 0
    outer loop
      vertex 123 6 0
      vertex 122.95722430686905 6.652630961100257 0
      vertex 123 6 12
    endloop
  endfacet
  facet normal -0.9807852804032314 0.19509032201612284 -1.2155227107602696e-18
    outer loop
      vertex 113.04277569313095 6.652630961100257 0
      vertex 113.17037086855466 7.294095225512604 6.6
      vertex 113.17037086855466 7.294095225512604 0
    endloop
  endfacet
  facet normal -0.946930129495106 0.3214394653031601 1.0303012917138863e-18
    outer loop
      vertex 113.17037086855466 7.294095225512604 0
      vertex 113.38060233744356 7.913417161825449 6.6
      vertex 113.38060233744356 7.913417161825449 0
    endloop
  endfacet
  facet normal -0.8968727415326889 0.4422886902189999 -6.554219000860955e-19
    outer loop
      vertex 113.38060233744356 7.913417161825449 0
      vertex 113.6698729810778 8.5 6.6
      vertex 113.6698729810778 8.5 0
    endloop
  endfacet
  facet normal -0.8314696123025448 0.5555702330196031 2.395985415971897e-18
    outer loop
      vertex 113.6698729810778 8.5 0
      vertex 114.03323329854382 9.043807145043603 6.6
      vertex 114.03323329854382 9.043807145043603 0
    endloop
  endfacet
  facet normal -0.7518398074789745 0.6593458151000722 1.622519337137692e-18
    outer loop
      vertex 114.03323329854382 9.043807145043603 0
      vertex 114.46446609406726 9.535533905932738 6.6
      vertex 114.46446609406726 9.535533905932738 0
    endloop
  endfacet
  facet normal -0.6593458151000678 0.7518398074789784 -5.773377334841671e-19
    outer loop
      vertex 114.46446609406726 9.535533905932738 0
      vertex 114.9561928549564 9.966766701456176 6.6
      vertex 114.9561928549564 9.966766701456176 0
    endloop
  endfacet
  facet normal -0.5555702330196024 0.8314696123025451 2.0184340239617474e-18
    outer loop
      vertex 114.9561928549564 9.966766701456176 0
      vertex 115.5 10.330127018922193 6.6
      vertex 115.5 10.330127018922193 0
    endloop
  endfacet
  facet normal -0.44228869021900263 0.8968727415326876 1.1748065551698431e-18
    outer loop
      vertex 115.5 10.330127018922193 0
      vertex 116.08658283817455 10.619397662556434 6.6
      vertex 116.08658283817455 10.619397662556434 0
    endloop
  endfacet
  facet normal -0.3214394653031609 0.9469301294951059 -1.8941312525617826e-18
    outer loop
      vertex 116.08658283817455 10.619397662556434 0
      vertex 116.7059047744874 10.82962913144534 6.6
      vertex 116.7059047744874 10.82962913144534 0
    endloop
  endfacet
  facet normal -0.19509032201612733 0.9807852804032308 1.0771584754860433e-18
    outer loop
      vertex 116.7059047744874 10.82962913144534 0
      vertex 117.34736903889974 10.957224306869051 6.6
      vertex 117.34736903889974 10.957224306869051 0
    endloop
  endfacet
  facet normal -0.06540312923014452 0.9978589232386034 1.8010857633390907e-19
    outer loop
      vertex 117.34736903889974 10.957224306869051 0
      vertex 118 11 6.6
      vertex 118 11 0
    endloop
  endfacet
  facet normal 0.06540312923014452 0.9978589232386034 -2.6650668588884043e-17
    outer loop
      vertex 118 11 0
      vertex 118.3 10.980336961155428 6.6
      vertex 118.65263096110026 10.957224306869051 0
    endloop
  endfacet
  facet normal -0.9807852804032314 0.19509032201612284 0
    outer loop
      vertex 113.04277569313095 6.652630961100257 0
      vertex 113.04277569313095 6.652630961100257 6.6
      vertex 113.17037086855466 7.294095225512604 6.6
    endloop
  endfacet
  facet normal -0.946930129495106 0.3214394653031601 0
    outer loop
      vertex 113.17037086855466 7.294095225512604 0
      vertex 113.17037086855466 7.294095225512604 6.6
      vertex 113.38060233744356 7.913417161825449 6.6
    endloop
  endfacet
  facet normal -0.8968727415326889 0.4422886902189999 0
    outer loop
      vertex 113.38060233744356 7.913417161825449 0
      vertex 113.38060233744356 7.913417161825449 6.6
      vertex 113.6698729810778 8.5 6.6
    endloop
  endfacet
  facet normal -0.8314696123025448 0.5555702330196031 0
    outer loop
      vertex 113.6698729810778 8.5 0
      vertex 113.6698729810778 8.5 6.6
      vertex 114.03323329854382 9.043807145043603 6.6
    endloop
  endfacet
  facet normal -0.7518398074789745 0.6593458151000722 0
    outer loop
      vertex 114.03323329854382 9.043807145043603 0
      vertex 114.03323329854382 9.043807145043603 6.6
      vertex 114.46446609406726 9.535533905932738 6.6
    endloop
  endfacet
  facet normal -0.6593458151000678 0.7518398074789784 0
    outer loop
      vertex 114.46446609406726 9.535533905932738 0
      vertex 114.46446609406726 9.535533905932738 6.6
      vertex 114.9561928549564 9.966766701456176 6.6
    endloop
  endfacet
  facet normal -0.5555702330196024 0.8314696123025451 0
    outer loop
      vertex 114.9561928549564 9.966766701456176 0
      vertex 114.9561928549564 9.966766701456176 6.6
      vertex 115.5 10.330127018922193 6.6
    endloop
  endfacet
  facet normal -0.44228869021900263 0.8968727415326876 0
    outer loop
      vertex 115.5 10.330127018922193 0
      vertex 115.5 10.330127018922193 6.6
      vertex 116.08658283817455 10.619397662556434 6.6
    endloop
  endfacet
  facet normal -0.3214394653031609 0.9469301294951059 0
    outer loop
      vertex 116.08658283817455 10.619397662556434 0
      vertex 116.08658283817455 10.619397662556434 6.6
      vertex 116.7059047744874 10.82962913144534 6.6
    endloop
  endfacet
  facet normal -0.19509032201612733 0.9807852804032308 0
    outer loop
      vertex 116.7059047744874 10.82962913144534 0
      vertex 116.7059047744874 10.82962913144534 6.6
      vertex 117.34736903889974 10.957224306869051 6.6
    endloop
  endfacet
  facet normal -0.06540312923014452 0.9978589232386034 0
    outer loop
      vertex 117.34736903889974 10.957224306869051 0
      vertex 117.34736903889974 10.957224306869051 6.6
      vertex 118 11 6.6
    endloop
  endfacet
  facet normal 0.06540312923014394 0.9978589232386034 0
    outer loop
      vertex 118 11 0
      vertex 118 11 6.6
      vertex 118.3 10.980336961155428 6.6
    endloop
  endfacet
  facet normal 0.1950903220161273 0.9807852804032307 0
    outer loop
      vertex 118.65263096110026 10.957224306869051 0
      vertex 118.65263096110026 10.957224306869051 12
      vertex 119.2940952255126 10.82962913144534 0
    endloop
  endfacet
  facet normal 0.3214394653031609 0.9469301294951059 0
    outer loop
      vertex 119.2940952255126 10.82962913144534 0
      vertex 119.2940952255126 10.82962913144534 12
      vertex 119.91341716182545 10.619397662556434 0
    endloop
  endfacet
  facet normal 0.44228869021900263 0.8968727415326876 0
    outer loop
      vertex 119.91341716182545 10.619397662556434 0
      vertex 119.91341716182545 10.619397662556434 12
      vertex 120.5 10.330127018922193 0
    endloop
  endfacet
  facet normal 0.8314696123025447 0.555570233019603 0
    outer loop
      vertex 122.3301270189222 8.5 0
      vertex 121.96676670145618 9.043807145043603 0
      vertex 122.3301270189222 8.5 12
    endloop
  endfacet
  facet normal 0.6593458151000677 0.7518398074789784 0
    outer loop
      vertex 121.0438071450436 9.966766701456176 0
      vertex 121.0438071450436 9.966766701456176 12
      vertex 121.53553390593274 9.535533905932738 0
    endloop
  endfacet
  facet normal 0.5555702330196024 0.8314696123025451 -1.110138713178961e-18
    outer loop
      vertex 121.0438071450436 9.966766701456176 0
      vertex 120.5 10.330127018922193 0
      vertex 120.5 10.330127018922193 12
    endloop
  endfacet
  facet normal 0.7518398074789745 0.6593458151000723 -8.923856354257306e-19
    outer loop
      vertex 121.53553390593274 9.535533905932738 0
      vertex 121.96676670145618 9.043807145043603 12
      vertex 121.96676670145618 9.043807145043603 0
    endloop
  endfacet
  facet normal 0.9807852804032314 0.19509032201612284 0
    outer loop
      vertex 122.95722430686905 6.652630961100257 0
      vertex 122.82962913144534 7.294095225512604 0
      vertex 122.95722430686905 6.652630961100257 12
    endloop
  endfacet
  facet normal 0.9469301294951061 0.3214394653031601 0
    outer loop
      vertex 122.82962913144534 7.294095225512604 0
      vertex 122.61939766255644 7.913417161825449 0
      vertex 122.82962913144534 7.294095225512604 12
    endloop
  endfacet
  facet normal 0.896872741532689 0.4422886902189999 3.6048204504735253e-19
    outer loop
      vertex 122.3301270189222 8.5 0
      vertex 122.61939766255644 7.913417161825449 12
      vertex 122.61939766255644 7.913417161825449 0
    endloop
  endfacet
  facet normal 0.065403129230143 -0.9978589232386036 7.909278572642676e-18
    outer loop
      vertex 118 1 0
      vertex 118.65263096110026 1.042775693130948 12
      vertex 118.3 1.0196630388445713 6.6
    endloop
  endfacet
  facet normal 0.1950903220161273 -0.9807852804032307 0
    outer loop
      vertex 118.65263096110026 1.042775693130948 0
      vertex 119.2940952255126 1.1703708685546585 12
      vertex 118.65263096110026 1.042775693130948 12
    endloop
  endfacet
  facet normal 0.32143946530316214 -0.9469301294951055 0
    outer loop
      vertex 119.2940952255126 1.1703708685546585 0
      vertex 119.91341716182545 1.380602337443566 12
      vertex 119.2940952255126 1.1703708685546585 12
    endloop
  endfacet
  facet normal 0.44228869021900263 -0.8968727415326876 0
    outer loop
      vertex 119.91341716182545 1.380602337443566 0
      vertex 120.5 1.6698729810778072 12
      vertex 119.91341716182545 1.380602337443566 12
    endloop
  endfacet
  facet normal 0.5555702330196033 -0.8314696123025445 0
    outer loop
      vertex 120.5 1.6698729810778072 0
      vertex 121.0438071450436 2.0332332985438244 12
      vertex 120.5 1.6698729810778072 12
    endloop
  endfacet
  facet normal 0.6593458151000671 -0.751839807478979 0
    outer loop
      vertex 121.0438071450436 2.0332332985438244 0
      vertex 121.53553390593274 2.4644660940672622 12
      vertex 121.0438071450436 2.0332332985438244 12
    endloop
  endfacet
  facet normal 0.7518398074789745 -0.6593458151000723 0
    outer loop
      vertex 121.96676670145618 2.956192854956397 0
      vertex 121.96676670145618 2.956192854956397 12
      vertex 121.53553390593274 2.4644660940672622 12
    endloop
  endfacet
  facet normal 0.8314696123025447 -0.555570233019603 0
    outer loop
      vertex 122.3301270189222 3.5 0
      vertex 122.3301270189222 3.5 12
      vertex 121.96676670145618 2.956192854956397 12
    endloop
  endfacet
  facet normal 0.896872741532689 -0.4422886902189999 0
    outer loop
      vertex 122.61939766255644 4.086582838174551 0
      vertex 122.61939766255644 4.086582838174551 12
      vertex 122.3301270189222 3.5 12
    endloop
  endfacet
  facet normal 0.9469301294951061 -0.3214394653031601 0
    outer loop
      vertex 122.82962913144534 4.705904774487396 0
      vertex 122.82962913144534 4.705904774487396 12
      vertex 122.61939766255644 4.086582838174551 12
    endloop
  endfacet
  facet normal 0.9807852804032314 -0.19509032201612284 0
    outer loop
      vertex 122.95722430686905 5.347369038899743 0
      vertex 122.95722430686905 5.347369038899743 12
      vertex 122.82962913144534 4.705904774487396 12
    endloop
  endfacet
  facet normal 0.9978589232386034 0.06540312923014452 0
    outer loop
      vertex 122.95722430686905 6.652630961100257 0
      vertex 122.95722430686905 6.652630961100257 12
      vertex 123 6 12
    endloop
  endfacet
  facet normal 0.9978589232386034 -0.06540312923014452 0
    outer loop
      vertex 123 6 0
      vertex 123 6 12
      vertex 122.95722430686905 5.347369038899743 12
    endloop
  endfacet
  facet normal 0.06540312923014503 0.9978589232386034 2.298840955531679e-19
    outer loop
      vertex 118.65263096110026 10.957224306869051 0
      vertex 118.3 10.980336961155428 6.6
      vertex 118.3 10.980336961155428 12
    endloop
  endfacet
  facet normal 0.06540312923014502 0.9978589232386034 0
    outer loop
      vertex 118.65263096110026 10.957224306869051 0
      vertex 118.3 10.980336961155428 12
      vertex 118.65263096110026 10.957224306869051 12
    endloop
  endfacet
  facet normal 0.1950903220161273 0.9807852804032307 0
    outer loop
      vertex 119.2940952255126 10.82962913144534 0
      vertex 118.65263096110026 10.957224306869051 12
      vertex 119.2940952255126 10.82962913144534 12
    endloop
  endfacet
  facet normal 0.3214394653031609 0.9469301294951059 0
    outer loop
      vertex 119.91341716182545 10.619397662556434 0
      vertex 119.2940952255126 10.82962913144534 12
      vertex 119.91341716182545 10.619397662556434 12
    endloop
  endfacet
  facet normal 0.44228869021900263 0.8968727415326876 0
    outer loop
      vertex 120.5 10.330127018922193 0
      vertex 119.91341716182545 10.619397662556434 12
      vertex 120.5 10.330127018922193 12
    endloop
  endfacet
  facet normal 0.8314696123025447 0.555570233019603 0
    outer loop
      vertex 121.96676670145618 9.043807145043603 0
      vertex 121.96676670145618 9.043807145043603 12
      vertex 122.3301270189222 8.5 12
    endloop
  endfacet
  facet normal 0.896872741532689 0.4422886902189999 0
    outer loop
      vertex 122.3301270189222 8.5 0
      vertex 122.3301270189222 8.5 12
      vertex 122.61939766255644 7.913417161825449 12
    endloop
  endfacet
  facet normal 0.6593458151000677 0.7518398074789784 0
    outer loop
      vertex 121.53553390593274 9.535533905932738 0
      vertex 121.0438071450436 9.966766701456176 12
      vertex 121.53553390593274 9.535533905932738 12
    endloop
  endfacet
  facet normal 0.5555702330196024 0.8314696123025451 0
    outer loop
      vertex 121.0438071450436 9.966766701456176 0
      vertex 120.5 10.330127018922193 12
      vertex 121.0438071450436 9.966766701456176 12
    endloop
  endfacet
  facet normal 0.7518398074789745 0.6593458151000723 0
    outer loop
      vertex 121.53553390593274 9.535533905932738 0
      vertex 121.53553390593274 9.535533905932738 12
      vertex 121.96676670145618 9.043807145043603 12
    endloop
  endfacet
  facet normal 0.9807852804032314 0.19509032201612284 0
    outer loop
      vertex 122.82962913144534 7.294095225512604 0
      vertex 122.82962913144534 7.294095225512604 12
      vertex 122.95722430686905 6.652630961100257 12
    endloop
  endfacet
  facet normal 0.9469301294951061 0.3214394653031601 0
    outer loop
      vertex 122.61939766255644 7.913417161825449 0
      vertex 122.61939766255644 7.913417161825449 12
      vertex 122.82962913144534 7.294095225512604 12
    endloop
  endfacet
  facet normal 0.06540312923014314 -0.9978589232386035 0
    outer loop
      vertex 118.3 1.0196630388445713 6.6
      vertex 118.65263096110026 1.042775693130948 12
      vertex 118.3 1.0196630388445713 12
    endloop
  endfacet
  facet normal 0.8314696123025356 0.5555702330196167 0
    outer loop
      vertex 116.41329331941753 129.78247714198255 0
      vertex 116.26794919243112 130 0
      vertex 116.41329331941753 129.78247714198255 6.6
    endloop
  endfacet
  facet normal 0.7518398074789906 0.659345815100054 1.902296055701917e-18
    outer loop
      vertex 116.41329331941753 129.78247714198255 0
      vertex 116.58578643762691 129.5857864376269 6.6
      vertex 116.58578643762691 129.5857864376269 0
    endloop
  endfacet
  facet normal 0.6593458151000503 0.7518398074789938 -1.760893732726286e-18
    outer loop
      vertex 116.58578643762691 129.5857864376269 0
      vertex 116.78247714198255 129.41329331941753 6.6
      vertex 116.78247714198255 129.41329331941753 0
    endloop
  endfacet
  facet normal 0.5555702330195792 0.8314696123025606 6.975399293956493e-19
    outer loop
      vertex 116.78247714198255 129.41329331941753 0
      vertex 117 129.26794919243113 6.6
      vertex 117 129.26794919243113 0
    endloop
  endfacet
  facet normal 0.4422886902190747 0.8968727415326522 -7.32434873074089e-19
    outer loop
      vertex 117 129.26794919243113 0
      vertex 117.23463313526982 129.1522409349774 6.6
      vertex 117.23463313526982 129.1522409349774 0
    endloop
  endfacet
  facet normal 0.32143946530309586 0.946930129495128 -4.094299304674944e-19
    outer loop
      vertex 117.23463313526982 129.1522409349774 0
      vertex 117.48236190979496 129.06814834742187 6.6
      vertex 117.48236190979496 129.06814834742187 0
    endloop
  endfacet
  facet normal 0.1950903220161262 0.9807852804032309 -3.5394659460004055e-19
    outer loop
      vertex 117.48236190979496 129.06814834742187 0
      vertex 117.7389476155599 129.01711027725239 6.6
      vertex 117.7389476155599 129.01711027725239 0
    endloop
  endfacet
  facet normal 0.06540312923016545 0.9978589232386021 1.7919533163481037e-19
    outer loop
      vertex 117.7389476155599 129.01711027725239 0
      vertex 118 129 6.6
      vertex 118 129 0
    endloop
  endfacet
  facet normal -0.06540312923016545 0.9978589232386021 -1.7919533163481037e-19
    outer loop
      vertex 118 129 0
      vertex 118.2610523844401 129.01711027725239 6.6
      vertex 118.2610523844401 129.01711027725239 0
    endloop
  endfacet
  facet normal -0.1950903220161262 0.9807852804032309 1.3270306461882299e-15
    outer loop
      vertex 118.2610523844401 129.01711027725239 0
      vertex 118.3 129.0248574396672 6.6
      vertex 118.51763809020504 129.06814834742187 0
    endloop
  endfacet
  facet normal 0.9469301294951002 0.3214394653031777 0
    outer loop
      vertex 116.15224093497743 130.23463313526983 0
      vertex 116.06814834742187 130.48236190979495 0
      vertex 116.15224093497743 130.23463313526983 6.6
    endloop
  endfacet
  facet normal 0.980785280403235 0.1950903220161054 0
    outer loop
      vertex 116.06814834742187 130.48236190979495 0
      vertex 116.01711027725239 130.7389476155599 0
      vertex 116.06814834742187 130.48236190979495 6.6
    endloop
  endfacet
  facet normal 0.8968727415327058 0.44228869021896566 -3.835665392697615e-19
    outer loop
      vertex 116.15224093497743 130.23463313526983 0
      vertex 116.26794919243112 130 6.6
      vertex 116.26794919243112 130 0
    endloop
  endfacet
  facet normal 0.9978589232386018 0.06540312923016899 0
    outer loop
      vertex 116.01711027725239 130.7389476155599 0
      vertex 116 131 0
      vertex 116.01711027725239 130.7389476155599 6.6
    endloop
  endfacet
  facet normal 0.9978589232386018 -0.06540312923016899 0
    outer loop
      vertex 116 131 0
      vertex 116.01711027725239 131.2610523844401 0
      vertex 116 131 6.6
    endloop
  endfacet
  facet normal 0.980785280403235 -0.1950903220161054 0
    outer loop
      vertex 116.01711027725239 131.2610523844401 0
      vertex 116.06814834742187 131.51763809020505 0
      vertex 116.01711027725239 131.2610523844401 6.6
    endloop
  endfacet
  facet normal 0.9469301294951002 -0.3214394653031777 0
    outer loop
      vertex 116.06814834742187 131.51763809020505 0
      vertex 116.15224093497743 131.76536686473017 0
      vertex 116.06814834742187 131.51763809020505 6.6
    endloop
  endfacet
  facet normal 0.8968727415327058 -0.44228869021896566 0
    outer loop
      vertex 116.15224093497743 131.76536686473017 0
      vertex 116.26794919243112 132 0
      vertex 116.15224093497743 131.76536686473017 6.6
    endloop
  endfacet
  facet normal 0.8314696123025356 -0.5555702330196167 0
    outer loop
      vertex 116.26794919243112 132 0
      vertex 116.41329331941753 132.21752285801745 0
      vertex 116.26794919243112 132 6.6
    endloop
  endfacet
  facet normal 0.7518398074789906 -0.659345815100054 0
    outer loop
      vertex 116.41329331941753 132.21752285801745 0
      vertex 116.58578643762691 132.4142135623731 0
      vertex 116.41329331941753 132.21752285801745 6.6
    endloop
  endfacet
  facet normal 0.6593458151000503 -0.7518398074789938 0
    outer loop
      vertex 116.58578643762691 132.4142135623731 0
      vertex 116.78247714198255 132.58670668058247 0
      vertex 116.58578643762691 132.4142135623731 6.6
    endloop
  endfacet
  facet normal 0.5555702330195792 -0.8314696123025606 0
    outer loop
      vertex 116.78247714198255 132.58670668058247 0
      vertex 117 132.73205080756887 0
      vertex 116.78247714198255 132.58670668058247 6.6
    endloop
  endfacet
  facet normal 0.4422886902190747 -0.8968727415326522 0
    outer loop
      vertex 117 132.73205080756887 0
      vertex 117.23463313526982 132.8477590650226 0
      vertex 117 132.73205080756887 6.6
    endloop
  endfacet
  facet normal 0.32143946530309586 -0.946930129495128 0
    outer loop
      vertex 117.23463313526982 132.8477590650226 0
      vertex 117.48236190979496 132.93185165257813 0
      vertex 117.23463313526982 132.8477590650226 6.6
    endloop
  endfacet
  facet normal 0.1950903220161262 -0.9807852804032309 0
    outer loop
      vertex 117.48236190979496 132.93185165257813 0
      vertex 117.7389476155599 132.98288972274761 0
      vertex 117.48236190979496 132.93185165257813 6.6
    endloop
  endfacet
  facet normal 0.06540312923016545 -0.9978589232386021 0
    outer loop
      vertex 117.7389476155599 132.98288972274761 0
      vertex 118 133 0
      vertex 117.7389476155599 132.98288972274761 6.6
    endloop
  endfacet
  facet normal -0.06540312923016545 -0.9978589232386021 0
    outer loop
      vertex 118 133 0
      vertex 118.2610523844401 132.98288972274761 0
      vertex 118 133 6.6
    endloop
  endfacet
  facet normal 0.8314696123025356 0.5555702330196167 0
    outer loop
      vertex 116.26794919243112 130 0
      vertex 116.26794919243112 130 6.6
      vertex 116.41329331941753 129.78247714198255 6.6
    endloop
  endfacet
  facet normal 0.5555702330195792 0.8314696123025606 0
    outer loop
      vertex 116.78247714198255 129.41329331941753 0
      vertex 116.78247714198255 129.41329331941753 6.6
      vertex 117 129.26794919243113 6.6
    endloop
  endfacet
  facet normal 0.6593458151000503 0.7518398074789938 0
    outer loop
      vertex 116.58578643762691 129.5857864376269 0
      vertex 116.58578643762691 129.5857864376269 6.6
      vertex 116.78247714198255 129.41329331941753 6.6
    endloop
  endfacet
  facet normal 0.7518398074789906 0.659345815100054 0
    outer loop
      vertex 116.41329331941753 129.78247714198255 0
      vertex 116.41329331941753 129.78247714198255 6.6
      vertex 116.58578643762691 129.5857864376269 6.6
    endloop
  endfacet
  facet normal 0.4422886902190747 0.8968727415326522 0
    outer loop
      vertex 117 129.26794919243113 0
      vertex 117 129.26794919243113 6.6
      vertex 117.23463313526982 129.1522409349774 6.6
    endloop
  endfacet
  facet normal 0.32143946530309586 0.946930129495128 0
    outer loop
      vertex 117.23463313526982 129.1522409349774 0
      vertex 117.23463313526982 129.1522409349774 6.6
      vertex 117.48236190979496 129.06814834742187 6.6
    endloop
  endfacet
  facet normal 0.1950903220161262 0.9807852804032309 0
    outer loop
      vertex 117.48236190979496 129.06814834742187 0
      vertex 117.48236190979496 129.06814834742187 6.6
      vertex 117.7389476155599 129.01711027725239 6.6
    endloop
  endfacet
  facet normal 0.06540312923016545 0.9978589232386021 0
    outer loop
      vertex 117.7389476155599 129.01711027725239 0
      vertex 117.7389476155599 129.01711027725239 6.6
      vertex 118 129 6.6
    endloop
  endfacet
  facet normal -0.06540312923016545 0.9978589232386021 0
    outer loop
      vertex 118 129 0
      vertex 118 129 6.6
      vertex 118.2610523844401 129.01711027725239 6.6
    endloop
  endfacet
  facet normal -0.19509032201590992 0.9807852804032738 0
    outer loop
      vertex 118.2610523844401 129.01711027725239 0
      vertex 118.2610523844401 129.01711027725239 6.6
      vertex 118.3 129.0248574396672 6.6
    endloop
  endfacet
  facet normal -0.19509032201612625 -0.9807852804032309 -1.9467062703002232e-19
    outer loop
      vertex 118.2610523844401 132.98288972274761 0
      vertex 118.51763809020504 132.93185165257813 0
      vertex 118.51763809020504 132.93185165257813 12
    endloop
  endfacet
  facet normal 0.9469301294951002 0.3214394653031777 0
    outer loop
      vertex 116.06814834742187 130.48236190979495 0
      vertex 116.06814834742187 130.48236190979495 6.6
      vertex 116.15224093497743 130.23463313526983 6.6
    endloop
  endfacet
  facet normal 0.8968727415327058 0.44228869021896566 0
    outer loop
      vertex 116.15224093497743 130.23463313526983 0
      vertex 116.15224093497743 130.23463313526983 6.6
      vertex 116.26794919243112 130 6.6
    endloop
  endfacet
  facet normal 0.980785280403235 0.1950903220161054 0
    outer loop
      vertex 116.01711027725239 130.7389476155599 0
      vertex 116.01711027725239 130.7389476155599 6.6
      vertex 116.06814834742187 130.48236190979495 6.6
    endloop
  endfacet
  facet normal 0.9978589232386018 0.06540312923016899 0
    outer loop
      vertex 116 131 0
      vertex 116 131 6.6
      vertex 116.01711027725239 130.7389476155599 6.6
    endloop
  endfacet
  facet normal 0.9978589232386018 -0.06540312923016899 0
    outer loop
      vertex 116.01711027725239 131.2610523844401 0
      vertex 116.01711027725239 131.2610523844401 6.6
      vertex 116 131 6.6
    endloop
  endfacet
  facet normal 0.980785280403235 -0.1950903220161054 0
    outer loop
      vertex 116.06814834742187 131.51763809020505 0
      vertex 116.06814834742187 131.51763809020505 6.6
      vertex 116.01711027725239 131.2610523844401 6.6
    endloop
  endfacet
  facet normal 0.9469301294951002 -0.3214394653031777 0
    outer loop
      vertex 116.15224093497743 131.76536686473017 0
      vertex 116.15224093497743 131.76536686473017 6.6
      vertex 116.06814834742187 131.51763809020505 6.6
    endloop
  endfacet
  facet normal 0.8968727415327058 -0.44228869021896566 0
    outer loop
      vertex 116.26794919243112 132 0
      vertex 116.26794919243112 132 6.6
      vertex 116.15224093497743 131.76536686473017 6.6
    endloop
  endfacet
  facet normal 0.8314696123025356 -0.5555702330196167 0
    outer loop
      vertex 116.41329331941753 132.21752285801745 0
      vertex 116.41329331941753 132.21752285801745 6.6
      vertex 116.26794919243112 132 6.6
    endloop
  endfacet
  facet normal 0.7518398074789906 -0.659345815100054 0
    outer loop
      vertex 116.58578643762691 132.4142135623731 0
      vertex 116.58578643762691 132.4142135623731 6.6
      vertex 116.41329331941753 132.21752285801745 6.6
    endloop
  endfacet
  facet normal 0.6593458151000503 -0.7518398074789938 0
    outer loop
      vertex 116.78247714198255 132.58670668058247 0
      vertex 116.78247714198255 132.58670668058247 6.6
      vertex 116.58578643762691 132.4142135623731 6.6
    endloop
  endfacet
  facet normal 0.5555702330195792 -0.8314696123025606 0
    outer loop
      vertex 117 132.73205080756887 0
      vertex 117 132.73205080756887 6.6
      vertex 116.78247714198255 132.58670668058247 6.6
    endloop
  endfacet
  facet normal 0.4422886902190747 -0.8968727415326522 0
    outer loop
      vertex 117.23463313526982 132.8477590650226 0
      vertex 117.23463313526982 132.8477590650226 6.6
      vertex 117 132.73205080756887 6.6
    endloop
  endfacet
  facet normal 0.32143946530309586 -0.946930129495128 0
    outer loop
      vertex 117.48236190979496 132.93185165257813 0
      vertex 117.48236190979496 132.93185165257813 6.6
      vertex 117.23463313526982 132.8477590650226 6.6
    endloop
  endfacet
  facet normal 0.1950903220161262 -0.9807852804032309 0
    outer loop
      vertex 117.7389476155599 132.98288972274761 0
      vertex 117.7389476155599 132.98288972274761 6.6
      vertex 117.48236190979496 132.93185165257813 6.6
    endloop
  endfacet
  facet normal 0.06540312923016545 -0.9978589232386021 0
    outer loop
      vertex 118 133 0
      vertex 118 133 6.6
      vertex 117.7389476155599 132.98288972274761 6.6
    endloop
  endfacet
  facet normal -0.06540312923016545 -0.9978589232386021 0
    outer loop
      vertex 118.2610523844401 132.98288972274761 0
      vertex 118.2610523844401 132.98288972274761 6.6
      vertex 118 133 6.6
    endloop
  endfacet
  facet normal -0.19509032201590992 -0.9807852804032738 0
    outer loop
      vertex 118.2610523844401 132.98288972274761 0
      vertex 118.3 132.9751425603328 6.6
      vertex 118.2610523844401 132.98288972274761 6.6
    endloop
  endfacet
  facet normal -0.32143946530309586 0.946930129495128 0
    outer loop
      vertex 118.51763809020504 129.06814834742187 0
      vertex 118.51763809020504 129.06814834742187 12
      vertex 118.76536686473018 129.1522409349774 0
    endloop
  endfacet
  facet normal -0.44228869021907463 0.8968727415326521 0
    outer loop
      vertex 118.76536686473018 129.1522409349774 0
      vertex 118.76536686473018 129.1522409349774 12
      vertex 119 129.26794919243113 0
    endloop
  endfacet
  facet normal -0.5555702330195792 0.8314696123025607 0
    outer loop
      vertex 119 129.26794919243113 0
      vertex 119 129.26794919243113 12
      vertex 119.21752285801745 129.41329331941753 0
    endloop
  endfacet
  facet normal -0.6593458151000502 0.7518398074789938 0
    outer loop
      vertex 119.21752285801745 129.41329331941753 0
      vertex 119.21752285801745 129.41329331941753 12
      vertex 119.41421356237309 129.5857864376269 0
    endloop
  endfacet
  facet normal -0.7518398074789906 0.659345815100054 0
    outer loop
      vertex 119.41421356237309 129.5857864376269 0
      vertex 119.41421356237309 129.5857864376269 12
      vertex 119.58670668058247 129.78247714198255 0
    endloop
  endfacet
  facet normal -0.8314696123025355 0.5555702330196167 0
    outer loop
      vertex 119.58670668058247 129.78247714198255 0
      vertex 119.58670668058247 129.78247714198255 12
      vertex 119.73205080756888 130 0
    endloop
  endfacet
  facet normal -0.8968727415327059 0.4422886902189658 0
    outer loop
      vertex 119.73205080756888 130 0
      vertex 119.73205080756888 130 12
      vertex 119.84775906502257 130.23463313526983 0
    endloop
  endfacet
  facet normal -0.9469301294951002 0.32143946530317763 0
    outer loop
      vertex 119.84775906502257 130.23463313526983 0
      vertex 119.84775906502257 130.23463313526983 12
      vertex 119.93185165257813 130.48236190979495 0
    endloop
  endfacet
  facet normal -0.980785280403235 0.19509032201610543 0
    outer loop
      vertex 119.93185165257813 130.48236190979495 0
      vertex 119.93185165257813 130.48236190979495 12
      vertex 119.98288972274761 130.7389476155599 0
    endloop
  endfacet
  facet normal -0.9978589232386017 0.06540312923016899 0
    outer loop
      vertex 119.98288972274761 130.7389476155599 0
      vertex 119.98288972274761 130.7389476155599 12
      vertex 120 131 0
    endloop
  endfacet
  facet normal -0.9978589232386017 -0.06540312923016899 0
    outer loop
      vertex 120 131 0
      vertex 120 131 12
      vertex 119.98288972274761 131.2610523844401 0
    endloop
  endfacet
  facet normal -0.9469301294951002 -0.32143946530317763 0
    outer loop
      vertex 119.93185165257813 131.51763809020505 0
      vertex 119.93185165257813 131.51763809020505 12
      vertex 119.84775906502257 131.76536686473017 0
    endloop
  endfacet
  facet normal -0.8314696123025355 -0.5555702330196167 -6.923544608611051e-19
    outer loop
      vertex 119.58670668058247 132.21752285801745 0
      vertex 119.73205080756888 132 0
      vertex 119.73205080756888 132 12
    endloop
  endfacet
  facet normal -0.7518398074789906 -0.659345815100054 0
    outer loop
      vertex 119.58670668058247 132.21752285801745 0
      vertex 119.58670668058247 132.21752285801745 12
      vertex 119.41421356237309 132.4142135623731 0
    endloop
  endfacet
  facet normal -0.8968727415327059 -0.4422886902189658 0
    outer loop
      vertex 119.84775906502257 131.76536686473017 0
      vertex 119.84775906502257 131.76536686473017 12
      vertex 119.73205080756888 132 0
    endloop
  endfacet
  facet normal -0.980785280403235 -0.19509032201610543 2.431107793395659e-19
    outer loop
      vertex 119.93185165257813 131.51763809020505 0
      vertex 119.98288972274761 131.2610523844401 0
      vertex 119.98288972274761 131.2610523844401 12
    endloop
  endfacet
  facet normal -0.32143946530309586 -0.946930129495128 -2.2518646175712187e-19
    outer loop
      vertex 118.51763809020504 132.93185165257813 0
      vertex 118.76536686473018 132.8477590650226 0
      vertex 118.76536686473018 132.8477590650226 12
    endloop
  endfacet
  facet normal -0.44228869021907463 -0.8968727415326521 -4.028391801907489e-19
    outer loop
      vertex 118.76536686473018 132.8477590650226 0
      vertex 119 132.73205080756887 0
      vertex 119 132.73205080756887 12
    endloop
  endfacet
  facet normal -0.5555702330195792 -0.8314696123025607 3.8364696116760713e-19
    outer loop
      vertex 119 132.73205080756887 0
      vertex 119.21752285801745 132.58670668058247 0
      vertex 119.21752285801745 132.58670668058247 12
    endloop
  endfacet
  facet normal -0.6593458151000502 -0.7518398074789938 -9.684915529994572e-19
    outer loop
      vertex 119.21752285801745 132.58670668058247 0
      vertex 119.41421356237309 132.4142135623731 0
      vertex 119.41421356237309 132.4142135623731 12
    endloop
  endfacet
  facet normal -0.1950903220161649 0.9807852804032232 2.7437145116991904e-19
    outer loop
      vertex 118.51763809020504 129.06814834742187 0
      vertex 118.3 129.0248574396672 6.6
      vertex 118.3 129.0248574396672 12
    endloop
  endfacet
  facet normal -0.19509032201620866 -0.9807852804032143 1.832652648419526e-15
    outer loop
      vertex 118.2610523844401 132.98288972274761 0
      vertex 118.51763809020504 132.93185165257813 12
      vertex 118.3 132.9751425603328 6.6
    endloop
  endfacet
  facet normal -0.19509032201616494 0.9807852804032231 0
    outer loop
      vertex 118.51763809020504 129.06814834742187 0
      vertex 118.3 129.0248574396672 12
      vertex 118.51763809020504 129.06814834742187 12
    endloop
  endfacet
  facet normal -0.32143946530309586 0.946930129495128 0
    outer loop
      vertex 118.76536686473018 129.1522409349774 0
      vertex 118.51763809020504 129.06814834742187 12
      vertex 118.76536686473018 129.1522409349774 12
    endloop
  endfacet
  facet normal -0.44228869021907463 0.8968727415326521 0
    outer loop
      vertex 119 129.26794919243113 0
      vertex 118.76536686473018 129.1522409349774 12
      vertex 119 129.26794919243113 12
    endloop
  endfacet
  facet normal -0.5555702330195792 0.8314696123025607 0
    outer loop
      vertex 119.21752285801745 129.41329331941753 0
      vertex 119 129.26794919243113 12
      vertex 119.21752285801745 129.41329331941753 12
    endloop
  endfacet
  facet normal -0.6593458151000502 0.7518398074789938 0
    outer loop
      vertex 119.41421356237309 129.5857864376269 0
      vertex 119.21752285801745 129.41329331941753 12
      vertex 119.41421356237309 129.5857864376269 12
    endloop
  endfacet
  facet normal -0.7518398074789906 0.659345815100054 0
    outer loop
      vertex 119.58670668058247 129.78247714198255 0
      vertex 119.41421356237309 129.5857864376269 12
      vertex 119.58670668058247 129.78247714198255 12
    endloop
  endfacet
  facet normal -0.8314696123025355 0.5555702330196167 0
    outer loop
      vertex 119.73205080756888 130 0
      vertex 119.58670668058247 129.78247714198255 12
      vertex 119.73205080756888 130 12
    endloop
  endfacet
  facet normal -0.8968727415327059 0.4422886902189658 0
    outer loop
      vertex 119.84775906502257 130.23463313526983 0
      vertex 119.73205080756888 130 12
      vertex 119.84775906502257 130.23463313526983 12
    endloop
  endfacet
  facet normal -0.9469301294951002 0.32143946530317763 0
    outer loop
      vertex 119.93185165257813 130.48236190979495 0
      vertex 119.84775906502257 130.23463313526983 12
      vertex 119.93185165257813 130.48236190979495 12
    endloop
  endfacet
  facet normal -0.980785280403235 0.19509032201610543 0
    outer loop
      vertex 119.98288972274761 130.7389476155599 0
      vertex 119.93185165257813 130.48236190979495 12
      vertex 119.98288972274761 130.7389476155599 12
    endloop
  endfacet
  facet normal -0.9978589232386017 0.06540312923016899 0
    outer loop
      vertex 120 131 0
      vertex 119.98288972274761 130.7389476155599 12
      vertex 120 131 12
    endloop
  endfacet
  facet normal -0.9978589232386017 -0.06540312923016899 0
    outer loop
      vertex 119.98288972274761 131.2610523844401 0
      vertex 120 131 12
      vertex 119.98288972274761 131.2610523844401 12
    endloop
  endfacet
  facet normal -0.980785280403235 -0.19509032201610543 0
    outer loop
      vertex 119.93185165257813 131.51763809020505 0
      vertex 119.98288972274761 131.2610523844401 12
      vertex 119.93185165257813 131.51763809020505 12
    endloop
  endfacet
  facet normal -0.9469301294951002 -0.32143946530317763 0
    outer loop
      vertex 119.84775906502257 131.76536686473017 0
      vertex 119.93185165257813 131.51763809020505 12
      vertex 119.84775906502257 131.76536686473017 12
    endloop
  endfacet
  facet normal -0.7518398074789906 -0.659345815100054 0
    outer loop
      vertex 119.41421356237309 132.4142135623731 0
      vertex 119.58670668058247 132.21752285801745 12
      vertex 119.41421356237309 132.4142135623731 12
    endloop
  endfacet
  facet normal -0.8314696123025355 -0.5555702330196167 0
    outer loop
      vertex 119.58670668058247 132.21752285801745 0
      vertex 119.73205080756888 132 12
      vertex 119.58670668058247 132.21752285801745 12
    endloop
  endfacet
  facet normal -0.8968727415327059 -0.4422886902189658 0
    outer loop
      vertex 119.73205080756888 132 0
      vertex 119.84775906502257 131.76536686473017 12
      vertex 119.73205080756888 132 12
    endloop
  endfacet
  facet normal -0.32143946530309586 -0.946930129495128 0
    outer loop
      vertex 118.51763809020504 132.93185165257813 0
      vertex 118.76536686473018 132.8477590650226 12
      vertex 118.51763809020504 132.93185165257813 12
    endloop
  endfacet
  facet normal -0.44228869021907463 -0.8968727415326521 0
    outer loop
      vertex 118.76536686473018 132.8477590650226 0
      vertex 119 132.73205080756887 12
      vertex 118.76536686473018 132.8477590650226 12
    endloop
  endfacet
  facet normal -0.5555702330195792 -0.8314696123025607 0
    outer loop
      vertex 119 132.73205080756887 0
      vertex 119.21752285801745 132.58670668058247 12
      vertex 119 132.73205080756887 12
    endloop
  endfacet
  facet normal -0.6593458151000502 -0.7518398074789938 0
    outer loop
      vertex 119.21752285801745 132.58670668058247 0
      vertex 119.41421356237309 132.4142135623731 12
      vertex 119.21752285801745 132.58670668058247 12
    endloop
  endfacet
  facet normal -0.19509032201616494 -0.9807852804032232 0
    outer loop
      vertex 118.3 132.9751425603328 6.6
      vertex 118.51763809020504 132.93185165257813 12
      vertex 118.3 132.9751425603328 12
    endloop
  endfacet
  facet normal 0.8314696123025512 0.5555702330195933 2.564334560780063e-19
    outer loop
      vertex 4.41329331941753 129.78247714198255 0
      vertex 4.267949192431123 130 0
      vertex 4.267949192431123 130 12
    endloop
  endfacet
  facet normal 0.7518398074789887 0.6593458151000559 0
    outer loop
      vertex 4.41329331941753 129.78247714198255 0
      vertex 4.41329331941753 129.78247714198255 12
      vertex 4.585786437626905 129.5857864376269 0
    endloop
  endfacet
  facet normal 0.5555702330195886 0.8314696123025543 -4.4678448232689045e-19
    outer loop
      vertex 5 129.26794919243113 0
      vertex 4.782477141982559 129.41329331941753 0
      vertex 4.782477141982559 129.41329331941753 12
    endloop
  endfacet
  facet normal 0.659345815100035 0.751839807479007 0
    outer loop
      vertex 4.585786437626905 129.5857864376269 0
      vertex 4.585786437626905 129.5857864376269 12
      vertex 4.782477141982559 129.41329331941753 0
    endloop
  endfacet
  facet normal 0.44228869021906925 0.8968727415326547 0
    outer loop
      vertex 5 129.26794919243113 0
      vertex 5 129.26794919243113 12
      vertex 5.234633135269821 129.1522409349774 0
    endloop
  endfacet
  facet normal 0.3214394653031021 0.9469301294951259 0
    outer loop
      vertex 5.234633135269821 129.1522409349774 0
      vertex 5.234633135269821 129.1522409349774 12
      vertex 5.4823619097949585 129.06814834742187 0
    endloop
  endfacet
  facet normal 0.9807852804032335 0.19509032201611196 0
    outer loop
      vertex 4.017110277252379 130.7389476155599 0
      vertex 4.017110277252379 130.7389476155599 12
      vertex 4.068148347421864 130.48236190979495 0
    endloop
  endfacet
  facet normal 0.9978589232386033 0.06540312923014532 -2.348568453298452e-20
    outer loop
      vertex 4.017110277252379 130.7389476155599 0
      vertex 4 131 0
      vertex 4 131 12
    endloop
  endfacet
  facet normal 0.9978589232386033 -0.06540312923014532 2.348568453298452e-20
    outer loop
      vertex 4 131 0
      vertex 4.017110277252379 131.2610523844401 0
      vertex 4.017110277252379 131.2610523844401 12
    endloop
  endfacet
  facet normal 0.8968727415326951 0.4422886902189876 0
    outer loop
      vertex 4.152240934977426 130.23463313526983 0
      vertex 4.152240934977426 130.23463313526983 12
      vertex 4.267949192431123 130 0
    endloop
  endfacet
  facet normal 0.9469301294950971 0.3214394653031868 -2.984379277838649e-19
    outer loop
      vertex 4.152240934977426 130.23463313526983 0
      vertex 4.068148347421864 130.48236190979495 0
      vertex 4.068148347421864 130.48236190979495 12
    endloop
  endfacet
  facet normal 0.9807852804032335 -0.19509032201611196 1.6787319459086451e-19
    outer loop
      vertex 4.017110277252379 131.2610523844401 0
      vertex 4.068148347421864 131.51763809020505 0
      vertex 4.068148347421864 131.51763809020505 12
    endloop
  endfacet
  facet normal 0.9469301294950971 -0.3214394653031868 2.984379277838649e-19
    outer loop
      vertex 4.068148347421864 131.51763809020505 0
      vertex 4.152240934977426 131.76536686473017 0
      vertex 4.152240934977426 131.76536686473017 12
    endloop
  endfacet
  facet normal 0.8968727415326951 -0.4422886902189876 -3.099377736421683e-19
    outer loop
      vertex 4.152240934977426 131.76536686473017 0
      vertex 4.267949192431123 132 0
      vertex 4.267949192431123 132 12
    endloop
  endfacet
  facet normal 0.8314696123025512 -0.5555702330195933 -2.564334560780063e-19
    outer loop
      vertex 4.267949192431123 132 0
      vertex 4.41329331941753 132.21752285801745 0
      vertex 4.41329331941753 132.21752285801745 12
    endloop
  endfacet
  facet normal 0.7518398074789887 -0.6593458151000559 -6.563441253427979e-19
    outer loop
      vertex 4.41329331941753 132.21752285801745 0
      vertex 4.585786437626905 132.4142135623731 0
      vertex 4.585786437626905 132.4142135623731 12
    endloop
  endfacet
  facet normal 0.659345815100035 -0.751839807479007 3.320857730471929e-19
    outer loop
      vertex 4.585786437626905 132.4142135623731 0
      vertex 4.782477141982559 132.58670668058247 0
      vertex 4.782477141982559 132.58670668058247 12
    endloop
  endfacet
  facet normal 0.5555702330195886 -0.8314696123025543 4.4678448232689045e-19
    outer loop
      vertex 4.782477141982559 132.58670668058247 0
      vertex 5 132.73205080756887 0
      vertex 5 132.73205080756887 12
    endloop
  endfacet
  facet normal 0.44228869021906925 -0.8968727415326547 -1.660295859478852e-19
    outer loop
      vertex 5 132.73205080756887 0
      vertex 5.234633135269821 132.8477590650226 0
      vertex 5.234633135269821 132.8477590650226 12
    endloop
  endfacet
  facet normal 0.3214394653031021 -0.9469301294951259 4.149483700701752e-20
    outer loop
      vertex 5.234633135269821 132.8477590650226 0
      vertex 5.4823619097949585 132.93185165257813 0
      vertex 5.4823619097949585 132.93185165257813 12
    endloop
  endfacet
  facet normal 0.19509032201612297 0.9807852804032315 0
    outer loop
      vertex 5.4823619097949585 129.06814834742187 0
      vertex 5.4823619097949585 129.06814834742187 12
      vertex 5.738947615559897 129.01711027725239 0
    endloop
  endfacet
  facet normal 0.06540312923016611 0.9978589232386019 0
    outer loop
      vertex 5.738947615559897 129.01711027725239 0
      vertex 5.738947615559897 129.01711027725239 12
      vertex 6 129 0
    endloop
  endfacet
  facet normal -0.06540312923016611 0.9978589232386019 0
    outer loop
      vertex 6 129 0
      vertex 6 129 12
      vertex 6.261052384440103 129.01711027725239 0
    endloop
  endfacet
  facet normal -0.19509032201612297 0.9807852804032315 0
    outer loop
      vertex 6.261052384440103 129.01711027725239 0
      vertex 6.261052384440103 129.01711027725239 12
      vertex 6.5176380902050415 129.06814834742187 0
    endloop
  endfacet
  facet normal -0.3214394653031021 0.9469301294951259 0
    outer loop
      vertex 6.5176380902050415 129.06814834742187 0
      vertex 6.5176380902050415 129.06814834742187 12
      vertex 6.765366864730179 129.1522409349774 0
    endloop
  endfacet
  facet normal -0.44228869021906925 0.8968727415326547 0
    outer loop
      vertex 6.765366864730179 129.1522409349774 0
      vertex 6.765366864730179 129.1522409349774 12
      vertex 7 129.26794919243113 0
    endloop
  endfacet
  facet normal -0.5555702330195886 0.8314696123025543 0
    outer loop
      vertex 7 129.26794919243113 0
      vertex 7 129.26794919243113 12
      vertex 7.217522858017441 129.41329331941753 0
    endloop
  endfacet
  facet normal -0.659345815100035 0.751839807479007 0
    outer loop
      vertex 7.217522858017441 129.41329331941753 0
      vertex 7.217522858017441 129.41329331941753 12
      vertex 7.414213562373095 129.5857864376269 0
    endloop
  endfacet
  facet normal -0.7518398074789887 0.6593458151000559 0
    outer loop
      vertex 7.414213562373095 129.5857864376269 0
      vertex 7.414213562373095 129.5857864376269 12
      vertex 7.58670668058247 129.78247714198255 0
    endloop
  endfacet
  facet normal -0.8314696123025512 0.5555702330195933 0
    outer loop
      vertex 7.58670668058247 129.78247714198255 0
      vertex 7.58670668058247 129.78247714198255 12
      vertex 7.732050807568877 130 0
    endloop
  endfacet
  facet normal -0.7518398074789887 -0.6593458151000559 6.563441253427979e-19
    outer loop
      vertex 7.414213562373095 132.4142135623731 0
      vertex 7.58670668058247 132.21752285801745 0
      vertex 7.58670668058247 132.21752285801745 12
    endloop
  endfacet
  facet normal 0.19509032201612297 -0.9807852804032315 5.3917074598774435e-21
    outer loop
      vertex 5.4823619097949585 132.93185165257813 0
      vertex 5.738947615559897 132.98288972274761 0
      vertex 5.738947615559897 132.98288972274761 12
    endloop
  endfacet
  facet normal 0.06540312923016611 -0.9978589232386019 2.2243069900271456e-20
    outer loop
      vertex 5.738947615559897 132.98288972274761 0
      vertex 6 133 0
      vertex 6 133 12
    endloop
  endfacet
  facet normal -0.19509032201612297 -0.9807852804032315 0
    outer loop
      vertex 6.5176380902050415 132.93185165257813 0
      vertex 6.5176380902050415 132.93185165257813 12
      vertex 6.261052384440103 132.98288972274761 0
    endloop
  endfacet
  facet normal -0.06540312923016611 -0.9978589232386019 -2.2243069900271456e-20
    outer loop
      vertex 6 133 0
      vertex 6.261052384440103 132.98288972274761 0
      vertex 6.261052384440103 132.98288972274761 12
    endloop
  endfacet
  facet normal -0.3214394653031021 -0.9469301294951259 -4.149483700701752e-20
    outer loop
      vertex 6.5176380902050415 132.93185165257813 0
      vertex 6.765366864730179 132.8477590650226 0
      vertex 6.765366864730179 132.8477590650226 12
    endloop
  endfacet
  facet normal -0.44228869021906925 -0.8968727415326547 1.660295859478852e-19
    outer loop
      vertex 6.765366864730179 132.8477590650226 0
      vertex 7 132.73205080756887 0
      vertex 7 132.73205080756887 12
    endloop
  endfacet
  facet normal -0.5555702330195886 -0.8314696123025543 -4.4678448232689045e-19
    outer loop
      vertex 7 132.73205080756887 0
      vertex 7.217522858017441 132.58670668058247 0
      vertex 7.217522858017441 132.58670668058247 12
    endloop
  endfacet
  facet normal -0.659345815100035 -0.751839807479007 -3.320857730471929e-19
    outer loop
      vertex 7.217522858017441 132.58670668058247 0
      vertex 7.414213562373095 132.4142135623731 0
      vertex 7.414213562373095 132.4142135623731 12
    endloop
  endfacet
  facet normal -0.8968727415326951 0.4422886902189876 0
    outer loop
      vertex 7.732050807568877 130 0
      vertex 7.732050807568877 130 12
      vertex 7.847759065022574 130.23463313526983 0
    endloop
  endfacet
  facet normal -0.9469301294950971 0.3214394653031868 0
    outer loop
      vertex 7.847759065022574 130.23463313526983 0
      vertex 7.847759065022574 130.23463313526983 12
      vertex 7.931851652578136 130.48236190979495 0
    endloop
  endfacet
  facet normal -0.9807852804032335 0.19509032201611196 0
    outer loop
      vertex 7.931851652578136 130.48236190979495 0
      vertex 7.931851652578136 130.48236190979495 12
      vertex 7.982889722747621 130.7389476155599 0
    endloop
  endfacet
  facet normal -0.9978589232386033 0.06540312923014532 0
    outer loop
      vertex 7.982889722747621 130.7389476155599 0
      vertex 7.982889722747621 130.7389476155599 12
      vertex 8 131 0
    endloop
  endfacet
  facet normal -0.9978589232386033 -0.06540312923014532 0
    outer loop
      vertex 8 131 0
      vertex 8 131 12
      vertex 7.982889722747621 131.2610523844401 0
    endloop
  endfacet
  facet normal -0.9807852804032335 -0.19509032201611196 0
    outer loop
      vertex 7.982889722747621 131.2610523844401 0
      vertex 7.982889722747621 131.2610523844401 12
      vertex 7.931851652578136 131.51763809020505 0
    endloop
  endfacet
  facet normal -0.9469301294950971 -0.3214394653031868 0
    outer loop
      vertex 7.931851652578136 131.51763809020505 0
      vertex 7.931851652578136 131.51763809020505 12
      vertex 7.847759065022574 131.76536686473017 0
    endloop
  endfacet
  facet normal -0.8314696123025512 -0.5555702330195933 0
    outer loop
      vertex 7.732050807568877 132 0
      vertex 7.732050807568877 132 12
      vertex 7.58670668058247 132.21752285801745 0
    endloop
  endfacet
  facet normal -0.8968727415326951 -0.4422886902189876 0
    outer loop
      vertex 7.847759065022574 131.76536686473017 0
      vertex 7.847759065022574 131.76536686473017 12
      vertex 7.732050807568877 132 0
    endloop
  endfacet
  facet normal 0.7518398074789887 0.6593458151000559 0
    outer loop
      vertex 4.585786437626905 129.5857864376269 0
      vertex 4.41329331941753 129.78247714198255 12
      vertex 4.585786437626905 129.5857864376269 12
    endloop
  endfacet
  facet normal 0.8314696123025512 0.5555702330195933 0
    outer loop
      vertex 4.41329331941753 129.78247714198255 0
      vertex 4.267949192431123 130 12
      vertex 4.41329331941753 129.78247714198255 12
    endloop
  endfacet
  facet normal 0.5555702330195886 0.8314696123025543 0
    outer loop
      vertex 5 129.26794919243113 0
      vertex 4.782477141982559 129.41329331941753 12
      vertex 5 129.26794919243113 12
    endloop
  endfacet
  facet normal 0.659345815100035 0.751839807479007 0
    outer loop
      vertex 4.782477141982559 129.41329331941753 0
      vertex 4.585786437626905 129.5857864376269 12
      vertex 4.782477141982559 129.41329331941753 12
    endloop
  endfacet
  facet normal 0.44228869021906925 0.8968727415326547 0
    outer loop
      vertex 5.234633135269821 129.1522409349774 0
      vertex 5 129.26794919243113 12
      vertex 5.234633135269821 129.1522409349774 12
    endloop
  endfacet
  facet normal 0.3214394653031021 0.9469301294951259 0
    outer loop
      vertex 5.4823619097949585 129.06814834742187 0
      vertex 5.234633135269821 129.1522409349774 12
      vertex 5.4823619097949585 129.06814834742187 12
    endloop
  endfacet
  facet normal 0.9978589232386033 0.06540312923014532 0
    outer loop
      vertex 4.017110277252379 130.7389476155599 0
      vertex 4 131 12
      vertex 4.017110277252379 130.7389476155599 12
    endloop
  endfacet
  facet normal 0.9978589232386033 -0.06540312923014532 0
    outer loop
      vertex 4 131 0
      vertex 4.017110277252379 131.2610523844401 12
      vertex 4 131 12
    endloop
  endfacet
  facet normal 0.8968727415326951 0.4422886902189876 0
    outer loop
      vertex 4.267949192431123 130 0
      vertex 4.152240934977426 130.23463313526983 12
      vertex 4.267949192431123 130 12
    endloop
  endfacet
  facet normal 0.9469301294950971 0.3214394653031868 0
    outer loop
      vertex 4.152240934977426 130.23463313526983 0
      vertex 4.068148347421864 130.48236190979495 12
      vertex 4.152240934977426 130.23463313526983 12
    endloop
  endfacet
  facet normal 0.9807852804032335 0.19509032201611196 0
    outer loop
      vertex 4.068148347421864 130.48236190979495 0
      vertex 4.017110277252379 130.7389476155599 12
      vertex 4.068148347421864 130.48236190979495 12
    endloop
  endfacet
  facet normal 0.9807852804032335 -0.19509032201611196 0
    outer loop
      vertex 4.017110277252379 131.2610523844401 0
      vertex 4.068148347421864 131.51763809020505 12
      vertex 4.017110277252379 131.2610523844401 12
    endloop
  endfacet
  facet normal 0.9469301294950971 -0.3214394653031868 0
    outer loop
      vertex 4.068148347421864 131.51763809020505 0
      vertex 4.152240934977426 131.76536686473017 12
      vertex 4.068148347421864 131.51763809020505 12
    endloop
  endfacet
  facet normal 0.8968727415326951 -0.4422886902189876 0
    outer loop
      vertex 4.152240934977426 131.76536686473017 0
      vertex 4.267949192431123 132 12
      vertex 4.152240934977426 131.76536686473017 12
    endloop
  endfacet
  facet normal 0.8314696123025512 -0.5555702330195933 0
    outer loop
      vertex 4.267949192431123 132 0
      vertex 4.41329331941753 132.21752285801745 12
      vertex 4.267949192431123 132 12
    endloop
  endfacet
  facet normal 0.7518398074789887 -0.6593458151000559 0
    outer loop
      vertex 4.41329331941753 132.21752285801745 0
      vertex 4.585786437626905 132.4142135623731 12
      vertex 4.41329331941753 132.21752285801745 12
    endloop
  endfacet
  facet normal 0.659345815100035 -0.751839807479007 0
    outer loop
      vertex 4.585786437626905 132.4142135623731 0
      vertex 4.782477141982559 132.58670668058247 12
      vertex 4.585786437626905 132.4142135623731 12
    endloop
  endfacet
  facet normal 0.5555702330195886 -0.8314696123025543 0
    outer loop
      vertex 4.782477141982559 132.58670668058247 0
      vertex 5 132.73205080756887 12
      vertex 4.782477141982559 132.58670668058247 12
    endloop
  endfacet
  facet normal 0.44228869021906925 -0.8968727415326547 0
    outer loop
      vertex 5 132.73205080756887 0
      vertex 5.234633135269821 132.8477590650226 12
      vertex 5 132.73205080756887 12
    endloop
  endfacet
  facet normal 0.3214394653031021 -0.9469301294951259 0
    outer loop
      vertex 5.234633135269821 132.8477590650226 0
      vertex 5.4823619097949585 132.93185165257813 12
      vertex 5.234633135269821 132.8477590650226 12
    endloop
  endfacet
  facet normal 0.19509032201612297 0.9807852804032315 0
    outer loop
      vertex 5.738947615559897 129.01711027725239 0
      vertex 5.4823619097949585 129.06814834742187 12
      vertex 5.738947615559897 129.01711027725239 12
    endloop
  endfacet
  facet normal 0.06540312923016611 0.9978589232386019 0
    outer loop
      vertex 6 129 0
      vertex 5.738947615559897 129.01711027725239 12
      vertex 6 129 12
    endloop
  endfacet
  facet normal -0.06540312923016611 0.9978589232386019 0
    outer loop
      vertex 6.261052384440103 129.01711027725239 0
      vertex 6 129 12
      vertex 6.261052384440103 129.01711027725239 12
    endloop
  endfacet
  facet normal -0.19509032201612297 0.9807852804032315 0
    outer loop
      vertex 6.5176380902050415 129.06814834742187 0
      vertex 6.261052384440103 129.01711027725239 12
      vertex 6.5176380902050415 129.06814834742187 12
    endloop
  endfacet
  facet normal -0.3214394653031021 0.9469301294951259 0
    outer loop
      vertex 6.765366864730179 129.1522409349774 0
      vertex 6.5176380902050415 129.06814834742187 12
      vertex 6.765366864730179 129.1522409349774 12
    endloop
  endfacet
  facet normal -0.44228869021906925 0.8968727415326547 0
    outer loop
      vertex 7 129.26794919243113 0
      vertex 6.765366864730179 129.1522409349774 12
      vertex 7 129.26794919243113 12
    endloop
  endfacet
  facet normal -0.5555702330195886 0.8314696123025543 0
    outer loop
      vertex 7.217522858017441 129.41329331941753 0
      vertex 7 129.26794919243113 12
      vertex 7.217522858017441 129.41329331941753 12
    endloop
  endfacet
  facet normal -0.659345815100035 0.751839807479007 0
    outer loop
      vertex 7.414213562373095 129.5857864376269 0
      vertex 7.217522858017441 129.41329331941753 12
      vertex 7.414213562373095 129.5857864376269 12
    endloop
  endfacet
  facet normal -0.7518398074789887 0.6593458151000559 0
    outer loop
      vertex 7.58670668058247 129.78247714198255 0
      vertex 7.414213562373095 129.5857864376269 12
      vertex 7.58670668058247 129.78247714198255 12
    endloop
  endfacet
  facet normal -0.8314696123025512 0.5555702330195933 0
    outer loop
      vertex 7.732050807568877 130 0
      vertex 7.58670668058247 129.78247714198255 12
      vertex 7.732050807568877 130 12
    endloop
  endfacet
  facet normal -0.7518398074789887 -0.6593458151000559 0
    outer loop
      vertex 7.414213562373095 132.4142135623731 0
      vertex 7.58670668058247 132.21752285801745 12
      vertex 7.414213562373095 132.4142135623731 12
    endloop
  endfacet
  facet normal 0.19509032201612297 -0.9807852804032315 0
    outer loop
      vertex 5.4823619097949585 132.93185165257813 0
      vertex 5.738947615559897 132.98288972274761 12
      vertex 5.4823619097949585 132.93185165257813 12
    endloop
  endfacet
  facet normal 0.06540312923016611 -0.9978589232386019 0
    outer loop
      vertex 5.738947615559897 132.98288972274761 0
      vertex 6 133 12
      vertex 5.738947615559897 132.98288972274761 12
    endloop
  endfacet
  facet normal -0.19509032201612297 -0.9807852804032315 0
    outer loop
      vertex 6.261052384440103 132.98288972274761 0
      vertex 6.5176380902050415 132.93185165257813 12
      vertex 6.261052384440103 132.98288972274761 12
    endloop
  endfacet
  facet normal -0.06540312923016611 -0.9978589232386019 0
    outer loop
      vertex 6 133 0
      vertex 6.261052384440103 132.98288972274761 12
      vertex 6 133 12
    endloop
  endfacet
  facet normal -0.3214394653031021 -0.9469301294951259 0
    outer loop
      vertex 6.5176380902050415 132.93185165257813 0
      vertex 6.765366864730179 132.8477590650226 12
      vertex 6.5176380902050415 132.93185165257813 12
    endloop
  endfacet
  facet normal -0.44228869021906925 -0.8968727415326547 0
    outer loop
      vertex 6.765366864730179 132.8477590650226 0
      vertex 7 132.73205080756887 12
      vertex 6.765366864730179 132.8477590650226 12
    endloop
  endfacet
  facet normal -0.5555702330195886 -0.8314696123025543 0
    outer loop
      vertex 7 132.73205080756887 0
      vertex 7.217522858017441 132.58670668058247 12
      vertex 7 132.73205080756887 12
    endloop
  endfacet
  facet normal -0.659345815100035 -0.751839807479007 0
    outer loop
      vertex 7.217522858017441 132.58670668058247 0
      vertex 7.414213562373095 132.4142135623731 12
      vertex 7.217522858017441 132.58670668058247 12
    endloop
  endfacet
  facet normal -0.8968727415326951 0.4422886902189876 0
    outer loop
      vertex 7.847759065022574 130.23463313526983 0
      vertex 7.732050807568877 130 12
      vertex 7.847759065022574 130.23463313526983 12
    endloop
  endfacet
  facet normal -0.9469301294950971 0.3214394653031868 0
    outer loop
      vertex 7.931851652578136 130.48236190979495 0
      vertex 7.847759065022574 130.23463313526983 12
      vertex 7.931851652578136 130.48236190979495 12
    endloop
  endfacet
  facet normal -0.9807852804032335 0.19509032201611196 0
    outer loop
      vertex 7.982889722747621 130.7389476155599 0
      vertex 7.931851652578136 130.48236190979495 12
      vertex 7.982889722747621 130.7389476155599 12
    endloop
  endfacet
  facet normal -0.9978589232386033 0.06540312923014532 0
    outer loop
      vertex 8 131 0
      vertex 7.982889722747621 130.7389476155599 12
      vertex 8 131 12
    endloop
  endfacet
  facet normal -0.9978589232386033 -0.06540312923014532 0
    outer loop
      vertex 7.982889722747621 131.2610523844401 0
      vertex 8 131 12
      vertex 7.982889722747621 131.2610523844401 12
    endloop
  endfacet
  facet normal -0.9807852804032335 -0.19509032201611196 0
    outer loop
      vertex 7.931851652578136 131.51763809020505 0
      vertex 7.982889722747621 131.2610523844401 12
      vertex 7.931851652578136 131.51763809020505 12
    endloop
  endfacet
  facet normal -0.9469301294950971 -0.3214394653031868 0
    outer loop
      vertex 7.847759065022574 131.76536686473017 0
      vertex 7.931851652578136 131.51763809020505 12
      vertex 7.847759065022574 131.76536686473017 12
    endloop
  endfacet
  facet normal -0.8968727415326951 -0.4422886902189876 0
    outer loop
      vertex 7.732050807568877 132 0
      vertex 7.847759065022574 131.76536686473017 12
      vertex 7.732050807568877 132 12
    endloop
  endfacet
  facet normal -0.8314696123025512 -0.5555702330195933 0
    outer loop
      vertex 7.58670668058247 132.21752285801745 0
      vertex 7.732050807568877 132 12
      vertex 7.58670668058247 132.21752285801745 12
    endloop
  endfacet
  facet normal 0.3214394653031599 0.9469301294951062 1.0713144192953308e-20
    outer loop
      vertex 5.4823619097949585 4.068148347421864 0
      vertex 5.234633135269821 4.152240934977426 0
      vertex 5.234633135269821 4.152240934977426 12
    endloop
  endfacet
  facet normal 0.7518398074789784 0.6593458151000675 0
    outer loop
      vertex 4.41329331941753 4.782477141982559 0
      vertex 4.41329331941753 4.782477141982559 12
      vertex 4.585786437626905 4.585786437626905 0
    endloop
  endfacet
  facet normal 0.8968727415326871 0.44228869021900374 -2.915204121614292e-19
    outer loop
      vertex 4.267949192431123 5 0
      vertex 4.152240934977426 5.234633135269821 0
      vertex 4.152240934977426 5.234633135269821 12
    endloop
  endfacet
  facet normal 0.831469612302545 0.5555702330196027 0
    outer loop
      vertex 4.267949192431123 5 0
      vertex 4.267949192431123 5 12
      vertex 4.41329331941753 4.782477141982559 0
    endloop
  endfacet
  facet normal 0.9807852804032301 0.1950903220161295 0
    outer loop
      vertex 4.017110277252379 5.738947615559897 0
      vertex 4.017110277252379 5.738947615559897 12
      vertex 4.068148347421864 5.4823619097949585 0
    endloop
  endfacet
  facet normal 0.9978589232386035 0.06540312923014245 3.9504778502065636e-20
    outer loop
      vertex 4.017110277252379 5.738947615559897 0
      vertex 4 6 0
      vertex 4 6 12
    endloop
  endfacet
  facet normal 0.9978589232386035 -0.06540312923014245 -3.9504778502065636e-20
    outer loop
      vertex 4 6 0
      vertex 4.017110277252379 6.261052384440103 0
      vertex 4.017110277252379 6.261052384440103 12
    endloop
  endfacet
  facet normal 0.9469301294951062 0.3214394653031599 1.0713144192953308e-20
    outer loop
      vertex 4.152240934977426 5.234633135269821 0
      vertex 4.068148347421864 5.4823619097949585 0
      vertex 4.068148347421864 5.4823619097949585 12
    endloop
  endfacet
  facet normal 0.9807852804032301 -0.1950903220161295 -1.361983749655808e-19
    outer loop
      vertex 4.017110277252379 6.261052384440103 0
      vertex 4.068148347421864 6.5176380902050415 0
      vertex 4.068148347421864 6.5176380902050415 12
    endloop
  endfacet
  facet normal 0.6593458151000675 0.7518398074789784 -3.2981508689444058e-19
    outer loop
      vertex 4.782477141982559 4.41329331941753 0
      vertex 4.585786437626905 4.585786437626905 0
      vertex 4.585786437626905 4.585786437626905 12
    endloop
  endfacet
  facet normal 0.5555702330196027 0.831469612302545 0
    outer loop
      vertex 4.782477141982559 4.41329331941753 0
      vertex 4.782477141982559 4.41329331941753 12
      vertex 5 4.267949192431123 0
    endloop
  endfacet
  facet normal 0.44228869021900374 0.8968727415326871 0
    outer loop
      vertex 5 4.267949192431123 0
      vertex 5 4.267949192431123 12
      vertex 5.234633135269821 4.152240934977426 0
    endloop
  endfacet
  facet normal 0.1950903220161295 0.9807852804032301 0
    outer loop
      vertex 5.4823619097949585 4.068148347421864 0
      vertex 5.4823619097949585 4.068148347421864 12
      vertex 5.738947615559897 4.017110277252379 0
    endloop
  endfacet
  facet normal 0.06540312923014245 0.9978589232386035 0
    outer loop
      vertex 5.738947615559897 4.017110277252379 0
      vertex 5.738947615559897 4.017110277252379 12
      vertex 6 4 0
    endloop
  endfacet
  facet normal -0.06540312923014245 0.9978589232386035 0
    outer loop
      vertex 6 4 0
      vertex 6 4 12
      vertex 6.261052384440103 4.017110277252379 0
    endloop
  endfacet
  facet normal -0.1950903220161295 0.9807852804032301 0
    outer loop
      vertex 6.261052384440103 4.017110277252379 0
      vertex 6.261052384440103 4.017110277252379 12
      vertex 6.5176380902050415 4.068148347421864 0
    endloop
  endfacet
  facet normal -0.3214394653031599 0.9469301294951062 0
    outer loop
      vertex 6.5176380902050415 4.068148347421864 0
      vertex 6.5176380902050415 4.068148347421864 12
      vertex 6.765366864730179 4.152240934977426 0
    endloop
  endfacet
  facet normal -0.44228869021900374 0.8968727415326871 0
    outer loop
      vertex 6.765366864730179 4.152240934977426 0
      vertex 6.765366864730179 4.152240934977426 12
      vertex 7 4.267949192431123 0
    endloop
  endfacet
  facet normal -0.5555702330196027 0.831469612302545 0
    outer loop
      vertex 7 4.267949192431123 0
      vertex 7 4.267949192431123 12
      vertex 7.217522858017441 4.41329331941753 0
    endloop
  endfacet
  facet normal -0.6593458151000675 0.7518398074789784 0
    outer loop
      vertex 7.217522858017441 4.41329331941753 0
      vertex 7.217522858017441 4.41329331941753 12
      vertex 7.414213562373095 4.585786437626905 0
    endloop
  endfacet
  facet normal -0.7518398074789784 0.6593458151000675 0
    outer loop
      vertex 7.414213562373095 4.585786437626905 0
      vertex 7.414213562373095 4.585786437626905 12
      vertex 7.58670668058247 4.782477141982559 0
    endloop
  endfacet
  facet normal -0.831469612302545 0.5555702330196027 0
    outer loop
      vertex 7.58670668058247 4.782477141982559 0
      vertex 7.58670668058247 4.782477141982559 12
      vertex 7.732050807568877 5 0
    endloop
  endfacet
  facet normal -0.8968727415326871 0.44228869021900374 0
    outer loop
      vertex 7.732050807568877 5 0
      vertex 7.732050807568877 5 12
      vertex 7.847759065022574 5.234633135269821 0
    endloop
  endfacet
  facet normal -0.9469301294951062 0.3214394653031599 0
    outer loop
      vertex 7.847759065022574 5.234633135269821 0
      vertex 7.847759065022574 5.234633135269821 12
      vertex 7.931851652578136 5.4823619097949585 0
    endloop
  endfacet
  facet normal -0.9807852804032301 0.1950903220161295 0
    outer loop
      vertex 7.931851652578136 5.4823619097949585 0
      vertex 7.931851652578136 5.4823619097949585 12
      vertex 7.982889722747621 5.738947615559897 0
    endloop
  endfacet
  facet normal -0.9978589232386035 0.06540312923014245 0
    outer loop
      vertex 7.982889722747621 5.738947615559897 0
      vertex 7.982889722747621 5.738947615559897 12
      vertex 8 6 0
    endloop
  endfacet
  facet normal -0.9978589232386035 -0.06540312923014245 0
    outer loop
      vertex 8 6 0
      vertex 8 6 12
      vertex 7.982889722747621 6.261052384440103 0
    endloop
  endfacet
  facet normal -0.9807852804032301 -0.1950903220161295 0
    outer loop
      vertex 7.982889722747621 6.261052384440103 0
      vertex 7.982889722747621 6.261052384440103 12
      vertex 7.931851652578136 6.5176380902050415 0
    endloop
  endfacet
  facet normal 0.9469301294951062 -0.3214394653031599 -1.0713144192953308e-20
    outer loop
      vertex 4.068148347421864 6.5176380902050415 0
      vertex 4.152240934977426 6.765366864730179 0
      vertex 4.152240934977426 6.765366864730179 12
    endloop
  endfacet
  facet normal 0.8968727415326871 -0.44228869021900374 2.915204121614292e-19
    outer loop
      vertex 4.152240934977426 6.765366864730179 0
      vertex 4.267949192431123 7 0
      vertex 4.267949192431123 7 12
    endloop
  endfacet
  facet normal 0.831469612302545 -0.5555702330196027 5.739979874074379e-19
    outer loop
      vertex 4.267949192431123 7 0
      vertex 4.41329331941753 7.217522858017441 0
      vertex 4.41329331941753 7.217522858017441 12
    endloop
  endfacet
  facet normal 0.7518398074789784 -0.6593458151000675 3.2981508689444058e-19
    outer loop
      vertex 4.41329331941753 7.217522858017441 0
      vertex 4.585786437626905 7.414213562373095 0
      vertex 4.585786437626905 7.414213562373095 12
    endloop
  endfacet
  facet normal 0.6593458151000675 -0.7518398074789784 3.2981508689444058e-19
    outer loop
      vertex 4.585786437626905 7.414213562373095 0
      vertex 4.782477141982559 7.58670668058247 0
      vertex 4.782477141982559 7.58670668058247 12
    endloop
  endfacet
  facet normal 0.5555702330196027 -0.831469612302545 5.739979874074379e-19
    outer loop
      vertex 4.782477141982559 7.58670668058247 0
      vertex 5 7.732050807568877 0
      vertex 5 7.732050807568877 12
    endloop
  endfacet
  facet normal 0.44228869021900374 -0.8968727415326871 2.915204121614292e-19
    outer loop
      vertex 5 7.732050807568877 0
      vertex 5.234633135269821 7.847759065022574 0
      vertex 5.234633135269821 7.847759065022574 12
    endloop
  endfacet
  facet normal 0.3214394653031599 -0.9469301294951062 -1.0713144192953308e-20
    outer loop
      vertex 5.234633135269821 7.847759065022574 0
      vertex 5.4823619097949585 7.931851652578136 0
      vertex 5.4823619097949585 7.931851652578136 12
    endloop
  endfacet
  facet normal 0.1950903220161295 -0.9807852804032301 -1.361983749655808e-19
    outer loop
      vertex 5.4823619097949585 7.931851652578136 0
      vertex 5.738947615559897 7.982889722747621 0
      vertex 5.738947615559897 7.982889722747621 12
    endloop
  endfacet
  facet normal 0.06540312923014245 -0.9978589232386035 -3.9504778502065636e-20
    outer loop
      vertex 5.738947615559897 7.982889722747621 0
      vertex 6 8 0
      vertex 6 8 12
    endloop
  endfacet
  facet normal -0.06540312923014245 -0.9978589232386035 3.9504778502065636e-20
    outer loop
      vertex 6 8 0
      vertex 6.261052384440103 7.982889722747621 0
      vertex 6.261052384440103 7.982889722747621 12
    endloop
  endfacet
  facet normal -0.1950903220161295 -0.9807852804032301 1.361983749655808e-19
    outer loop
      vertex 6.261052384440103 7.982889722747621 0
      vertex 6.5176380902050415 7.931851652578136 0
      vertex 6.5176380902050415 7.931851652578136 12
    endloop
  endfacet
  facet normal -0.5555702330196027 -0.831469612302545 0
    outer loop
      vertex 7.217522858017441 7.58670668058247 0
      vertex 7.217522858017441 7.58670668058247 12
      vertex 7 7.732050807568877 0
    endloop
  endfacet
  facet normal -0.7518398074789784 -0.6593458151000675 -3.2981508689444058e-19
    outer loop
      vertex 7.414213562373095 7.414213562373095 0
      vertex 7.58670668058247 7.217522858017441 0
      vertex 7.58670668058247 7.217522858017441 12
    endloop
  endfacet
  facet normal -0.6593458151000675 -0.7518398074789784 -3.2981508689444058e-19
    outer loop
      vertex 7.217522858017441 7.58670668058247 0
      vertex 7.414213562373095 7.414213562373095 0
      vertex 7.414213562373095 7.414213562373095 12
    endloop
  endfacet
  facet normal -0.3214394653031599 -0.9469301294951062 1.0713144192953308e-20
    outer loop
      vertex 6.5176380902050415 7.931851652578136 0
      vertex 6.765366864730179 7.847759065022574 0
      vertex 6.765366864730179 7.847759065022574 12
    endloop
  endfacet
  facet normal -0.44228869021900374 -0.8968727415326871 -2.915204121614292e-19
    outer loop
      vertex 6.765366864730179 7.847759065022574 0
      vertex 7 7.732050807568877 0
      vertex 7 7.732050807568877 12
    endloop
  endfacet
  facet normal -0.831469612302545 -0.5555702330196027 0
    outer loop
      vertex 7.732050807568877 7 0
      vertex 7.732050807568877 7 12
      vertex 7.58670668058247 7.217522858017441 0
    endloop
  endfacet
  facet normal -0.8968727415326871 -0.44228869021900374 -2.915204121614292e-19
    outer loop
      vertex 7.732050807568877 7 0
      vertex 7.847759065022574 6.765366864730179 0
      vertex 7.847759065022574 6.765366864730179 12
    endloop
  endfacet
  facet normal -0.9469301294951062 -0.3214394653031599 0
    outer loop
      vertex 7.931851652578136 6.5176380902050415 0
      vertex 7.931851652578136 6.5176380902050415 12
      vertex 7.847759065022574 6.765366864730179 0
    endloop
  endfacet
  facet normal 0.3214394653031599 0.9469301294951062 0
    outer loop
      vertex 5.4823619097949585 4.068148347421864 0
      vertex 5.234633135269821 4.152240934977426 12
      vertex 5.4823619097949585 4.068148347421864 12
    endloop
  endfacet
  facet normal 0.7518398074789784 0.6593458151000675 0
    outer loop
      vertex 4.585786437626905 4.585786437626905 0
      vertex 4.41329331941753 4.782477141982559 12
      vertex 4.585786437626905 4.585786437626905 12
    endloop
  endfacet
  facet normal 0.8968727415326871 0.44228869021900374 0
    outer loop
      vertex 4.267949192431123 5 0
      vertex 4.152240934977426 5.234633135269821 12
      vertex 4.267949192431123 5 12
    endloop
  endfacet
  facet normal 0.831469612302545 0.5555702330196027 0
    outer loop
      vertex 4.41329331941753 4.782477141982559 0
      vertex 4.267949192431123 5 12
      vertex 4.41329331941753 4.782477141982559 12
    endloop
  endfacet
  facet normal 0.9978589232386035 0.06540312923014245 0
    outer loop
      vertex 4.017110277252379 5.738947615559897 0
      vertex 4 6 12
      vertex 4.017110277252379 5.738947615559897 12
    endloop
  endfacet
  facet normal 0.9978589232386035 -0.06540312923014245 0
    outer loop
      vertex 4 6 0
      vertex 4.017110277252379 6.261052384440103 12
      vertex 4 6 12
    endloop
  endfacet
  facet normal 0.9807852804032301 -0.1950903220161295 0
    outer loop
      vertex 4.017110277252379 6.261052384440103 0
      vertex 4.068148347421864 6.5176380902050415 12
      vertex 4.017110277252379 6.261052384440103 12
    endloop
  endfacet
  facet normal 0.9469301294951062 0.3214394653031599 0
    outer loop
      vertex 4.152240934977426 5.234633135269821 0
      vertex 4.068148347421864 5.4823619097949585 12
      vertex 4.152240934977426 5.234633135269821 12
    endloop
  endfacet
  facet normal 0.9807852804032301 0.1950903220161295 0
    outer loop
      vertex 4.068148347421864 5.4823619097949585 0
      vertex 4.017110277252379 5.738947615559897 12
      vertex 4.068148347421864 5.4823619097949585 12
    endloop
  endfacet
  facet normal 0.6593458151000675 0.7518398074789784 0
    outer loop
      vertex 4.782477141982559 4.41329331941753 0
      vertex 4.585786437626905 4.585786437626905 12
      vertex 4.782477141982559 4.41329331941753 12
    endloop
  endfacet
  facet normal 0.5555702330196027 0.831469612302545 0
    outer loop
      vertex 5 4.267949192431123 0
      vertex 4.782477141982559 4.41329331941753 12
      vertex 5 4.267949192431123 12
    endloop
  endfacet
  facet normal 0.44228869021900374 0.8968727415326871 0
    outer loop
      vertex 5.234633135269821 4.152240934977426 0
      vertex 5 4.267949192431123 12
      vertex 5.234633135269821 4.152240934977426 12
    endloop
  endfacet
  facet normal 0.1950903220161295 0.9807852804032301 0
    outer loop
      vertex 5.738947615559897 4.017110277252379 0
      vertex 5.4823619097949585 4.068148347421864 12
      vertex 5.738947615559897 4.017110277252379 12
    endloop
  endfacet
  facet normal 0.06540312923014245 0.9978589232386035 0
    outer loop
      vertex 6 4 0
      vertex 5.738947615559897 4.017110277252379 12
      vertex 6 4 12
    endloop
  endfacet
  facet normal -0.06540312923014245 0.9978589232386035 0
    outer loop
      vertex 6.261052384440103 4.017110277252379 0
      vertex 6 4 12
      vertex 6.261052384440103 4.017110277252379 12
    endloop
  endfacet
  facet normal -0.1950903220161295 0.9807852804032301 0
    outer loop
      vertex 6.5176380902050415 4.068148347421864 0
      vertex 6.261052384440103 4.017110277252379 12
      vertex 6.5176380902050415 4.068148347421864 12
    endloop
  endfacet
  facet normal -0.3214394653031599 0.9469301294951062 0
    outer loop
      vertex 6.765366864730179 4.152240934977426 0
      vertex 6.5176380902050415 4.068148347421864 12
      vertex 6.765366864730179 4.152240934977426 12
    endloop
  endfacet
  facet normal -0.44228869021900374 0.8968727415326871 0
    outer loop
      vertex 7 4.267949192431123 0
      vertex 6.765366864730179 4.152240934977426 12
      vertex 7 4.267949192431123 12
    endloop
  endfacet
  facet normal -0.5555702330196027 0.831469612302545 0
    outer loop
      vertex 7.217522858017441 4.41329331941753 0
      vertex 7 4.267949192431123 12
      vertex 7.217522858017441 4.41329331941753 12
    endloop
  endfacet
  facet normal -0.6593458151000675 0.7518398074789784 0
    outer loop
      vertex 7.414213562373095 4.585786437626905 0
      vertex 7.217522858017441 4.41329331941753 12
      vertex 7.414213562373095 4.585786437626905 12
    endloop
  endfacet
  facet normal -0.7518398074789784 0.6593458151000675 0
    outer loop
      vertex 7.58670668058247 4.782477141982559 0
      vertex 7.414213562373095 4.585786437626905 12
      vertex 7.58670668058247 4.782477141982559 12
    endloop
  endfacet
  facet normal -0.831469612302545 0.5555702330196027 0
    outer loop
      vertex 7.732050807568877 5 0
      vertex 7.58670668058247 4.782477141982559 12
      vertex 7.732050807568877 5 12
    endloop
  endfacet
  facet normal -0.8968727415326871 0.44228869021900374 0
    outer loop
      vertex 7.847759065022574 5.234633135269821 0
      vertex 7.732050807568877 5 12
      vertex 7.847759065022574 5.234633135269821 12
    endloop
  endfacet
  facet normal -0.9469301294951062 0.3214394653031599 0
    outer loop
      vertex 7.931851652578136 5.4823619097949585 0
      vertex 7.847759065022574 5.234633135269821 12
      vertex 7.931851652578136 5.4823619097949585 12
    endloop
  endfacet
  facet normal -0.9807852804032301 0.1950903220161295 0
    outer loop
      vertex 7.982889722747621 5.738947615559897 0
      vertex 7.931851652578136 5.4823619097949585 12
      vertex 7.982889722747621 5.738947615559897 12
    endloop
  endfacet
  facet normal -0.9978589232386035 0.06540312923014245 0
    outer loop
      vertex 8 6 0
      vertex 7.982889722747621 5.738947615559897 12
      vertex 8 6 12
    endloop
  endfacet
  facet normal -0.9978589232386035 -0.06540312923014245 0
    outer loop
      vertex 7.982889722747621 6.261052384440103 0
      vertex 8 6 12
      vertex 7.982889722747621 6.261052384440103 12
    endloop
  endfacet
  facet normal -0.9807852804032301 -0.1950903220161295 0
    outer loop
      vertex 7.931851652578136 6.5176380902050415 0
      vertex 7.982889722747621 6.261052384440103 12
      vertex 7.931851652578136 6.5176380902050415 12
    endloop
  endfacet
  facet normal 0.9469301294951062 -0.3214394653031599 0
    outer loop
      vertex 4.068148347421864 6.5176380902050415 0
      vertex 4.152240934977426 6.765366864730179 12
      vertex 4.068148347421864 6.5176380902050415 12
    endloop
  endfacet
  facet normal 0.8968727415326871 -0.44228869021900374 0
    outer loop
      vertex 4.152240934977426 6.765366864730179 0
      vertex 4.267949192431123 7 12
      vertex 4.152240934977426 6.765366864730179 12
    endloop
  endfacet
  facet normal 0.831469612302545 -0.5555702330196027 0
    outer loop
      vertex 4.267949192431123 7 0
      vertex 4.41329331941753 7.217522858017441 12
      vertex 4.267949192431123 7 12
    endloop
  endfacet
  facet normal 0.7518398074789784 -0.6593458151000675 0
    outer loop
      vertex 4.41329331941753 7.217522858017441 0
      vertex 4.585786437626905 7.414213562373095 12
      vertex 4.41329331941753 7.217522858017441 12
    endloop
  endfacet
  facet normal 0.6593458151000675 -0.7518398074789784 0
    outer loop
      vertex 4.585786437626905 7.414213562373095 0
      vertex 4.782477141982559 7.58670668058247 12
      vertex 4.585786437626905 7.414213562373095 12
    endloop
  endfacet
  facet normal 0.5555702330196027 -0.831469612302545 0
    outer loop
      vertex 4.782477141982559 7.58670668058247 0
      vertex 5 7.732050807568877 12
      vertex 4.782477141982559 7.58670668058247 12
    endloop
  endfacet
  facet normal 0.44228869021900374 -0.8968727415326871 0
    outer loop
      vertex 5 7.732050807568877 0
      vertex 5.234633135269821 7.847759065022574 12
      vertex 5 7.732050807568877 12
    endloop
  endfacet
  facet normal 0.3214394653031599 -0.9469301294951062 0
    outer loop
      vertex 5.234633135269821 7.847759065022574 0
      vertex 5.4823619097949585 7.931851652578136 12
      vertex 5.234633135269821 7.847759065022574 12
    endloop
  endfacet
  facet normal 0.1950903220161295 -0.9807852804032301 0
    outer loop
      vertex 5.4823619097949585 7.931851652578136 0
      vertex 5.738947615559897 7.982889722747621 12
      vertex 5.4823619097949585 7.931851652578136 12
    endloop
  endfacet
  facet normal 0.06540312923014245 -0.9978589232386035 0
    outer loop
      vertex 5.738947615559897 7.982889722747621 0
      vertex 6 8 12
      vertex 5.738947615559897 7.982889722747621 12
    endloop
  endfacet
  facet normal -0.06540312923014245 -0.9978589232386035 0
    outer loop
      vertex 6 8 0
      vertex 6.261052384440103 7.982889722747621 12
      vertex 6 8 12
    endloop
  endfacet
  facet normal -0.1950903220161295 -0.9807852804032301 0
    outer loop
      vertex 6.261052384440103 7.982889722747621 0
      vertex 6.5176380902050415 7.931851652578136 12
      vertex 6.261052384440103 7.982889722747621 12
    endloop
  endfacet
  facet normal -0.5555702330196027 -0.831469612302545 0
    outer loop
      vertex 7 7.732050807568877 0
      vertex 7.217522858017441 7.58670668058247 12
      vertex 7 7.732050807568877 12
    endloop
  endfacet
  facet normal -0.6593458151000675 -0.7518398074789784 0
    outer loop
      vertex 7.217522858017441 7.58670668058247 0
      vertex 7.414213562373095 7.414213562373095 12
      vertex 7.217522858017441 7.58670668058247 12
    endloop
  endfacet
  facet normal -0.7518398074789784 -0.6593458151000675 0
    outer loop
      vertex 7.414213562373095 7.414213562373095 0
      vertex 7.58670668058247 7.217522858017441 12
      vertex 7.414213562373095 7.414213562373095 12
    endloop
  endfacet
  facet normal -0.3214394653031599 -0.9469301294951062 0
    outer loop
      vertex 6.5176380902050415 7.931851652578136 0
      vertex 6.765366864730179 7.847759065022574 12
      vertex 6.5176380902050415 7.931851652578136 12
    endloop
  endfacet
  facet normal -0.44228869021900374 -0.8968727415326871 0
    outer loop
      vertex 6.765366864730179 7.847759065022574 0
      vertex 7 7.732050807568877 12
      vertex 6.765366864730179 7.847759065022574 12
    endloop
  endfacet
  facet normal -0.8968727415326871 -0.44228869021900374 0
    outer loop
      vertex 7.732050807568877 7 0
      vertex 7.847759065022574 6.765366864730179 12
      vertex 7.732050807568877 7 12
    endloop
  endfacet
  facet normal -0.9469301294951062 -0.3214394653031599 0
    outer loop
      vertex 7.847759065022574 6.765366864730179 0
      vertex 7.931851652578136 6.5176380902050415 12
      vertex 7.847759065022574 6.765366864730179 12
    endloop
  endfacet
  facet normal -0.831469612302545 -0.5555702330196027 0
    outer loop
      vertex 7.58670668058247 7.217522858017441 0
      vertex 7.732050807568877 7 12
      vertex 7.58670668058247 7.217522858017441 12
    endloop
  endfacet
  facet normal 0.8314696123025292 0.5555702330196262 1.2500187655234797e-18
    outer loop
      vertex 116.26794919243112 5 0
      vertex 116.41329331941753 4.782477141982559 6.6
      vertex 116.41329331941753 4.782477141982559 0
    endloop
  endfacet
  facet normal 0.8968727415326979 0.4422886902189819 5.3223332774292215e-19
    outer loop
      vertex 116.15224093497743 5.234633135269821 0
      vertex 116.26794919243112 5 6.6
      vertex 116.26794919243112 5 0
    endloop
  endfacet
  facet normal 0.9469301294951095 0.3214394653031508 0
    outer loop
      vertex 116.15224093497743 5.234633135269821 0
      vertex 116.06814834742187 5.4823619097949585 0
      vertex 116.15224093497743 5.234633135269821 6.6
    endloop
  endfacet
  facet normal 0.9807852804032315 0.19509032201612297 0
    outer loop
      vertex 116.06814834742187 5.4823619097949585 0
      vertex 116.01711027725239 5.738947615559897 0
      vertex 116.06814834742187 5.4823619097949585 6.6
    endloop
  endfacet
  facet normal 0.997858923238602 0.06540312923016611 0
    outer loop
      vertex 116.01711027725239 5.738947615559897 0
      vertex 116 6 0
      vertex 116.01711027725239 5.738947615559897 6.6
    endloop
  endfacet
  facet normal 0.997858923238602 -0.06540312923016611 0
    outer loop
      vertex 116 6 0
      vertex 116.01711027725239 6.261052384440103 0
      vertex 116 6 6.6
    endloop
  endfacet
  facet normal 0.9807852804032315 -0.19509032201612297 0
    outer loop
      vertex 116.01711027725239 6.261052384440103 0
      vertex 116.06814834742187 6.5176380902050415 0
      vertex 116.01711027725239 6.261052384440103 6.6
    endloop
  endfacet
  facet normal 0.3214394653031537 0.9469301294951085 0
    outer loop
      vertex 117.48236190979496 4.068148347421864 0
      vertex 117.23463313526982 4.152240934977426 0
      vertex 117.48236190979496 4.068148347421864 6.6
    endloop
  endfacet
  facet normal 0.19509032201613277 0.9807852804032295 -9.651008109463388e-20
    outer loop
      vertex 117.48236190979496 4.068148347421864 0
      vertex 117.7389476155599 4.017110277252379 6.6
      vertex 117.7389476155599 4.017110277252379 0
    endloop
  endfacet
  facet normal 0.0654031292301418 0.9978589232386037 -2.108759042989384e-19
    outer loop
      vertex 117.7389476155599 4.017110277252379 0
      vertex 118 4 6.6
      vertex 118 4 0
    endloop
  endfacet
  facet normal -0.0654031292301418 0.9978589232386037 2.108759042989384e-19
    outer loop
      vertex 118 4 0
      vertex 118.2610523844401 4.017110277252379 6.6
      vertex 118.2610523844401 4.017110277252379 0
    endloop
  endfacet
  facet normal -0.19509032201613277 0.9807852804032295 4.72011734627095e-17
    outer loop
      vertex 118.2610523844401 4.017110277252379 0
      vertex 118.3 4.02485743966719 6.6
      vertex 118.51763809020504 4.068148347421864 0
    endloop
  endfacet
  facet normal 0.7518398074789802 0.6593458151000657 1.092793061764756e-19
    outer loop
      vertex 116.41329331941753 4.782477141982559 0
      vertex 116.58578643762691 4.585786437626905 6.6
      vertex 116.58578643762691 4.585786437626905 0
    endloop
  endfacet
  facet normal 0.6593458151000828 0.7518398074789653 -1.756765212378609e-18
    outer loop
      vertex 116.58578643762691 4.585786437626905 0
      vertex 116.78247714198255 4.41329331941753 6.6
      vertex 116.78247714198255 4.41329331941753 0
    endloop
  endfacet
  facet normal 0.5555702330195933 0.8314696123025511 4.662426474145569e-19
    outer loop
      vertex 116.78247714198255 4.41329331941753 0
      vertex 117 4.267949192431123 6.6
      vertex 117 4.267949192431123 0
    endloop
  endfacet
  facet normal 0.44228869021900913 0.8968727415326845 4.450162442918373e-19
    outer loop
      vertex 117 4.267949192431123 0
      vertex 117.23463313526982 4.152240934977426 6.6
      vertex 117.23463313526982 4.152240934977426 0
    endloop
  endfacet
  facet normal 0.8314696123025292 0.5555702330196262 0
    outer loop
      vertex 116.26794919243112 5 0
      vertex 116.26794919243112 5 6.6
      vertex 116.41329331941753 4.782477141982559 6.6
    endloop
  endfacet
  facet normal 0.8968727415326979 0.4422886902189819 0
    outer loop
      vertex 116.15224093497743 5.234633135269821 0
      vertex 116.15224093497743 5.234633135269821 6.6
      vertex 116.26794919243112 5 6.6
    endloop
  endfacet
  facet normal 0.9469301294951095 0.3214394653031508 0
    outer loop
      vertex 116.06814834742187 5.4823619097949585 0
      vertex 116.06814834742187 5.4823619097949585 6.6
      vertex 116.15224093497743 5.234633135269821 6.6
    endloop
  endfacet
  facet normal 0.9807852804032315 0.19509032201612297 0
    outer loop
      vertex 116.01711027725239 5.738947615559897 0
      vertex 116.01711027725239 5.738947615559897 6.6
      vertex 116.06814834742187 5.4823619097949585 6.6
    endloop
  endfacet
  facet normal 0.997858923238602 0.06540312923016611 0
    outer loop
      vertex 116 6 0
      vertex 116 6 6.6
      vertex 116.01711027725239 5.738947615559897 6.6
    endloop
  endfacet
  facet normal 0.997858923238602 -0.06540312923016611 0
    outer loop
      vertex 116.01711027725239 6.261052384440103 0
      vertex 116.01711027725239 6.261052384440103 6.6
      vertex 116 6 6.6
    endloop
  endfacet
  facet normal 0.9807852804032315 -0.19509032201612297 0
    outer loop
      vertex 116.06814834742187 6.5176380902050415 0
      vertex 116.06814834742187 6.5176380902050415 6.6
      vertex 116.01711027725239 6.261052384440103 6.6
    endloop
  endfacet
  facet normal 0.3214394653031537 0.9469301294951085 0
    outer loop
      vertex 117.23463313526982 4.152240934977426 0
      vertex 117.23463313526982 4.152240934977426 6.6
      vertex 117.48236190979496 4.068148347421864 6.6
    endloop
  endfacet
  facet normal 0.19509032201613277 0.9807852804032295 0
    outer loop
      vertex 117.48236190979496 4.068148347421864 0
      vertex 117.48236190979496 4.068148347421864 6.6
      vertex 117.7389476155599 4.017110277252379 6.6
    endloop
  endfacet
  facet normal 0.0654031292301418 0.9978589232386037 0
    outer loop
      vertex 117.7389476155599 4.017110277252379 0
      vertex 117.7389476155599 4.017110277252379 6.6
      vertex 118 4 6.6
    endloop
  endfacet
  facet normal -0.0654031292301418 0.9978589232386037 0
    outer loop
      vertex 118 4 0
      vertex 118 4 6.6
      vertex 118.2610523844401 4.017110277252379 6.6
    endloop
  endfacet
  facet normal -0.19509032201612508 0.9807852804032311 0
    outer loop
      vertex 118.2610523844401 4.017110277252379 0
      vertex 118.2610523844401 4.017110277252379 6.6
      vertex 118.3 4.02485743966719 6.6
    endloop
  endfacet
  facet normal 0.7518398074789802 0.6593458151000657 0
    outer loop
      vertex 116.41329331941753 4.782477141982559 0
      vertex 116.41329331941753 4.782477141982559 6.6
      vertex 116.58578643762691 4.585786437626905 6.6
    endloop
  endfacet
  facet normal 0.6593458151000828 0.7518398074789653 0
    outer loop
      vertex 116.58578643762691 4.585786437626905 0
      vertex 116.58578643762691 4.585786437626905 6.6
      vertex 116.78247714198255 4.41329331941753 6.6
    endloop
  endfacet
  facet normal 0.5555702330195933 0.8314696123025511 0
    outer loop
      vertex 116.78247714198255 4.41329331941753 0
      vertex 116.78247714198255 4.41329331941753 6.6
      vertex 117 4.267949192431123 6.6
    endloop
  endfacet
  facet normal 0.44228869021900913 0.8968727415326845 0
    outer loop
      vertex 117 4.267949192431123 0
      vertex 117 4.267949192431123 6.6
      vertex 117.23463313526982 4.152240934977426 6.6
    endloop
  endfacet
  facet normal -0.3214394653031537 0.9469301294951085 0
    outer loop
      vertex 118.51763809020504 4.068148347421864 0
      vertex 118.51763809020504 4.068148347421864 12
      vertex 118.76536686473018 4.152240934977426 0
    endloop
  endfacet
  facet normal -0.44228869021900913 0.8968727415326845 0
    outer loop
      vertex 118.76536686473018 4.152240934977426 0
      vertex 118.76536686473018 4.152240934977426 12
      vertex 119 4.267949192431123 0
    endloop
  endfacet
  facet normal -0.5555702330195933 0.8314696123025512 0
    outer loop
      vertex 119 4.267949192431123 0
      vertex 119 4.267949192431123 12
      vertex 119.21752285801745 4.41329331941753 0
    endloop
  endfacet
  facet normal -0.6593458151000828 0.7518398074789653 0
    outer loop
      vertex 119.21752285801745 4.41329331941753 0
      vertex 119.21752285801745 4.41329331941753 12
      vertex 119.41421356237309 4.585786437626905 0
    endloop
  endfacet
  facet normal -0.7518398074789802 0.6593458151000657 0
    outer loop
      vertex 119.41421356237309 4.585786437626905 0
      vertex 119.41421356237309 4.585786437626905 12
      vertex 119.58670668058247 4.782477141982559 0
    endloop
  endfacet
  facet normal -0.8314696123025292 0.5555702330196262 0
    outer loop
      vertex 119.58670668058247 4.782477141982559 0
      vertex 119.58670668058247 4.782477141982559 12
      vertex 119.73205080756888 5 0
    endloop
  endfacet
  facet normal -0.8968727415326979 0.4422886902189819 0
    outer loop
      vertex 119.73205080756888 5 0
      vertex 119.73205080756888 5 12
      vertex 119.84775906502257 5.234633135269821 0
    endloop
  endfacet
  facet normal -0.9469301294951094 0.32143946530315076 0
    outer loop
      vertex 119.84775906502257 5.234633135269821 0
      vertex 119.84775906502257 5.234633135269821 12
      vertex 119.93185165257813 5.4823619097949585 0
    endloop
  endfacet
  facet normal -0.9807852804032315 0.19509032201612297 0
    outer loop
      vertex 119.93185165257813 5.4823619097949585 0
      vertex 119.93185165257813 5.4823619097949585 12
      vertex 119.98288972274761 5.738947615559897 0
    endloop
  endfacet
  facet normal -0.9978589232386019 0.06540312923016611 0
    outer loop
      vertex 119.98288972274761 5.738947615559897 0
      vertex 119.98288972274761 5.738947615559897 12
      vertex 120 6 0
    endloop
  endfacet
  facet normal -0.9978589232386019 -0.06540312923016611 0
    outer loop
      vertex 120 6 0
      vertex 120 6 12
      vertex 119.98288972274761 6.261052384440103 0
    endloop
  endfacet
  facet normal -0.9807852804032315 -0.19509032201612297 0
    outer loop
      vertex 119.98288972274761 6.261052384440103 0
      vertex 119.98288972274761 6.261052384440103 12
      vertex 119.93185165257813 6.5176380902050415 0
    endloop
  endfacet
  facet normal 0.9469301294951095 -0.3214394653031508 0
    outer loop
      vertex 116.06814834742187 6.5176380902050415 0
      vertex 116.15224093497743 6.765366864730179 0
      vertex 116.06814834742187 6.5176380902050415 6.6
    endloop
  endfacet
  facet normal 0.8968727415326979 -0.4422886902189819 0
    outer loop
      vertex 116.15224093497743 6.765366864730179 0
      vertex 116.26794919243112 7 0
      vertex 116.15224093497743 6.765366864730179 6.6
    endloop
  endfacet
  facet normal 0.8314696123025292 -0.5555702330196262 0
    outer loop
      vertex 116.26794919243112 7 0
      vertex 116.41329331941753 7.217522858017441 0
      vertex 116.26794919243112 7 6.6
    endloop
  endfacet
  facet normal 0.7518398074789802 -0.6593458151000657 0
    outer loop
      vertex 116.41329331941753 7.217522858017441 0
      vertex 116.58578643762691 7.414213562373095 0
      vertex 116.41329331941753 7.217522858017441 6.6
    endloop
  endfacet
  facet normal 0.6593458151000828 -0.7518398074789653 0
    outer loop
      vertex 116.58578643762691 7.414213562373095 0
      vertex 116.78247714198255 7.58670668058247 0
      vertex 116.58578643762691 7.414213562373095 6.6
    endloop
  endfacet
  facet normal 0.5555702330195933 -0.8314696123025511 0
    outer loop
      vertex 116.78247714198255 7.58670668058247 0
      vertex 117 7.732050807568877 0
      vertex 116.78247714198255 7.58670668058247 6.6
    endloop
  endfacet
  facet normal 0.44228869021900913 -0.8968727415326845 0
    outer loop
      vertex 117 7.732050807568877 0
      vertex 117.23463313526982 7.847759065022574 0
      vertex 117 7.732050807568877 6.6
    endloop
  endfacet
  facet normal 0.3214394653031537 -0.9469301294951085 0
    outer loop
      vertex 117.23463313526982 7.847759065022574 0
      vertex 117.48236190979496 7.931851652578136 0
      vertex 117.23463313526982 7.847759065022574 6.6
    endloop
  endfacet
  facet normal 0.19509032201613277 -0.9807852804032295 0
    outer loop
      vertex 117.48236190979496 7.931851652578136 0
      vertex 117.7389476155599 7.982889722747621 0
      vertex 117.48236190979496 7.931851652578136 6.6
    endloop
  endfacet
  facet normal 0.0654031292301418 -0.9978589232386037 0
    outer loop
      vertex 117.7389476155599 7.982889722747621 0
      vertex 118 8 0
      vertex 117.7389476155599 7.982889722747621 6.6
    endloop
  endfacet
  facet normal -0.0654031292301418 -0.9978589232386037 0
    outer loop
      vertex 118 8 0
      vertex 118.2610523844401 7.982889722747621 0
      vertex 118 8 6.6
    endloop
  endfacet
  facet normal -0.19509032201613274 -0.9807852804032295 -5.3080544602048624e-20
    outer loop
      vertex 118.2610523844401 7.982889722747621 0
      vertex 118.51763809020504 7.931851652578136 0
      vertex 118.51763809020504 7.931851652578136 12
    endloop
  endfacet
  facet normal 0.9469301294951095 -0.3214394653031508 0
    outer loop
      vertex 116.15224093497743 6.765366864730179 0
      vertex 116.15224093497743 6.765366864730179 6.6
      vertex 116.06814834742187 6.5176380902050415 6.6
    endloop
  endfacet
  facet normal 0.8968727415326979 -0.4422886902189819 0
    outer loop
      vertex 116.26794919243112 7 0
      vertex 116.26794919243112 7 6.6
      vertex 116.15224093497743 6.765366864730179 6.6
    endloop
  endfacet
  facet normal 0.8314696123025292 -0.5555702330196262 0
    outer loop
      vertex 116.41329331941753 7.217522858017441 0
      vertex 116.41329331941753 7.217522858017441 6.6
      vertex 116.26794919243112 7 6.6
    endloop
  endfacet
  facet normal 0.7518398074789802 -0.6593458151000657 0
    outer loop
      vertex 116.58578643762691 7.414213562373095 0
      vertex 116.58578643762691 7.414213562373095 6.6
      vertex 116.41329331941753 7.217522858017441 6.6
    endloop
  endfacet
  facet normal 0.6593458151000828 -0.7518398074789653 0
    outer loop
      vertex 116.78247714198255 7.58670668058247 0
      vertex 116.78247714198255 7.58670668058247 6.6
      vertex 116.58578643762691 7.414213562373095 6.6
    endloop
  endfacet
  facet normal 0.5555702330195933 -0.8314696123025511 0
    outer loop
      vertex 117 7.732050807568877 0
      vertex 117 7.732050807568877 6.6
      vertex 116.78247714198255 7.58670668058247 6.6
    endloop
  endfacet
  facet normal 0.44228869021900913 -0.8968727415326845 0
    outer loop
      vertex 117.23463313526982 7.847759065022574 0
      vertex 117.23463313526982 7.847759065022574 6.6
      vertex 117 7.732050807568877 6.6
    endloop
  endfacet
  facet normal 0.3214394653031537 -0.9469301294951085 0
    outer loop
      vertex 117.48236190979496 7.931851652578136 0
      vertex 117.48236190979496 7.931851652578136 6.6
      vertex 117.23463313526982 7.847759065022574 6.6
    endloop
  endfacet
  facet normal 0.19509032201613277 -0.9807852804032295 0
    outer loop
      vertex 117.7389476155599 7.982889722747621 0
      vertex 117.7389476155599 7.982889722747621 6.6
      vertex 117.48236190979496 7.931851652578136 6.6
    endloop
  endfacet
  facet normal 0.0654031292301418 -0.9978589232386037 0
    outer loop
      vertex 118 8 0
      vertex 118 8 6.6
      vertex 117.7389476155599 7.982889722747621 6.6
    endloop
  endfacet
  facet normal -0.0654031292301418 -0.9978589232386037 0
    outer loop
      vertex 118.2610523844401 7.982889722747621 0
      vertex 118.2610523844401 7.982889722747621 6.6
      vertex 118 8 6.6
    endloop
  endfacet
  facet normal -0.19509032201612508 -0.9807852804032311 0
    outer loop
      vertex 118.2610523844401 7.982889722747621 0
      vertex 118.3 7.97514256033281 6.6
      vertex 118.2610523844401 7.982889722747621 6.6
    endloop
  endfacet
  facet normal -0.5555702330195933 -0.8314696123025512 0
    outer loop
      vertex 119.21752285801745 7.58670668058247 0
      vertex 119.21752285801745 7.58670668058247 12
      vertex 119 7.732050807568877 0
    endloop
  endfacet
  facet normal -0.6593458151000828 -0.7518398074789653 -9.662208668082347e-19
    outer loop
      vertex 119.21752285801745 7.58670668058247 0
      vertex 119.41421356237309 7.414213562373095 0
      vertex 119.41421356237309 7.414213562373095 12
    endloop
  endfacet
  facet normal -0.3214394653031537 -0.9469301294951085 -1.729784805857944e-19
    outer loop
      vertex 118.51763809020504 7.931851652578136 0
      vertex 118.76536686473018 7.847759065022574 0
      vertex 118.76536686473018 7.847759065022574 12
    endloop
  endfacet
  facet normal -0.44228869021900913 -0.8968727415326845 2.447589343605105e-19
    outer loop
      vertex 118.76536686473018 7.847759065022574 0
      vertex 119 7.732050807568877 0
      vertex 119 7.732050807568877 12
    endloop
  endfacet
  facet normal -0.8314696123025292 -0.5555702330196262 0
    outer loop
      vertex 119.73205080756888 7 0
      vertex 119.73205080756888 7 12
      vertex 119.58670668058247 7.217522858017441 0
    endloop
  endfacet
  facet normal -0.9469301294951094 -0.32143946530315076 0
    outer loop
      vertex 119.93185165257813 6.5176380902050415 0
      vertex 119.93185165257813 6.5176380902050415 12
      vertex 119.84775906502257 6.765366864730179 0
    endloop
  endfacet
  facet normal -0.8968727415326979 -0.4422886902189819 0
    outer loop
      vertex 119.84775906502257 6.765366864730179 0
      vertex 119.84775906502257 6.765366864730179 12
      vertex 119.73205080756888 7 0
    endloop
  endfacet
  facet normal -0.7518398074789802 -0.6593458151000657 6.010361839706157e-20
    outer loop
      vertex 119.41421356237309 7.414213562373095 0
      vertex 119.58670668058247 7.217522858017441 0
      vertex 119.58670668058247 7.217522858017441 12
    endloop
  endfacet
  facet normal -0.1950903220161341 0.9807852804032292 -3.7074445076315995e-19
    outer loop
      vertex 118.51763809020504 4.068148347421864 0
      vertex 118.3 4.02485743966719 6.6
      vertex 118.3 4.02485743966719 12
    endloop
  endfacet
  facet normal -0.19509032201613413 0.9807852804032293 0
    outer loop
      vertex 118.51763809020504 4.068148347421864 0
      vertex 118.3 4.02485743966719 12
      vertex 118.51763809020504 4.068148347421864 12
    endloop
  endfacet
  facet normal -0.3214394653031537 0.9469301294951085 0
    outer loop
      vertex 118.76536686473018 4.152240934977426 0
      vertex 118.51763809020504 4.068148347421864 12
      vertex 118.76536686473018 4.152240934977426 12
    endloop
  endfacet
  facet normal -0.44228869021900913 0.8968727415326845 0
    outer loop
      vertex 119 4.267949192431123 0
      vertex 118.76536686473018 4.152240934977426 12
      vertex 119 4.267949192431123 12
    endloop
  endfacet
  facet normal -0.5555702330195933 0.8314696123025512 0
    outer loop
      vertex 119.21752285801745 4.41329331941753 0
      vertex 119 4.267949192431123 12
      vertex 119.21752285801745 4.41329331941753 12
    endloop
  endfacet
  facet normal -0.6593458151000828 0.7518398074789653 0
    outer loop
      vertex 119.41421356237309 4.585786437626905 0
      vertex 119.21752285801745 4.41329331941753 12
      vertex 119.41421356237309 4.585786437626905 12
    endloop
  endfacet
  facet normal -0.7518398074789802 0.6593458151000657 0
    outer loop
      vertex 119.58670668058247 4.782477141982559 0
      vertex 119.41421356237309 4.585786437626905 12
      vertex 119.58670668058247 4.782477141982559 12
    endloop
  endfacet
  facet normal -0.8314696123025292 0.5555702330196262 0
    outer loop
      vertex 119.73205080756888 5 0
      vertex 119.58670668058247 4.782477141982559 12
      vertex 119.73205080756888 5 12
    endloop
  endfacet
  facet normal -0.8968727415326979 0.4422886902189819 0
    outer loop
      vertex 119.84775906502257 5.234633135269821 0
      vertex 119.73205080756888 5 12
      vertex 119.84775906502257 5.234633135269821 12
    endloop
  endfacet
  facet normal -0.9469301294951094 0.32143946530315076 0
    outer loop
      vertex 119.93185165257813 5.4823619097949585 0
      vertex 119.84775906502257 5.234633135269821 12
      vertex 119.93185165257813 5.4823619097949585 12
    endloop
  endfacet
  facet normal -0.9807852804032315 -0.19509032201612297 0
    outer loop
      vertex 119.93185165257813 6.5176380902050415 0
      vertex 119.98288972274761 6.261052384440103 12
      vertex 119.93185165257813 6.5176380902050415 12
    endloop
  endfacet
  facet normal -0.9807852804032315 0.19509032201612297 0
    outer loop
      vertex 119.98288972274761 5.738947615559897 0
      vertex 119.93185165257813 5.4823619097949585 12
      vertex 119.98288972274761 5.738947615559897 12
    endloop
  endfacet
  facet normal -0.9978589232386019 0.06540312923016611 0
    outer loop
      vertex 120 6 0
      vertex 119.98288972274761 5.738947615559897 12
      vertex 120 6 12
    endloop
  endfacet
  facet normal -0.9978589232386019 -0.06540312923016611 0
    outer loop
      vertex 119.98288972274761 6.261052384440103 0
      vertex 120 6 12
      vertex 119.98288972274761 6.261052384440103 12
    endloop
  endfacet
  facet normal -0.1950903220161357 -0.980785280403229 6.517514201548709e-17
    outer loop
      vertex 118.2610523844401 7.982889722747621 0
      vertex 118.51763809020504 7.931851652578136 12
      vertex 118.3 7.97514256033281 6.6
    endloop
  endfacet
  facet normal -0.5555702330195933 -0.8314696123025512 0
    outer loop
      vertex 119 7.732050807568877 0
      vertex 119.21752285801745 7.58670668058247 12
      vertex 119 7.732050807568877 12
    endloop
  endfacet
  facet normal -0.6593458151000828 -0.7518398074789653 0
    outer loop
      vertex 119.21752285801745 7.58670668058247 0
      vertex 119.41421356237309 7.414213562373095 12
      vertex 119.21752285801745 7.58670668058247 12
    endloop
  endfacet
  facet normal -0.3214394653031537 -0.9469301294951085 0
    outer loop
      vertex 118.51763809020504 7.931851652578136 0
      vertex 118.76536686473018 7.847759065022574 12
      vertex 118.51763809020504 7.931851652578136 12
    endloop
  endfacet
  facet normal -0.44228869021900913 -0.8968727415326845 0
    outer loop
      vertex 118.76536686473018 7.847759065022574 0
      vertex 119 7.732050807568877 12
      vertex 118.76536686473018 7.847759065022574 12
    endloop
  endfacet
  facet normal -0.9469301294951094 -0.32143946530315076 0
    outer loop
      vertex 119.84775906502257 6.765366864730179 0
      vertex 119.93185165257813 6.5176380902050415 12
      vertex 119.84775906502257 6.765366864730179 12
    endloop
  endfacet
  facet normal -0.8968727415326979 -0.4422886902189819 0
    outer loop
      vertex 119.73205080756888 7 0
      vertex 119.84775906502257 6.765366864730179 12
      vertex 119.73205080756888 7 12
    endloop
  endfacet
  facet normal -0.7518398074789802 -0.6593458151000657 0
    outer loop
      vertex 119.41421356237309 7.414213562373095 0
      vertex 119.58670668058247 7.217522858017441 12
      vertex 119.41421356237309 7.414213562373095 12
    endloop
  endfacet
  facet normal -0.8314696123025292 -0.5555702330196262 0
    outer loop
      vertex 119.58670668058247 7.217522858017441 0
      vertex 119.73205080756888 7 12
      vertex 119.58670668058247 7.217522858017441 12
    endloop
  endfacet
  facet normal -0.19509032201613413 -0.9807852804032292 0
    outer loop
      vertex 118.3 7.97514256033281 6.6
      vertex 118.51763809020504 7.931851652578136 12
      vertex 118.3 7.97514256033281 12
    endloop
  endfacet
  facet normal 0.6593458151000674 0.7518398074789787 0
    outer loop
      vertex 24.585786437626904 -8.914213562373096 -2.5
      vertex 24.585786437626904 -8.914213562373096 6
      vertex 24.782477141982557 -9.08670668058247 -2.5
    endloop
  endfacet
  facet normal 0.8968727415326926 0.44228869021899286 0
    outer loop
      vertex 24.152240934977428 -8.26536686473018 -2.5
      vertex 24.152240934977428 -8.26536686473018 6
      vertex 24.26794919243112 -8.5 -2.5
    endloop
  endfacet
  facet normal 0.9469301294951052 0.321439465303163 -6.3792647781634345e-19
    outer loop
      vertex 24.152240934977428 -8.26536686473018 -2.5
      vertex 24.068148347421864 -8.017638090205041 -2.5
      vertex 24.068148347421864 -8.017638090205041 6
    endloop
  endfacet
  facet normal 0.9807852804032289 0.19509032201613602 -3.8793261028421175e-19
    outer loop
      vertex 24.068148347421864 -8.017638090205041 -2.5
      vertex 24.017110277252378 -7.761052384440103 -2.5
      vertex 24.017110277252378 -7.761052384440103 6
    endloop
  endfacet
  facet normal 0.8314696123025417 0.5555702330196073 1.699241214430874e-19
    outer loop
      vertex 24.41329331941753 -8.71752285801744 -2.5
      vertex 24.26794919243112 -8.5 -2.5
      vertex 24.26794919243112 -8.5 6
    endloop
  endfacet
  facet normal 0.7518398074789816 0.659345815100064 0
    outer loop
      vertex 24.41329331941753 -8.71752285801744 -2.5
      vertex 24.41329331941753 -8.71752285801744 6
      vertex 24.585786437626904 -8.914213562373096 -2.5
    endloop
  endfacet
  facet normal 0.5555702330195995 0.831469612302547 0
    outer loop
      vertex 24.782477141982557 -9.08670668058247 -2.5
      vertex 24.782477141982557 -9.08670668058247 6
      vertex 25 -9.232050807568877 -2.5
    endloop
  endfacet
  facet normal 0.4422886902190038 0.8968727415326871 0
    outer loop
      vertex 25 -9.232050807568877 -2.5
      vertex 25 -9.232050807568877 6
      vertex 25.23463313526982 -9.347759065022574 -2.5
    endloop
  endfacet
  facet normal 0.3214394653031609 0.9469301294951059 0
    outer loop
      vertex 25.23463313526982 -9.347759065022574 -2.5
      vertex 25.23463313526982 -9.347759065022574 6
      vertex 25.48236190979496 -9.431851652578137 -2.5
    endloop
  endfacet
  facet normal 0.1950903220161236 0.9807852804032313 0
    outer loop
      vertex 25.48236190979496 -9.431851652578137 -2.5
      vertex 25.48236190979496 -9.431851652578137 6
      vertex 25.738947615559898 -9.48288972274762 -2.5
    endloop
  endfacet
  facet normal 0.9978589232386038 0.06540312923013908 1.796683067413418e-19
    outer loop
      vertex 24.017110277252378 -7.761052384440103 -2.5
      vertex 24 -7.5 -2.5
      vertex 24 -7.5 6
    endloop
  endfacet
  facet normal 0.9978589232386038 -0.06540312923013908 -1.796683067413418e-19
    outer loop
      vertex 24 -7.5 -2.5
      vertex 24.017110277252378 -7.238947615559897 -2.5
      vertex 24.017110277252378 -7.238947615559897 6
    endloop
  endfacet
  facet normal 0.9807852804032289 -0.19509032201613602 3.8793261028421175e-19
    outer loop
      vertex 24.017110277252378 -7.238947615559897 -2.5
      vertex 24.068148347421864 -6.9823619097949585 -2.5
      vertex 24.068148347421864 -6.9823619097949585 6
    endloop
  endfacet
  facet normal 0.9469301294951052 -0.321439465303163 6.3792647781634345e-19
    outer loop
      vertex 24.068148347421864 -6.9823619097949585 -2.5
      vertex 24.152240934977428 -6.734633135269821 -2.5
      vertex 24.152240934977428 -6.734633135269821 6
    endloop
  endfacet
  facet normal 0.8968727415326926 -0.44228869021899286 -8.526480685937312e-22
    outer loop
      vertex 24.152240934977428 -6.734633135269821 -2.5
      vertex 24.26794919243112 -6.5 -2.5
      vertex 24.26794919243112 -6.5 6
    endloop
  endfacet
  facet normal 0.8314696123025417 -0.5555702330196073 -1.699241214430874e-19
    outer loop
      vertex 24.26794919243112 -6.5 -2.5
      vertex 24.41329331941753 -6.282477141982559 -2.5
      vertex 24.41329331941753 -6.282477141982559 6
    endloop
  endfacet
  facet normal 0.7518398074789802 -0.6593458151000657 -8.485216714879281e-20
    outer loop
      vertex 24.41329331941753 -6.282477141982559 -2.5
      vertex 24.585786437626904 -6.085786437626905 -2.5
      vertex 24.585786437626904 -6.085786437626905 6
    endloop
  endfacet
  facet normal 0.6593458151000694 -0.751839807478977 2.187365233873437e-19
    outer loop
      vertex 24.585786437626904 -6.085786437626905 -2.5
      vertex 24.782477141982557 -5.91329331941753 -2.5
      vertex 24.782477141982557 -5.91329331941753 6
    endloop
  endfacet
  facet normal 0.5555702330195995 -0.831469612302547 1.4596982325206004e-18
    outer loop
      vertex 24.782477141982557 -5.91329331941753 -2.5
      vertex 25 -5.767949192431123 -2.5
      vertex 25 -5.767949192431123 6
    endloop
  endfacet
  facet normal 0.4422886902190038 -0.8968727415326871 4.1155822893378245e-19
    outer loop
      vertex 25 -5.767949192431123 -2.5
      vertex 25.23463313526982 -5.652240934977426 -2.5
      vertex 25.23463313526982 -5.652240934977426 6
    endloop
  endfacet
  facet normal 0.3214394653031578 -0.9469301294951069 7.131867868230123e-20
    outer loop
      vertex 25.23463313526982 -5.652240934977426 -2.5
      vertex 25.48236190979496 -5.568148347421864 -2.5
      vertex 25.48236190979496 -5.568148347421864 6
    endloop
  endfacet
  facet normal 0.19509032201613016 -0.9807852804032302 -2.9485750915839114e-19
    outer loop
      vertex 25.48236190979496 -5.568148347421864 -2.5
      vertex 25.738947615559898 -5.517110277252379 -2.5
      vertex 25.738947615559898 -5.517110277252379 6
    endloop
  endfacet
  facet normal 0.06540312923014605 0.9978589232386031 0
    outer loop
      vertex 25.738947615559898 -9.48288972274762 -2.5
      vertex 25.738947615559898 -9.48288972274762 6
      vertex 26 -9.5 -2.5
    endloop
  endfacet
  facet normal -0.06540312923014605 0.9978589232386031 0
    outer loop
      vertex 26 -9.5 -2.5
      vertex 26 -9.5 6
      vertex 26.261052384440102 -9.48288972274762 -2.5
    endloop
  endfacet
  facet normal -0.1950903220161236 0.9807852804032313 0
    outer loop
      vertex 26.261052384440102 -9.48288972274762 -2.5
      vertex 26.261052384440102 -9.48288972274762 6
      vertex 26.51763809020504 -9.431851652578137 -2.5
    endloop
  endfacet
  facet normal -0.3214394653031609 0.9469301294951059 0
    outer loop
      vertex 26.51763809020504 -9.431851652578137 -2.5
      vertex 26.51763809020504 -9.431851652578137 6
      vertex 26.76536686473018 -9.347759065022574 -2.5
    endloop
  endfacet
  facet normal -0.4422886902190038 0.8968727415326871 0
    outer loop
      vertex 26.76536686473018 -9.347759065022574 -2.5
      vertex 26.76536686473018 -9.347759065022574 6
      vertex 27 -9.232050807568877 -2.5
    endloop
  endfacet
  facet normal -0.5555702330195995 0.831469612302547 0
    outer loop
      vertex 27 -9.232050807568877 -2.5
      vertex 27 -9.232050807568877 6
      vertex 27.217522858017443 -9.08670668058247 -2.5
    endloop
  endfacet
  facet normal -0.6593458151000674 0.7518398074789787 0
    outer loop
      vertex 27.217522858017443 -9.08670668058247 -2.5
      vertex 27.217522858017443 -9.08670668058247 6
      vertex 27.414213562373096 -8.914213562373096 -2.5
    endloop
  endfacet
  facet normal -0.7518398074789816 0.659345815100064 0
    outer loop
      vertex 27.414213562373096 -8.914213562373096 -2.5
      vertex 27.414213562373096 -8.914213562373096 6
      vertex 27.58670668058247 -8.71752285801744 -2.5
    endloop
  endfacet
  facet normal -0.8314696123025417 0.5555702330196073 0
    outer loop
      vertex 27.58670668058247 -8.71752285801744 -2.5
      vertex 27.58670668058247 -8.71752285801744 6
      vertex 27.73205080756888 -8.5 -2.5
    endloop
  endfacet
  facet normal -0.8968727415326926 0.44228869021899286 0
    outer loop
      vertex 27.73205080756888 -8.5 -2.5
      vertex 27.73205080756888 -8.5 6
      vertex 27.847759065022572 -8.26536686473018 -2.5
    endloop
  endfacet
  facet normal -0.9469301294951052 0.321439465303163 0
    outer loop
      vertex 27.847759065022572 -8.26536686473018 -2.5
      vertex 27.847759065022572 -8.26536686473018 6
      vertex 27.931851652578136 -8.017638090205041 -2.5
    endloop
  endfacet
  facet normal -0.9807852804032289 0.19509032201613602 0
    outer loop
      vertex 27.931851652578136 -8.017638090205041 -2.5
      vertex 27.931851652578136 -8.017638090205041 6
      vertex 27.982889722747622 -7.761052384440103 -2.5
    endloop
  endfacet
  facet normal 0.06540312923014267 -0.9978589232386036 1.3109326822102468e-19
    outer loop
      vertex 25.738947615559898 -5.517110277252379 -2.5
      vertex 26 -5.5 -2.5
      vertex 26 -5.5 6
    endloop
  endfacet
  facet normal -0.06540312923014267 -0.9978589232386036 -1.3109326822102468e-19
    outer loop
      vertex 26 -5.5 -2.5
      vertex 26.261052384440102 -5.517110277252379 -2.5
      vertex 26.261052384440102 -5.517110277252379 6
    endloop
  endfacet
  facet normal -0.19509032201613016 -0.9807852804032302 2.9485750915839114e-19
    outer loop
      vertex 26.261052384440102 -5.517110277252379 -2.5
      vertex 26.51763809020504 -5.568148347421864 -2.5
      vertex 26.51763809020504 -5.568148347421864 6
    endloop
  endfacet
  facet normal -0.3214394653031578 -0.9469301294951069 -7.131867868230123e-20
    outer loop
      vertex 26.51763809020504 -5.568148347421864 -2.5
      vertex 26.76536686473018 -5.652240934977426 -2.5
      vertex 26.76536686473018 -5.652240934977426 6
    endloop
  endfacet
  facet normal -0.4422886902190038 -0.8968727415326871 -4.1155822893378245e-19
    outer loop
      vertex 26.76536686473018 -5.652240934977426 -2.5
      vertex 27 -5.767949192431123 -2.5
      vertex 27 -5.767949192431123 6
    endloop
  endfacet
  facet normal -0.5555702330195995 -0.831469612302547 -1.4596982325206004e-18
    outer loop
      vertex 27 -5.767949192431123 -2.5
      vertex 27.217522858017443 -5.91329331941753 -2.5
      vertex 27.217522858017443 -5.91329331941753 6
    endloop
  endfacet
  facet normal -0.6593458151000694 -0.751839807478977 -2.187365233873437e-19
    outer loop
      vertex 27.217522858017443 -5.91329331941753 -2.5
      vertex 27.414213562373096 -6.085786437626905 -2.5
      vertex 27.414213562373096 -6.085786437626905 6
    endloop
  endfacet
  facet normal -0.8314696123025417 -0.5555702330196073 1.699241214430874e-19
    outer loop
      vertex 27.58670668058247 -6.282477141982559 -2.5
      vertex 27.73205080756888 -6.5 -2.5
      vertex 27.73205080756888 -6.5 6
    endloop
  endfacet
  facet normal -0.7518398074789802 -0.6593458151000657 8.485216714879281e-20
    outer loop
      vertex 27.414213562373096 -6.085786437626905 -2.5
      vertex 27.58670668058247 -6.282477141982559 -2.5
      vertex 27.58670668058247 -6.282477141982559 6
    endloop
  endfacet
  facet normal -0.9978589232386038 0.06540312923013908 0
    outer loop
      vertex 27.982889722747622 -7.761052384440103 -2.5
      vertex 27.982889722747622 -7.761052384440103 6
      vertex 28 -7.5 -2.5
    endloop
  endfacet
  facet normal -0.9978589232386038 -0.06540312923013908 1.796683067413418e-19
    outer loop
      vertex 27.982889722747622 -7.238947615559897 -2.5
      vertex 28 -7.5 -2.5
      vertex 28 -7.5 6
    endloop
  endfacet
  facet normal -0.9807852804032289 -0.19509032201613602 0
    outer loop
      vertex 27.982889722747622 -7.238947615559897 -2.5
      vertex 27.982889722747622 -7.238947615559897 6
      vertex 27.931851652578136 -6.9823619097949585 -2.5
    endloop
  endfacet
  facet normal -0.9469301294951052 -0.321439465303163 0
    outer loop
      vertex 27.931851652578136 -6.9823619097949585 -2.5
      vertex 27.931851652578136 -6.9823619097949585 6
      vertex 27.847759065022572 -6.734633135269821 -2.5
    endloop
  endfacet
  facet normal -0.8968727415326926 -0.44228869021899286 8.526480685937312e-22
    outer loop
      vertex 27.73205080756888 -6.5 -2.5
      vertex 27.847759065022572 -6.734633135269821 -2.5
      vertex 27.847759065022572 -6.734633135269821 6
    endloop
  endfacet
  facet normal 0.9469301294951052 0.321439465303163 0
    outer loop
      vertex 24.152240934977428 -8.26536686473018 -2.5
      vertex 24.068148347421864 -8.017638090205041 6
      vertex 24.152240934977428 -8.26536686473018 6
    endloop
  endfacet
  facet normal 0.9807852804032289 0.19509032201613602 0
    outer loop
      vertex 24.068148347421864 -8.017638090205041 -2.5
      vertex 24.017110277252378 -7.761052384440103 6
      vertex 24.068148347421864 -8.017638090205041 6
    endloop
  endfacet
  facet normal 0.8314696123025417 0.5555702330196073 0
    outer loop
      vertex 24.41329331941753 -8.71752285801744 -2.5
      vertex 24.26794919243112 -8.5 6
      vertex 24.41329331941753 -8.71752285801744 6
    endloop
  endfacet
  facet normal 0.8968727415326926 0.44228869021899286 0
    outer loop
      vertex 24.26794919243112 -8.5 -2.5
      vertex 24.152240934977428 -8.26536686473018 6
      vertex 24.26794919243112 -8.5 6
    endloop
  endfacet
  facet normal 0.7518398074789816 0.659345815100064 0
    outer loop
      vertex 24.585786437626904 -8.914213562373096 -2.5
      vertex 24.41329331941753 -8.71752285801744 6
      vertex 24.585786437626904 -8.914213562373096 6
    endloop
  endfacet
  facet normal 0.6593458151000674 0.7518398074789787 0
    outer loop
      vertex 24.782477141982557 -9.08670668058247 -2.5
      vertex 24.585786437626904 -8.914213562373096 6
      vertex 24.782477141982557 -9.08670668058247 6
    endloop
  endfacet
  facet normal 0.5555702330195995 0.831469612302547 0
    outer loop
      vertex 25 -9.232050807568877 -2.5
      vertex 24.782477141982557 -9.08670668058247 6
      vertex 25 -9.232050807568877 6
    endloop
  endfacet
  facet normal 0.4422886902190038 0.8968727415326871 0
    outer loop
      vertex 25.23463313526982 -9.347759065022574 -2.5
      vertex 25 -9.232050807568877 6
      vertex 25.23463313526982 -9.347759065022574 6
    endloop
  endfacet
  facet normal 0.3214394653031609 0.9469301294951059 0
    outer loop
      vertex 25.48236190979496 -9.431851652578137 -2.5
      vertex 25.23463313526982 -9.347759065022574 6
      vertex 25.48236190979496 -9.431851652578137 6
    endloop
  endfacet
  facet normal 0.1950903220161236 0.9807852804032313 0
    outer loop
      vertex 25.738947615559898 -9.48288972274762 -2.5
      vertex 25.48236190979496 -9.431851652578137 6
      vertex 25.738947615559898 -9.48288972274762 6
    endloop
  endfacet
  facet normal 0.9978589232386038 0.06540312923013908 0
    outer loop
      vertex 24.017110277252378 -7.761052384440103 -2.5
      vertex 24 -7.5 6
      vertex 24.017110277252378 -7.761052384440103 6
    endloop
  endfacet
  facet normal 0.9978589232386038 -0.06540312923013908 0
    outer loop
      vertex 24 -7.5 -2.5
      vertex 24.017110277252378 -7.238947615559897 6
      vertex 24 -7.5 6
    endloop
  endfacet
  facet normal 0.9807852804032289 -0.19509032201613602 0
    outer loop
      vertex 24.017110277252378 -7.238947615559897 -2.5
      vertex 24.068148347421864 -6.9823619097949585 6
      vertex 24.017110277252378 -7.238947615559897 6
    endloop
  endfacet
  facet normal 0.9469301294951052 -0.321439465303163 0
    outer loop
      vertex 24.068148347421864 -6.9823619097949585 -2.5
      vertex 24.152240934977428 -6.734633135269821 6
      vertex 24.068148347421864 -6.9823619097949585 6
    endloop
  endfacet
  facet normal 0.8968727415326926 -0.44228869021899286 0
    outer loop
      vertex 24.152240934977428 -6.734633135269821 -2.5
      vertex 24.26794919243112 -6.5 6
      vertex 24.152240934977428 -6.734633135269821 6
    endloop
  endfacet
  facet normal 0.8314696123025417 -0.5555702330196073 0
    outer loop
      vertex 24.26794919243112 -6.5 -2.5
      vertex 24.41329331941753 -6.282477141982559 6
      vertex 24.26794919243112 -6.5 6
    endloop
  endfacet
  facet normal 0.7518398074789802 -0.6593458151000657 0
    outer loop
      vertex 24.41329331941753 -6.282477141982559 -2.5
      vertex 24.585786437626904 -6.085786437626905 6
      vertex 24.41329331941753 -6.282477141982559 6
    endloop
  endfacet
  facet normal 0.6593458151000694 -0.751839807478977 0
    outer loop
      vertex 24.585786437626904 -6.085786437626905 -2.5
      vertex 24.782477141982557 -5.91329331941753 6
      vertex 24.585786437626904 -6.085786437626905 6
    endloop
  endfacet
  facet normal 0.5555702330195995 -0.831469612302547 0
    outer loop
      vertex 24.782477141982557 -5.91329331941753 -2.5
      vertex 25 -5.767949192431123 6
      vertex 24.782477141982557 -5.91329331941753 6
    endloop
  endfacet
  facet normal 0.4422886902190038 -0.8968727415326871 0
    outer loop
      vertex 25 -5.767949192431123 -2.5
      vertex 25.23463313526982 -5.652240934977426 6
      vertex 25 -5.767949192431123 6
    endloop
  endfacet
  facet normal 0.3214394653031578 -0.9469301294951069 0
    outer loop
      vertex 25.23463313526982 -5.652240934977426 -2.5
      vertex 25.48236190979496 -5.568148347421864 6
      vertex 25.23463313526982 -5.652240934977426 6
    endloop
  endfacet
  facet normal 0.19509032201613016 -0.9807852804032302 0
    outer loop
      vertex 25.48236190979496 -5.568148347421864 -2.5
      vertex 25.738947615559898 -5.517110277252379 6
      vertex 25.48236190979496 -5.568148347421864 6
    endloop
  endfacet
  facet normal 0.06540312923014605 0.9978589232386031 0
    outer loop
      vertex 26 -9.5 -2.5
      vertex 25.738947615559898 -9.48288972274762 6
      vertex 26 -9.5 6
    endloop
  endfacet
  facet normal -0.06540312923014605 0.9978589232386031 0
    outer loop
      vertex 26.261052384440102 -9.48288972274762 -2.5
      vertex 26 -9.5 6
      vertex 26.261052384440102 -9.48288972274762 6
    endloop
  endfacet
  facet normal -0.1950903220161236 0.9807852804032313 0
    outer loop
      vertex 26.51763809020504 -9.431851652578137 -2.5
      vertex 26.261052384440102 -9.48288972274762 6
      vertex 26.51763809020504 -9.431851652578137 6
    endloop
  endfacet
  facet normal -0.3214394653031609 0.9469301294951059 0
    outer loop
      vertex 26.76536686473018 -9.347759065022574 -2.5
      vertex 26.51763809020504 -9.431851652578137 6
      vertex 26.76536686473018 -9.347759065022574 6
    endloop
  endfacet
  facet normal -0.4422886902190038 0.8968727415326871 0
    outer loop
      vertex 27 -9.232050807568877 -2.5
      vertex 26.76536686473018 -9.347759065022574 6
      vertex 27 -9.232050807568877 6
    endloop
  endfacet
  facet normal -0.5555702330195995 0.831469612302547 0
    outer loop
      vertex 27.217522858017443 -9.08670668058247 -2.5
      vertex 27 -9.232050807568877 6
      vertex 27.217522858017443 -9.08670668058247 6
    endloop
  endfacet
  facet normal -0.6593458151000674 0.7518398074789787 0
    outer loop
      vertex 27.414213562373096 -8.914213562373096 -2.5
      vertex 27.217522858017443 -9.08670668058247 6
      vertex 27.414213562373096 -8.914213562373096 6
    endloop
  endfacet
  facet normal -0.7518398074789816 0.659345815100064 0
    outer loop
      vertex 27.58670668058247 -8.71752285801744 -2.5
      vertex 27.414213562373096 -8.914213562373096 6
      vertex 27.58670668058247 -8.71752285801744 6
    endloop
  endfacet
  facet normal -0.8314696123025417 0.5555702330196073 0
    outer loop
      vertex 27.73205080756888 -8.5 -2.5
      vertex 27.58670668058247 -8.71752285801744 6
      vertex 27.73205080756888 -8.5 6
    endloop
  endfacet
  facet normal -0.8968727415326926 0.44228869021899286 0
    outer loop
      vertex 27.847759065022572 -8.26536686473018 -2.5
      vertex 27.73205080756888 -8.5 6
      vertex 27.847759065022572 -8.26536686473018 6
    endloop
  endfacet
  facet normal -0.9469301294951052 0.321439465303163 0
    outer loop
      vertex 27.931851652578136 -8.017638090205041 -2.5
      vertex 27.847759065022572 -8.26536686473018 6
      vertex 27.931851652578136 -8.017638090205041 6
    endloop
  endfacet
  facet normal -0.9807852804032289 0.19509032201613602 0
    outer loop
      vertex 27.982889722747622 -7.761052384440103 -2.5
      vertex 27.931851652578136 -8.017638090205041 6
      vertex 27.982889722747622 -7.761052384440103 6
    endloop
  endfacet
  facet normal 0.06540312923014267 -0.9978589232386036 0
    outer loop
      vertex 25.738947615559898 -5.517110277252379 -2.5
      vertex 26 -5.5 6
      vertex 25.738947615559898 -5.517110277252379 6
    endloop
  endfacet
  facet normal -0.06540312923014267 -0.9978589232386036 0
    outer loop
      vertex 26 -5.5 -2.5
      vertex 26.261052384440102 -5.517110277252379 6
      vertex 26 -5.5 6
    endloop
  endfacet
  facet normal -0.19509032201613016 -0.9807852804032302 0
    outer loop
      vertex 26.261052384440102 -5.517110277252379 -2.5
      vertex 26.51763809020504 -5.568148347421864 6
      vertex 26.261052384440102 -5.517110277252379 6
    endloop
  endfacet
  facet normal -0.3214394653031578 -0.9469301294951069 0
    outer loop
      vertex 26.51763809020504 -5.568148347421864 -2.5
      vertex 26.76536686473018 -5.652240934977426 6
      vertex 26.51763809020504 -5.568148347421864 6
    endloop
  endfacet
  facet normal -0.4422886902190038 -0.8968727415326871 0
    outer loop
      vertex 26.76536686473018 -5.652240934977426 -2.5
      vertex 27 -5.767949192431123 6
      vertex 26.76536686473018 -5.652240934977426 6
    endloop
  endfacet
  facet normal -0.5555702330195995 -0.831469612302547 0
    outer loop
      vertex 27 -5.767949192431123 -2.5
      vertex 27.217522858017443 -5.91329331941753 6
      vertex 27 -5.767949192431123 6
    endloop
  endfacet
  facet normal -0.6593458151000694 -0.751839807478977 0
    outer loop
      vertex 27.217522858017443 -5.91329331941753 -2.5
      vertex 27.414213562373096 -6.085786437626905 6
      vertex 27.217522858017443 -5.91329331941753 6
    endloop
  endfacet
  facet normal -0.7518398074789802 -0.6593458151000657 0
    outer loop
      vertex 27.414213562373096 -6.085786437626905 -2.5
      vertex 27.58670668058247 -6.282477141982559 6
      vertex 27.414213562373096 -6.085786437626905 6
    endloop
  endfacet
  facet normal -0.8314696123025417 -0.5555702330196073 0
    outer loop
      vertex 27.58670668058247 -6.282477141982559 -2.5
      vertex 27.73205080756888 -6.5 6
      vertex 27.58670668058247 -6.282477141982559 6
    endloop
  endfacet
  facet normal -0.9978589232386038 0.06540312923013908 0
    outer loop
      vertex 28 -7.5 -2.5
      vertex 27.982889722747622 -7.761052384440103 6
      vertex 28 -7.5 6
    endloop
  endfacet
  facet normal -0.9978589232386038 -0.06540312923013908 0
    outer loop
      vertex 27.982889722747622 -7.238947615559897 -2.5
      vertex 28 -7.5 6
      vertex 27.982889722747622 -7.238947615559897 6
    endloop
  endfacet
  facet normal -0.9807852804032289 -0.19509032201613602 0
    outer loop
      vertex 27.931851652578136 -6.9823619097949585 -2.5
      vertex 27.982889722747622 -7.238947615559897 6
      vertex 27.931851652578136 -6.9823619097949585 6
    endloop
  endfacet
  facet normal -0.8968727415326926 -0.44228869021899286 0
    outer loop
      vertex 27.73205080756888 -6.5 -2.5
      vertex 27.847759065022572 -6.734633135269821 6
      vertex 27.73205080756888 -6.5 6
    endloop
  endfacet
  facet normal -0.9469301294951052 -0.321439465303163 0
    outer loop
      vertex 27.847759065022572 -6.734633135269821 -2.5
      vertex 27.931851652578136 -6.9823619097949585 6
      vertex 27.847759065022572 -6.734633135269821 6
    endloop
  endfacet
  facet normal 0.6593458151000674 0.7518398074789787 3.31736942906189e-19
    outer loop
      vertex 38.78247714198256 -9.08670668058247 -2.5
      vertex 38.58578643762691 -8.914213562373096 -2.5
      vertex 38.58578643762691 -8.914213562373096 6
    endloop
  endfacet
  facet normal 0.8314696123025543 0.5555702330195885 0
    outer loop
      vertex 38.267949192431125 -8.5 -2.5
      vertex 38.267949192431125 -8.5 6
      vertex 38.41329331941753 -8.71752285801744 -2.5
    endloop
  endfacet
  facet normal 0.9807852804032314 0.19509032201612295 0
    outer loop
      vertex 38.01711027725238 -7.761052384440103 -2.5
      vertex 38.01711027725238 -7.761052384440103 6
      vertex 38.06814834742186 -8.017638090205041 -2.5
    endloop
  endfacet
  facet normal 0.946930129495101 0.32143946530317513 -1.297119440027336e-19
    outer loop
      vertex 38.15224093497743 -8.26536686473018 -2.5
      vertex 38.06814834742186 -8.017638090205041 -2.5
      vertex 38.06814834742186 -8.017638090205041 6
    endloop
  endfacet
  facet normal 0.8968727415326871 0.4422886902190038 -4.1155822893378245e-19
    outer loop
      vertex 38.267949192431125 -8.5 -2.5
      vertex 38.15224093497743 -8.26536686473018 -2.5
      vertex 38.15224093497743 -8.26536686473018 6
    endloop
  endfacet
  facet normal 0.7518398074789681 0.6593458151000793 0
    outer loop
      vertex 38.41329331941753 -8.71752285801744 -2.5
      vertex 38.41329331941753 -8.71752285801744 6
      vertex 38.58578643762691 -8.914213562373096 -2.5
    endloop
  endfacet
  facet normal 0.5555702330196058 0.8314696123025429 0
    outer loop
      vertex 38.78247714198256 -9.08670668058247 -2.5
      vertex 38.78247714198256 -9.08670668058247 6
      vertex 39 -9.232050807568877 -2.5
    endloop
  endfacet
  facet normal 0.4422886902190091 0.8968727415326844 0
    outer loop
      vertex 39 -9.232050807568877 -2.5
      vertex 39 -9.232050807568877 6
      vertex 39.23463313526982 -9.347759065022574 -2.5
    endloop
  endfacet
  facet normal 0.32143946530315676 0.9469301294951072 0
    outer loop
      vertex 39.23463313526982 -9.347759065022574 -2.5
      vertex 39.23463313526982 -9.347759065022574 6
      vertex 39.48236190979496 -9.431851652578137 -2.5
    endloop
  endfacet
  facet normal 0.19509032201612622 0.9807852804032309 0
    outer loop
      vertex 39.48236190979496 -9.431851652578137 -2.5
      vertex 39.48236190979496 -9.431851652578137 6
      vertex 39.738947615559894 -9.48288972274762 -2.5
    endloop
  endfacet
  facet normal 0.06540312923014517 0.9978589232386034 0
    outer loop
      vertex 39.738947615559894 -9.48288972274762 -2.5
      vertex 39.738947615559894 -9.48288972274762 6
      vertex 40 -9.5 -2.5
    endloop
  endfacet
  facet normal -0.06540312923014517 0.9978589232386034 0
    outer loop
      vertex 40 -9.5 -2.5
      vertex 40 -9.5 6
      vertex 40.261052384440106 -9.48288972274762 -2.5
    endloop
  endfacet
  facet normal -0.19509032201612622 0.9807852804032309 0
    outer loop
      vertex 40.261052384440106 -9.48288972274762 -2.5
      vertex 40.261052384440106 -9.48288972274762 6
      vertex 40.51763809020504 -9.431851652578137 -2.5
    endloop
  endfacet
  facet normal -0.32143946530315676 0.9469301294951072 0
    outer loop
      vertex 40.51763809020504 -9.431851652578137 -2.5
      vertex 40.51763809020504 -9.431851652578137 6
      vertex 40.76536686473018 -9.347759065022574 -2.5
    endloop
  endfacet
  facet normal -0.4422886902190091 0.8968727415326844 0
    outer loop
      vertex 40.76536686473018 -9.347759065022574 -2.5
      vertex 40.76536686473018 -9.347759065022574 6
      vertex 41 -9.232050807568877 -2.5
    endloop
  endfacet
  facet normal -0.5555702330196058 0.8314696123025429 0
    outer loop
      vertex 41 -9.232050807568877 -2.5
      vertex 41 -9.232050807568877 6
      vertex 41.21752285801744 -9.08670668058247 -2.5
    endloop
  endfacet
  facet normal -0.6593458151000674 0.7518398074789787 0
    outer loop
      vertex 41.21752285801744 -9.08670668058247 -2.5
      vertex 41.21752285801744 -9.08670668058247 6
      vertex 41.41421356237309 -8.914213562373096 -2.5
    endloop
  endfacet
  facet normal -0.7518398074789681 0.6593458151000793 0
    outer loop
      vertex 41.41421356237309 -8.914213562373096 -2.5
      vertex 41.41421356237309 -8.914213562373096 6
      vertex 41.58670668058247 -8.71752285801744 -2.5
    endloop
  endfacet
  facet normal -0.8314696123025543 0.5555702330195885 0
    outer loop
      vertex 41.58670668058247 -8.71752285801744 -2.5
      vertex 41.58670668058247 -8.71752285801744 6
      vertex 41.732050807568875 -8.5 -2.5
    endloop
  endfacet
  facet normal -0.8968727415326871 0.4422886902190038 0
    outer loop
      vertex 41.732050807568875 -8.5 -2.5
      vertex 41.732050807568875 -8.5 6
      vertex 41.84775906502257 -8.26536686473018 -2.5
    endloop
  endfacet
  facet normal 0.9978589232386038 0.06540312923013908 1.796683067413418e-19
    outer loop
      vertex 38.01711027725238 -7.761052384440103 -2.5
      vertex 38 -7.5 -2.5
      vertex 38 -7.5 6
    endloop
  endfacet
  facet normal 0.9978589232386038 -0.06540312923013908 -1.796683067413418e-19
    outer loop
      vertex 38 -7.5 -2.5
      vertex 38.01711027725238 -7.238947615559897 -2.5
      vertex 38.01711027725238 -7.238947615559897 6
    endloop
  endfacet
  facet normal 0.9807852804032314 -0.19509032201612295 7.611822296297566e-21
    outer loop
      vertex 38.01711027725238 -7.238947615559897 -2.5
      vertex 38.06814834742186 -6.9823619097949585 -2.5
      vertex 38.06814834742186 -6.9823619097949585 6
    endloop
  endfacet
  facet normal 0.946930129495101 -0.32143946530317513 1.297119440027336e-19
    outer loop
      vertex 38.06814834742186 -6.9823619097949585 -2.5
      vertex 38.15224093497743 -6.734633135269821 -2.5
      vertex 38.15224093497743 -6.734633135269821 6
    endloop
  endfacet
  facet normal 0.8968727415326871 -0.4422886902190038 4.1155822893378245e-19
    outer loop
      vertex 38.15224093497743 -6.734633135269821 -2.5
      vertex 38.267949192431125 -6.5 -2.5
      vertex 38.267949192431125 -6.5 6
    endloop
  endfacet
  facet normal 0.8314696123025543 -0.5555702330195885 6.307545632850217e-19
    outer loop
      vertex 38.267949192431125 -6.5 -2.5
      vertex 38.41329331941753 -6.282477141982559 -2.5
      vertex 38.41329331941753 -6.282477141982559 6
    endloop
  endfacet
  facet normal 0.7518398074789666 -0.6593458151000811 1.1985173626807296e-18
    outer loop
      vertex 38.41329331941753 -6.282477141982559 -2.5
      vertex 38.58578643762691 -6.085786437626905 -2.5
      vertex 38.58578643762691 -6.085786437626905 6
    endloop
  endfacet
  facet normal 0.6593458151000694 -0.751839807478977 2.187365233873437e-19
    outer loop
      vertex 38.58578643762691 -6.085786437626905 -2.5
      vertex 38.78247714198256 -5.91329331941753 -2.5
      vertex 38.78247714198256 -5.91329331941753 6
    endloop
  endfacet
  facet normal 0.5555702330196058 -0.8314696123025429 1.6100196721804036e-19
    outer loop
      vertex 38.78247714198256 -5.91329331941753 -2.5
      vertex 39 -5.767949192431123 -2.5
      vertex 39 -5.767949192431123 6
    endloop
  endfacet
  facet normal 0.4422886902190091 -0.8968727415326844 -3.455420249795442e-19
    outer loop
      vertex 39 -5.767949192431123 -2.5
      vertex 39.23463313526982 -5.652240934977426 -2.5
      vertex 39.23463313526982 -5.652240934977426 6
    endloop
  endfacet
  facet normal 0.3214394653031537 -0.9469301294951084 2.442049137681803e-19
    outer loop
      vertex 39.23463313526982 -5.652240934977426 -2.5
      vertex 39.48236190979496 -5.568148347421864 -2.5
      vertex 39.48236190979496 -5.568148347421864 6
    endloop
  endfacet
  facet normal 0.19509032201613274 -0.9807852804032295 7.493723943818629e-20
    outer loop
      vertex 39.48236190979496 -5.568148347421864 -2.5
      vertex 39.738947615559894 -5.517110277252379 -2.5
      vertex 39.738947615559894 -5.517110277252379 6
    endloop
  endfacet
  facet normal 0.06540312923014178 -0.9978589232386036 1.6373893745564627e-19
    outer loop
      vertex 39.738947615559894 -5.517110277252379 -2.5
      vertex 40 -5.5 -2.5
      vertex 40 -5.5 6
    endloop
  endfacet
  facet normal -0.06540312923014178 -0.9978589232386036 -1.6373893745564627e-19
    outer loop
      vertex 40 -5.5 -2.5
      vertex 40.261052384440106 -5.517110277252379 -2.5
      vertex 40.261052384440106 -5.517110277252379 6
    endloop
  endfacet
  facet normal -0.19509032201613274 -0.9807852804032295 -7.493723943818629e-20
    outer loop
      vertex 40.261052384440106 -5.517110277252379 -2.5
      vertex 40.51763809020504 -5.568148347421864 -2.5
      vertex 40.51763809020504 -5.568148347421864 6
    endloop
  endfacet
  facet normal -0.3214394653031537 -0.9469301294951084 -2.442049137681803e-19
    outer loop
      vertex 40.51763809020504 -5.568148347421864 -2.5
      vertex 40.76536686473018 -5.652240934977426 -2.5
      vertex 40.76536686473018 -5.652240934977426 6
    endloop
  endfacet
  facet normal -0.8968727415326871 -0.4422886902190038 -4.1155822893378245e-19
    outer loop
      vertex 41.732050807568875 -6.5 -2.5
      vertex 41.84775906502257 -6.734633135269821 -2.5
      vertex 41.84775906502257 -6.734633135269821 6
    endloop
  endfacet
  facet normal -0.4422886902190091 -0.8968727415326844 3.455420249795442e-19
    outer loop
      vertex 40.76536686473018 -5.652240934977426 -2.5
      vertex 41 -5.767949192431123 -2.5
      vertex 41 -5.767949192431123 6
    endloop
  endfacet
  facet normal -0.5555702330196058 -0.8314696123025429 -1.6100196721804036e-19
    outer loop
      vertex 41 -5.767949192431123 -2.5
      vertex 41.21752285801744 -5.91329331941753 -2.5
      vertex 41.21752285801744 -5.91329331941753 6
    endloop
  endfacet
  facet normal -0.6593458151000694 -0.751839807478977 -2.187365233873437e-19
    outer loop
      vertex 41.21752285801744 -5.91329331941753 -2.5
      vertex 41.41421356237309 -6.085786437626905 -2.5
      vertex 41.41421356237309 -6.085786437626905 6
    endloop
  endfacet
  facet normal -0.7518398074789666 -0.6593458151000811 0
    outer loop
      vertex 41.58670668058247 -6.282477141982559 -2.5
      vertex 41.58670668058247 -6.282477141982559 6
      vertex 41.41421356237309 -6.085786437626905 -2.5
    endloop
  endfacet
  facet normal -0.8314696123025543 -0.5555702330195885 -6.307545632850217e-19
    outer loop
      vertex 41.58670668058247 -6.282477141982559 -2.5
      vertex 41.732050807568875 -6.5 -2.5
      vertex 41.732050807568875 -6.5 6
    endloop
  endfacet
  facet normal -0.946930129495101 0.32143946530317513 0
    outer loop
      vertex 41.84775906502257 -8.26536686473018 -2.5
      vertex 41.84775906502257 -8.26536686473018 6
      vertex 41.93185165257814 -8.017638090205041 -2.5
    endloop
  endfacet
  facet normal -0.9807852804032314 0.19509032201612295 0
    outer loop
      vertex 41.93185165257814 -8.017638090205041 -2.5
      vertex 41.93185165257814 -8.017638090205041 6
      vertex 41.98288972274762 -7.761052384440103 -2.5
    endloop
  endfacet
  facet normal -0.9978589232386038 0.06540312923013908 0
    outer loop
      vertex 41.98288972274762 -7.761052384440103 -2.5
      vertex 41.98288972274762 -7.761052384440103 6
      vertex 42 -7.5 -2.5
    endloop
  endfacet
  facet normal -0.9978589232386038 -0.06540312923013908 0
    outer loop
      vertex 42 -7.5 -2.5
      vertex 42 -7.5 6
      vertex 41.98288972274762 -7.238947615559897 -2.5
    endloop
  endfacet
  facet normal -0.9807852804032314 -0.19509032201612295 0
    outer loop
      vertex 41.98288972274762 -7.238947615559897 -2.5
      vertex 41.98288972274762 -7.238947615559897 6
      vertex 41.93185165257814 -6.9823619097949585 -2.5
    endloop
  endfacet
  facet normal -0.946930129495101 -0.32143946530317513 0
    outer loop
      vertex 41.93185165257814 -6.9823619097949585 -2.5
      vertex 41.93185165257814 -6.9823619097949585 6
      vertex 41.84775906502257 -6.734633135269821 -2.5
    endloop
  endfacet
  facet normal 0.6593458151000674 0.7518398074789787 0
    outer loop
      vertex 38.78247714198256 -9.08670668058247 -2.5
      vertex 38.58578643762691 -8.914213562373096 6
      vertex 38.78247714198256 -9.08670668058247 6
    endloop
  endfacet
  facet normal 0.8968727415326871 0.4422886902190038 0
    outer loop
      vertex 38.267949192431125 -8.5 -2.5
      vertex 38.15224093497743 -8.26536686473018 6
      vertex 38.267949192431125 -8.5 6
    endloop
  endfacet
  facet normal 0.9807852804032314 0.19509032201612295 0
    outer loop
      vertex 38.06814834742186 -8.017638090205041 -2.5
      vertex 38.01711027725238 -7.761052384440103 6
      vertex 38.06814834742186 -8.017638090205041 6
    endloop
  endfacet
  facet normal 0.946930129495101 0.32143946530317513 0
    outer loop
      vertex 38.15224093497743 -8.26536686473018 -2.5
      vertex 38.06814834742186 -8.017638090205041 6
      vertex 38.15224093497743 -8.26536686473018 6
    endloop
  endfacet
  facet normal 0.8314696123025543 0.5555702330195885 0
    outer loop
      vertex 38.41329331941753 -8.71752285801744 -2.5
      vertex 38.267949192431125 -8.5 6
      vertex 38.41329331941753 -8.71752285801744 6
    endloop
  endfacet
  facet normal 0.7518398074789681 0.6593458151000793 0
    outer loop
      vertex 38.58578643762691 -8.914213562373096 -2.5
      vertex 38.41329331941753 -8.71752285801744 6
      vertex 38.58578643762691 -8.914213562373096 6
    endloop
  endfacet
  facet normal 0.5555702330196058 0.8314696123025429 0
    outer loop
      vertex 39 -9.232050807568877 -2.5
      vertex 38.78247714198256 -9.08670668058247 6
      vertex 39 -9.232050807568877 6
    endloop
  endfacet
  facet normal 0.4422886902190091 0.8968727415326844 0
    outer loop
      vertex 39.23463313526982 -9.347759065022574 -2.5
      vertex 39 -9.232050807568877 6
      vertex 39.23463313526982 -9.347759065022574 6
    endloop
  endfacet
  facet normal 0.32143946530315676 0.9469301294951072 0
    outer loop
      vertex 39.48236190979496 -9.431851652578137 -2.5
      vertex 39.23463313526982 -9.347759065022574 6
      vertex 39.48236190979496 -9.431851652578137 6
    endloop
  endfacet
  facet normal 0.19509032201612622 0.9807852804032309 0
    outer loop
      vertex 39.738947615559894 -9.48288972274762 -2.5
      vertex 39.48236190979496 -9.431851652578137 6
      vertex 39.738947615559894 -9.48288972274762 6
    endloop
  endfacet
  facet normal 0.06540312923014517 0.9978589232386034 0
    outer loop
      vertex 40 -9.5 -2.5
      vertex 39.738947615559894 -9.48288972274762 6
      vertex 40 -9.5 6
    endloop
  endfacet
  facet normal -0.06540312923014517 0.9978589232386034 0
    outer loop
      vertex 40.261052384440106 -9.48288972274762 -2.5
      vertex 40 -9.5 6
      vertex 40.261052384440106 -9.48288972274762 6
    endloop
  endfacet
  facet normal -0.19509032201612622 0.9807852804032309 0
    outer loop
      vertex 40.51763809020504 -9.431851652578137 -2.5
      vertex 40.261052384440106 -9.48288972274762 6
      vertex 40.51763809020504 -9.431851652578137 6
    endloop
  endfacet
  facet normal -0.32143946530315676 0.9469301294951072 0
    outer loop
      vertex 40.76536686473018 -9.347759065022574 -2.5
      vertex 40.51763809020504 -9.431851652578137 6
      vertex 40.76536686473018 -9.347759065022574 6
    endloop
  endfacet
  facet normal -0.4422886902190091 0.8968727415326844 0
    outer loop
      vertex 41 -9.232050807568877 -2.5
      vertex 40.76536686473018 -9.347759065022574 6
      vertex 41 -9.232050807568877 6
    endloop
  endfacet
  facet normal -0.5555702330196058 0.8314696123025429 0
    outer loop
      vertex 41.21752285801744 -9.08670668058247 -2.5
      vertex 41 -9.232050807568877 6
      vertex 41.21752285801744 -9.08670668058247 6
    endloop
  endfacet
  facet normal -0.6593458151000674 0.7518398074789787 0
    outer loop
      vertex 41.41421356237309 -8.914213562373096 -2.5
      vertex 41.21752285801744 -9.08670668058247 6
      vertex 41.41421356237309 -8.914213562373096 6
    endloop
  endfacet
  facet normal -0.7518398074789681 0.6593458151000793 0
    outer loop
      vertex 41.58670668058247 -8.71752285801744 -2.5
      vertex 41.41421356237309 -8.914213562373096 6
      vertex 41.58670668058247 -8.71752285801744 6
    endloop
  endfacet
  facet normal -0.8314696123025543 0.5555702330195885 0
    outer loop
      vertex 41.732050807568875 -8.5 -2.5
      vertex 41.58670668058247 -8.71752285801744 6
      vertex 41.732050807568875 -8.5 6
    endloop
  endfacet
  facet normal -0.8968727415326871 0.4422886902190038 0
    outer loop
      vertex 41.84775906502257 -8.26536686473018 -2.5
      vertex 41.732050807568875 -8.5 6
      vertex 41.84775906502257 -8.26536686473018 6
    endloop
  endfacet
  facet normal 0.9978589232386038 0.06540312923013908 0
    outer loop
      vertex 38.01711027725238 -7.761052384440103 -2.5
      vertex 38 -7.5 6
      vertex 38.01711027725238 -7.761052384440103 6
    endloop
  endfacet
  facet normal 0.9978589232386038 -0.06540312923013908 0
    outer loop
      vertex 38 -7.5 -2.5
      vertex 38.01711027725238 -7.238947615559897 6
      vertex 38 -7.5 6
    endloop
  endfacet
  facet normal 0.9807852804032314 -0.19509032201612295 0
    outer loop
      vertex 38.01711027725238 -7.238947615559897 -2.5
      vertex 38.06814834742186 -6.9823619097949585 6
      vertex 38.01711027725238 -7.238947615559897 6
    endloop
  endfacet
  facet normal 0.946930129495101 -0.32143946530317513 0
    outer loop
      vertex 38.06814834742186 -6.9823619097949585 -2.5
      vertex 38.15224093497743 -6.734633135269821 6
      vertex 38.06814834742186 -6.9823619097949585 6
    endloop
  endfacet
  facet normal 0.8968727415326871 -0.4422886902190038 0
    outer loop
      vertex 38.15224093497743 -6.734633135269821 -2.5
      vertex 38.267949192431125 -6.5 6
      vertex 38.15224093497743 -6.734633135269821 6
    endloop
  endfacet
  facet normal 0.8314696123025543 -0.5555702330195885 0
    outer loop
      vertex 38.267949192431125 -6.5 -2.5
      vertex 38.41329331941753 -6.282477141982559 6
      vertex 38.267949192431125 -6.5 6
    endloop
  endfacet
  facet normal 0.7518398074789666 -0.6593458151000811 0
    outer loop
      vertex 38.41329331941753 -6.282477141982559 -2.5
      vertex 38.58578643762691 -6.085786437626905 6
      vertex 38.41329331941753 -6.282477141982559 6
    endloop
  endfacet
  facet normal 0.6593458151000694 -0.751839807478977 0
    outer loop
      vertex 38.58578643762691 -6.085786437626905 -2.5
      vertex 38.78247714198256 -5.91329331941753 6
      vertex 38.58578643762691 -6.085786437626905 6
    endloop
  endfacet
  facet normal 0.5555702330196058 -0.8314696123025429 0
    outer loop
      vertex 38.78247714198256 -5.91329331941753 -2.5
      vertex 39 -5.767949192431123 6
      vertex 38.78247714198256 -5.91329331941753 6
    endloop
  endfacet
  facet normal 0.4422886902190091 -0.8968727415326844 0
    outer loop
      vertex 39 -5.767949192431123 -2.5
      vertex 39.23463313526982 -5.652240934977426 6
      vertex 39 -5.767949192431123 6
    endloop
  endfacet
  facet normal 0.3214394653031537 -0.9469301294951084 0
    outer loop
      vertex 39.23463313526982 -5.652240934977426 -2.5
      vertex 39.48236190979496 -5.568148347421864 6
      vertex 39.23463313526982 -5.652240934977426 6
    endloop
  endfacet
  facet normal 0.19509032201613274 -0.9807852804032295 0
    outer loop
      vertex 39.48236190979496 -5.568148347421864 -2.5
      vertex 39.738947615559894 -5.517110277252379 6
      vertex 39.48236190979496 -5.568148347421864 6
    endloop
  endfacet
  facet normal 0.06540312923014178 -0.9978589232386036 0
    outer loop
      vertex 39.738947615559894 -5.517110277252379 -2.5
      vertex 40 -5.5 6
      vertex 39.738947615559894 -5.517110277252379 6
    endloop
  endfacet
  facet normal -0.06540312923014178 -0.9978589232386036 0
    outer loop
      vertex 40 -5.5 -2.5
      vertex 40.261052384440106 -5.517110277252379 6
      vertex 40 -5.5 6
    endloop
  endfacet
  facet normal -0.19509032201613274 -0.9807852804032295 0
    outer loop
      vertex 40.261052384440106 -5.517110277252379 -2.5
      vertex 40.51763809020504 -5.568148347421864 6
      vertex 40.261052384440106 -5.517110277252379 6
    endloop
  endfacet
  facet normal -0.3214394653031537 -0.9469301294951084 0
    outer loop
      vertex 40.51763809020504 -5.568148347421864 -2.5
      vertex 40.76536686473018 -5.652240934977426 6
      vertex 40.51763809020504 -5.568148347421864 6
    endloop
  endfacet
  facet normal -0.8968727415326871 -0.4422886902190038 0
    outer loop
      vertex 41.732050807568875 -6.5 -2.5
      vertex 41.84775906502257 -6.734633135269821 6
      vertex 41.732050807568875 -6.5 6
    endloop
  endfacet
  facet normal -0.6593458151000694 -0.751839807478977 0
    outer loop
      vertex 41.21752285801744 -5.91329331941753 -2.5
      vertex 41.41421356237309 -6.085786437626905 6
      vertex 41.21752285801744 -5.91329331941753 6
    endloop
  endfacet
  facet normal -0.4422886902190091 -0.8968727415326844 0
    outer loop
      vertex 40.76536686473018 -5.652240934977426 -2.5
      vertex 41 -5.767949192431123 6
      vertex 40.76536686473018 -5.652240934977426 6
    endloop
  endfacet
  facet normal -0.5555702330196058 -0.8314696123025429 0
    outer loop
      vertex 41 -5.767949192431123 -2.5
      vertex 41.21752285801744 -5.91329331941753 6
      vertex 41 -5.767949192431123 6
    endloop
  endfacet
  facet normal -0.7518398074789666 -0.6593458151000811 0
    outer loop
      vertex 41.41421356237309 -6.085786437626905 -2.5
      vertex 41.58670668058247 -6.282477141982559 6
      vertex 41.41421356237309 -6.085786437626905 6
    endloop
  endfacet
  facet normal -0.8314696123025543 -0.5555702330195885 0
    outer loop
      vertex 41.58670668058247 -6.282477141982559 -2.5
      vertex 41.732050807568875 -6.5 6
      vertex 41.58670668058247 -6.282477141982559 6
    endloop
  endfacet
  facet normal -0.946930129495101 0.32143946530317513 0
    outer loop
      vertex 41.93185165257814 -8.017638090205041 -2.5
      vertex 41.84775906502257 -8.26536686473018 6
      vertex 41.93185165257814 -8.017638090205041 6
    endloop
  endfacet
  facet normal -0.9807852804032314 0.19509032201612295 0
    outer loop
      vertex 41.98288972274762 -7.761052384440103 -2.5
      vertex 41.93185165257814 -8.017638090205041 6
      vertex 41.98288972274762 -7.761052384440103 6
    endloop
  endfacet
  facet normal -0.9978589232386038 0.06540312923013908 0
    outer loop
      vertex 42 -7.5 -2.5
      vertex 41.98288972274762 -7.761052384440103 6
      vertex 42 -7.5 6
    endloop
  endfacet
  facet normal -0.9978589232386038 -0.06540312923013908 0
    outer loop
      vertex 41.98288972274762 -7.238947615559897 -2.5
      vertex 42 -7.5 6
      vertex 41.98288972274762 -7.238947615559897 6
    endloop
  endfacet
  facet normal -0.9807852804032314 -0.19509032201612295 0
    outer loop
      vertex 41.93185165257814 -6.9823619097949585 -2.5
      vertex 41.98288972274762 -7.238947615559897 6
      vertex 41.93185165257814 -6.9823619097949585 6
    endloop
  endfacet
  facet normal -0.946930129495101 -0.32143946530317513 0
    outer loop
      vertex 41.84775906502257 -6.734633135269821 -2.5
      vertex 41.93185165257814 -6.9823619097949585 6
      vertex 41.84775906502257 -6.734633135269821 6
    endloop
  endfacet
  facet normal 0 0 -1
    outer loop
      vertex 20 -12.5 -2.5
      vertex 20 -2.5 -2.5
      vertex 24.068148347421864 -8.017638090205041 -2.5
    endloop
  endfacet
  facet normal 0 0 -1
    outer loop
      vertex 20 -12.5 -2.5
      vertex 24.585786437626904 -8.914213562373096 -2.5
      vertex 24.782477141982557 -9.08670668058247 -2.5
    endloop
  endfacet
  facet normal 0 0 -1
    outer loop
      vertex 20 -12.5 -2.5
      vertex 24.782477141982557 -9.08670668058247 -2.5
      vertex 25 -9.232050807568877 -2.5
    endloop
  endfacet
  facet normal 0 0 -1
    outer loop
      vertex 20 -12.5 -2.5
      vertex 25 -9.232050807568877 -2.5
      vertex 25.23463313526982 -9.347759065022574 -2.5
    endloop
  endfacet
  facet normal 0 0 -1
    outer loop
      vertex 20 -12.5 -2.5
      vertex 25.23463313526982 -9.347759065022574 -2.5
      vertex 25.48236190979496 -9.431851652578137 -2.5
    endloop
  endfacet
  facet normal 0 0 -1
    outer loop
      vertex 20 -12.5 -2.5
      vertex 24.26794919243112 -8.5 -2.5
      vertex 24.41329331941753 -8.71752285801744 -2.5
    endloop
  endfacet
  facet normal 0 0 -1
    outer loop
      vertex 20 -12.5 -2.5
      vertex 24.152240934977428 -8.26536686473018 -2.5
      vertex 24.26794919243112 -8.5 -2.5
    endloop
  endfacet
  facet normal 0 0 -1
    outer loop
      vertex 20 -12.5 -2.5
      vertex 24.068148347421864 -8.017638090205041 -2.5
      vertex 24.152240934977428 -8.26536686473018 -2.5
    endloop
  endfacet
  facet normal 0 0 -1
    outer loop
      vertex 20 -12.5 -2.5
      vertex 24.41329331941753 -8.71752285801744 -2.5
      vertex 24.585786437626904 -8.914213562373096 -2.5
    endloop
  endfacet
  facet normal 0 0 -1
    outer loop
      vertex 20 -12.5 -2.5
      vertex 25.48236190979496 -9.431851652578137 -2.5
      vertex 25.738947615559898 -9.48288972274762 -2.5
    endloop
  endfacet
  facet normal 0 0 -1
    outer loop
      vertex 20 -12.5 -2.5
      vertex 25.738947615559898 -9.48288972274762 -2.5
      vertex 26 -9.5 -2.5
    endloop
  endfacet
  facet normal 0 0 -1
    outer loop
      vertex 20 -12.5 -2.5
      vertex 26 -9.5 -2.5
      vertex 26.261052384440102 -9.48288972274762 -2.5
    endloop
  endfacet
  facet normal 0 0 -1
    outer loop
      vertex 20 -12.5 -2.5
      vertex 26.261052384440102 -9.48288972274762 -2.5
      vertex 26.51763809020504 -9.431851652578137 -2.5
    endloop
  endfacet
  facet normal 0 0 -1
    outer loop
      vertex 21.268499619729603 -2.5 -2.5
      vertex 24.017110277252378 -7.761052384440103 -2.5
      vertex 24.068148347421864 -8.017638090205041 -2.5
    endloop
  endfacet
  facet normal 0 0 -1
    outer loop
      vertex 21.268499619729603 -2.5 -2.5
      vertex 24 -7.5 -2.5
      vertex 24.017110277252378 -7.761052384440103 -2.5
    endloop
  endfacet
  facet normal 0 0 -1
    outer loop
      vertex 21.268499619729603 -2.5 -2.5
      vertex 24.017110277252378 -7.238947615559897 -2.5
      vertex 24 -7.5 -2.5
    endloop
  endfacet
  facet normal 0 0 -1
    outer loop
      vertex 21.268499619729603 -2.5 -2.5
      vertex 24.068148347421864 -6.9823619097949585 -2.5
      vertex 24.017110277252378 -7.238947615559897 -2.5
    endloop
  endfacet
  facet normal 0 0 -1
    outer loop
      vertex 21.268499619729603 -2.5 -2.5
      vertex 24.152240934977428 -6.734633135269821 -2.5
      vertex 24.068148347421864 -6.9823619097949585 -2.5
    endloop
  endfacet
  facet normal 0 0 -1
    outer loop
      vertex 20 -2.5 -2.5
      vertex 21.268499619729603 -2.5 -2.5
      vertex 24.068148347421864 -8.017638090205041 -2.5
    endloop
  endfacet
  facet normal 0 0 -1
    outer loop
      vertex 21.268499619729603 -2.5 -2.5
      vertex 24.26794919243112 -6.5 -2.5
      vertex 24.152240934977428 -6.734633135269821 -2.5
    endloop
  endfacet
  facet normal 0 0 -1
    outer loop
      vertex 21.268499619729603 -2.5 -2.5
      vertex 24.41329331941753 -6.282477141982559 -2.5
      vertex 24.26794919243112 -6.5 -2.5
    endloop
  endfacet
  facet normal 0 0 -1
    outer loop
      vertex 21.268499619729603 -2.5 -2.5
      vertex 24.585786437626904 -6.085786437626905 -2.5
      vertex 24.41329331941753 -6.282477141982559 -2.5
    endloop
  endfacet
  facet normal 0 0 -1
    outer loop
      vertex 21.268499619729603 -2.5 -2.5
      vertex 24.782477141982557 -5.91329331941753 -2.5
      vertex 24.585786437626904 -6.085786437626905 -2.5
    endloop
  endfacet
  facet normal 0 0 -1
    outer loop
      vertex 21.268499619729603 -2.5 -2.5
      vertex 25 -5.767949192431123 -2.5
      vertex 24.782477141982557 -5.91329331941753 -2.5
    endloop
  endfacet
  facet normal 0 0 -1
    outer loop
      vertex 21.268499619729603 -2.5 -2.5
      vertex 25.23463313526982 -5.652240934977426 -2.5
      vertex 25 -5.767949192431123 -2.5
    endloop
  endfacet
  facet normal 0 0 -1
    outer loop
      vertex 21.268499619729603 -2.5 -2.5
      vertex 25.48236190979496 -5.568148347421864 -2.5
      vertex 25.23463313526982 -5.652240934977426 -2.5
    endloop
  endfacet
  facet normal 0 0 -1
    outer loop
      vertex 20 -12.5 -2.5
      vertex 26.51763809020504 -9.431851652578137 -2.5
      vertex 40 -9.5 -2.5
    endloop
  endfacet
  facet normal 0 0 -1
    outer loop
      vertex 21.268499619729603 -2.5 -2.5
      vertex 40.78759783250047 -2.5 -2.5
      vertex 25.48236190979496 -5.568148347421864 -2.5
    endloop
  endfacet
  facet normal -1 0 0
    outer loop
      vertex 20 -12.5 -2.5
      vertex 20 -12.5 6
      vertex 20 -2.5 -2.5
    endloop
  endfacet
  facet normal -1 0 0
    outer loop
      vertex 20 -2.5 -2.5
      vertex 20 -12.5 6
      vertex 20 -2.5 6
    endloop
  endfacet
  facet normal 0 -1 0
    outer loop
      vertex 20 -12.5 -2.5
      vertex 46 -12.5 6
      vertex 20 -12.5 6
    endloop
  endfacet
  facet normal 0 0 -1
    outer loop
      vertex 26.51763809020504 -9.431851652578137 -2.5
      vertex 26.76536686473018 -9.347759065022574 -2.5
      vertex 39.48236190979496 -9.431851652578137 -2.5
    endloop
  endfacet
  facet normal 0 0 -1
    outer loop
      vertex 26.76536686473018 -9.347759065022574 -2.5
      vertex 27 -9.232050807568877 -2.5
      vertex 39.23463313526982 -9.347759065022574 -2.5
    endloop
  endfacet
  facet normal 0 0 -1
    outer loop
      vertex 27 -9.232050807568877 -2.5
      vertex 27.217522858017443 -9.08670668058247 -2.5
      vertex 39 -9.232050807568877 -2.5
    endloop
  endfacet
  facet normal 0 0 -1
    outer loop
      vertex 27.217522858017443 -9.08670668058247 -2.5
      vertex 27.414213562373096 -8.914213562373096 -2.5
      vertex 38.78247714198256 -9.08670668058247 -2.5
    endloop
  endfacet
  facet normal 0 0 -1
    outer loop
      vertex 25.48236190979496 -5.568148347421864 -2.5
      vertex 40.78759783250047 -2.5 -2.5
      vertex 25.738947615559898 -5.517110277252379 -2.5
    endloop
  endfacet
  facet normal 0 0 -1
    outer loop
      vertex 25.738947615559898 -5.517110277252379 -2.5
      vertex 40.78759783250047 -2.5 -2.5
      vertex 26 -5.5 -2.5
    endloop
  endfacet
  facet normal 0 0 -1
    outer loop
      vertex 26 -5.5 -2.5
      vertex 40.78759783250047 -2.5 -2.5
      vertex 26.261052384440102 -5.517110277252379 -2.5
    endloop
  endfacet
  facet normal 0 0 -1
    outer loop
      vertex 26.261052384440102 -5.517110277252379 -2.5
      vertex 40.78759783250047 -2.5 -2.5
      vertex 26.51763809020504 -5.568148347421864 -2.5
    endloop
  endfacet
  facet normal 0 0 -1
    outer loop
      vertex 26.51763809020504 -5.568148347421864 -2.5
      vertex 40.78759783250047 -2.5 -2.5
      vertex 26.76536686473018 -5.652240934977426 -2.5
    endloop
  endfacet
  facet normal 0 0 -1
    outer loop
      vertex 26.76536686473018 -5.652240934977426 -2.5
      vertex 40.78759783250047 -2.5 -2.5
      vertex 27 -5.767949192431123 -2.5
    endloop
  endfacet
  facet normal 0 0 -1
    outer loop
      vertex 27 -5.767949192431123 -2.5
      vertex 40.78759783250047 -2.5 -2.5
      vertex 27.217522858017443 -5.91329331941753 -2.5
    endloop
  endfacet
  facet normal 0 0 -1
    outer loop
      vertex 27.414213562373096 -8.914213562373096 -2.5
      vertex 27.58670668058247 -8.71752285801744 -2.5
      vertex 40.78759783250047 -2.5 -2.5
    endloop
  endfacet
  facet normal 0 0 -1
    outer loop
      vertex 27.58670668058247 -8.71752285801744 -2.5
      vertex 27.73205080756888 -8.5 -2.5
      vertex 40.78759783250047 -2.5 -2.5
    endloop
  endfacet
  facet normal 0 0 -1
    outer loop
      vertex 27.73205080756888 -8.5 -2.5
      vertex 27.847759065022572 -8.26536686473018 -2.5
      vertex 40.78759783250047 -2.5 -2.5
    endloop
  endfacet
  facet normal 0 0 -1
    outer loop
      vertex 27.847759065022572 -8.26536686473018 -2.5
      vertex 27.931851652578136 -8.017638090205041 -2.5
      vertex 40.78759783250047 -2.5 -2.5
    endloop
  endfacet
  facet normal 0 0 -1
    outer loop
      vertex 27.931851652578136 -8.017638090205041 -2.5
      vertex 27.982889722747622 -7.761052384440103 -2.5
      vertex 40.78759783250047 -2.5 -2.5
    endloop
  endfacet
  facet normal 0 0 -1
    outer loop
      vertex 27.982889722747622 -7.761052384440103 -2.5
      vertex 28 -7.5 -2.5
      vertex 40.78759783250047 -2.5 -2.5
    endloop
  endfacet
  facet normal 0 0 -1
    outer loop
      vertex 27.982889722747622 -7.238947615559897 -2.5
      vertex 40.78759783250047 -2.5 -2.5
      vertex 28 -7.5 -2.5
    endloop
  endfacet
  facet normal 0 0 -1
    outer loop
      vertex 27.982889722747622 -7.238947615559897 -2.5
      vertex 27.931851652578136 -6.9823619097949585 -2.5
      vertex 40.78759783250047 -2.5 -2.5
    endloop
  endfacet
  facet normal 0 0 -1
    outer loop
      vertex 27.931851652578136 -6.9823619097949585 -2.5
      vertex 27.847759065022572 -6.734633135269821 -2.5
      vertex 40.78759783250047 -2.5 -2.5
    endloop
  endfacet
  facet normal 0 0 -1
    outer loop
      vertex 27.217522858017443 -5.91329331941753 -2.5
      vertex 40.78759783250047 -2.5 -2.5
      vertex 27.414213562373096 -6.085786437626905 -2.5
    endloop
  endfacet
  facet normal 0 0 -1
    outer loop
      vertex 27.414213562373096 -6.085786437626905 -2.5
      vertex 40.78759783250047 -2.5 -2.5
      vertex 27.58670668058247 -6.282477141982559 -2.5
    endloop
  endfacet
  facet normal 0 0 -1
    outer loop
      vertex 27.73205080756888 -6.5 -2.5
      vertex 40.78759783250047 -2.5 -2.5
      vertex 27.847759065022572 -6.734633135269821 -2.5
    endloop
  endfacet
  facet normal 0 0 -1
    outer loop
      vertex 27.58670668058247 -6.282477141982559 -2.5
      vertex 40.78759783250047 -2.5 -2.5
      vertex 27.73205080756888 -6.5 -2.5
    endloop
  endfacet
  facet normal 0 0 -1
    outer loop
      vertex 20 -12.5 -2.5
      vertex 40 -9.5 -2.5
      vertex 46 -12.5 -2.5
    endloop
  endfacet
  facet normal 0 0 -1
    outer loop
      vertex 27.414213562373096 -8.914213562373096 -2.5
      vertex 38.267949192431125 -8.5 -2.5
      vertex 38.41329331941753 -8.71752285801744 -2.5
    endloop
  endfacet
  facet normal 0 0 -1
    outer loop
      vertex 27.414213562373096 -8.914213562373096 -2.5
      vertex 38.15224093497743 -8.26536686473018 -2.5
      vertex 38.267949192431125 -8.5 -2.5
    endloop
  endfacet
  facet normal 0 0 -1
    outer loop
      vertex 27.414213562373096 -8.914213562373096 -2.5
      vertex 38.06814834742186 -8.017638090205041 -2.5
      vertex 38.15224093497743 -8.26536686473018 -2.5
    endloop
  endfacet
  facet normal 0 0 -1
    outer loop
      vertex 27.414213562373096 -8.914213562373096 -2.5
      vertex 38.01711027725238 -7.761052384440103 -2.5
      vertex 38.06814834742186 -8.017638090205041 -2.5
    endloop
  endfacet
  facet normal 0 0 -1
    outer loop
      vertex 27.414213562373096 -8.914213562373096 -2.5
      vertex 38 -7.5 -2.5
      vertex 38.01711027725238 -7.761052384440103 -2.5
    endloop
  endfacet
  facet normal 0 0 -1
    outer loop
      vertex 27.414213562373096 -8.914213562373096 -2.5
      vertex 38.01711027725238 -7.238947615559897 -2.5
      vertex 38 -7.5 -2.5
    endloop
  endfacet
  facet normal 0 0 -1
    outer loop
      vertex 27.217522858017443 -9.08670668058247 -2.5
      vertex 38.78247714198256 -9.08670668058247 -2.5
      vertex 39 -9.232050807568877 -2.5
    endloop
  endfacet
  facet normal 0 0 -1
    outer loop
      vertex 27.414213562373096 -8.914213562373096 -2.5
      vertex 38.58578643762691 -8.914213562373096 -2.5
      vertex 38.78247714198256 -9.08670668058247 -2.5
    endloop
  endfacet
  facet normal 0 0 -1
    outer loop
      vertex 26.76536686473018 -9.347759065022574 -2.5
      vertex 39.23463313526982 -9.347759065022574 -2.5
      vertex 39.48236190979496 -9.431851652578137 -2.5
    endloop
  endfacet
  facet normal 0 0 -1
    outer loop
      vertex 27 -9.232050807568877 -2.5
      vertex 39 -9.232050807568877 -2.5
      vertex 39.23463313526982 -9.347759065022574 -2.5
    endloop
  endfacet
  facet normal 0 0 -1
    outer loop
      vertex 26.51763809020504 -9.431851652578137 -2.5
      vertex 39.48236190979496 -9.431851652578137 -2.5
      vertex 39.738947615559894 -9.48288972274762 -2.5
    endloop
  endfacet
  facet normal 0 0 -1
    outer loop
      vertex 26.51763809020504 -9.431851652578137 -2.5
      vertex 39.738947615559894 -9.48288972274762 -2.5
      vertex 40 -9.5 -2.5
    endloop
  endfacet
  facet normal 0 0 -1
    outer loop
      vertex 27.414213562373096 -8.914213562373096 -2.5
      vertex 38.41329331941753 -8.71752285801744 -2.5
      vertex 38.58578643762691 -8.914213562373096 -2.5
    endloop
  endfacet
  facet normal 0 0 -1
    outer loop
      vertex 27.414213562373096 -8.914213562373096 -2.5
      vertex 38.06814834742186 -6.9823619097949585 -2.5
      vertex 38.01711027725238 -7.238947615559897 -2.5
    endloop
  endfacet
  facet normal 0 0 -1
    outer loop
      vertex 27.414213562373096 -8.914213562373096 -2.5
      vertex 38.15224093497743 -6.734633135269821 -2.5
      vertex 38.06814834742186 -6.9823619097949585 -2.5
    endloop
  endfacet
  facet normal 0 0 -1
    outer loop
      vertex 27.414213562373096 -8.914213562373096 -2.5
      vertex 38.267949192431125 -6.5 -2.5
      vertex 38.15224093497743 -6.734633135269821 -2.5
    endloop
  endfacet
  facet normal 0 0 -1
    outer loop
      vertex 27.414213562373096 -8.914213562373096 -2.5
      vertex 38.41329331941753 -6.282477141982559 -2.5
      vertex 38.267949192431125 -6.5 -2.5
    endloop
  endfacet
  facet normal 0 0 -1
    outer loop
      vertex 27.414213562373096 -8.914213562373096 -2.5
      vertex 38.58578643762691 -6.085786437626905 -2.5
      vertex 38.41329331941753 -6.282477141982559 -2.5
    endloop
  endfacet
  facet normal 0 0 -1
    outer loop
      vertex 27.414213562373096 -8.914213562373096 -2.5
      vertex 38.78247714198256 -5.91329331941753 -2.5
      vertex 38.58578643762691 -6.085786437626905 -2.5
    endloop
  endfacet
  facet normal 0 0 -1
    outer loop
      vertex 27.414213562373096 -8.914213562373096 -2.5
      vertex 40.78759783250047 -2.5 -2.5
      vertex 38.78247714198256 -5.91329331941753 -2.5
    endloop
  endfacet
  facet normal 0 0 -1
    outer loop
      vertex 38.78247714198256 -5.91329331941753 -2.5
      vertex 40.78759783250047 -2.5 -2.5
      vertex 39 -5.767949192431123 -2.5
    endloop
  endfacet
  facet normal 0 0 -1
    outer loop
      vertex 39 -5.767949192431123 -2.5
      vertex 40.78759783250047 -2.5 -2.5
      vertex 39.23463313526982 -5.652240934977426 -2.5
    endloop
  endfacet
  facet normal 0 0 -1
    outer loop
      vertex 39.23463313526982 -5.652240934977426 -2.5
      vertex 40.78759783250047 -2.5 -2.5
      vertex 39.48236190979496 -5.568148347421864 -2.5
    endloop
  endfacet
  facet normal 0 0 -1
    outer loop
      vertex 39.48236190979496 -5.568148347421864 -2.5
      vertex 40.78759783250047 -2.5 -2.5
      vertex 39.738947615559894 -5.517110277252379 -2.5
    endloop
  endfacet
  facet normal 0 0 -1
    outer loop
      vertex 39.738947615559894 -5.517110277252379 -2.5
      vertex 40.78759783250047 -2.5 -2.5
      vertex 40 -5.5 -2.5
    endloop
  endfacet
  facet normal 0 0 -1
    outer loop
      vertex 40 -5.5 -2.5
      vertex 40.78759783250047 -2.5 -2.5
      vertex 40.261052384440106 -5.517110277252379 -2.5
    endloop
  endfacet
  facet normal 0 0 -1
    outer loop
      vertex 40.261052384440106 -5.517110277252379 -2.5
      vertex 40.78759783250047 -2.5 -2.5
      vertex 40.51763809020504 -5.568148347421864 -2.5
    endloop
  endfacet
  facet normal 0 0 -1
    outer loop
      vertex 40.51763809020504 -5.568148347421864 -2.5
      vertex 40.78759783250047 -2.5 -2.5
      vertex 40.76536686473018 -5.652240934977426 -2.5
    endloop
  endfacet
  facet normal 0 0 -1
    outer loop
      vertex 40.76536686473018 -5.652240934977426 -2.5
      vertex 40.78759783250047 -2.5 -2.5
      vertex 41 -5.767949192431123 -2.5
    endloop
  endfacet
  facet normal 0 0 -1
    outer loop
      vertex 41 -5.767949192431123 -2.5
      vertex 40.78759783250047 -2.5 -2.5
      vertex 41.21752285801744 -5.91329331941753 -2.5
    endloop
  endfacet
  facet normal 0 0 -1
    outer loop
      vertex 40 -9.5 -2.5
      vertex 40.261052384440106 -9.48288972274762 -2.5
      vertex 46 -12.5 -2.5
    endloop
  endfacet
  facet normal 0 0 -1
    outer loop
      vertex 40.261052384440106 -9.48288972274762 -2.5
      vertex 40.51763809020504 -9.431851652578137 -2.5
      vertex 46 -12.5 -2.5
    endloop
  endfacet
  facet normal 0 0 -1
    outer loop
      vertex 40.51763809020504 -9.431851652578137 -2.5
      vertex 40.76536686473018 -9.347759065022574 -2.5
      vertex 46 -12.5 -2.5
    endloop
  endfacet
  facet normal 0 0 -1
    outer loop
      vertex 40.76536686473018 -9.347759065022574 -2.5
      vertex 41 -9.232050807568877 -2.5
      vertex 46 -12.5 -2.5
    endloop
  endfacet
  facet normal 0 0 -1
    outer loop
      vertex 41 -9.232050807568877 -2.5
      vertex 41.21752285801744 -9.08670668058247 -2.5
      vertex 46 -12.5 -2.5
    endloop
  endfacet
  facet normal 0 0 -1
    outer loop
      vertex 41.21752285801744 -9.08670668058247 -2.5
      vertex 41.41421356237309 -8.914213562373096 -2.5
      vertex 46 -12.5 -2.5
    endloop
  endfacet
  facet normal 0 0 -1
    outer loop
      vertex 41.41421356237309 -8.914213562373096 -2.5
      vertex 41.58670668058247 -8.71752285801744 -2.5
      vertex 46 -12.5 -2.5
    endloop
  endfacet
  facet normal 0 0 -1
    outer loop
      vertex 41.58670668058247 -8.71752285801744 -2.5
      vertex 41.732050807568875 -8.5 -2.5
      vertex 46 -12.5 -2.5
    endloop
  endfacet
  facet normal 0 0 -1
    outer loop
      vertex 41.732050807568875 -8.5 -2.5
      vertex 41.84775906502257 -8.26536686473018 -2.5
      vertex 46 -12.5 -2.5
    endloop
  endfacet
  facet normal 0 0 -1
    outer loop
      vertex 41.84775906502257 -8.26536686473018 -2.5
      vertex 41.93185165257814 -8.017638090205041 -2.5
      vertex 46 -12.5 -2.5
    endloop
  endfacet
  facet normal 0 0 -1
    outer loop
      vertex 41.93185165257814 -8.017638090205041 -2.5
      vertex 41.98288972274762 -7.761052384440103 -2.5
      vertex 46 -12.5 -2.5
    endloop
  endfacet
  facet normal 0 0 -1
    outer loop
      vertex 41.98288972274762 -7.761052384440103 -2.5
      vertex 42 -7.5 -2.5
      vertex 46 -12.5 -2.5
    endloop
  endfacet
  facet normal 0 0 -1
    outer loop
      vertex 42 -7.5 -2.5
      vertex 41.98288972274762 -7.238947615559897 -2.5
      vertex 46 -12.5 -2.5
    endloop
  endfacet
  facet normal 0 0 -1
    outer loop
      vertex 41.98288972274762 -7.238947615559897 -2.5
      vertex 41.93185165257814 -6.9823619097949585 -2.5
      vertex 46 -12.5 -2.5
    endloop
  endfacet
  facet normal 0 0 -1
    outer loop
      vertex 41.93185165257814 -6.9823619097949585 -2.5
      vertex 41.84775906502257 -6.734633135269821 -2.5
      vertex 46 -12.5 -2.5
    endloop
  endfacet
  facet normal 0 0 -1
    outer loop
      vertex 41.21752285801744 -5.91329331941753 -2.5
      vertex 40.78759783250047 -2.5 -2.5
      vertex 46 -2.5 -2.5
    endloop
  endfacet
  facet normal 0 0 -1
    outer loop
      vertex 41.21752285801744 -5.91329331941753 -2.5
      vertex 46 -2.5 -2.5
      vertex 41.41421356237309 -6.085786437626905 -2.5
    endloop
  endfacet
  facet normal 0 0 -1
    outer loop
      vertex 41.58670668058247 -6.282477141982559 -2.5
      vertex 41.41421356237309 -6.085786437626905 -2.5
      vertex 46 -2.5 -2.5
    endloop
  endfacet
  facet normal 0 0 -1
    outer loop
      vertex 41.732050807568875 -6.5 -2.5
      vertex 46 -2.5 -2.5
      vertex 41.84775906502257 -6.734633135269821 -2.5
    endloop
  endfacet
  facet normal 0 0 -1
    outer loop
      vertex 41.58670668058247 -6.282477141982559 -2.5
      vertex 46 -2.5 -2.5
      vertex 41.732050807568875 -6.5 -2.5
    endloop
  endfacet
  facet normal 0 0 -1
    outer loop
      vertex 41.84775906502257 -6.734633135269821 -2.5
      vertex 46 -2.5 -2.5
      vertex 46 -12.5 -2.5
    endloop
  endfacet
  facet normal 0 -1 0
    outer loop
      vertex 20 -12.5 -2.5
      vertex 46 -12.5 -2.5
      vertex 46 -12.5 6
    endloop
  endfacet
  facet normal 1 0 0
    outer loop
      vertex 46 -12.5 -2.5
      vertex 46 -2.5 -2.5
      vertex 46 -2.5 6
    endloop
  endfacet
  facet normal 1 0 0
    outer loop
      vertex 46 -12.5 -2.5
      vertex 46 -2.5 6
      vertex 46 -12.5 6
    endloop
  endfacet
  facet normal 0 0 1
    outer loop
      vertex 20 -12.5 6
      vertex 24.152240934977428 -6.734633135269821 6
      vertex 20 -2.5 6
    endloop
  endfacet
  facet normal 0 0 1
    outer loop
      vertex 20 -12.5 6
      vertex 24.782477141982557 -9.08670668058247 6
      vertex 24.585786437626904 -8.914213562373096 6
    endloop
  endfacet
  facet normal 0 0 1
    outer loop
      vertex 20 -12.5 6
      vertex 25 -9.232050807568877 6
      vertex 24.782477141982557 -9.08670668058247 6
    endloop
  endfacet
  facet normal 0 0 1
    outer loop
      vertex 20 -12.5 6
      vertex 25.23463313526982 -9.347759065022574 6
      vertex 25 -9.232050807568877 6
    endloop
  endfacet
  facet normal 0 0 1
    outer loop
      vertex 20 -12.5 6
      vertex 25.48236190979496 -9.431851652578137 6
      vertex 25.23463313526982 -9.347759065022574 6
    endloop
  endfacet
  facet normal 0 0 1
    outer loop
      vertex 20 -12.5 6
      vertex 24.068148347421864 -8.017638090205041 6
      vertex 24.017110277252378 -7.761052384440103 6
    endloop
  endfacet
  facet normal 0 0 1
    outer loop
      vertex 20 -12.5 6
      vertex 24.017110277252378 -7.761052384440103 6
      vertex 24 -7.5 6
    endloop
  endfacet
  facet normal 0 0 1
    outer loop
      vertex 20 -12.5 6
      vertex 24 -7.5 6
      vertex 24.017110277252378 -7.238947615559897 6
    endloop
  endfacet
  facet normal 0 0 1
    outer loop
      vertex 20 -12.5 6
      vertex 24.017110277252378 -7.238947615559897 6
      vertex 24.068148347421864 -6.9823619097949585 6
    endloop
  endfacet
  facet normal 0 0 1
    outer loop
      vertex 20 -12.5 6
      vertex 24.41329331941753 -8.71752285801744 6
      vertex 24.26794919243112 -8.5 6
    endloop
  endfacet
  facet normal 0 0 1
    outer loop
      vertex 20 -12.5 6
      vertex 24.26794919243112 -8.5 6
      vertex 24.152240934977428 -8.26536686473018 6
    endloop
  endfacet
  facet normal 0 0 1
    outer loop
      vertex 20 -12.5 6
      vertex 24.152240934977428 -8.26536686473018 6
      vertex 24.068148347421864 -8.017638090205041 6
    endloop
  endfacet
  facet normal 0 0 1
    outer loop
      vertex 20 -12.5 6
      vertex 24.585786437626904 -8.914213562373096 6
      vertex 24.41329331941753 -8.71752285801744 6
    endloop
  endfacet
  facet normal 0 0 1
    outer loop
      vertex 20 -12.5 6
      vertex 24.068148347421864 -6.9823619097949585 6
      vertex 24.152240934977428 -6.734633135269821 6
    endloop
  endfacet
  facet normal 0 0 1
    outer loop
      vertex 20 -12.5 6
      vertex 25.738947615559898 -9.48288972274762 6
      vertex 25.48236190979496 -9.431851652578137 6
    endloop
  endfacet
  facet normal 0 0 1
    outer loop
      vertex 20 -12.5 6
      vertex 26 -9.5 6
      vertex 25.738947615559898 -9.48288972274762 6
    endloop
  endfacet
  facet normal 0 0 1
    outer loop
      vertex 20 -2.5 6
      vertex 24.152240934977428 -6.734633135269821 6
      vertex 24.26794919243112 -6.5 6
    endloop
  endfacet
  facet normal 0 0 1
    outer loop
      vertex 20 -2.5 6
      vertex 24.26794919243112 -6.5 6
      vertex 24.41329331941753 -6.282477141982559 6
    endloop
  endfacet
  facet normal 0 0 1
    outer loop
      vertex 20 -2.5 6
      vertex 24.41329331941753 -6.282477141982559 6
      vertex 24.585786437626904 -6.085786437626905 6
    endloop
  endfacet
  facet normal 0 0 1
    outer loop
      vertex 20 -2.5 6
      vertex 24.585786437626904 -6.085786437626905 6
      vertex 24.782477141982557 -5.91329331941753 6
    endloop
  endfacet
  facet normal 0 0 1
    outer loop
      vertex 20 -2.5 6
      vertex 24.782477141982557 -5.91329331941753 6
      vertex 25 -5.767949192431123 6
    endloop
  endfacet
  facet normal 0 0 1
    outer loop
      vertex 20 -2.5 6
      vertex 25 -5.767949192431123 6
      vertex 25.23463313526982 -5.652240934977426 6
    endloop
  endfacet
  facet normal 0 0 1
    outer loop
      vertex 20 -2.5 6
      vertex 25.23463313526982 -5.652240934977426 6
      vertex 25.48236190979496 -5.568148347421864 6
    endloop
  endfacet
  facet normal 0 0 1
    outer loop
      vertex 20 -2.5 6
      vertex 25.48236190979496 -5.568148347421864 6
      vertex 25.738947615559898 -5.517110277252379 6
    endloop
  endfacet
  facet normal 0 0 1
    outer loop
      vertex 20 -2.5 6
      vertex 25.738947615559898 -5.517110277252379 6
      vertex 26 -5.5 6
    endloop
  endfacet
  facet normal 0 0 1
    outer loop
      vertex 20 -2.5 6
      vertex 26 -5.5 6
      vertex 26.261052384440102 -5.517110277252379 6
    endloop
  endfacet
  facet normal 0 0 1
    outer loop
      vertex 20 -2.5 6
      vertex 26.261052384440102 -5.517110277252379 6
      vertex 26.51763809020504 -5.568148347421864 6
    endloop
  endfacet
  facet normal 0 0 1
    outer loop
      vertex 20 -2.5 6
      vertex 26.51763809020504 -5.568148347421864 6
      vertex 26.76536686473018 -5.652240934977426 6
    endloop
  endfacet
  facet normal 0 0 1
    outer loop
      vertex 20 -2.5 6
      vertex 26.76536686473018 -5.652240934977426 6
      vertex 29.212056149556886 -2.5 6
    endloop
  endfacet
  facet normal 0 0 1
    outer loop
      vertex 26.76536686473018 -5.652240934977426 6
      vertex 27 -5.767949192431123 6
      vertex 29.212056149556886 -2.5 6
    endloop
  endfacet
  facet normal 0 0 1
    outer loop
      vertex 27 -5.767949192431123 6
      vertex 27.217522858017443 -5.91329331941753 6
      vertex 29.212056149556886 -2.5 6
    endloop
  endfacet
  facet normal 0 0 1
    outer loop
      vertex 20 -12.5 6
      vertex 46 -12.5 6
      vertex 26 -9.5 6
    endloop
  endfacet
  facet normal 0 0 1
    outer loop
      vertex 26 -9.5 6
      vertex 39.48236190979496 -9.431851652578137 6
      vertex 26.261052384440102 -9.48288972274762 6
    endloop
  endfacet
  facet normal 0 0 1
    outer loop
      vertex 26.261052384440102 -9.48288972274762 6
      vertex 39.48236190979496 -9.431851652578137 6
      vertex 26.51763809020504 -9.431851652578137 6
    endloop
  endfacet
  facet normal 0 0 1
    outer loop
      vertex 26.51763809020504 -9.431851652578137 6
      vertex 39.23463313526982 -9.347759065022574 6
      vertex 26.76536686473018 -9.347759065022574 6
    endloop
  endfacet
  facet normal 0 0 1
    outer loop
      vertex 26.76536686473018 -9.347759065022574 6
      vertex 39 -9.232050807568877 6
      vertex 27 -9.232050807568877 6
    endloop
  endfacet
  facet normal 0 0 1
    outer loop
      vertex 27 -9.232050807568877 6
      vertex 38.78247714198256 -9.08670668058247 6
      vertex 27.217522858017443 -9.08670668058247 6
    endloop
  endfacet
  facet normal 0 0 1
    outer loop
      vertex 27.217522858017443 -9.08670668058247 6
      vertex 38.58578643762691 -8.914213562373096 6
      vertex 27.414213562373096 -8.914213562373096 6
    endloop
  endfacet
  facet normal 0 0 1
    outer loop
      vertex 27.414213562373096 -8.914213562373096 6
      vertex 38.58578643762691 -8.914213562373096 6
      vertex 27.58670668058247 -8.71752285801744 6
    endloop
  endfacet
  facet normal 0 0 1
    outer loop
      vertex 27.58670668058247 -8.71752285801744 6
      vertex 38.58578643762691 -8.914213562373096 6
      vertex 27.73205080756888 -8.5 6
    endloop
  endfacet
  facet normal 0 0 1
    outer loop
      vertex 27.73205080756888 -8.5 6
      vertex 38.58578643762691 -8.914213562373096 6
      vertex 27.847759065022572 -8.26536686473018 6
    endloop
  endfacet
  facet normal 0 0 1
    outer loop
      vertex 27.847759065022572 -8.26536686473018 6
      vertex 38.58578643762691 -8.914213562373096 6
      vertex 27.931851652578136 -8.017638090205041 6
    endloop
  endfacet
  facet normal 0 0 1
    outer loop
      vertex 27.931851652578136 -8.017638090205041 6
      vertex 38.58578643762691 -8.914213562373096 6
      vertex 27.982889722747622 -7.761052384440103 6
    endloop
  endfacet
  facet normal 0 0 1
    outer loop
      vertex 27.982889722747622 -7.761052384440103 6
      vertex 38.58578643762691 -8.914213562373096 6
      vertex 28 -7.5 6
    endloop
  endfacet
  facet normal 0 0 1
    outer loop
      vertex 27.982889722747622 -7.238947615559897 6
      vertex 28 -7.5 6
      vertex 38.58578643762691 -8.914213562373096 6
    endloop
  endfacet
  facet normal 0 0 1
    outer loop
      vertex 27.217522858017443 -5.91329331941753 6
      vertex 27.414213562373096 -6.085786437626905 6
      vertex 38.58578643762691 -8.914213562373096 6
    endloop
  endfacet
  facet normal 0 0 1
    outer loop
      vertex 27.414213562373096 -6.085786437626905 6
      vertex 27.58670668058247 -6.282477141982559 6
      vertex 38.58578643762691 -8.914213562373096 6
    endloop
  endfacet
  facet normal 0 0 1
    outer loop
      vertex 27.982889722747622 -7.238947615559897 6
      vertex 38.58578643762691 -8.914213562373096 6
      vertex 27.931851652578136 -6.9823619097949585 6
    endloop
  endfacet
  facet normal 0 0 1
    outer loop
      vertex 27.931851652578136 -6.9823619097949585 6
      vertex 38.58578643762691 -8.914213562373096 6
      vertex 27.847759065022572 -6.734633135269821 6
    endloop
  endfacet
  facet normal 0 0 1
    outer loop
      vertex 27.58670668058247 -6.282477141982559 6
      vertex 27.73205080756888 -6.5 6
      vertex 38.58578643762691 -8.914213562373096 6
    endloop
  endfacet
  facet normal 0 0 1
    outer loop
      vertex 27.73205080756888 -6.5 6
      vertex 27.847759065022572 -6.734633135269821 6
      vertex 38.58578643762691 -8.914213562373096 6
    endloop
  endfacet
  facet normal 0 0 1
    outer loop
      vertex 27.217522858017443 -5.91329331941753 6
      vertex 38.58578643762691 -8.914213562373096 6
      vertex 29.212056149556886 -2.5 6
    endloop
  endfacet
  facet normal 0 0 1
    outer loop
      vertex 26.76536686473018 -9.347759065022574 6
      vertex 39.23463313526982 -9.347759065022574 6
      vertex 39 -9.232050807568877 6
    endloop
  endfacet
  facet normal 0 0 1
    outer loop
      vertex 27.217522858017443 -9.08670668058247 6
      vertex 38.78247714198256 -9.08670668058247 6
      vertex 38.58578643762691 -8.914213562373096 6
    endloop
  endfacet
  facet normal 0 0 1
    outer loop
      vertex 27 -9.232050807568877 6
      vertex 39 -9.232050807568877 6
      vertex 38.78247714198256 -9.08670668058247 6
    endloop
  endfacet
  facet normal 0 0 1
    outer loop
      vertex 26.51763809020504 -9.431851652578137 6
      vertex 39.48236190979496 -9.431851652578137 6
      vertex 39.23463313526982 -9.347759065022574 6
    endloop
  endfacet
  facet normal 0 0 1
    outer loop
      vertex 26 -9.5 6
      vertex 46 -12.5 6
      vertex 39.48236190979496 -9.431851652578137 6
    endloop
  endfacet
  facet normal 0 0 1
    outer loop
      vertex 29.212056149556886 -2.5 6
      vertex 38.58578643762691 -8.914213562373096 6
      vertex 38.41329331941753 -8.71752285801744 6
    endloop
  endfacet
  facet normal 0 0 1
    outer loop
      vertex 29.212056149556886 -2.5 6
      vertex 38.41329331941753 -8.71752285801744 6
      vertex 38.267949192431125 -8.5 6
    endloop
  endfacet
  facet normal 0 0 1
    outer loop
      vertex 29.212056149556886 -2.5 6
      vertex 38.267949192431125 -8.5 6
      vertex 38.15224093497743 -8.26536686473018 6
    endloop
  endfacet
  facet normal 0 0 1
    outer loop
      vertex 29.212056149556886 -2.5 6
      vertex 38.15224093497743 -8.26536686473018 6
      vertex 38.06814834742186 -8.017638090205041 6
    endloop
  endfacet
  facet normal 0 0 1
    outer loop
      vertex 29.212056149556886 -2.5 6
      vertex 38.06814834742186 -8.017638090205041 6
      vertex 38.01711027725238 -7.761052384440103 6
    endloop
  endfacet
  facet normal 0 0 1
    outer loop
      vertex 29.212056149556886 -2.5 6
      vertex 38.01711027725238 -7.761052384440103 6
      vertex 38 -7.5 6
    endloop
  endfacet
  facet normal 0 0 1
    outer loop
      vertex 29.212056149556886 -2.5 6
      vertex 38 -7.5 6
      vertex 38.01711027725238 -7.238947615559897 6
    endloop
  endfacet
  facet normal 0 0 1
    outer loop
      vertex 29.212056149556886 -2.5 6
      vertex 38.01711027725238 -7.238947615559897 6
      vertex 38.06814834742186 -6.9823619097949585 6
    endloop
  endfacet
  facet normal 0 0 1
    outer loop
      vertex 29.212056149556886 -2.5 6
      vertex 38.06814834742186 -6.9823619097949585 6
      vertex 38.15224093497743 -6.734633135269821 6
    endloop
  endfacet
  facet normal 0 0 1
    outer loop
      vertex 29.212056149556886 -2.5 6
      vertex 38.15224093497743 -6.734633135269821 6
      vertex 38.267949192431125 -6.5 6
    endloop
  endfacet
  facet normal 0 0 1
    outer loop
      vertex 29.212056149556886 -2.5 6
      vertex 38.267949192431125 -6.5 6
      vertex 38.41329331941753 -6.282477141982559 6
    endloop
  endfacet
  facet normal 0 0 1
    outer loop
      vertex 29.212056149556886 -2.5 6
      vertex 38.41329331941753 -6.282477141982559 6
      vertex 38.58578643762691 -6.085786437626905 6
    endloop
  endfacet
  facet normal 0 0 1
    outer loop
      vertex 29.212056149556886 -2.5 6
      vertex 38.58578643762691 -6.085786437626905 6
      vertex 38.78247714198256 -5.91329331941753 6
    endloop
  endfacet
  facet normal 0 0 1
    outer loop
      vertex 29.212056149556886 -2.5 6
      vertex 38.78247714198256 -5.91329331941753 6
      vertex 39 -5.767949192431123 6
    endloop
  endfacet
  facet normal 0 0 1
    outer loop
      vertex 29.212056149556886 -2.5 6
      vertex 39 -5.767949192431123 6
      vertex 39.23463313526982 -5.652240934977426 6
    endloop
  endfacet
  facet normal 0 0 1
    outer loop
      vertex 29.212056149556886 -2.5 6
      vertex 39.23463313526982 -5.652240934977426 6
      vertex 39.48236190979496 -5.568148347421864 6
    endloop
  endfacet
  facet normal 0 0 1
    outer loop
      vertex 29.212056149556886 -2.5 6
      vertex 39.48236190979496 -5.568148347421864 6
      vertex 39.738947615559894 -5.517110277252379 6
    endloop
  endfacet
  facet normal 0 0 1
    outer loop
      vertex 29.212056149556886 -2.5 6
      vertex 39.738947615559894 -5.517110277252379 6
      vertex 40 -5.5 6
    endloop
  endfacet
  facet normal 0 0 1
    outer loop
      vertex 29.212056149556886 -2.5 6
      vertex 40 -5.5 6
      vertex 40.261052384440106 -5.517110277252379 6
    endloop
  endfacet
  facet normal 0 0 1
    outer loop
      vertex 29.212056149556886 -2.5 6
      vertex 40.261052384440106 -5.517110277252379 6
      vertex 40.51763809020504 -5.568148347421864 6
    endloop
  endfacet
  facet normal 0 0 1
    outer loop
      vertex 39.48236190979496 -9.431851652578137 6
      vertex 46 -12.5 6
      vertex 39.738947615559894 -9.48288972274762 6
    endloop
  endfacet
  facet normal 0 0 1
    outer loop
      vertex 29.212056149556886 -2.5 6
      vertex 40.51763809020504 -5.568148347421864 6
      vertex 46 -2.5 6
    endloop
  endfacet
  facet normal 0 0 1
    outer loop
      vertex 39.738947615559894 -9.48288972274762 6
      vertex 46 -12.5 6
      vertex 40 -9.5 6
    endloop
  endfacet
  facet normal 0 0 1
    outer loop
      vertex 40 -9.5 6
      vertex 46 -12.5 6
      vertex 40.261052384440106 -9.48288972274762 6
    endloop
  endfacet
  facet normal 0 0 1
    outer loop
      vertex 40.261052384440106 -9.48288972274762 6
      vertex 46 -12.5 6
      vertex 40.51763809020504 -9.431851652578137 6
    endloop
  endfacet
  facet normal 0 0 1
    outer loop
      vertex 40.51763809020504 -9.431851652578137 6
      vertex 46 -12.5 6
      vertex 40.76536686473018 -9.347759065022574 6
    endloop
  endfacet
  facet normal 0 0 1
    outer loop
      vertex 40.76536686473018 -9.347759065022574 6
      vertex 46 -12.5 6
      vertex 41 -9.232050807568877 6
    endloop
  endfacet
  facet normal 0 0 1
    outer loop
      vertex 41 -9.232050807568877 6
      vertex 46 -12.5 6
      vertex 41.21752285801744 -9.08670668058247 6
    endloop
  endfacet
  facet normal 0 0 1
    outer loop
      vertex 41.21752285801744 -9.08670668058247 6
      vertex 46 -12.5 6
      vertex 41.41421356237309 -8.914213562373096 6
    endloop
  endfacet
  facet normal 0 0 1
    outer loop
      vertex 41.41421356237309 -8.914213562373096 6
      vertex 46 -12.5 6
      vertex 41.58670668058247 -8.71752285801744 6
    endloop
  endfacet
  facet normal 0 0 1
    outer loop
      vertex 41.58670668058247 -8.71752285801744 6
      vertex 46 -12.5 6
      vertex 41.732050807568875 -8.5 6
    endloop
  endfacet
  facet normal 0 0 1
    outer loop
      vertex 41.732050807568875 -8.5 6
      vertex 46 -12.5 6
      vertex 41.84775906502257 -8.26536686473018 6
    endloop
  endfacet
  facet normal 0 0 1
    outer loop
      vertex 41.84775906502257 -8.26536686473018 6
      vertex 46 -12.5 6
      vertex 41.93185165257814 -8.017638090205041 6
    endloop
  endfacet
  facet normal 0 0 1
    outer loop
      vertex 41.93185165257814 -8.017638090205041 6
      vertex 46 -2.5 6
      vertex 41.98288972274762 -7.761052384440103 6
    endloop
  endfacet
  facet normal 0 0 1
    outer loop
      vertex 41.98288972274762 -7.761052384440103 6
      vertex 46 -2.5 6
      vertex 42 -7.5 6
    endloop
  endfacet
  facet normal 0 0 1
    outer loop
      vertex 42 -7.5 6
      vertex 46 -2.5 6
      vertex 41.98288972274762 -7.238947615559897 6
    endloop
  endfacet
  facet normal 0 0 1
    outer loop
      vertex 41.98288972274762 -7.238947615559897 6
      vertex 46 -2.5 6
      vertex 41.93185165257814 -6.9823619097949585 6
    endloop
  endfacet
  facet normal 0 0 1
    outer loop
      vertex 41.93185165257814 -6.9823619097949585 6
      vertex 46 -2.5 6
      vertex 41.84775906502257 -6.734633135269821 6
    endloop
  endfacet
  facet normal 0 0 1
    outer loop
      vertex 40.51763809020504 -5.568148347421864 6
      vertex 40.76536686473018 -5.652240934977426 6
      vertex 46 -2.5 6
    endloop
  endfacet
  facet normal 0 0 1
    outer loop
      vertex 40.76536686473018 -5.652240934977426 6
      vertex 41 -5.767949192431123 6
      vertex 46 -2.5 6
    endloop
  endfacet
  facet normal 0 0 1
    outer loop
      vertex 41 -5.767949192431123 6
      vertex 41.21752285801744 -5.91329331941753 6
      vertex 46 -2.5 6
    endloop
  endfacet
  facet normal 0 0 1
    outer loop
      vertex 41.21752285801744 -5.91329331941753 6
      vertex 41.41421356237309 -6.085786437626905 6
      vertex 46 -2.5 6
    endloop
  endfacet
  facet normal 0 0 1
    outer loop
      vertex 41.58670668058247 -6.282477141982559 6
      vertex 46 -2.5 6
      vertex 41.41421356237309 -6.085786437626905 6
    endloop
  endfacet
  facet normal 0 0 1
    outer loop
      vertex 41.732050807568875 -6.5 6
      vertex 41.84775906502257 -6.734633135269821 6
      vertex 46 -2.5 6
    endloop
  endfacet
  facet normal 0 0 1
    outer loop
      vertex 41.58670668058247 -6.282477141982559 6
      vertex 41.732050807568875 -6.5 6
      vertex 46 -2.5 6
    endloop
  endfacet
  facet normal 0 0 1
    outer loop
      vertex 41.93185165257814 -8.017638090205041 6
      vertex 46 -12.5 6
      vertex 46 -2.5 6
    endloop
  endfacet
  facet normal 0 0 1
    outer loop
      vertex 106.05 124 8.95
      vertex 107.95 124 8.95
      vertex 115.95 139.5 8.95
    endloop
  endfacet
  facet normal 1 0 0
    outer loop
      vertex 106.05 124 8.95
      vertex 106.05 139.5 8.95
      vertex 106.05 124 12
    endloop
  endfacet
  facet normal 0 1 0
    outer loop
      vertex 106.05 124 8.95
      vertex 107.95 124 12
      vertex 107.95 124 8.95
    endloop
  endfacet
  facet normal 0 0 1
    outer loop
      vertex 106.05 124 8.95
      vertex 115.95 139.5 8.95
      vertex 106.05 139.5 8.95
    endloop
  endfacet
  facet normal 0 1 0
    outer loop
      vertex 106.05 124 8.95
      vertex 106.05 124 12
      vertex 107.95 124 12
    endloop
  endfacet
  facet normal 1 0 0
    outer loop
      vertex 106.05 124 12
      vertex 106.05 139.5 8.95
      vertex 106.05 139.5 12
    endloop
  endfacet
  facet normal 0 0 1
    outer loop
      vertex 107.95 124 8.95
      vertex 114.05 124 8.95
      vertex 115.95 139.5 8.95
    endloop
  endfacet
  facet normal 0 0 1
    outer loop
      vertex 114.05 124 8.95
      vertex 115.95 124 8.95
      vertex 115.95 139.5 8.95
    endloop
  endfacet
  facet normal 0 1 0
    outer loop
      vertex 114.05 124 8.95
      vertex 115.95 124 12
      vertex 115.95 124 8.95
    endloop
  endfacet
  facet normal -1 0 0
    outer loop
      vertex 115.95 124 8.95
      vertex 115.95 139.5 12
      vertex 115.95 139.5 8.95
    endloop
  endfacet
  facet normal 0 1 0
    outer loop
      vertex 114.05 124 8.95
      vertex 114.05 124 12
      vertex 115.95 124 12
    endloop
  endfacet
  facet normal -1 0 0
    outer loop
      vertex 115.95 124 8.95
      vertex 115.95 124 12
      vertex 115.95 139.5 12
    endloop
  endfacet
  facet normal 1 0 0
    outer loop
      vertex 106.05 13 8.95
      vertex 106.05 -2.5 12
      vertex 106.05 -2.5 8.95
    endloop
  endfacet
  facet normal 0 0 1
    outer loop
      vertex 106.05 13 8.95
      vertex 106.05 -2.5 8.95
      vertex 107.95 13 8.95
    endloop
  endfacet
  facet normal 0 0 1
    outer loop
      vertex 107.95 13 8.95
      vertex 106.05 -2.5 8.95
      vertex 114.05 13 8.95
    endloop
  endfacet
  facet normal 0 -1 0
    outer loop
      vertex 106.05 13 8.95
      vertex 107.95 13 8.95
      vertex 106.05 13 12
    endloop
  endfacet
  facet normal 1 0 0
    outer loop
      vertex 106.05 13 8.95
      vertex 106.05 13 12
      vertex 106.05 -2.5 12
    endloop
  endfacet
  facet normal 0 -1 0
    outer loop
      vertex 106.05 13 12
      vertex 107.95 13 8.95
      vertex 107.95 13 12
    endloop
  endfacet
  facet normal 0 0 1
    outer loop
      vertex 115.95 13 8.95
      vertex 106.05 -2.5 8.95
      vertex 115.95 -2.5 8.95
    endloop
  endfacet
  facet normal -1 0 0
    outer loop
      vertex 115.95 13 12
      vertex 115.95 -2.5 8.95
      vertex 115.95 -2.5 12
    endloop
  endfacet
  facet normal 0 0 1
    outer loop
      vertex 114.05 13 8.95
      vertex 106.05 -2.5 8.95
      vertex 115.95 13 8.95
    endloop
  endfacet
  facet normal -1 0 0
    outer loop
      vertex 115.95 13 8.95
      vertex 115.95 -2.5 8.95
      vertex 115.95 13 12
    endloop
  endfacet
  facet normal 0 -1 0
    outer loop
      vertex 114.05 13 8.95
      vertex 115.95 13 8.95
      vertex 114.05 13 12
    endloop
  endfacet
  facet normal 0 -1 0
    outer loop
      vertex 114.05 13 12
      vertex 115.95 13 8.95
      vertex 115.95 13 12
    endloop
  endfacet
  facet normal 1 0 0
    outer loop
      vertex 94.05 124 8.95
      vertex 94.05 139.5 8.95
      vertex 94.05 124 12
    endloop
  endfacet
  facet normal 1 0 0
    outer loop
      vertex 94.05 124 12
      vertex 94.05 139.5 8.95
      vertex 94.05 139.5 12
    endloop
  endfacet
  facet normal 0 0 1
    outer loop
      vertex 94.05 124 8.95
      vertex 95.95 124 8.95
      vertex 103.95 139.5 8.95
    endloop
  endfacet
  facet normal 0 0 1
    outer loop
      vertex 95.95 124 8.95
      vertex 102.05 124 8.95
      vertex 103.95 139.5 8.95
    endloop
  endfacet
  facet normal 0 1 0
    outer loop
      vertex 94.05 124 8.95
      vertex 95.95 124 12
      vertex 95.95 124 8.95
    endloop
  endfacet
  facet normal 0 0 1
    outer loop
      vertex 94.05 124 8.95
      vertex 103.95 139.5 8.95
      vertex 94.05 139.5 8.95
    endloop
  endfacet
  facet normal 0 0 1
    outer loop
      vertex 102.05 124 8.95
      vertex 103.95 124 8.95
      vertex 103.95 139.5 8.95
    endloop
  endfacet
  facet normal 0 1 0
    outer loop
      vertex 102.05 124 8.95
      vertex 103.95 124 12
      vertex 103.95 124 8.95
    endloop
  endfacet
  facet normal -1 0 0
    outer loop
      vertex 103.95 124 8.95
      vertex 103.95 139.5 12
      vertex 103.95 139.5 8.95
    endloop
  endfacet
  facet normal 0 1 0
    outer loop
      vertex 94.05 124 8.95
      vertex 94.05 124 12
      vertex 95.95 124 12
    endloop
  endfacet
  facet normal 0 1 0
    outer loop
      vertex 102.05 124 8.95
      vertex 102.05 124 12
      vertex 103.95 124 12
    endloop
  endfacet
  facet normal -1 0 0
    outer loop
      vertex 103.95 124 8.95
      vertex 103.95 124 12
      vertex 103.95 139.5 12
    endloop
  endfacet
  facet normal 1 0 0
    outer loop
      vertex 94.05 13 8.95
      vertex 94.05 -2.5 12
      vertex 94.05 -2.5 8.95
    endloop
  endfacet
  facet normal 1 0 0
    outer loop
      vertex 94.05 13 8.95
      vertex 94.05 13 12
      vertex 94.05 -2.5 12
    endloop
  endfacet
  facet normal 0 0 1
    outer loop
      vertex 103.95 13 8.95
      vertex 94.05 -2.5 8.95
      vertex 103.95 -2.5 8.95
    endloop
  endfacet
  facet normal -1 0 0
    outer loop
      vertex 103.95 13 12
      vertex 103.95 -2.5 8.95
      vertex 103.95 -2.5 12
    endloop
  endfacet
  facet normal 0 0 1
    outer loop
      vertex 94.05 13 8.95
      vertex 94.05 -2.5 8.95
      vertex 95.95 13 8.95
    endloop
  endfacet
  facet normal 0 0 1
    outer loop
      vertex 95.95 13 8.95
      vertex 94.05 -2.5 8.95
      vertex 102.05 13 8.95
    endloop
  endfacet
  facet normal 0 0 1
    outer loop
      vertex 102.05 13 8.95
      vertex 94.05 -2.5 8.95
      vertex 103.95 13 8.95
    endloop
  endfacet
  facet normal 0 -1 0
    outer loop
      vertex 94.05 13 8.95
      vertex 95.95 13 8.95
      vertex 94.05 13 12
    endloop
  endfacet
  facet normal -1 0 0
    outer loop
      vertex 103.95 13 8.95
      vertex 103.95 -2.5 8.95
      vertex 103.95 13 12
    endloop
  endfacet
  facet normal 0 -1 0
    outer loop
      vertex 102.05 13 8.95
      vertex 103.95 13 8.95
      vertex 102.05 13 12
    endloop
  endfacet
  facet normal 0 -1 0
    outer loop
      vertex 94.05 13 12
      vertex 95.95 13 8.95
      vertex 95.95 13 12
    endloop
  endfacet
  facet normal 0 -1 0
    outer loop
      vertex 102.05 13 12
      vertex 103.95 13 8.95
      vertex 103.95 13 12
    endloop
  endfacet
  facet normal 0 0 1
    outer loop
      vertex 82.05 124 8.95
      vertex 83.95 124 8.95
      vertex 91.95 139.5 8.95
    endloop
  endfacet
  facet normal 1 0 0
    outer loop
      vertex 82.05 124 8.95
      vertex 82.05 139.5 8.95
      vertex 82.05 124 12
    endloop
  endfacet
  facet normal 0 1 0
    outer loop
      vertex 82.05 124 8.95
      vertex 83.95 124 12
      vertex 83.95 124 8.95
    endloop
  endfacet
  facet normal 0 0 1
    outer loop
      vertex 82.05 124 8.95
      vertex 91.95 139.5 8.95
      vertex 82.05 139.5 8.95
    endloop
  endfacet
  facet normal 0 0 1
    outer loop
      vertex 83.95 124 8.95
      vertex 90.05 124 8.95
      vertex 91.95 139.5 8.95
    endloop
  endfacet
  facet normal 0 0 1
    outer loop
      vertex 90.05 124 8.95
      vertex 91.95 124 8.95
      vertex 91.95 139.5 8.95
    endloop
  endfacet
  facet normal 0 1 0
    outer loop
      vertex 90.05 124 8.95
      vertex 91.95 124 12
      vertex 91.95 124 8.95
    endloop
  endfacet
  facet normal -1 0 0
    outer loop
      vertex 91.95 124 8.95
      vertex 91.95 139.5 12
      vertex 91.95 139.5 8.95
    endloop
  endfacet
  facet normal 0 1 0
    outer loop
      vertex 82.05 124 8.95
      vertex 82.05 124 12
      vertex 83.95 124 12
    endloop
  endfacet
  facet normal 1 0 0
    outer loop
      vertex 82.05 124 12
      vertex 82.05 139.5 8.95
      vertex 82.05 139.5 12
    endloop
  endfacet
  facet normal 0 1 0
    outer loop
      vertex 90.05 124 8.95
      vertex 90.05 124 12
      vertex 91.95 124 12
    endloop
  endfacet
  facet normal -1 0 0
    outer loop
      vertex 91.95 124 8.95
      vertex 91.95 124 12
      vertex 91.95 139.5 12
    endloop
  endfacet
  facet normal 1 0 0
    outer loop
      vertex 82.05 13 8.95
      vertex 82.05 -2.5 12
      vertex 82.05 -2.5 8.95
    endloop
  endfacet
  facet normal 0 0 1
    outer loop
      vertex 91.95 13 8.95
      vertex 82.05 -2.5 8.95
      vertex 91.95 -2.5 8.95
    endloop
  endfacet
  facet normal -1 0 0
    outer loop
      vertex 91.95 13 12
      vertex 91.95 -2.5 8.95
      vertex 91.95 -2.5 12
    endloop
  endfacet
  facet normal 0 0 1
    outer loop
      vertex 82.05 13 8.95
      vertex 82.05 -2.5 8.95
      vertex 83.95 13 8.95
    endloop
  endfacet
  facet normal 0 0 1
    outer loop
      vertex 83.95 13 8.95
      vertex 82.05 -2.5 8.95
      vertex 90.05 13 8.95
    endloop
  endfacet
  facet normal 0 -1 0
    outer loop
      vertex 82.05 13 8.95
      vertex 83.95 13 8.95
      vertex 82.05 13 12
    endloop
  endfacet
  facet normal 0 0 1
    outer loop
      vertex 90.05 13 8.95
      vertex 82.05 -2.5 8.95
      vertex 91.95 13 8.95
    endloop
  endfacet
  facet normal -1 0 0
    outer loop
      vertex 91.95 13 8.95
      vertex 91.95 -2.5 8.95
      vertex 91.95 13 12
    endloop
  endfacet
  facet normal 0 -1 0
    outer loop
      vertex 90.05 13 8.95
      vertex 91.95 13 8.95
      vertex 90.05 13 12
    endloop
  endfacet
  facet normal 1 0 0
    outer loop
      vertex 82.05 13 8.95
      vertex 82.05 13 12
      vertex 82.05 -2.5 12
    endloop
  endfacet
  facet normal 0 -1 0
    outer loop
      vertex 82.05 13 12
      vertex 83.95 13 8.95
      vertex 83.95 13 12
    endloop
  endfacet
  facet normal 0 -1 0
    outer loop
      vertex 90.05 13 12
      vertex 91.95 13 8.95
      vertex 91.95 13 12
    endloop
  endfacet
  facet normal 1 0 0
    outer loop
      vertex 70.05 124 8.95
      vertex 70.05 139.5 8.95
      vertex 70.05 124 12
    endloop
  endfacet
  facet normal 0 0 1
    outer loop
      vertex 70.05 124 8.95
      vertex 71.95 124 8.95
      vertex 79.95 139.5 8.95
    endloop
  endfacet
  facet normal 0 0 1
    outer loop
      vertex 71.95 124 8.95
      vertex 78.05 124 8.95
      vertex 79.95 139.5 8.95
    endloop
  endfacet
  facet normal 0 1 0
    outer loop
      vertex 70.05 124 8.95
      vertex 71.95 124 12
      vertex 71.95 124 8.95
    endloop
  endfacet
  facet normal 0 0 1
    outer loop
      vertex 70.05 124 8.95
      vertex 79.95 139.5 8.95
      vertex 70.05 139.5 8.95
    endloop
  endfacet
  facet normal 1 0 0
    outer loop
      vertex 70.05 124 12
      vertex 70.05 139.5 8.95
      vertex 70.05 139.5 12
    endloop
  endfacet
  facet normal 0 1 0
    outer loop
      vertex 70.05 124 8.95
      vertex 70.05 124 12
      vertex 71.95 124 12
    endloop
  endfacet
  facet normal 0 0 1
    outer loop
      vertex 78.05 124 8.95
      vertex 79.95 124 8.95
      vertex 79.95 139.5 8.95
    endloop
  endfacet
  facet normal 0 1 0
    outer loop
      vertex 78.05 124 8.95
      vertex 79.95 124 12
      vertex 79.95 124 8.95
    endloop
  endfacet
  facet normal -1 0 0
    outer loop
      vertex 79.95 124 8.95
      vertex 79.95 139.5 12
      vertex 79.95 139.5 8.95
    endloop
  endfacet
  facet normal 0 1 0
    outer loop
      vertex 78.05 124 8.95
      vertex 78.05 124 12
      vertex 79.95 124 12
    endloop
  endfacet
  facet normal -1 0 0
    outer loop
      vertex 79.95 124 8.95
      vertex 79.95 124 12
      vertex 79.95 139.5 12
    endloop
  endfacet
  facet normal 1 0 0
    outer loop
      vertex 70.05 13 8.95
      vertex 70.05 -2.5 12
      vertex 70.05 -2.5 8.95
    endloop
  endfacet
  facet normal 0 0 1
    outer loop
      vertex 79.95 13 8.95
      vertex 70.05 -2.5 8.95
      vertex 79.95 -2.5 8.95
    endloop
  endfacet
  facet normal 0 0 1
    outer loop
      vertex 70.05 13 8.95
      vertex 70.05 -2.5 8.95
      vertex 71.95 13 8.95
    endloop
  endfacet
  facet normal 0 0 1
    outer loop
      vertex 71.95 13 8.95
      vertex 70.05 -2.5 8.95
      vertex 78.05 13 8.95
    endloop
  endfacet
  facet normal 0 0 1
    outer loop
      vertex 78.05 13 8.95
      vertex 70.05 -2.5 8.95
      vertex 79.95 13 8.95
    endloop
  endfacet
  facet normal 0 -1 0
    outer loop
      vertex 70.05 13 8.95
      vertex 71.95 13 8.95
      vertex 70.05 13 12
    endloop
  endfacet
  facet normal 1 0 0
    outer loop
      vertex 70.05 13 8.95
      vertex 70.05 13 12
      vertex 70.05 -2.5 12
    endloop
  endfacet
  facet normal 0 -1 0
    outer loop
      vertex 70.05 13 12
      vertex 71.95 13 8.95
      vertex 71.95 13 12
    endloop
  endfacet
  facet normal -1 0 0
    outer loop
      vertex 79.95 13 12
      vertex 79.95 -2.5 8.95
      vertex 79.95 -2.5 12
    endloop
  endfacet
  facet normal -1 0 0
    outer loop
      vertex 79.95 13 8.95
      vertex 79.95 -2.5 8.95
      vertex 79.95 13 12
    endloop
  endfacet
  facet normal 0 -1 0
    outer loop
      vertex 78.05 13 8.95
      vertex 79.95 13 8.95
      vertex 78.05 13 12
    endloop
  endfacet
  facet normal 0 -1 0
    outer loop
      vertex 78.05 13 12
      vertex 79.95 13 8.95
      vertex 79.95 13 12
    endloop
  endfacet
  facet normal 0 0 1
    outer loop
      vertex 58.05 124 8.95
      vertex 59.95 124 8.95
      vertex 67.95 139.5 8.95
    endloop
  endfacet
  facet normal 0 1 0
    outer loop
      vertex 58.05 124 8.95
      vertex 59.95 124 12
      vertex 59.95 124 8.95
    endloop
  endfacet
  facet normal 1 0 0
    outer loop
      vertex 58.05 124 8.95
      vertex 58.05 139.5 8.95
      vertex 58.05 124 12
    endloop
  endfacet
  facet normal 0 0 1
    outer loop
      vertex 58.05 124 8.95
      vertex 67.95 139.5 8.95
      vertex 58.05 139.5 8.95
    endloop
  endfacet
  facet normal 0 1 0
    outer loop
      vertex 58.05 124 8.95
      vertex 58.05 124 12
      vertex 59.95 124 12
    endloop
  endfacet
  facet normal 1 0 0
    outer loop
      vertex 58.05 124 12
      vertex 58.05 139.5 8.95
      vertex 58.05 139.5 12
    endloop
  endfacet
  facet normal 0 0 1
    outer loop
      vertex 59.95 124 8.95
      vertex 66.05 124 8.95
      vertex 67.95 139.5 8.95
    endloop
  endfacet
  facet normal 0 0 1
    outer loop
      vertex 66.05 124 8.95
      vertex 67.95 124 8.95
      vertex 67.95 139.5 8.95
    endloop
  endfacet
  facet normal 0 1 0
    outer loop
      vertex 66.05 124 8.95
      vertex 67.95 124 12
      vertex 67.95 124 8.95
    endloop
  endfacet
  facet normal -1 0 0
    outer loop
      vertex 67.95 124 8.95
      vertex 67.95 139.5 12
      vertex 67.95 139.5 8.95
    endloop
  endfacet
  facet normal 0 1 0
    outer loop
      vertex 66.05 124 8.95
      vertex 66.05 124 12
      vertex 67.95 124 12
    endloop
  endfacet
  facet normal -1 0 0
    outer loop
      vertex 67.95 124 8.95
      vertex 67.95 124 12
      vertex 67.95 139.5 12
    endloop
  endfacet
  facet normal 1 0 0
    outer loop
      vertex 58.05 13 8.95
      vertex 58.05 -2.5 12
      vertex 58.05 -2.5 8.95
    endloop
  endfacet
  facet normal 0 0 1
    outer loop
      vertex 58.05 13 8.95
      vertex 58.05 -2.5 8.95
      vertex 59.95 13 8.95
    endloop
  endfacet
  facet normal 0 0 1
    outer loop
      vertex 59.95 13 8.95
      vertex 58.05 -2.5 8.95
      vertex 66.05 13 8.95
    endloop
  endfacet
  facet normal 0 -1 0
    outer loop
      vertex 58.05 13 8.95
      vertex 59.95 13 8.95
      vertex 58.05 13 12
    endloop
  endfacet
  facet normal 1 0 0
    outer loop
      vertex 58.05 13 8.95
      vertex 58.05 13 12
      vertex 58.05 -2.5 12
    endloop
  endfacet
  facet normal 0 -1 0
    outer loop
      vertex 58.05 13 12
      vertex 59.95 13 8.95
      vertex 59.95 13 12
    endloop
  endfacet
  facet normal 0 0 1
    outer loop
      vertex 67.95 13 8.95
      vertex 58.05 -2.5 8.95
      vertex 67.95 -2.5 8.95
    endloop
  endfacet
  facet normal -1 0 0
    outer loop
      vertex 67.95 13 12
      vertex 67.95 -2.5 8.95
      vertex 67.95 -2.5 12
    endloop
  endfacet
  facet normal 0 0 1
    outer loop
      vertex 66.05 13 8.95
      vertex 58.05 -2.5 8.95
      vertex 67.95 13 8.95
    endloop
  endfacet
  facet normal -1 0 0
    outer loop
      vertex 67.95 13 8.95
      vertex 67.95 -2.5 8.95
      vertex 67.95 13 12
    endloop
  endfacet
  facet normal 0 -1 0
    outer loop
      vertex 66.05 13 8.95
      vertex 67.95 13 8.95
      vertex 66.05 13 12
    endloop
  endfacet
  facet normal 0 -1 0
    outer loop
      vertex 66.05 13 12
      vertex 67.95 13 8.95
      vertex 67.95 13 12
    endloop
  endfacet
  facet normal 0 0 1
    outer loop
      vertex 55.95 13 8.95
      vertex 46.05 -2.5 8.95
      vertex 55.95 -2.5 8.95
    endloop
  endfacet
  facet normal 1 0 0
    outer loop
      vertex 46.05 13 8.95
      vertex 46.05 -2.5 12
      vertex 46.05 -2.5 8.95
    endloop
  endfacet
  facet normal -1 0 0
    outer loop
      vertex 55.95 13 12
      vertex 55.95 -2.5 8.95
      vertex 55.95 -2.5 12
    endloop
  endfacet
  facet normal 0 0 1
    outer loop
      vertex 46.05 13 8.95
      vertex 46.05 -2.5 8.95
      vertex 47.95 13 8.95
    endloop
  endfacet
  facet normal 0 0 1
    outer loop
      vertex 47.95 13 8.95
      vertex 46.05 -2.5 8.95
      vertex 54.05 13 8.95
    endloop
  endfacet
  facet normal 0 0 1
    outer loop
      vertex 54.05 13 8.95
      vertex 46.05 -2.5 8.95
      vertex 55.95 13 8.95
    endloop
  endfacet
  facet normal 0 -1 0
    outer loop
      vertex 46.05 13 8.95
      vertex 47.95 13 8.95
      vertex 46.05 13 12
    endloop
  endfacet
  facet normal -1 0 0
    outer loop
      vertex 55.95 13 8.95
      vertex 55.95 -2.5 8.95
      vertex 55.95 13 12
    endloop
  endfacet
  facet normal 0 -1 0
    outer loop
      vertex 54.05 13 8.95
      vertex 55.95 13 8.95
      vertex 54.05 13 12
    endloop
  endfacet
  facet normal 1 0 0
    outer loop
      vertex 46.05 13 8.95
      vertex 46.05 13 12
      vertex 46.05 -2.5 12
    endloop
  endfacet
  facet normal 0 -1 0
    outer loop
      vertex 46.05 13 12
      vertex 47.95 13 8.95
      vertex 47.95 13 12
    endloop
  endfacet
  facet normal 0 -1 0
    outer loop
      vertex 54.05 13 12
      vertex 55.95 13 8.95
      vertex 55.95 13 12
    endloop
  endfacet
  facet normal 0 0 1
    outer loop
      vertex 46.05 124 8.95
      vertex 47.95 124 8.95
      vertex 55.95 139.5 8.95
    endloop
  endfacet
  facet normal 0 0 1
    outer loop
      vertex 47.95 124 8.95
      vertex 54.05 124 8.95
      vertex 55.95 139.5 8.95
    endloop
  endfacet
  facet normal 0 1 0
    outer loop
      vertex 46.05 124 8.95
      vertex 47.95 124 12
      vertex 47.95 124 8.95
    endloop
  endfacet
  facet normal 1 0 0
    outer loop
      vertex 46.05 124 8.95
      vertex 46.05 139.5 8.95
      vertex 46.05 124 12
    endloop
  endfacet
  facet normal 0 0 1
    outer loop
      vertex 46.05 124 8.95
      vertex 55.95 139.5 8.95
      vertex 46.05 139.5 8.95
    endloop
  endfacet
  facet normal 0 0 1
    outer loop
      vertex 54.05 124 8.95
      vertex 55.95 124 8.95
      vertex 55.95 139.5 8.95
    endloop
  endfacet
  facet normal 0 1 0
    outer loop
      vertex 54.05 124 8.95
      vertex 55.95 124 12
      vertex 55.95 124 8.95
    endloop
  endfacet
  facet normal -1 0 0
    outer loop
      vertex 55.95 124 8.95
      vertex 55.95 139.5 12
      vertex 55.95 139.5 8.95
    endloop
  endfacet
  facet normal 0 1 0
    outer loop
      vertex 46.05 124 8.95
      vertex 46.05 124 12
      vertex 47.95 124 12
    endloop
  endfacet
  facet normal 1 0 0
    outer loop
      vertex 46.05 124 12
      vertex 46.05 139.5 8.95
      vertex 46.05 139.5 12
    endloop
  endfacet
  facet normal 0 1 0
    outer loop
      vertex 54.05 124 8.95
      vertex 54.05 124 12
      vertex 55.95 124 12
    endloop
  endfacet
  facet normal -1 0 0
    outer loop
      vertex 55.95 124 8.95
      vertex 55.95 124 12
      vertex 55.95 139.5 12
    endloop
  endfacet
  facet normal 0 0 1
    outer loop
      vertex 107.95 124 8.95
      vertex 107.95 121 8.95
      vertex 114.05 124 8.95
    endloop
  endfacet
  facet normal 1 0 0
    outer loop
      vertex 107.95 124 8.95
      vertex 107.95 121 12
      vertex 107.95 121 8.95
    endloop
  endfacet
  facet normal 1 0 0
    outer loop
      vertex 107.95 124 8.95
      vertex 107.95 124 12
      vertex 107.95 121 12
    endloop
  endfacet
  facet normal 0 0 1
    outer loop
      vertex 114.05 124 8.95
      vertex 107.95 121 8.95
      vertex 114.05 121 8.95
    endloop
  endfacet
  facet normal -1 0 0
    outer loop
      vertex 114.05 124 8.95
      vertex 114.05 121 8.95
      vertex 114.05 124 12
    endloop
  endfacet
  facet normal -1 0 0
    outer loop
      vertex 114.05 124 12
      vertex 114.05 121 8.95
      vertex 114.05 121 12
    endloop
  endfacet
  facet normal 0 0 1
    outer loop
      vertex 107.95 13 8.95
      vertex 114.05 16 8.95
      vertex 107.95 16 8.95
    endloop
  endfacet
  facet normal 1 0 0
    outer loop
      vertex 107.95 13 8.95
      vertex 107.95 16 8.95
      vertex 107.95 13 12
    endloop
  endfacet
  facet normal 1 0 0
    outer loop
      vertex 107.95 13 12
      vertex 107.95 16 8.95
      vertex 107.95 16 12
    endloop
  endfacet
  facet normal 0 0 1
    outer loop
      vertex 107.95 13 8.95
      vertex 114.05 13 8.95
      vertex 114.05 16 8.95
    endloop
  endfacet
  facet normal -1 0 0
    outer loop
      vertex 114.05 13 8.95
      vertex 114.05 16 12
      vertex 114.05 16 8.95
    endloop
  endfacet
  facet normal -1 0 0
    outer loop
      vertex 114.05 13 8.95
      vertex 114.05 13 12
      vertex 114.05 16 12
    endloop
  endfacet
  facet normal 0 0 1
    outer loop
      vertex 95.95 124 8.95
      vertex 95.95 121 8.95
      vertex 102.05 124 8.95
    endloop
  endfacet
  facet normal 0 0 1
    outer loop
      vertex 102.05 124 8.95
      vertex 95.95 121 8.95
      vertex 102.05 121 8.95
    endloop
  endfacet
  facet normal 1 0 0
    outer loop
      vertex 95.95 124 8.95
      vertex 95.95 121 12
      vertex 95.95 121 8.95
    endloop
  endfacet
  facet normal -1 0 0
    outer loop
      vertex 102.05 124 8.95
      vertex 102.05 121 8.95
      vertex 102.05 124 12
    endloop
  endfacet
  facet normal 1 0 0
    outer loop
      vertex 95.95 124 8.95
      vertex 95.95 124 12
      vertex 95.95 121 12
    endloop
  endfacet
  facet normal -1 0 0
    outer loop
      vertex 102.05 124 12
      vertex 102.05 121 8.95
      vertex 102.05 121 12
    endloop
  endfacet
  facet normal 0 0 1
    outer loop
      vertex 95.95 13 8.95
      vertex 102.05 16 8.95
      vertex 95.95 16 8.95
    endloop
  endfacet
  facet normal 0 0 1
    outer loop
      vertex 95.95 13 8.95
      vertex 102.05 13 8.95
      vertex 102.05 16 8.95
    endloop
  endfacet
  facet normal 1 0 0
    outer loop
      vertex 95.95 13 8.95
      vertex 95.95 16 8.95
      vertex 95.95 13 12
    endloop
  endfacet
  facet normal -1 0 0
    outer loop
      vertex 102.05 13 8.95
      vertex 102.05 16 12
      vertex 102.05 16 8.95
    endloop
  endfacet
  facet normal 1 0 0
    outer loop
      vertex 95.95 13 12
      vertex 95.95 16 8.95
      vertex 95.95 16 12
    endloop
  endfacet
  facet normal -1 0 0
    outer loop
      vertex 102.05 13 8.95
      vertex 102.05 13 12
      vertex 102.05 16 12
    endloop
  endfacet
  facet normal 0 0 1
    outer loop
      vertex 83.95 124 8.95
      vertex 83.95 121 8.95
      vertex 90.05 124 8.95
    endloop
  endfacet
  facet normal 1 0 0
    outer loop
      vertex 83.95 124 8.95
      vertex 83.95 121 12
      vertex 83.95 121 8.95
    endloop
  endfacet
  facet normal 0 0 1
    outer loop
      vertex 90.05 124 8.95
      vertex 83.95 121 8.95
      vertex 90.05 121 8.95
    endloop
  endfacet
  facet normal -1 0 0
    outer loop
      vertex 90.05 124 8.95
      vertex 90.05 121 8.95
      vertex 90.05 124 12
    endloop
  endfacet
  facet normal 1 0 0
    outer loop
      vertex 83.95 124 8.95
      vertex 83.95 124 12
      vertex 83.95 121 12
    endloop
  endfacet
  facet normal -1 0 0
    outer loop
      vertex 90.05 124 12
      vertex 90.05 121 8.95
      vertex 90.05 121 12
    endloop
  endfacet
  facet normal 0 0 1
    outer loop
      vertex 83.95 13 8.95
      vertex 90.05 16 8.95
      vertex 83.95 16 8.95
    endloop
  endfacet
  facet normal 1 0 0
    outer loop
      vertex 83.95 13 8.95
      vertex 83.95 16 8.95
      vertex 83.95 13 12
    endloop
  endfacet
  facet normal 0 0 1
    outer loop
      vertex 83.95 13 8.95
      vertex 90.05 13 8.95
      vertex 90.05 16 8.95
    endloop
  endfacet
  facet normal -1 0 0
    outer loop
      vertex 90.05 13 8.95
      vertex 90.05 16 12
      vertex 90.05 16 8.95
    endloop
  endfacet
  facet normal 1 0 0
    outer loop
      vertex 83.95 13 12
      vertex 83.95 16 8.95
      vertex 83.95 16 12
    endloop
  endfacet
  facet normal -1 0 0
    outer loop
      vertex 90.05 13 8.95
      vertex 90.05 13 12
      vertex 90.05 16 12
    endloop
  endfacet
  facet normal 0 0 1
    outer loop
      vertex 71.95 124 8.95
      vertex 71.95 121 8.95
      vertex 78.05 124 8.95
    endloop
  endfacet
  facet normal 0 0 1
    outer loop
      vertex 78.05 124 8.95
      vertex 71.95 121 8.95
      vertex 78.05 121 8.95
    endloop
  endfacet
  facet normal 1 0 0
    outer loop
      vertex 71.95 124 8.95
      vertex 71.95 121 12
      vertex 71.95 121 8.95
    endloop
  endfacet
  facet normal -1 0 0
    outer loop
      vertex 78.05 124 8.95
      vertex 78.05 121 8.95
      vertex 78.05 124 12
    endloop
  endfacet
  facet normal 1 0 0
    outer loop
      vertex 71.95 124 8.95
      vertex 71.95 124 12
      vertex 71.95 121 12
    endloop
  endfacet
  facet normal -1 0 0
    outer loop
      vertex 78.05 124 12
      vertex 78.05 121 8.95
      vertex 78.05 121 12
    endloop
  endfacet
  facet normal 0 0 1
    outer loop
      vertex 71.95 13 8.95
      vertex 78.05 16 8.95
      vertex 71.95 16 8.95
    endloop
  endfacet
  facet normal 0 0 1
    outer loop
      vertex 71.95 13 8.95
      vertex 78.05 13 8.95
      vertex 78.05 16 8.95
    endloop
  endfacet
  facet normal 1 0 0
    outer loop
      vertex 71.95 13 8.95
      vertex 71.95 16 8.95
      vertex 71.95 13 12
    endloop
  endfacet
  facet normal -1 0 0
    outer loop
      vertex 78.05 13 8.95
      vertex 78.05 16 12
      vertex 78.05 16 8.95
    endloop
  endfacet
  facet normal 1 0 0
    outer loop
      vertex 71.95 13 12
      vertex 71.95 16 8.95
      vertex 71.95 16 12
    endloop
  endfacet
  facet normal -1 0 0
    outer loop
      vertex 78.05 13 8.95
      vertex 78.05 13 12
      vertex 78.05 16 12
    endloop
  endfacet
  facet normal 0 0 1
    outer loop
      vertex 59.95 124 8.95
      vertex 59.95 121 8.95
      vertex 66.05 124 8.95
    endloop
  endfacet
  facet normal 1 0 0
    outer loop
      vertex 59.95 124 8.95
      vertex 59.95 121 12
      vertex 59.95 121 8.95
    endloop
  endfacet
  facet normal 1 0 0
    outer loop
      vertex 59.95 124 8.95
      vertex 59.95 124 12
      vertex 59.95 121 12
    endloop
  endfacet
  facet normal 0 0 1
    outer loop
      vertex 66.05 124 8.95
      vertex 59.95 121 8.95
      vertex 66.05 121 8.95
    endloop
  endfacet
  facet normal -1 0 0
    outer loop
      vertex 66.05 124 8.95
      vertex 66.05 121 8.95
      vertex 66.05 124 12
    endloop
  endfacet
  facet normal -1 0 0
    outer loop
      vertex 66.05 124 12
      vertex 66.05 121 8.95
      vertex 66.05 121 12
    endloop
  endfacet
  facet normal 0 0 1
    outer loop
      vertex 59.95 13 8.95
      vertex 66.05 16 8.95
      vertex 59.95 16 8.95
    endloop
  endfacet
  facet normal 1 0 0
    outer loop
      vertex 59.95 13 8.95
      vertex 59.95 16 8.95
      vertex 59.95 13 12
    endloop
  endfacet
  facet normal 1 0 0
    outer loop
      vertex 59.95 13 12
      vertex 59.95 16 8.95
      vertex 59.95 16 12
    endloop
  endfacet
  facet normal 0 0 1
    outer loop
      vertex 59.95 13 8.95
      vertex 66.05 13 8.95
      vertex 66.05 16 8.95
    endloop
  endfacet
  facet normal -1 0 0
    outer loop
      vertex 66.05 13 8.95
      vertex 66.05 16 12
      vertex 66.05 16 8.95
    endloop
  endfacet
  facet normal -1 0 0
    outer loop
      vertex 66.05 13 8.95
      vertex 66.05 13 12
      vertex 66.05 16 12
    endloop
  endfacet
  facet normal 0 0 1
    outer loop
      vertex 47.95 13 8.95
      vertex 54.05 16 8.95
      vertex 47.95 16 8.95
    endloop
  endfacet
  facet normal 0 0 1
    outer loop
      vertex 47.95 13 8.95
      vertex 54.05 13 8.95
      vertex 54.05 16 8.95
    endloop
  endfacet
  facet normal 1 0 0
    outer loop
      vertex 47.95 13 8.95
      vertex 47.95 16 8.95
      vertex 47.95 13 12
    endloop
  endfacet
  facet normal -1 0 0
    outer loop
      vertex 54.05 13 8.95
      vertex 54.05 16 12
      vertex 54.05 16 8.95
    endloop
  endfacet
  facet normal 1 0 0
    outer loop
      vertex 47.95 13 12
      vertex 47.95 16 8.95
      vertex 47.95 16 12
    endloop
  endfacet
  facet normal -1 0 0
    outer loop
      vertex 54.05 13 8.95
      vertex 54.05 13 12
      vertex 54.05 16 12
    endloop
  endfacet
  facet normal 0 0 1
    outer loop
      vertex 47.95 124 8.95
      vertex 47.95 121 8.95
      vertex 54.05 124 8.95
    endloop
  endfacet
  facet normal 0 0 1
    outer loop
      vertex 54.05 124 8.95
      vertex 47.95 121 8.95
      vertex 54.05 121 8.95
    endloop
  endfacet
  facet normal 1 0 0
    outer loop
      vertex 47.95 124 8.95
      vertex 47.95 121 12
      vertex 47.95 121 8.95
    endloop
  endfacet
  facet normal -1 0 0
    outer loop
      vertex 54.05 124 8.95
      vertex 54.05 121 8.95
      vertex 54.05 124 12
    endloop
  endfacet
  facet normal 1 0 0
    outer loop
      vertex 47.95 124 8.95
      vertex 47.95 124 12
      vertex 47.95 121 12
    endloop
  endfacet
  facet normal -1 0 0
    outer loop
      vertex 54.05 124 12
      vertex 54.05 121 8.95
      vertex 54.05 121 12
    endloop
  endfacet
  facet normal 0 0 1
    outer loop
      vertex -2.098076211353316 -1 12
      vertex -1.8800600208737057 -1.326284287026162 12
      vertex 0 0 12
    endloop
  endfacet
  facet normal 0 0 1
    outer loop
      vertex -1.6213203435596428 -1.6213203435596428 12
      vertex 0 0 12
      vertex -1.8800600208737057 -1.326284287026162 12
    endloop
  endfacet
  facet normal 0 0 1
    outer loop
      vertex -1.6213203435596428 -1.6213203435596428 12
      vertex -1.326284287026162 -1.8800600208737057 12
      vertex 0 0 12
    endloop
  endfacet
  facet normal 0 0 1
    outer loop
      vertex -2.397777478867205 -0.2764571353075622 12
      vertex 0 0 12
      vertex -2.474334584121431 0.10842142333984528 12
    endloop
  endfacet
  facet normal 0 0 1
    outer loop
      vertex -2.27163859753386 -0.6480502970952693 12
      vertex 0 0 12
      vertex -2.397777478867205 -0.2764571353075622 12
    endloop
  endfacet
  facet normal 0 0 1
    outer loop
      vertex -2.474334584121431 0.10842142333984528 12
      vertex 0 0 12
      vertex -2.5 0.5 12
    endloop
  endfacet
  facet normal 0 0 1
    outer loop
      vertex -2.098076211353316 -1 12
      vertex 0 0 12
      vertex -2.27163859753386 -0.6480502970952693 12
    endloop
  endfacet
  facet normal 0 0 1
    outer loop
      vertex 2.0332332985438244 2.956192854956397 12
      vertex 2.4644660940672622 2.4644660940672622 12
      vertex 4.585786437626905 4.585786437626905 12
    endloop
  endfacet
  facet normal 0 0 1
    outer loop
      vertex 2.0332332985438244 2.956192854956397 12
      vertex 4.41329331941753 4.782477141982559 12
      vertex 1.6698729810778072 3.5 12
    endloop
  endfacet
  facet normal 0 0 1
    outer loop
      vertex 2.956192854956397 2.0332332985438244 12
      vertex 4.782477141982559 4.41329331941753 12
      vertex 2.4644660940672622 2.4644660940672622 12
    endloop
  endfacet
  facet normal 0 0 1
    outer loop
      vertex 1.380602337443566 4.086582838174551 12
      vertex 4.152240934977426 5.234633135269821 12
      vertex 1.1703708685546585 4.705904774487396 12
    endloop
  endfacet
  facet normal 0 0 1
    outer loop
      vertex 1.380602337443566 4.086582838174551 12
      vertex 1.6698729810778072 3.5 12
      vertex 4.267949192431123 5 12
    endloop
  endfacet
  facet normal 0 0 1
    outer loop
      vertex 1.6698729810778072 3.5 12
      vertex 4.41329331941753 4.782477141982559 12
      vertex 4.267949192431123 5 12
    endloop
  endfacet
  facet normal 0 0 1
    outer loop
      vertex 1.380602337443566 4.086582838174551 12
      vertex 4.267949192431123 5 12
      vertex 4.152240934977426 5.234633135269821 12
    endloop
  endfacet
  facet normal 0 0 1
    outer loop
      vertex 4.152240934977426 5.234633135269821 12
      vertex 4.068148347421864 5.4823619097949585 12
      vertex 1.1703708685546585 4.705904774487396 12
    endloop
  endfacet
  facet normal 0 0 1
    outer loop
      vertex 4.017110277252379 5.738947615559897 12
      vertex 1.1703708685546585 4.705904774487396 12
      vertex 4.068148347421864 5.4823619097949585 12
    endloop
  endfacet
  facet normal 0 0 1
    outer loop
      vertex 4.017110277252379 5.738947615559897 12
      vertex 4 6 12
      vertex 1.1703708685546585 4.705904774487396 12
    endloop
  endfacet
  facet normal 0 0 1
    outer loop
      vertex 4 6 12
      vertex 4.017110277252379 6.261052384440103 12
      vertex 1.1703708685546585 4.705904774487396 12
    endloop
  endfacet
  facet normal 0 0 1
    outer loop
      vertex 4.017110277252379 6.261052384440103 12
      vertex 4.068148347421864 6.5176380902050415 12
      vertex 1.1703708685546585 4.705904774487396 12
    endloop
  endfacet
  facet normal 0 0 1
    outer loop
      vertex 4.068148347421864 6.5176380902050415 12
      vertex 4.152240934977426 6.765366864730179 12
      vertex 1.1703708685546585 4.705904774487396 12
    endloop
  endfacet
  facet normal 0 0 1
    outer loop
      vertex 4.152240934977426 6.765366864730179 12
      vertex 4.267949192431123 7 12
      vertex 1.1703708685546585 4.705904774487396 12
    endloop
  endfacet
  facet normal 0 0 1
    outer loop
      vertex 4.267949192431123 7 12
      vertex 4.41329331941753 7.217522858017441 12
      vertex 1.1703708685546585 4.705904774487396 12
    endloop
  endfacet
  facet normal 0 0 1
    outer loop
      vertex 4.41329331941753 7.217522858017441 12
      vertex 4.585786437626905 7.414213562373095 12
      vertex 1.1703708685546585 4.705904774487396 12
    endloop
  endfacet
  facet normal 0 0 1
    outer loop
      vertex 2.956192854956397 2.0332332985438244 12
      vertex 3.5 1.6698729810778072 12
      vertex 4.782477141982559 4.41329331941753 12
    endloop
  endfacet
  facet normal 0 0 1
    outer loop
      vertex 4.086582838174551 1.380602337443566 12
      vertex 5 4.267949192431123 12
      vertex 3.5 1.6698729810778072 12
    endloop
  endfacet
  facet normal 0 0 1
    outer loop
      vertex 2.0332332985438244 2.956192854956397 12
      vertex 4.585786437626905 4.585786437626905 12
      vertex 4.41329331941753 4.782477141982559 12
    endloop
  endfacet
  facet normal 0 0 1
    outer loop
      vertex 4.585786437626905 4.585786437626905 12
      vertex 2.4644660940672622 2.4644660940672622 12
      vertex 4.782477141982559 4.41329331941753 12
    endloop
  endfacet
  facet normal 0 0 1
    outer loop
      vertex 3.5 1.6698729810778072 12
      vertex 5 4.267949192431123 12
      vertex 4.782477141982559 4.41329331941753 12
    endloop
  endfacet
  facet normal 0 0 1
    outer loop
      vertex 4.086582838174551 1.380602337443566 12
      vertex 4.705904774487396 1.1703708685546585 12
      vertex 5.234633135269821 4.152240934977426 12
    endloop
  endfacet
  facet normal 0 0 1
    outer loop
      vertex 4.705904774487396 1.1703708685546585 12
      vertex 5.347369038899743 1.042775693130948 12
      vertex 5.4823619097949585 4.068148347421864 12
    endloop
  endfacet
  facet normal 0 0 1
    outer loop
      vertex 4.086582838174551 1.380602337443566 12
      vertex 5.234633135269821 4.152240934977426 12
      vertex 5 4.267949192431123 12
    endloop
  endfacet
  facet normal 0 0 1
    outer loop
      vertex 4.705904774487396 1.1703708685546585 12
      vertex 5.4823619097949585 4.068148347421864 12
      vertex 5.234633135269821 4.152240934977426 12
    endloop
  endfacet
  facet normal 0 0 1
    outer loop
      vertex 5.347369038899743 1.042775693130948 12
      vertex 5.738947615559897 4.017110277252379 12
      vertex 5.4823619097949585 4.068148347421864 12
    endloop
  endfacet
  facet normal 0 0 1
    outer loop
      vertex 5.347369038899743 1.042775693130948 12
      vertex 6 1 12
      vertex 5.738947615559897 4.017110277252379 12
    endloop
  endfacet
  facet normal 0 0 1
    outer loop
      vertex 6 1 12
      vertex 6.652630961100257 1.042775693130948 12
      vertex 6 4 12
    endloop
  endfacet
  facet normal 0 0 1
    outer loop
      vertex 6 1 12
      vertex 6 4 12
      vertex 5.738947615559897 4.017110277252379 12
    endloop
  endfacet
  facet normal 0 0 1
    outer loop
      vertex 6.652630961100257 1.042775693130948 12
      vertex 6.261052384440103 4.017110277252379 12
      vertex 6 4 12
    endloop
  endfacet
  facet normal 0 0 1
    outer loop
      vertex 6.652630961100257 1.042775693130948 12
      vertex 7.294095225512604 1.1703708685546585 12
      vertex 6.261052384440103 4.017110277252379 12
    endloop
  endfacet
  facet normal 0 0 1
    outer loop
      vertex 7.294095225512604 1.1703708685546585 12
      vertex 7.913417161825449 1.380602337443566 12
      vertex 6.5176380902050415 4.068148347421864 12
    endloop
  endfacet
  facet normal 0 0 1
    outer loop
      vertex 7.294095225512604 1.1703708685546585 12
      vertex 6.5176380902050415 4.068148347421864 12
      vertex 6.261052384440103 4.017110277252379 12
    endloop
  endfacet
  facet normal 0 0 1
    outer loop
      vertex 7.913417161825449 1.380602337443566 12
      vertex 6.765366864730179 4.152240934977426 12
      vertex 6.5176380902050415 4.068148347421864 12
    endloop
  endfacet
  facet normal 0 0 1
    outer loop
      vertex 8.5 1.6698729810778072 12
      vertex 7 4.267949192431123 12
      vertex 6.765366864730179 4.152240934977426 12
    endloop
  endfacet
  facet normal 0 0 1
    outer loop
      vertex 7.913417161825449 1.380602337443566 12
      vertex 8.5 1.6698729810778072 12
      vertex 6.765366864730179 4.152240934977426 12
    endloop
  endfacet
  facet normal 0 0 1
    outer loop
      vertex 8.5 1.6698729810778072 12
      vertex 9.043807145043603 2.0332332985438244 12
      vertex 7 4.267949192431123 12
    endloop
  endfacet
  facet normal 0 0 1
    outer loop
      vertex 7 4.267949192431123 12
      vertex 9.043807145043603 2.0332332985438244 12
      vertex 7.217522858017441 4.41329331941753 12
    endloop
  endfacet
  facet normal 0 0 1
    outer loop
      vertex 7.217522858017441 4.41329331941753 12
      vertex 9.535533905932738 2.4644660940672622 12
      vertex 7.414213562373095 4.585786437626905 12
    endloop
  endfacet
  facet normal 0 0 1
    outer loop
      vertex 7.414213562373095 4.585786437626905 12
      vertex 9.966766701456176 2.956192854956397 12
      vertex 7.58670668058247 4.782477141982559 12
    endloop
  endfacet
  facet normal 0 0 1
    outer loop
      vertex 7.217522858017441 4.41329331941753 12
      vertex 9.043807145043603 2.0332332985438244 12
      vertex 9.535533905932738 2.4644660940672622 12
    endloop
  endfacet
  facet normal 0 0 1
    outer loop
      vertex 7.414213562373095 4.585786437626905 12
      vertex 9.535533905932738 2.4644660940672622 12
      vertex 9.966766701456176 2.956192854956397 12
    endloop
  endfacet
  facet normal 0 0 1
    outer loop
      vertex 7.58670668058247 4.782477141982559 12
      vertex 9.966766701456176 2.956192854956397 12
      vertex 10.330127018922193 3.5 12
    endloop
  endfacet
  facet normal 0 0 1
    outer loop
      vertex 7.58670668058247 4.782477141982559 12
      vertex 10.330127018922193 3.5 12
      vertex 7.732050807568877 5 12
    endloop
  endfacet
  facet normal 0 0 1
    outer loop
      vertex 7.732050807568877 5 12
      vertex 10.619397662556434 4.086582838174551 12
      vertex 7.847759065022574 5.234633135269821 12
    endloop
  endfacet
  facet normal 0 0 1
    outer loop
      vertex 7.847759065022574 5.234633135269821 12
      vertex 10.82962913144534 4.705904774487396 12
      vertex 7.931851652578136 5.4823619097949585 12
    endloop
  endfacet
  facet normal 0 0 1
    outer loop
      vertex 7.931851652578136 5.4823619097949585 12
      vertex 10.82962913144534 4.705904774487396 12
      vertex 7.982889722747621 5.738947615559897 12
    endloop
  endfacet
  facet normal 0 0 1
    outer loop
      vertex 7.732050807568877 5 12
      vertex 10.330127018922193 3.5 12
      vertex 10.619397662556434 4.086582838174551 12
    endloop
  endfacet
  facet normal 0 0 1
    outer loop
      vertex 7.982889722747621 5.738947615559897 12
      vertex 10.957224306869051 5.347369038899743 12
      vertex 8 6 12
    endloop
  endfacet
  facet normal 0 0 1
    outer loop
      vertex 8 6 12
      vertex 11 6 12
      vertex 7.982889722747621 6.261052384440103 12
    endloop
  endfacet
  facet normal 0 0 1
    outer loop
      vertex 7.982889722747621 6.261052384440103 12
      vertex 10.957224306869051 6.652630961100257 12
      vertex 7.931851652578136 6.5176380902050415 12
    endloop
  endfacet
  facet normal 0 0 1
    outer loop
      vertex 7.847759065022574 5.234633135269821 12
      vertex 10.619397662556434 4.086582838174551 12
      vertex 10.82962913144534 4.705904774487396 12
    endloop
  endfacet
  facet normal 0 0 1
    outer loop
      vertex 7.982889722747621 5.738947615559897 12
      vertex 10.82962913144534 4.705904774487396 12
      vertex 10.957224306869051 5.347369038899743 12
    endloop
  endfacet
  facet normal 0 0 1
    outer loop
      vertex 8 6 12
      vertex 10.957224306869051 5.347369038899743 12
      vertex 11 6 12
    endloop
  endfacet
  facet normal 0 0 1
    outer loop
      vertex 7.982889722747621 6.261052384440103 12
      vertex 11 6 12
      vertex 10.957224306869051 6.652630961100257 12
    endloop
  endfacet
  facet normal 0 0 1
    outer loop
      vertex 1.1703708685546585 7.294095225512604 12
      vertex 4.705904774487396 10.82962913144534 12
      vertex 1.380602337443566 7.913417161825449 12
    endloop
  endfacet
  facet normal 0 0 1
    outer loop
      vertex 1.1703708685546585 4.705904774487396 12
      vertex 6.652630961100257 10.957224306869051 12
      vertex 1.042775693130948 5.347369038899743 12
    endloop
  endfacet
  facet normal 0 0 1
    outer loop
      vertex 1.042775693130948 5.347369038899743 12
      vertex 6.652630961100257 10.957224306869051 12
      vertex 1 6 12
    endloop
  endfacet
  facet normal 0 0 1
    outer loop
      vertex 4.585786437626905 7.414213562373095 12
      vertex 4.782477141982559 7.58670668058247 12
      vertex 1.1703708685546585 4.705904774487396 12
    endloop
  endfacet
  facet normal 0 0 1
    outer loop
      vertex 1 6 12
      vertex 6.652630961100257 10.957224306869051 12
      vertex 1.042775693130948 6.652630961100257 12
    endloop
  endfacet
  facet normal 0 0 1
    outer loop
      vertex 1.042775693130948 6.652630961100257 12
      vertex 6.652630961100257 10.957224306869051 12
      vertex 1.1703708685546585 7.294095225512604 12
    endloop
  endfacet
  facet normal 0 0 1
    outer loop
      vertex 1.6698729810778072 8.5 12
      vertex 3.5 10.330127018922193 12
      vertex 2.0332332985438244 9.043807145043603 12
    endloop
  endfacet
  facet normal 0 0 1
    outer loop
      vertex 1.380602337443566 7.913417161825449 12
      vertex 4.705904774487396 10.82962913144534 12
      vertex 1.6698729810778072 8.5 12
    endloop
  endfacet
  facet normal 0 0 1
    outer loop
      vertex 2.0332332985438244 9.043807145043603 12
      vertex 3.5 10.330127018922193 12
      vertex 2.4644660940672622 9.535533905932738 12
    endloop
  endfacet
  facet normal 0 0 1
    outer loop
      vertex 2.4644660940672622 9.535533905932738 12
      vertex 3.5 10.330127018922193 12
      vertex 2.956192854956397 9.966766701456176 12
    endloop
  endfacet
  facet normal 0 0 1
    outer loop
      vertex 1.6698729810778072 8.5 12
      vertex 4.086582838174551 10.619397662556434 12
      vertex 3.5 10.330127018922193 12
    endloop
  endfacet
  facet normal 0 0 1
    outer loop
      vertex 1.6698729810778072 8.5 12
      vertex 4.705904774487396 10.82962913144534 12
      vertex 4.086582838174551 10.619397662556434 12
    endloop
  endfacet
  facet normal 0 0 1
    outer loop
      vertex 4.782477141982559 7.58670668058247 12
      vertex 7.294095225512604 10.82962913144534 12
      vertex 1.1703708685546585 4.705904774487396 12
    endloop
  endfacet
  facet normal 0 0 1
    outer loop
      vertex 1.1703708685546585 4.705904774487396 12
      vertex 7.294095225512604 10.82962913144534 12
      vertex 6.652630961100257 10.957224306869051 12
    endloop
  endfacet
  facet normal 0 0 1
    outer loop
      vertex 1.1703708685546585 7.294095225512604 12
      vertex 5.347369038899743 10.957224306869051 12
      vertex 4.705904774487396 10.82962913144534 12
    endloop
  endfacet
  facet normal 0 0 1
    outer loop
      vertex 1.1703708685546585 7.294095225512604 12
      vertex 6 11 12
      vertex 5.347369038899743 10.957224306869051 12
    endloop
  endfacet
  facet normal 0 0 1
    outer loop
      vertex 1.1703708685546585 7.294095225512604 12
      vertex 6.652630961100257 10.957224306869051 12
      vertex 6 11 12
    endloop
  endfacet
  facet normal 0 0 1
    outer loop
      vertex 4.782477141982559 7.58670668058247 12
      vertex 5 7.732050807568877 12
      vertex 7.294095225512604 10.82962913144534 12
    endloop
  endfacet
  facet normal 0 0 1
    outer loop
      vertex 5 7.732050807568877 12
      vertex 5.234633135269821 7.847759065022574 12
      vertex 7.294095225512604 10.82962913144534 12
    endloop
  endfacet
  facet normal 0 0 1
    outer loop
      vertex 5.234633135269821 7.847759065022574 12
      vertex 5.4823619097949585 7.931851652578136 12
      vertex 7.294095225512604 10.82962913144534 12
    endloop
  endfacet
  facet normal 0 0 1
    outer loop
      vertex 6.5176380902050415 7.931851652578136 12
      vertex 6.765366864730179 7.847759065022574 12
      vertex 7.294095225512604 10.82962913144534 12
    endloop
  endfacet
  facet normal 0 0 1
    outer loop
      vertex 6.765366864730179 7.847759065022574 12
      vertex 7 7.732050807568877 12
      vertex 7.913417161825449 10.619397662556434 12
    endloop
  endfacet
  facet normal 0 0 1
    outer loop
      vertex 7.217522858017441 7.58670668058247 12
      vertex 8.5 10.330127018922193 12
      vertex 7 7.732050807568877 12
    endloop
  endfacet
  facet normal 0 0 1
    outer loop
      vertex 5.4823619097949585 7.931851652578136 12
      vertex 5.738947615559897 7.982889722747621 12
      vertex 7.294095225512604 10.82962913144534 12
    endloop
  endfacet
  facet normal 0 0 1
    outer loop
      vertex 5.738947615559897 7.982889722747621 12
      vertex 6 8 12
      vertex 7.294095225512604 10.82962913144534 12
    endloop
  endfacet
  facet normal 0 0 1
    outer loop
      vertex 6 8 12
      vertex 6.261052384440103 7.982889722747621 12
      vertex 7.294095225512604 10.82962913144534 12
    endloop
  endfacet
  facet normal 0 0 1
    outer loop
      vertex 6.261052384440103 7.982889722747621 12
      vertex 6.5176380902050415 7.931851652578136 12
      vertex 7.294095225512604 10.82962913144534 12
    endloop
  endfacet
  facet normal 0 0 1
    outer loop
      vertex 6.765366864730179 7.847759065022574 12
      vertex 7.913417161825449 10.619397662556434 12
      vertex 7.294095225512604 10.82962913144534 12
    endloop
  endfacet
  facet normal 0 0 1
    outer loop
      vertex 7.58670668058247 7.217522858017441 12
      vertex 7.732050807568877 7 12
      vertex 10.330127018922193 8.5 12
    endloop
  endfacet
  facet normal 0 0 1
    outer loop
      vertex 7.414213562373095 7.414213562373095 12
      vertex 9.535533905932738 9.535533905932738 12
      vertex 7.217522858017441 7.58670668058247 12
    endloop
  endfacet
  facet normal 0 0 1
    outer loop
      vertex 7.58670668058247 7.217522858017441 12
      vertex 9.966766701456176 9.043807145043603 12
      vertex 7.414213562373095 7.414213562373095 12
    endloop
  endfacet
  facet normal 0 0 1
    outer loop
      vertex 7.847759065022574 6.765366864730179 12
      vertex 7.931851652578136 6.5176380902050415 12
      vertex 10.82962913144534 7.294095225512604 12
    endloop
  endfacet
  facet normal 0 0 1
    outer loop
      vertex 7.732050807568877 7 12
      vertex 7.847759065022574 6.765366864730179 12
      vertex 10.619397662556434 7.913417161825449 12
    endloop
  endfacet
  facet normal 0 0 1
    outer loop
      vertex 7.414213562373095 7.414213562373095 12
      vertex 9.966766701456176 9.043807145043603 12
      vertex 9.535533905932738 9.535533905932738 12
    endloop
  endfacet
  facet normal 0 0 1
    outer loop
      vertex 7.58670668058247 7.217522858017441 12
      vertex 10.330127018922193 8.5 12
      vertex 9.966766701456176 9.043807145043603 12
    endloop
  endfacet
  facet normal 0 0 1
    outer loop
      vertex 7.732050807568877 7 12
      vertex 10.619397662556434 7.913417161825449 12
      vertex 10.330127018922193 8.5 12
    endloop
  endfacet
  facet normal 0 0 1
    outer loop
      vertex 7 7.732050807568877 12
      vertex 8.5 10.330127018922193 12
      vertex 7.913417161825449 10.619397662556434 12
    endloop
  endfacet
  facet normal 0 0 1
    outer loop
      vertex 7.217522858017441 7.58670668058247 12
      vertex 9.043807145043603 9.966766701456176 12
      vertex 8.5 10.330127018922193 12
    endloop
  endfacet
  facet normal 0 0 1
    outer loop
      vertex 9.043807145043603 9.966766701456176 12
      vertex 7.217522858017441 7.58670668058247 12
      vertex 9.535533905932738 9.535533905932738 12
    endloop
  endfacet
  facet normal 0 0 1
    outer loop
      vertex 7.931851652578136 6.5176380902050415 12
      vertex 10.957224306869051 6.652630961100257 12
      vertex 10.82962913144534 7.294095225512604 12
    endloop
  endfacet
  facet normal 0 0 1
    outer loop
      vertex 7.847759065022574 6.765366864730179 12
      vertex 10.82962913144534 7.294095225512604 12
      vertex 10.619397662556434 7.913417161825449 12
    endloop
  endfacet
  facet normal 0 0 1
    outer loop
      vertex -1 -2.098076211353316 12
      vertex 43.7 0 12
      vertex -1.326284287026162 -1.8800600208737057 12
    endloop
  endfacet
  facet normal 0 0 1
    outer loop
      vertex -1 -2.098076211353316 12
      vertex -0.6480502970952693 -2.27163859753386 12
      vertex 43.7 0 12
    endloop
  endfacet
  facet normal 0 0 1
    outer loop
      vertex 0 0 12
      vertex -1.326284287026162 -1.8800600208737057 12
      vertex 43.7 0 12
    endloop
  endfacet
  facet normal 0 0 1
    outer loop
      vertex -0.2764571353075622 -2.397777478867205 12
      vertex 43.7 0 12
      vertex -0.6480502970952693 -2.27163859753386 12
    endloop
  endfacet
  facet normal 0 0 1
    outer loop
      vertex -0.2764571353075622 -2.397777478867205 12
      vertex 0.10842142333984528 -2.474334584121431 12
      vertex 43.7 0 12
    endloop
  endfacet
  facet normal 0 0 1
    outer loop
      vertex 0.10842142333984528 -2.474334584121431 12
      vertex 0.5 -2.5 12
      vertex 43.7 0 12
    endloop
  endfacet
  facet normal 0 0 1
    outer loop
      vertex -2.5 0.5 12
      vertex 0 0 12
      vertex -2.5 136.5 12
    endloop
  endfacet
  facet normal 0 0 1
    outer loop
      vertex 43.7 0 12
      vertex 0.5 -2.5 12
      vertex 46.05 -2.5 12
    endloop
  endfacet
  facet normal 0 0 1
    outer loop
      vertex 46.05 13 12
      vertex 43.7 0 12
      vertex 46.05 -2.5 12
    endloop
  endfacet
  facet normal 0 0 1
    outer loop
      vertex 46.05 13 12
      vertex 43.7 16 12
      vertex 43.7 0 12
    endloop
  endfacet
  facet normal 0 0 1
    outer loop
      vertex 58.05 13 12
      vertex 55.95 -2.5 12
      vertex 58.05 -2.5 12
    endloop
  endfacet
  facet normal 0 0 1
    outer loop
      vertex 46.05 13 12
      vertex 47.95 16 12
      vertex 43.7 16 12
    endloop
  endfacet
  facet normal 0 0 1
    outer loop
      vertex 46.05 13 12
      vertex 47.95 13 12
      vertex 47.95 16 12
    endloop
  endfacet
  facet normal 0 0 1
    outer loop
      vertex 55.95 13 12
      vertex 55.95 -2.5 12
      vertex 58.05 13 12
    endloop
  endfacet
  facet normal 0 0 1
    outer loop
      vertex 54.05 13 12
      vertex 58.3 16 12
      vertex 54.05 16 12
    endloop
  endfacet
  facet normal 0 0 1
    outer loop
      vertex 54.05 13 12
      vertex 55.95 13 12
      vertex 58.3 16 12
    endloop
  endfacet
  facet normal 0 0 1
    outer loop
      vertex 55.95 13 12
      vertex 58.05 13 12
      vertex 58.3 16 12
    endloop
  endfacet
  facet normal 0 0 1
    outer loop
      vertex 58.05 13 12
      vertex 59.95 13 12
      vertex 58.3 16 12
    endloop
  endfacet
  facet normal 0 0 1
    outer loop
      vertex 59.95 13 12
      vertex 59.95 16 12
      vertex 58.3 16 12
    endloop
  endfacet
  facet normal 0 0 1
    outer loop
      vertex -2.5 136.5 12
      vertex 0 0 12
      vertex 0 137 12
    endloop
  endfacet
  facet normal 0 0 1
    outer loop
      vertex 1.380602337443566 129.08658283817456 12
      vertex 1.6698729810778072 128.5 12
      vertex 4.152240934977426 130.23463313526983 12
    endloop
  endfacet
  facet normal 0 0 1
    outer loop
      vertex 1.380602337443566 129.08658283817456 12
      vertex 4.068148347421864 130.48236190979495 12
      vertex 1.1703708685546585 129.7059047744874 12
    endloop
  endfacet
  facet normal 0 0 1
    outer loop
      vertex 2.0332332985438244 127.9561928549564 12
      vertex 2.4644660940672622 127.46446609406726 12
      vertex 4.41329331941753 129.78247714198255 12
    endloop
  endfacet
  facet normal 0 0 1
    outer loop
      vertex 2.956192854956397 127.03323329854382 12
      vertex 4.585786437626905 129.5857864376269 12
      vertex 2.4644660940672622 127.46446609406726 12
    endloop
  endfacet
  facet normal 0 0 1
    outer loop
      vertex 1.6698729810778072 128.5 12
      vertex 2.0332332985438244 127.9561928549564 12
      vertex 4.267949192431123 130 12
    endloop
  endfacet
  facet normal 0 0 1
    outer loop
      vertex 1.380602337443566 129.08658283817456 12
      vertex 4.152240934977426 130.23463313526983 12
      vertex 4.068148347421864 130.48236190979495 12
    endloop
  endfacet
  facet normal 0 0 1
    outer loop
      vertex 1.6698729810778072 128.5 12
      vertex 4.267949192431123 130 12
      vertex 4.152240934977426 130.23463313526983 12
    endloop
  endfacet
  facet normal 0 0 1
    outer loop
      vertex 3.5 126.6698729810778 12
      vertex 4.086582838174551 126.38060233744356 12
      vertex 5 129.26794919243113 12
    endloop
  endfacet
  facet normal 0 0 1
    outer loop
      vertex 4.705904774487396 126.17037086855466 12
      vertex 5.234633135269821 129.1522409349774 12
      vertex 4.086582838174551 126.38060233744356 12
    endloop
  endfacet
  facet normal 0 0 1
    outer loop
      vertex 4.705904774487396 126.17037086855466 12
      vertex 5.347369038899743 126.04277569313095 12
      vertex 5.738947615559897 129.01711027725239 12
    endloop
  endfacet
  facet normal 0 0 1
    outer loop
      vertex 2.956192854956397 127.03323329854382 12
      vertex 3.5 126.6698729810778 12
      vertex 4.782477141982559 129.41329331941753 12
    endloop
  endfacet
  facet normal 0 0 1
    outer loop
      vertex 2.956192854956397 127.03323329854382 12
      vertex 4.782477141982559 129.41329331941753 12
      vertex 4.585786437626905 129.5857864376269 12
    endloop
  endfacet
  facet normal 0 0 1
    outer loop
      vertex 3.5 126.6698729810778 12
      vertex 5 129.26794919243113 12
      vertex 4.782477141982559 129.41329331941753 12
    endloop
  endfacet
  facet normal 0 0 1
    outer loop
      vertex 2.0332332985438244 127.9561928549564 12
      vertex 4.41329331941753 129.78247714198255 12
      vertex 4.267949192431123 130 12
    endloop
  endfacet
  facet normal 0 0 1
    outer loop
      vertex 4.41329331941753 129.78247714198255 12
      vertex 2.4644660940672622 127.46446609406726 12
      vertex 4.585786437626905 129.5857864376269 12
    endloop
  endfacet
  facet normal 0 0 1
    outer loop
      vertex 4.086582838174551 126.38060233744356 12
      vertex 5.234633135269821 129.1522409349774 12
      vertex 5 129.26794919243113 12
    endloop
  endfacet
  facet normal 0 0 1
    outer loop
      vertex 4.705904774487396 126.17037086855466 12
      vertex 5.4823619097949585 129.06814834742187 12
      vertex 5.234633135269821 129.1522409349774 12
    endloop
  endfacet
  facet normal 0 0 1
    outer loop
      vertex 4.705904774487396 126.17037086855466 12
      vertex 5.738947615559897 129.01711027725239 12
      vertex 5.4823619097949585 129.06814834742187 12
    endloop
  endfacet
  facet normal 0 0 1
    outer loop
      vertex -2.5 136.5 12
      vertex 0 137 12
      vertex -2.474334584121431 136.89157857666015 12
    endloop
  endfacet
  facet normal 0 0 1
    outer loop
      vertex -2.474334584121431 136.89157857666015 12
      vertex 0 137 12
      vertex -2.397777478867205 137.27645713530757 12
    endloop
  endfacet
  facet normal 0 0 1
    outer loop
      vertex -2.27163859753386 137.64805029709527 12
      vertex -2.397777478867205 137.27645713530757 12
      vertex 0 137 12
    endloop
  endfacet
  facet normal 0 0 1
    outer loop
      vertex -2.27163859753386 137.64805029709527 12
      vertex 0 137 12
      vertex -2.098076211353316 138 12
    endloop
  endfacet
  facet normal 0 0 1
    outer loop
      vertex -2.098076211353316 138 12
      vertex 0 137 12
      vertex -1.8800600208737057 138.32628428702617 12
    endloop
  endfacet
  facet normal 0 0 1
    outer loop
      vertex -1.6213203435596428 138.62132034355963 12
      vertex -1.8800600208737057 138.32628428702617 12
      vertex 0 137 12
    endloop
  endfacet
  facet normal 0 0 1
    outer loop
      vertex -1.6213203435596428 138.62132034355963 12
      vertex 0 137 12
      vertex -1.326284287026162 138.8800600208737 12
    endloop
  endfacet
  facet normal 0 0 1
    outer loop
      vertex -1 139.09807621135332 12
      vertex -1.326284287026162 138.8800600208737 12
      vertex 0 137 12
    endloop
  endfacet
  facet normal 0 0 1
    outer loop
      vertex -1 139.09807621135332 12
      vertex 0 137 12
      vertex -0.6480502970952693 139.27163859753387 12
    endloop
  endfacet
  facet normal 0 0 1
    outer loop
      vertex -0.6480502970952693 139.27163859753387 12
      vertex 0 137 12
      vertex -0.2764571353075622 139.3977774788672 12
    endloop
  endfacet
  facet normal 0 0 1
    outer loop
      vertex -0.2764571353075622 139.3977774788672 12
      vertex 0 137 12
      vertex 0.10842142333984528 139.47433458412144 12
    endloop
  endfacet
  facet normal 0 0 1
    outer loop
      vertex 0.5 139.5 12
      vertex 0.10842142333984528 139.47433458412144 12
      vertex 0 137 12
    endloop
  endfacet
  facet normal 0 0 1
    outer loop
      vertex 1 131 12
      vertex 1.042775693130948 130.34736903889973 12
      vertex 4 131 12
    endloop
  endfacet
  facet normal 0 0 1
    outer loop
      vertex 1.1703708685546585 129.7059047744874 12
      vertex 4.017110277252379 130.7389476155599 12
      vertex 1.042775693130948 130.34736903889973 12
    endloop
  endfacet
  facet normal 0 0 1
    outer loop
      vertex 1 131 12
      vertex 4.017110277252379 131.2610523844401 12
      vertex 1.042775693130948 131.65263096110027 12
    endloop
  endfacet
  facet normal 0 0 1
    outer loop
      vertex 1.042775693130948 131.65263096110027 12
      vertex 4.068148347421864 131.51763809020505 12
      vertex 1.1703708685546585 132.2940952255126 12
    endloop
  endfacet
  facet normal 0 0 1
    outer loop
      vertex 1.1703708685546585 132.2940952255126 12
      vertex 4.152240934977426 131.76536686473017 12
      vertex 1.380602337443566 132.91341716182544 12
    endloop
  endfacet
  facet normal 0 0 1
    outer loop
      vertex 1.042775693130948 130.34736903889973 12
      vertex 4.017110277252379 130.7389476155599 12
      vertex 4 131 12
    endloop
  endfacet
  facet normal 0 0 1
    outer loop
      vertex 1 131 12
      vertex 4 131 12
      vertex 4.017110277252379 131.2610523844401 12
    endloop
  endfacet
  facet normal 0 0 1
    outer loop
      vertex 1.1703708685546585 129.7059047744874 12
      vertex 4.068148347421864 130.48236190979495 12
      vertex 4.017110277252379 130.7389476155599 12
    endloop
  endfacet
  facet normal 0 0 1
    outer loop
      vertex 1.042775693130948 131.65263096110027 12
      vertex 4.017110277252379 131.2610523844401 12
      vertex 4.068148347421864 131.51763809020505 12
    endloop
  endfacet
  facet normal 0 0 1
    outer loop
      vertex 1.1703708685546585 132.2940952255126 12
      vertex 4.068148347421864 131.51763809020505 12
      vertex 4.152240934977426 131.76536686473017 12
    endloop
  endfacet
  facet normal 0 0 1
    outer loop
      vertex 1.380602337443566 132.91341716182544 12
      vertex 4.152240934977426 131.76536686473017 12
      vertex 4.267949192431123 132 12
    endloop
  endfacet
  facet normal 0 0 1
    outer loop
      vertex 1.380602337443566 132.91341716182544 12
      vertex 4.267949192431123 132 12
      vertex 1.6698729810778072 133.5 12
    endloop
  endfacet
  facet normal 0 0 1
    outer loop
      vertex 1.6698729810778072 133.5 12
      vertex 4.41329331941753 132.21752285801745 12
      vertex 2.0332332985438244 134.04380714504362 12
    endloop
  endfacet
  facet normal 0 0 1
    outer loop
      vertex 1.6698729810778072 133.5 12
      vertex 4.267949192431123 132 12
      vertex 4.41329331941753 132.21752285801745 12
    endloop
  endfacet
  facet normal 0 0 1
    outer loop
      vertex 2.0332332985438244 134.04380714504362 12
      vertex 4.585786437626905 132.4142135623731 12
      vertex 2.4644660940672622 134.53553390593274 12
    endloop
  endfacet
  facet normal 0 0 1
    outer loop
      vertex 2.4644660940672622 134.53553390593274 12
      vertex 4.782477141982559 132.58670668058247 12
      vertex 2.956192854956397 134.96676670145618 12
    endloop
  endfacet
  facet normal 0 0 1
    outer loop
      vertex 2.0332332985438244 134.04380714504362 12
      vertex 4.41329331941753 132.21752285801745 12
      vertex 4.585786437626905 132.4142135623731 12
    endloop
  endfacet
  facet normal 0 0 1
    outer loop
      vertex 2.4644660940672622 134.53553390593274 12
      vertex 4.585786437626905 132.4142135623731 12
      vertex 4.782477141982559 132.58670668058247 12
    endloop
  endfacet
  facet normal 0 0 1
    outer loop
      vertex 4.782477141982559 132.58670668058247 12
      vertex 5 132.73205080756887 12
      vertex 2.956192854956397 134.96676670145618 12
    endloop
  endfacet
  facet normal 0 0 1
    outer loop
      vertex 5 132.73205080756887 12
      vertex 3.5 135.33012701892218 12
      vertex 2.956192854956397 134.96676670145618 12
    endloop
  endfacet
  facet normal 0 0 1
    outer loop
      vertex 5.234633135269821 132.8477590650226 12
      vertex 4.086582838174551 135.61939766255642 12
      vertex 3.5 135.33012701892218 12
    endloop
  endfacet
  facet normal 0 0 1
    outer loop
      vertex 5 132.73205080756887 12
      vertex 5.234633135269821 132.8477590650226 12
      vertex 3.5 135.33012701892218 12
    endloop
  endfacet
  facet normal 0 0 1
    outer loop
      vertex 5.234633135269821 132.8477590650226 12
      vertex 5.4823619097949585 132.93185165257813 12
      vertex 4.086582838174551 135.61939766255642 12
    endloop
  endfacet
  facet normal 0 0 1
    outer loop
      vertex 5.4823619097949585 132.93185165257813 12
      vertex 5.738947615559897 132.98288972274761 12
      vertex 4.705904774487396 135.82962913144533 12
    endloop
  endfacet
  facet normal 0 0 1
    outer loop
      vertex 5.4823619097949585 132.93185165257813 12
      vertex 4.705904774487396 135.82962913144533 12
      vertex 4.086582838174551 135.61939766255642 12
    endloop
  endfacet
  facet normal 0 0 1
    outer loop
      vertex 4.705904774487396 135.82962913144533 12
      vertex 5.738947615559897 132.98288972274761 12
      vertex 5.347369038899743 135.95722430686905 12
    endloop
  endfacet
  facet normal 0 0 1
    outer loop
      vertex 5.347369038899743 126.04277569313095 12
      vertex 6 126 12
      vertex 6 129 12
    endloop
  endfacet
  facet normal 0 0 1
    outer loop
      vertex 6 126 12
      vertex 6.652630961100257 126.04277569313095 12
      vertex 6.261052384440103 129.01711027725239 12
    endloop
  endfacet
  facet normal 0 0 1
    outer loop
      vertex 6.652630961100257 126.04277569313095 12
      vertex 7.294095225512604 126.17037086855466 12
      vertex 6.5176380902050415 129.06814834742187 12
    endloop
  endfacet
  facet normal 0 0 1
    outer loop
      vertex 7.294095225512604 126.17037086855466 12
      vertex 7.913417161825449 126.38060233744356 12
      vertex 6.765366864730179 129.1522409349774 12
    endloop
  endfacet
  facet normal 0 0 1
    outer loop
      vertex 5.347369038899743 126.04277569313095 12
      vertex 6 129 12
      vertex 5.738947615559897 129.01711027725239 12
    endloop
  endfacet
  facet normal 0 0 1
    outer loop
      vertex 6 126 12
      vertex 6.261052384440103 129.01711027725239 12
      vertex 6 129 12
    endloop
  endfacet
  facet normal 0 0 1
    outer loop
      vertex 6.652630961100257 126.04277569313095 12
      vertex 6.5176380902050415 129.06814834742187 12
      vertex 6.261052384440103 129.01711027725239 12
    endloop
  endfacet
  facet normal 0 0 1
    outer loop
      vertex 7.294095225512604 126.17037086855466 12
      vertex 6.765366864730179 129.1522409349774 12
      vertex 6.5176380902050415 129.06814834742187 12
    endloop
  endfacet
  facet normal 0 0 1
    outer loop
      vertex 6.765366864730179 129.1522409349774 12
      vertex 7.913417161825449 126.38060233744356 12
      vertex 7 129.26794919243113 12
    endloop
  endfacet
  facet normal 0 0 1
    outer loop
      vertex 7 129.26794919243113 12
      vertex 8.5 126.6698729810778 12
      vertex 7.217522858017441 129.41329331941753 12
    endloop
  endfacet
  facet normal 0 0 1
    outer loop
      vertex 7 129.26794919243113 12
      vertex 7.913417161825449 126.38060233744356 12
      vertex 8.5 126.6698729810778 12
    endloop
  endfacet
  facet normal 0 0 1
    outer loop
      vertex 7.217522858017441 129.41329331941753 12
      vertex 9.043807145043603 127.03323329854382 12
      vertex 7.414213562373095 129.5857864376269 12
    endloop
  endfacet
  facet normal 0 0 1
    outer loop
      vertex 7.217522858017441 129.41329331941753 12
      vertex 8.5 126.6698729810778 12
      vertex 9.043807145043603 127.03323329854382 12
    endloop
  endfacet
  facet normal 0 0 1
    outer loop
      vertex 7.414213562373095 129.5857864376269 12
      vertex 9.535533905932738 127.46446609406726 12
      vertex 7.58670668058247 129.78247714198255 12
    endloop
  endfacet
  facet normal 0 0 1
    outer loop
      vertex 7.58670668058247 129.78247714198255 12
      vertex 9.966766701456176 127.9561928549564 12
      vertex 7.732050807568877 130 12
    endloop
  endfacet
  facet normal 0 0 1
    outer loop
      vertex 7.414213562373095 129.5857864376269 12
      vertex 9.043807145043603 127.03323329854382 12
      vertex 9.535533905932738 127.46446609406726 12
    endloop
  endfacet
  facet normal 0 0 1
    outer loop
      vertex 7.58670668058247 129.78247714198255 12
      vertex 9.535533905932738 127.46446609406726 12
      vertex 9.966766701456176 127.9561928549564 12
    endloop
  endfacet
  facet normal 0 0 1
    outer loop
      vertex 10.330127018922193 128.5 12
      vertex 7.847759065022574 130.23463313526983 12
      vertex 7.732050807568877 130 12
    endloop
  endfacet
  facet normal 0 0 1
    outer loop
      vertex 10.619397662556434 129.08658283817456 12
      vertex 7.931851652578136 130.48236190979495 12
      vertex 7.847759065022574 130.23463313526983 12
    endloop
  endfacet
  facet normal 0 0 1
    outer loop
      vertex 9.966766701456176 127.9561928549564 12
      vertex 10.330127018922193 128.5 12
      vertex 7.732050807568877 130 12
    endloop
  endfacet
  facet normal 0 0 1
    outer loop
      vertex 10.330127018922193 128.5 12
      vertex 10.619397662556434 129.08658283817456 12
      vertex 7.847759065022574 130.23463313526983 12
    endloop
  endfacet
  facet normal 0 0 1
    outer loop
      vertex 10.619397662556434 129.08658283817456 12
      vertex 10.82962913144534 129.7059047744874 12
      vertex 7.931851652578136 130.48236190979495 12
    endloop
  endfacet
  facet normal 0 0 1
    outer loop
      vertex 5.738947615559897 132.98288972274761 12
      vertex 6 133 12
      vertex 5.347369038899743 135.95722430686905 12
    endloop
  endfacet
  facet normal 0 0 1
    outer loop
      vertex 6 133 12
      vertex 6.261052384440103 132.98288972274761 12
      vertex 6 136 12
    endloop
  endfacet
  facet normal 0 0 1
    outer loop
      vertex 6.5176380902050415 132.93185165257813 12
      vertex 6.652630961100257 135.95722430686905 12
      vertex 6.261052384440103 132.98288972274761 12
    endloop
  endfacet
  facet normal 0 0 1
    outer loop
      vertex 7 132.73205080756887 12
      vertex 7.217522858017441 132.58670668058247 12
      vertex 8.5 135.33012701892218 12
    endloop
  endfacet
  facet normal 0 0 1
    outer loop
      vertex 6.5176380902050415 132.93185165257813 12
      vertex 6.765366864730179 132.8477590650226 12
      vertex 7.294095225512604 135.82962913144533 12
    endloop
  endfacet
  facet normal 0 0 1
    outer loop
      vertex 6.765366864730179 132.8477590650226 12
      vertex 7 132.73205080756887 12
      vertex 7.913417161825449 135.61939766255642 12
    endloop
  endfacet
  facet normal 0 0 1
    outer loop
      vertex 10.82962913144534 129.7059047744874 12
      vertex 7.982889722747621 130.7389476155599 12
      vertex 7.931851652578136 130.48236190979495 12
    endloop
  endfacet
  facet normal 0 0 1
    outer loop
      vertex 7.982889722747621 130.7389476155599 12
      vertex 10.957224306869051 130.34736903889973 12
      vertex 8 131 12
    endloop
  endfacet
  facet normal 0 0 1
    outer loop
      vertex 8 131 12
      vertex 10.957224306869051 131.65263096110027 12
      vertex 7.982889722747621 131.2610523844401 12
    endloop
  endfacet
  facet normal 0 0 1
    outer loop
      vertex 7.982889722747621 131.2610523844401 12
      vertex 10.82962913144534 132.2940952255126 12
      vertex 7.931851652578136 131.51763809020505 12
    endloop
  endfacet
  facet normal 0 0 1
    outer loop
      vertex 7.931851652578136 131.51763809020505 12
      vertex 10.619397662556434 132.91341716182544 12
      vertex 7.847759065022574 131.76536686473017 12
    endloop
  endfacet
  facet normal 0 0 1
    outer loop
      vertex 7.217522858017441 132.58670668058247 12
      vertex 7.414213562373095 132.4142135623731 12
      vertex 9.043807145043603 134.96676670145618 12
    endloop
  endfacet
  facet normal 0 0 1
    outer loop
      vertex 7.58670668058247 132.21752285801745 12
      vertex 7.732050807568877 132 12
      vertex 9.966766701456176 134.04380714504362 12
    endloop
  endfacet
  facet normal 0 0 1
    outer loop
      vertex 7.58670668058247 132.21752285801745 12
      vertex 9.535533905932738 134.53553390593274 12
      vertex 7.414213562373095 132.4142135623731 12
    endloop
  endfacet
  facet normal 0 0 1
    outer loop
      vertex 7 132.73205080756887 12
      vertex 8.5 135.33012701892218 12
      vertex 7.913417161825449 135.61939766255642 12
    endloop
  endfacet
  facet normal 0 0 1
    outer loop
      vertex 7.217522858017441 132.58670668058247 12
      vertex 9.043807145043603 134.96676670145618 12
      vertex 8.5 135.33012701892218 12
    endloop
  endfacet
  facet normal 0 0 1
    outer loop
      vertex 7.732050807568877 132 12
      vertex 7.847759065022574 131.76536686473017 12
      vertex 10.330127018922193 133.5 12
    endloop
  endfacet
  facet normal 0 0 1
    outer loop
      vertex 7.732050807568877 132 12
      vertex 10.330127018922193 133.5 12
      vertex 9.966766701456176 134.04380714504362 12
    endloop
  endfacet
  facet normal 0 0 1
    outer loop
      vertex 7.414213562373095 132.4142135623731 12
      vertex 9.535533905932738 134.53553390593274 12
      vertex 9.043807145043603 134.96676670145618 12
    endloop
  endfacet
  facet normal 0 0 1
    outer loop
      vertex 7.58670668058247 132.21752285801745 12
      vertex 9.966766701456176 134.04380714504362 12
      vertex 9.535533905932738 134.53553390593274 12
    endloop
  endfacet
  facet normal 0 0 1
    outer loop
      vertex 6 133 12
      vertex 6 136 12
      vertex 5.347369038899743 135.95722430686905 12
    endloop
  endfacet
  facet normal 0 0 1
    outer loop
      vertex 6.261052384440103 132.98288972274761 12
      vertex 6.652630961100257 135.95722430686905 12
      vertex 6 136 12
    endloop
  endfacet
  facet normal 0 0 1
    outer loop
      vertex 6.5176380902050415 132.93185165257813 12
      vertex 7.294095225512604 135.82962913144533 12
      vertex 6.652630961100257 135.95722430686905 12
    endloop
  endfacet
  facet normal 0 0 1
    outer loop
      vertex 6.765366864730179 132.8477590650226 12
      vertex 7.913417161825449 135.61939766255642 12
      vertex 7.294095225512604 135.82962913144533 12
    endloop
  endfacet
  facet normal 0 0 1
    outer loop
      vertex 10.82962913144534 129.7059047744874 12
      vertex 10.957224306869051 130.34736903889973 12
      vertex 7.982889722747621 130.7389476155599 12
    endloop
  endfacet
  facet normal 0 0 1
    outer loop
      vertex 8 131 12
      vertex 10.957224306869051 130.34736903889973 12
      vertex 11 131 12
    endloop
  endfacet
  facet normal 0 0 1
    outer loop
      vertex 8 131 12
      vertex 11 131 12
      vertex 10.957224306869051 131.65263096110027 12
    endloop
  endfacet
  facet normal 0 0 1
    outer loop
      vertex 7.982889722747621 131.2610523844401 12
      vertex 10.957224306869051 131.65263096110027 12
      vertex 10.82962913144534 132.2940952255126 12
    endloop
  endfacet
  facet normal 0 0 1
    outer loop
      vertex 7.931851652578136 131.51763809020505 12
      vertex 10.82962913144534 132.2940952255126 12
      vertex 10.619397662556434 132.91341716182544 12
    endloop
  endfacet
  facet normal 0 0 1
    outer loop
      vertex 7.847759065022574 131.76536686473017 12
      vertex 10.619397662556434 132.91341716182544 12
      vertex 10.330127018922193 133.5 12
    endloop
  endfacet
  facet normal 0 0 1
    outer loop
      vertex 0.5 139.5 12
      vertex 0 137 12
      vertex 46.05 139.5 12
    endloop
  endfacet
  facet normal 0 0 1
    outer loop
      vertex 43.7 137 12
      vertex 46.05 139.5 12
      vertex 0 137 12
    endloop
  endfacet
  facet normal 0 0 1
    outer loop
      vertex 46.05 124 12
      vertex 43.7 137 12
      vertex 43.7 121 12
    endloop
  endfacet
  facet normal 0 0 1
    outer loop
      vertex 46.05 124 12
      vertex 46.05 139.5 12
      vertex 43.7 137 12
    endloop
  endfacet
  facet normal 0 0 1
    outer loop
      vertex 47.95 124 12
      vertex 43.7 121 12
      vertex 47.95 121 12
    endloop
  endfacet
  facet normal 0 0 1
    outer loop
      vertex 46.05 124 12
      vertex 43.7 121 12
      vertex 47.95 124 12
    endloop
  endfacet
  facet normal 0 0 1
    outer loop
      vertex 54.05 124 12
      vertex 54.05 121 12
      vertex 55.95 124 12
    endloop
  endfacet
  facet normal 0 0 1
    outer loop
      vertex 58.05 124 12
      vertex 54.05 121 12
      vertex 58.3 121 12
    endloop
  endfacet
  facet normal 0 0 1
    outer loop
      vertex 55.95 124 12
      vertex 54.05 121 12
      vertex 58.05 124 12
    endloop
  endfacet
  facet normal 0 0 1
    outer loop
      vertex 55.95 124 12
      vertex 58.05 124 12
      vertex 58.05 139.5 12
    endloop
  endfacet
  facet normal 0 0 1
    outer loop
      vertex 59.95 124 12
      vertex 58.3 121 12
      vertex 59.95 121 12
    endloop
  endfacet
  facet normal 0 0 1
    outer loop
      vertex 58.05 124 12
      vertex 58.3 121 12
      vertex 59.95 124 12
    endloop
  endfacet
  facet normal 0 0 1
    outer loop
      vertex 55.95 124 12
      vertex 58.05 139.5 12
      vertex 55.95 139.5 12
    endloop
  endfacet
  facet normal 0 0 1
    outer loop
      vertex 70.05 13 12
      vertex 67.95 -2.5 12
      vertex 70.05 -2.5 12
    endloop
  endfacet
  facet normal 0 0 1
    outer loop
      vertex 67.95 13 12
      vertex 67.95 -2.5 12
      vertex 70.05 13 12
    endloop
  endfacet
  facet normal 0 0 1
    outer loop
      vertex 66.05 13 12
      vertex 67.7 16 12
      vertex 66.05 16 12
    endloop
  endfacet
  facet normal 0 0 1
    outer loop
      vertex 66.05 13 12
      vertex 67.95 13 12
      vertex 67.7 16 12
    endloop
  endfacet
  facet normal 0 0 1
    outer loop
      vertex 67.95 13 12
      vertex 70.05 13 12
      vertex 71.95 16 12
    endloop
  endfacet
  facet normal 0 0 1
    outer loop
      vertex 67.95 13 12
      vertex 71.95 16 12
      vertex 67.7 16 12
    endloop
  endfacet
  facet normal 0 0 1
    outer loop
      vertex 70.05 13 12
      vertex 71.95 13 12
      vertex 71.95 16 12
    endloop
  endfacet
  facet normal 0 0 1
    outer loop
      vertex 82.05 13 12
      vertex 79.95 -2.5 12
      vertex 82.05 -2.5 12
    endloop
  endfacet
  facet normal 0 0 1
    outer loop
      vertex 94.05 13 12
      vertex 91.95 -2.5 12
      vertex 94.05 -2.5 12
    endloop
  endfacet
  facet normal 0 0 1
    outer loop
      vertex 79.95 13 12
      vertex 79.95 -2.5 12
      vertex 82.05 13 12
    endloop
  endfacet
  facet normal 0 0 1
    outer loop
      vertex 78.05 13 12
      vertex 79.95 13 12
      vertex 82.3 16 12
    endloop
  endfacet
  facet normal 0 0 1
    outer loop
      vertex 78.05 13 12
      vertex 82.3 16 12
      vertex 78.05 16 12
    endloop
  endfacet
  facet normal 0 0 1
    outer loop
      vertex 79.95 13 12
      vertex 82.05 13 12
      vertex 82.3 16 12
    endloop
  endfacet
  facet normal 0 0 1
    outer loop
      vertex 82.05 13 12
      vertex 83.95 13 12
      vertex 82.3 16 12
    endloop
  endfacet
  facet normal 0 0 1
    outer loop
      vertex 83.95 13 12
      vertex 83.95 16 12
      vertex 82.3 16 12
    endloop
  endfacet
  facet normal 0 0 1
    outer loop
      vertex 91.95 13 12
      vertex 91.95 -2.5 12
      vertex 94.05 13 12
    endloop
  endfacet
  facet normal 0 0 1
    outer loop
      vertex 90.05 13 12
      vertex 91.7 16 12
      vertex 90.05 16 12
    endloop
  endfacet
  facet normal 0 0 1
    outer loop
      vertex 90.05 13 12
      vertex 91.95 13 12
      vertex 91.7 16 12
    endloop
  endfacet
  facet normal 0 0 1
    outer loop
      vertex 91.95 13 12
      vertex 95.95 16 12
      vertex 91.7 16 12
    endloop
  endfacet
  facet normal 0 0 1
    outer loop
      vertex 91.95 13 12
      vertex 94.05 13 12
      vertex 95.95 16 12
    endloop
  endfacet
  facet normal 0 0 1
    outer loop
      vertex 106.05 13 12
      vertex 103.95 -2.5 12
      vertex 106.05 -2.5 12
    endloop
  endfacet
  facet normal 0 0 1
    outer loop
      vertex 94.05 13 12
      vertex 95.95 13 12
      vertex 95.95 16 12
    endloop
  endfacet
  facet normal 0 0 1
    outer loop
      vertex 103.95 13 12
      vertex 103.95 -2.5 12
      vertex 106.05 13 12
    endloop
  endfacet
  facet normal 0 0 1
    outer loop
      vertex 102.05 13 12
      vertex 103.95 13 12
      vertex 106.3 16 12
    endloop
  endfacet
  facet normal 0 0 1
    outer loop
      vertex 102.05 13 12
      vertex 106.3 16 12
      vertex 102.05 16 12
    endloop
  endfacet
  facet normal 0 0 1
    outer loop
      vertex 103.95 13 12
      vertex 106.05 13 12
      vertex 106.3 16 12
    endloop
  endfacet
  facet normal 0 0 1
    outer loop
      vertex 106.05 13 12
      vertex 107.95 13 12
      vertex 106.3 16 12
    endloop
  endfacet
  facet normal 0 0 1
    outer loop
      vertex 107.95 13 12
      vertex 107.95 16 12
      vertex 106.3 16 12
    endloop
  endfacet
  facet normal 0 0 1
    outer loop
      vertex 118.3 1.0196630388445713 12
      vertex 115.95 -2.5 12
      vertex 118.3 0 12
    endloop
  endfacet
  facet normal 0 0 1
    outer loop
      vertex 118.3 1.0196630388445713 12
      vertex 118.3 4.02485743966719 12
      vertex 115.95 -2.5 12
    endloop
  endfacet
  facet normal 0 0 1
    outer loop
      vertex 118.65263096110026 1.042775693130948 12
      vertex 118.3 4.02485743966719 12
      vertex 118.3 1.0196630388445713 12
    endloop
  endfacet
  facet normal 0 0 1
    outer loop
      vertex 118.3 4.02485743966719 12
      vertex 118.3 7.97514256033281 12
      vertex 115.95 -2.5 12
    endloop
  endfacet
  facet normal 0 0 1
    outer loop
      vertex 115.95 13 12
      vertex 115.95 -2.5 12
      vertex 118.3 7.97514256033281 12
    endloop
  endfacet
  facet normal 0 0 1
    outer loop
      vertex 123.5 -2.5 12
      vertex 118.3 0 12
      vertex 115.95 -2.5 12
    endloop
  endfacet
  facet normal 0 0 1
    outer loop
      vertex 123.5 -2.5 12
      vertex 124 0 12
      vertex 118.3 0 12
    endloop
  endfacet
  facet normal 0 0 1
    outer loop
      vertex 118.65263096110026 1.042775693130948 12
      vertex 119.2940952255126 1.1703708685546585 12
      vertex 118.51763809020504 4.068148347421864 12
    endloop
  endfacet
  facet normal 0 0 1
    outer loop
      vertex 119.2940952255126 1.1703708685546585 12
      vertex 119.91341716182545 1.380602337443566 12
      vertex 118.76536686473018 4.152240934977426 12
    endloop
  endfacet
  facet normal 0 0 1
    outer loop
      vertex 118.65263096110026 1.042775693130948 12
      vertex 118.51763809020504 4.068148347421864 12
      vertex 118.3 4.02485743966719 12
    endloop
  endfacet
  facet normal 0 0 1
    outer loop
      vertex 119.2940952255126 1.1703708685546585 12
      vertex 118.76536686473018 4.152240934977426 12
      vertex 118.51763809020504 4.068148347421864 12
    endloop
  endfacet
  facet normal 0 0 1
    outer loop
      vertex 119.91341716182545 1.380602337443566 12
      vertex 119 4.267949192431123 12
      vertex 118.76536686473018 4.152240934977426 12
    endloop
  endfacet
  facet normal 0 0 1
    outer loop
      vertex 119.91341716182545 1.380602337443566 12
      vertex 120.5 1.6698729810778072 12
      vertex 119 4.267949192431123 12
    endloop
  endfacet
  facet normal 0 0 1
    outer loop
      vertex 120.5 1.6698729810778072 12
      vertex 121.0438071450436 2.0332332985438244 12
      vertex 119.21752285801745 4.41329331941753 12
    endloop
  endfacet
  facet normal 0 0 1
    outer loop
      vertex 120.5 1.6698729810778072 12
      vertex 119.21752285801745 4.41329331941753 12
      vertex 119 4.267949192431123 12
    endloop
  endfacet
  facet normal 0 0 1
    outer loop
      vertex 119.21752285801745 4.41329331941753 12
      vertex 121.0438071450436 2.0332332985438244 12
      vertex 119.41421356237309 4.585786437626905 12
    endloop
  endfacet
  facet normal 0 0 1
    outer loop
      vertex 119.41421356237309 4.585786437626905 12
      vertex 121.53553390593274 2.4644660940672622 12
      vertex 119.58670668058247 4.782477141982559 12
    endloop
  endfacet
  facet normal 0 0 1
    outer loop
      vertex 119.58670668058247 4.782477141982559 12
      vertex 121.96676670145618 2.956192854956397 12
      vertex 119.73205080756888 5 12
    endloop
  endfacet
  facet normal 0 0 1
    outer loop
      vertex 119.41421356237309 4.585786437626905 12
      vertex 121.0438071450436 2.0332332985438244 12
      vertex 121.53553390593274 2.4644660940672622 12
    endloop
  endfacet
  facet normal 0 0 1
    outer loop
      vertex 119.58670668058247 4.782477141982559 12
      vertex 121.53553390593274 2.4644660940672622 12
      vertex 121.96676670145618 2.956192854956397 12
    endloop
  endfacet
  facet normal 0 0 1
    outer loop
      vertex 119.73205080756888 5 12
      vertex 121.96676670145618 2.956192854956397 12
      vertex 122.3301270189222 3.5 12
    endloop
  endfacet
  facet normal 0 0 1
    outer loop
      vertex 119.73205080756888 5 12
      vertex 122.3301270189222 3.5 12
      vertex 119.84775906502257 5.234633135269821 12
    endloop
  endfacet
  facet normal 0 0 1
    outer loop
      vertex 119.84775906502257 5.234633135269821 12
      vertex 122.61939766255644 4.086582838174551 12
      vertex 119.93185165257813 5.4823619097949585 12
    endloop
  endfacet
  facet normal 0 0 1
    outer loop
      vertex 119.93185165257813 5.4823619097949585 12
      vertex 122.82962913144534 4.705904774487396 12
      vertex 119.98288972274761 5.738947615559897 12
    endloop
  endfacet
  facet normal 0 0 1
    outer loop
      vertex 119.93185165257813 6.5176380902050415 12
      vertex 122.95722430686905 5.347369038899743 12
      vertex 119.84775906502257 6.765366864730179 12
    endloop
  endfacet
  facet normal 0 0 1
    outer loop
      vertex 119.73205080756888 7 12
      vertex 119.84775906502257 6.765366864730179 12
      vertex 122.95722430686905 5.347369038899743 12
    endloop
  endfacet
  facet normal 0 0 1
    outer loop
      vertex 119.98288972274761 5.738947615559897 12
      vertex 122.95722430686905 5.347369038899743 12
      vertex 120 6 12
    endloop
  endfacet
  facet normal 0 0 1
    outer loop
      vertex 120 6 12
      vertex 122.95722430686905 5.347369038899743 12
      vertex 119.98288972274761 6.261052384440103 12
    endloop
  endfacet
  facet normal 0 0 1
    outer loop
      vertex 119.98288972274761 6.261052384440103 12
      vertex 122.95722430686905 5.347369038899743 12
      vertex 119.93185165257813 6.5176380902050415 12
    endloop
  endfacet
  facet normal 0 0 1
    outer loop
      vertex 119.84775906502257 5.234633135269821 12
      vertex 122.3301270189222 3.5 12
      vertex 122.61939766255644 4.086582838174551 12
    endloop
  endfacet
  facet normal 0 0 1
    outer loop
      vertex 119.93185165257813 5.4823619097949585 12
      vertex 122.61939766255644 4.086582838174551 12
      vertex 122.82962913144534 4.705904774487396 12
    endloop
  endfacet
  facet normal 0 0 1
    outer loop
      vertex 119.98288972274761 5.738947615559897 12
      vertex 122.82962913144534 4.705904774487396 12
      vertex 122.95722430686905 5.347369038899743 12
    endloop
  endfacet
  facet normal 0 0 1
    outer loop
      vertex 123.89157857666015 -2.474334584121431 12
      vertex 124 0 12
      vertex 123.5 -2.5 12
    endloop
  endfacet
  facet normal 0 0 1
    outer loop
      vertex 123.89157857666015 -2.474334584121431 12
      vertex 124.27645713530757 -2.397777478867205 12
      vertex 124 0 12
    endloop
  endfacet
  facet normal 0 0 1
    outer loop
      vertex 124.27645713530757 -2.397777478867205 12
      vertex 124.64805029709527 -2.27163859753386 12
      vertex 124 0 12
    endloop
  endfacet
  facet normal 0 0 1
    outer loop
      vertex 125 -2.098076211353316 12
      vertex 124 0 12
      vertex 124.64805029709527 -2.27163859753386 12
    endloop
  endfacet
  facet normal 0 0 1
    outer loop
      vertex 125 -2.098076211353316 12
      vertex 125.32628428702616 -1.8800600208737057 12
      vertex 124 0 12
    endloop
  endfacet
  facet normal 0 0 1
    outer loop
      vertex 125.32628428702616 -1.8800600208737057 12
      vertex 125.62132034355963 -1.6213203435596428 12
      vertex 124 0 12
    endloop
  endfacet
  facet normal 0 0 1
    outer loop
      vertex 125.62132034355963 -1.6213203435596428 12
      vertex 125.88006002087371 -1.326284287026162 12
      vertex 124 0 12
    endloop
  endfacet
  facet normal 0 0 1
    outer loop
      vertex 125.88006002087371 -1.326284287026162 12
      vertex 126.09807621135332 -1 12
      vertex 124 0 12
    endloop
  endfacet
  facet normal 0 0 1
    outer loop
      vertex 126.27163859753387 -0.6480502970952693 12
      vertex 124 0 12
      vertex 126.09807621135332 -1 12
    endloop
  endfacet
  facet normal 0 0 1
    outer loop
      vertex 126.27163859753387 -0.6480502970952693 12
      vertex 126.3977774788672 -0.2764571353075622 12
      vertex 124 0 12
    endloop
  endfacet
  facet normal 0 0 1
    outer loop
      vertex 126.47433458412144 0.10842142333984528 12
      vertex 124 0 12
      vertex 126.3977774788672 -0.2764571353075622 12
    endloop
  endfacet
  facet normal 0 0 1
    outer loop
      vertex 126.47433458412144 0.10842142333984528 12
      vertex 126.5 0.5 12
      vertex 124 0 12
    endloop
  endfacet
  facet normal 0 0 1
    outer loop
      vertex 115.95 13 12
      vertex 118.3 7.97514256033281 12
      vertex 118.51763809020504 7.931851652578136 12
    endloop
  endfacet
  facet normal 0 0 1
    outer loop
      vertex 115.95 13 12
      vertex 118.51763809020504 7.931851652578136 12
      vertex 118.76536686473018 7.847759065022574 12
    endloop
  endfacet
  facet normal 0 0 1
    outer loop
      vertex 115.95 13 12
      vertex 118.76536686473018 7.847759065022574 12
      vertex 119 7.732050807568877 12
    endloop
  endfacet
  facet normal 0 0 1
    outer loop
      vertex 115.95 13 12
      vertex 119 7.732050807568877 12
      vertex 119.21752285801745 7.58670668058247 12
    endloop
  endfacet
  facet normal 0 0 1
    outer loop
      vertex 115.95 13 12
      vertex 119.58670668058247 7.217522858017441 12
      vertex 119.73205080756888 7 12
    endloop
  endfacet
  facet normal 0 0 1
    outer loop
      vertex 115.95 13 12
      vertex 119.21752285801745 7.58670668058247 12
      vertex 119.41421356237309 7.414213562373095 12
    endloop
  endfacet
  facet normal 0 0 1
    outer loop
      vertex 115.95 13 12
      vertex 119.41421356237309 7.414213562373095 12
      vertex 119.58670668058247 7.217522858017441 12
    endloop
  endfacet
  facet normal 0 0 1
    outer loop
      vertex 114.05 13 12
      vertex 115.95 13 12
      vertex 118.3 16 12
    endloop
  endfacet
  facet normal 0 0 1
    outer loop
      vertex 114.05 13 12
      vertex 118.3 16 12
      vertex 114.05 16 12
    endloop
  endfacet
  facet normal 0 0 1
    outer loop
      vertex 115.95 13 12
      vertex 118.3 10.980336961155428 12
      vertex 118.3 16 12
    endloop
  endfacet
  facet normal 0 0 1
    outer loop
      vertex 115.95 13 12
      vertex 119.73205080756888 7 12
      vertex 122.95722430686905 5.347369038899743 12
    endloop
  endfacet
  facet normal 0 0 1
    outer loop
      vertex 115.95 13 12
      vertex 122.95722430686905 5.347369038899743 12
      vertex 118.3 10.980336961155428 12
    endloop
  endfacet
  facet normal 0 0 1
    outer loop
      vertex 118.65263096110026 10.957224306869051 12
      vertex 118.3 10.980336961155428 12
      vertex 122.95722430686905 5.347369038899743 12
    endloop
  endfacet
  facet normal 0 0 1
    outer loop
      vertex 123 6 12
      vertex 119.2940952255126 10.82962913144534 12
      vertex 118.65263096110026 10.957224306869051 12
    endloop
  endfacet
  facet normal 0 0 1
    outer loop
      vertex 123 6 12
      vertex 118.65263096110026 10.957224306869051 12
      vertex 122.95722430686905 5.347369038899743 12
    endloop
  endfacet
  facet normal 0 0 1
    outer loop
      vertex 123 6 12
      vertex 122.95722430686905 6.652630961100257 12
      vertex 119.91341716182545 10.619397662556434 12
    endloop
  endfacet
  facet normal 0 0 1
    outer loop
      vertex 121.0438071450436 9.966766701456176 12
      vertex 122.95722430686905 6.652630961100257 12
      vertex 121.53553390593274 9.535533905932738 12
    endloop
  endfacet
  facet normal 0 0 1
    outer loop
      vertex 122.95722430686905 6.652630961100257 12
      vertex 122.82962913144534 7.294095225512604 12
      vertex 121.53553390593274 9.535533905932738 12
    endloop
  endfacet
  facet normal 0 0 1
    outer loop
      vertex 121.96676670145618 9.043807145043603 12
      vertex 121.53553390593274 9.535533905932738 12
      vertex 122.82962913144534 7.294095225512604 12
    endloop
  endfacet
  facet normal 0 0 1
    outer loop
      vertex 122.3301270189222 8.5 12
      vertex 121.96676670145618 9.043807145043603 12
      vertex 122.61939766255644 7.913417161825449 12
    endloop
  endfacet
  facet normal 0 0 1
    outer loop
      vertex 123 6 12
      vertex 119.91341716182545 10.619397662556434 12
      vertex 119.2940952255126 10.82962913144534 12
    endloop
  endfacet
  facet normal 0 0 1
    outer loop
      vertex 119.91341716182545 10.619397662556434 12
      vertex 122.95722430686905 6.652630961100257 12
      vertex 120.5 10.330127018922193 12
    endloop
  endfacet
  facet normal 0 0 1
    outer loop
      vertex 121.0438071450436 9.966766701456176 12
      vertex 120.5 10.330127018922193 12
      vertex 122.95722430686905 6.652630961100257 12
    endloop
  endfacet
  facet normal 0 0 1
    outer loop
      vertex 121.96676670145618 9.043807145043603 12
      vertex 122.82962913144534 7.294095225512604 12
      vertex 122.61939766255644 7.913417161825449 12
    endloop
  endfacet
  facet normal 0 0 1
    outer loop
      vertex 124 0 12
      vertex 126.5 0.5 12
      vertex 124 137 12
    endloop
  endfacet
  facet normal 0 0 1
    outer loop
      vertex 66.05 124 12
      vertex 66.05 121 12
      vertex 67.7 121 12
    endloop
  endfacet
  facet normal 0 0 1
    outer loop
      vertex 66.05 124 12
      vertex 67.7 121 12
      vertex 67.95 124 12
    endloop
  endfacet
  facet normal 0 0 1
    outer loop
      vertex 67.95 124 12
      vertex 67.7 121 12
      vertex 70.05 124 12
    endloop
  endfacet
  facet normal 0 0 1
    outer loop
      vertex 70.05 124 12
      vertex 67.7 121 12
      vertex 71.95 124 12
    endloop
  endfacet
  facet normal 0 0 1
    outer loop
      vertex 67.95 124 12
      vertex 70.05 124 12
      vertex 70.05 139.5 12
    endloop
  endfacet
  facet normal 0 0 1
    outer loop
      vertex 67.95 124 12
      vertex 70.05 139.5 12
      vertex 67.95 139.5 12
    endloop
  endfacet
  facet normal 0 0 1
    outer loop
      vertex 71.95 124 12
      vertex 67.7 121 12
      vertex 71.95 121 12
    endloop
  endfacet
  facet normal 0 0 1
    outer loop
      vertex 78.05 124 12
      vertex 78.05 121 12
      vertex 79.95 124 12
    endloop
  endfacet
  facet normal 0 0 1
    outer loop
      vertex 79.95 124 12
      vertex 78.05 121 12
      vertex 82.05 124 12
    endloop
  endfacet
  facet normal 0 0 1
    outer loop
      vertex 82.05 124 12
      vertex 78.05 121 12
      vertex 82.3 121 12
    endloop
  endfacet
  facet normal 0 0 1
    outer loop
      vertex 79.95 124 12
      vertex 82.05 124 12
      vertex 82.05 139.5 12
    endloop
  endfacet
  facet normal 0 0 1
    outer loop
      vertex 83.95 124 12
      vertex 82.3 121 12
      vertex 83.95 121 12
    endloop
  endfacet
  facet normal 0 0 1
    outer loop
      vertex 82.05 124 12
      vertex 82.3 121 12
      vertex 83.95 124 12
    endloop
  endfacet
  facet normal 0 0 1
    outer loop
      vertex 79.95 124 12
      vertex 82.05 139.5 12
      vertex 79.95 139.5 12
    endloop
  endfacet
  facet normal 0 0 1
    outer loop
      vertex 90.05 124 12
      vertex 90.05 121 12
      vertex 91.7 121 12
    endloop
  endfacet
  facet normal 0 0 1
    outer loop
      vertex 90.05 124 12
      vertex 91.7 121 12
      vertex 91.95 124 12
    endloop
  endfacet
  facet normal 0 0 1
    outer loop
      vertex 91.95 124 12
      vertex 91.7 121 12
      vertex 94.05 124 12
    endloop
  endfacet
  facet normal 0 0 1
    outer loop
      vertex 94.05 124 12
      vertex 91.7 121 12
      vertex 95.95 124 12
    endloop
  endfacet
  facet normal 0 0 1
    outer loop
      vertex 91.95 124 12
      vertex 94.05 124 12
      vertex 94.05 139.5 12
    endloop
  endfacet
  facet normal 0 0 1
    outer loop
      vertex 91.95 124 12
      vertex 94.05 139.5 12
      vertex 91.95 139.5 12
    endloop
  endfacet
  facet normal 0 0 1
    outer loop
      vertex 126.5 136.5 12
      vertex 124 137 12
      vertex 126.5 0.5 12
    endloop
  endfacet
  facet normal 0 0 1
    outer loop
      vertex 95.95 124 12
      vertex 91.7 121 12
      vertex 95.95 121 12
    endloop
  endfacet
  facet normal 0 0 1
    outer loop
      vertex 102.05 124 12
      vertex 102.05 121 12
      vertex 103.95 124 12
    endloop
  endfacet
  facet normal 0 0 1
    outer loop
      vertex 103.95 124 12
      vertex 102.05 121 12
      vertex 106.05 124 12
    endloop
  endfacet
  facet normal 0 0 1
    outer loop
      vertex 106.05 124 12
      vertex 102.05 121 12
      vertex 106.3 121 12
    endloop
  endfacet
  facet normal 0 0 1
    outer loop
      vertex 103.95 124 12
      vertex 106.05 124 12
      vertex 106.05 139.5 12
    endloop
  endfacet
  facet normal 0 0 1
    outer loop
      vertex 107.95 124 12
      vertex 106.3 121 12
      vertex 107.95 121 12
    endloop
  endfacet
  facet normal 0 0 1
    outer loop
      vertex 106.05 124 12
      vertex 106.3 121 12
      vertex 107.95 124 12
    endloop
  endfacet
  facet normal 0 0 1
    outer loop
      vertex 103.95 124 12
      vertex 106.05 139.5 12
      vertex 103.95 139.5 12
    endloop
  endfacet
  facet normal 0 0 1
    outer loop
      vertex 114.05 124 12
      vertex 114.05 121 12
      vertex 115.95 124 12
    endloop
  endfacet
  facet normal 0 0 1
    outer loop
      vertex 115.95 124 12
      vertex 114.05 121 12
      vertex 118.3 126.01966303884457 12
    endloop
  endfacet
  facet normal 0 0 1
    outer loop
      vertex 118.3 126.01966303884457 12
      vertex 114.05 121 12
      vertex 118.3 121 12
    endloop
  endfacet
  facet normal 0 0 1
    outer loop
      vertex 115.95 124 12
      vertex 118.51763809020504 129.06814834742187 12
      vertex 118.3 129.0248574396672 12
    endloop
  endfacet
  facet normal 0 0 1
    outer loop
      vertex 115.95 124 12
      vertex 118.76536686473018 129.1522409349774 12
      vertex 118.51763809020504 129.06814834742187 12
    endloop
  endfacet
  facet normal 0 0 1
    outer loop
      vertex 115.95 124 12
      vertex 119 129.26794919243113 12
      vertex 118.76536686473018 129.1522409349774 12
    endloop
  endfacet
  facet normal 0 0 1
    outer loop
      vertex 115.95 124 12
      vertex 119.21752285801745 129.41329331941753 12
      vertex 119 129.26794919243113 12
    endloop
  endfacet
  facet normal 0 0 1
    outer loop
      vertex 115.95 124 12
      vertex 119.41421356237309 129.5857864376269 12
      vertex 119.21752285801745 129.41329331941753 12
    endloop
  endfacet
  facet normal 0 0 1
    outer loop
      vertex 115.95 124 12
      vertex 119.58670668058247 129.78247714198255 12
      vertex 119.41421356237309 129.5857864376269 12
    endloop
  endfacet
  facet normal 0 0 1
    outer loop
      vertex 115.95 124 12
      vertex 119.73205080756888 130 12
      vertex 119.58670668058247 129.78247714198255 12
    endloop
  endfacet
  facet normal 0 0 1
    outer loop
      vertex 115.95 124 12
      vertex 118.3 129.0248574396672 12
      vertex 115.95 139.5 12
    endloop
  endfacet
  facet normal 0 0 1
    outer loop
      vertex 118.3 129.0248574396672 12
      vertex 118.3 132.9751425603328 12
      vertex 115.95 139.5 12
    endloop
  endfacet
  facet normal 0 0 1
    outer loop
      vertex 118.65263096110026 135.95722430686905 12
      vertex 118.3 135.98033696115542 12
      vertex 118.3 132.9751425603328 12
    endloop
  endfacet
  facet normal 0 0 1
    outer loop
      vertex 118.3 135.98033696115542 12
      vertex 115.95 139.5 12
      vertex 118.3 132.9751425603328 12
    endloop
  endfacet
  facet normal 0 0 1
    outer loop
      vertex 118.3 135.98033696115542 12
      vertex 118.3 137 12
      vertex 115.95 139.5 12
    endloop
  endfacet
  facet normal 0 0 1
    outer loop
      vertex 115.95 124 12
      vertex 118.3 126.01966303884457 12
      vertex 122.95722430686905 131.65263096110027 12
    endloop
  endfacet
  facet normal 0 0 1
    outer loop
      vertex 115.95 124 12
      vertex 122.95722430686905 131.65263096110027 12
      vertex 119.73205080756888 130 12
    endloop
  endfacet
  facet normal 0 0 1
    outer loop
      vertex 118.65263096110026 126.04277569313095 12
      vertex 122.95722430686905 131.65263096110027 12
      vertex 118.3 126.01966303884457 12
    endloop
  endfacet
  facet normal 0 0 1
    outer loop
      vertex 118.65263096110026 126.04277569313095 12
      vertex 119.2940952255126 126.17037086855466 12
      vertex 122.95722430686905 131.65263096110027 12
    endloop
  endfacet
  facet normal 0 0 1
    outer loop
      vertex 119.2940952255126 126.17037086855466 12
      vertex 119.91341716182545 126.38060233744356 12
      vertex 122.95722430686905 131.65263096110027 12
    endloop
  endfacet
  facet normal 0 0 1
    outer loop
      vertex 119.91341716182545 126.38060233744356 12
      vertex 120.5 126.6698729810778 12
      vertex 122.95722430686905 131.65263096110027 12
    endloop
  endfacet
  facet normal 0 0 1
    outer loop
      vertex 121.0438071450436 127.03323329854382 12
      vertex 121.53553390593274 127.46446609406726 12
      vertex 122.82962913144534 129.7059047744874 12
    endloop
  endfacet
  facet normal 0 0 1
    outer loop
      vertex 120.5 126.6698729810778 12
      vertex 121.0438071450436 127.03323329854382 12
      vertex 122.95722430686905 131.65263096110027 12
    endloop
  endfacet
  facet normal 0 0 1
    outer loop
      vertex 121.53553390593274 127.46446609406726 12
      vertex 121.96676670145618 127.9561928549564 12
      vertex 122.82962913144534 129.7059047744874 12
    endloop
  endfacet
  facet normal 0 0 1
    outer loop
      vertex 121.96676670145618 127.9561928549564 12
      vertex 122.3301270189222 128.5 12
      vertex 122.61939766255644 129.08658283817456 12
    endloop
  endfacet
  facet normal 0 0 1
    outer loop
      vertex 121.0438071450436 127.03323329854382 12
      vertex 122.82962913144534 129.7059047744874 12
      vertex 122.95722430686905 130.34736903889973 12
    endloop
  endfacet
  facet normal 0 0 1
    outer loop
      vertex 121.0438071450436 127.03323329854382 12
      vertex 122.95722430686905 130.34736903889973 12
      vertex 123 131 12
    endloop
  endfacet
  facet normal 0 0 1
    outer loop
      vertex 121.0438071450436 127.03323329854382 12
      vertex 123 131 12
      vertex 122.95722430686905 131.65263096110027 12
    endloop
  endfacet
  facet normal 0 0 1
    outer loop
      vertex 121.96676670145618 127.9561928549564 12
      vertex 122.61939766255644 129.08658283817456 12
      vertex 122.82962913144534 129.7059047744874 12
    endloop
  endfacet
  facet normal 0 0 1
    outer loop
      vertex 118.51763809020504 132.93185165257813 12
      vertex 118.65263096110026 135.95722430686905 12
      vertex 118.3 132.9751425603328 12
    endloop
  endfacet
  facet normal 0 0 1
    outer loop
      vertex 118.51763809020504 132.93185165257813 12
      vertex 118.76536686473018 132.8477590650226 12
      vertex 119.2940952255126 135.82962913144533 12
    endloop
  endfacet
  facet normal 0 0 1
    outer loop
      vertex 118.76536686473018 132.8477590650226 12
      vertex 119 132.73205080756887 12
      vertex 119.91341716182545 135.61939766255642 12
    endloop
  endfacet
  facet normal 0 0 1
    outer loop
      vertex 119 132.73205080756887 12
      vertex 119.21752285801745 132.58670668058247 12
      vertex 120.5 135.33012701892218 12
    endloop
  endfacet
  facet normal 0 0 1
    outer loop
      vertex 119.21752285801745 132.58670668058247 12
      vertex 119.41421356237309 132.4142135623731 12
      vertex 121.0438071450436 134.96676670145618 12
    endloop
  endfacet
  facet normal 0 0 1
    outer loop
      vertex 119.73205080756888 132 12
      vertex 121.96676670145618 134.04380714504362 12
      vertex 119.58670668058247 132.21752285801745 12
    endloop
  endfacet
  facet normal 0 0 1
    outer loop
      vertex 119.58670668058247 132.21752285801745 12
      vertex 121.53553390593274 134.53553390593274 12
      vertex 119.41421356237309 132.4142135623731 12
    endloop
  endfacet
  facet normal 0 0 1
    outer loop
      vertex 119 132.73205080756887 12
      vertex 120.5 135.33012701892218 12
      vertex 119.91341716182545 135.61939766255642 12
    endloop
  endfacet
  facet normal 0 0 1
    outer loop
      vertex 119.21752285801745 132.58670668058247 12
      vertex 121.0438071450436 134.96676670145618 12
      vertex 120.5 135.33012701892218 12
    endloop
  endfacet
  facet normal 0 0 1
    outer loop
      vertex 119.73205080756888 130 12
      vertex 122.95722430686905 131.65263096110027 12
      vertex 119.84775906502257 130.23463313526983 12
    endloop
  endfacet
  facet normal 0 0 1
    outer loop
      vertex 119.84775906502257 130.23463313526983 12
      vertex 122.95722430686905 131.65263096110027 12
      vertex 119.93185165257813 130.48236190979495 12
    endloop
  endfacet
  facet normal 0 0 1
    outer loop
      vertex 119.93185165257813 130.48236190979495 12
      vertex 122.95722430686905 131.65263096110027 12
      vertex 119.98288972274761 130.7389476155599 12
    endloop
  endfacet
  facet normal 0 0 1
    outer loop
      vertex 119.98288972274761 130.7389476155599 12
      vertex 122.95722430686905 131.65263096110027 12
      vertex 120 131 12
    endloop
  endfacet
  facet normal 0 0 1
    outer loop
      vertex 119.93185165257813 131.51763809020505 12
      vertex 122.61939766255644 132.91341716182544 12
      vertex 119.84775906502257 131.76536686473017 12
    endloop
  endfacet
  facet normal 0 0 1
    outer loop
      vertex 120 131 12
      vertex 122.95722430686905 131.65263096110027 12
      vertex 119.98288972274761 131.2610523844401 12
    endloop
  endfacet
  facet normal 0 0 1
    outer loop
      vertex 119.93185165257813 131.51763809020505 12
      vertex 119.98288972274761 131.2610523844401 12
      vertex 122.95722430686905 131.65263096110027 12
    endloop
  endfacet
  facet normal 0 0 1
    outer loop
      vertex 119.93185165257813 131.51763809020505 12
      vertex 122.95722430686905 131.65263096110027 12
      vertex 122.82962913144534 132.2940952255126 12
    endloop
  endfacet
  facet normal 0 0 1
    outer loop
      vertex 119.93185165257813 131.51763809020505 12
      vertex 122.82962913144534 132.2940952255126 12
      vertex 122.61939766255644 132.91341716182544 12
    endloop
  endfacet
  facet normal 0 0 1
    outer loop
      vertex 119.73205080756888 132 12
      vertex 119.84775906502257 131.76536686473017 12
      vertex 122.3301270189222 133.5 12
    endloop
  endfacet
  facet normal 0 0 1
    outer loop
      vertex 119.73205080756888 132 12
      vertex 122.3301270189222 133.5 12
      vertex 121.96676670145618 134.04380714504362 12
    endloop
  endfacet
  facet normal 0 0 1
    outer loop
      vertex 119.41421356237309 132.4142135623731 12
      vertex 121.53553390593274 134.53553390593274 12
      vertex 121.0438071450436 134.96676670145618 12
    endloop
  endfacet
  facet normal 0 0 1
    outer loop
      vertex 119.58670668058247 132.21752285801745 12
      vertex 121.96676670145618 134.04380714504362 12
      vertex 121.53553390593274 134.53553390593274 12
    endloop
  endfacet
  facet normal 0 0 1
    outer loop
      vertex 119.84775906502257 131.76536686473017 12
      vertex 122.61939766255644 132.91341716182544 12
      vertex 122.3301270189222 133.5 12
    endloop
  endfacet
  facet normal 0 0 1
    outer loop
      vertex 118.51763809020504 132.93185165257813 12
      vertex 119.2940952255126 135.82962913144533 12
      vertex 118.65263096110026 135.95722430686905 12
    endloop
  endfacet
  facet normal 0 0 1
    outer loop
      vertex 118.76536686473018 132.8477590650226 12
      vertex 119.91341716182545 135.61939766255642 12
      vertex 119.2940952255126 135.82962913144533 12
    endloop
  endfacet
  facet normal 0 0 1
    outer loop
      vertex 123.5 139.5 12
      vertex 115.95 139.5 12
      vertex 118.3 137 12
    endloop
  endfacet
  facet normal 0 0 1
    outer loop
      vertex 123.5 139.5 12
      vertex 118.3 137 12
      vertex 124 137 12
    endloop
  endfacet
  facet normal 0 0 1
    outer loop
      vertex 123.5 139.5 12
      vertex 124 137 12
      vertex 123.89157857666015 139.47433458412144 12
    endloop
  endfacet
  facet normal 0 0 1
    outer loop
      vertex 123.89157857666015 139.47433458412144 12
      vertex 124 137 12
      vertex 124.27645713530757 139.3977774788672 12
    endloop
  endfacet
  facet normal 0 0 1
    outer loop
      vertex 124.64805029709527 139.27163859753387 12
      vertex 124.27645713530757 139.3977774788672 12
      vertex 124 137 12
    endloop
  endfacet
  facet normal 0 0 1
    outer loop
      vertex 126.5 136.5 12
      vertex 126.47433458412144 136.89157857666015 12
      vertex 124 137 12
    endloop
  endfacet
  facet normal 0 0 1
    outer loop
      vertex 126.47433458412144 136.89157857666015 12
      vertex 126.3977774788672 137.27645713530757 12
      vertex 124 137 12
    endloop
  endfacet
  facet normal 0 0 1
    outer loop
      vertex 125.32628428702616 138.8800600208737 12
      vertex 124 137 12
      vertex 125.62132034355963 138.62132034355963 12
    endloop
  endfacet
  facet normal 0 0 1
    outer loop
      vertex 126.27163859753387 137.64805029709527 12
      vertex 126.09807621135332 138 12
      vertex 124 137 12
    endloop
  endfacet
  facet normal 0 0 1
    outer loop
      vertex 125.88006002087371 138.32628428702617 12
      vertex 125.62132034355963 138.62132034355963 12
      vertex 124 137 12
    endloop
  endfacet
  facet normal 0 0 1
    outer loop
      vertex 125.88006002087371 138.32628428702617 12
      vertex 124 137 12
      vertex 126.09807621135332 138 12
    endloop
  endfacet
  facet normal 0 0 1
    outer loop
      vertex 124.64805029709527 139.27163859753387 12
      vertex 124 137 12
      vertex 125 139.09807621135332 12
    endloop
  endfacet
  facet normal 0 0 1
    outer loop
      vertex 125.32628428702616 138.8800600208737 12
      vertex 125 139.09807621135332 12
      vertex 124 137 12
    endloop
  endfacet
  facet normal 0 0 1
    outer loop
      vertex 126.27163859753387 137.64805029709527 12
      vertex 124 137 12
      vertex 126.3977774788672 137.27645713530757 12
    endloop
  endfacet
endsolid OpenSCAD_Model
